platform,keyword,ad_impressions,autocomplete_rank,amazon_sqp_rank,google_volume,competition
Blinkit,eco friendly plates,,1,,,
Blinkit,eco friendly plates and bowls,,1,,,
Blinkit,eco friendly plates manufacturing machine,,1,,,
Blinkit,eco friendly plates wholesale,,1,,,
Blinkit,eco friendly plates for wedding,,1,,,
Blinkit,eco friendly plates business,,1,,,
Blinkit,eco friendly plates near me,,1,,,
Blinkit,biodegradable plates,,1,,,
Blinkit,biodegradable plates and cups,,1,,,
Blinkit,biodegradable plates making machine,,1,,,
Blinkit,biodegradable plates price,,1,,,
Blinkit,biodegradable plates near me,,1,,,
Blinkit,biodegradable plates business,,1,,,
Blinkit,disposable plates,,1,,,
Blinkit,disposable plates near me,,1,,,
Blinkit,disposable plates making machine,,1,,,
Blinkit,disposable plates wholesale,,1,,,
Blinkit,disposable plates price,,1,,,
Blinkit,disposable plates in hindi,,1,,,
Blinkit,bagasse plates,,1,,,
Blinkit,bagasse plates manufacturing machine,,1,,,
Blinkit,bagasse plates price,,1,,,
Blinkit,bagasse plates wholesale,,1,,,
Blinkit,disposable meal tray with lid,,1,,,
Blinkit,disposable meal tray near me,,1,,,
Blinkit,disposable meal tray manufacturers in india,,1,,,
Blinkit,disposable meal tray price,,1,,,
Blinkit,paper cups 250ml,,1,,,
Blinkit,paper cups 250ml price,,1,,,
Blinkit,disposable cups 250ml pack of 50,,1,,,
Blinkit,disposable paper cups 250ml,,1,,,
Blinkit,white paper cups 250ml,,1,,,
Blinkit,bulk paper cups,,1,,,
Blinkit,bulk paper cups with lids,,1,,,
Blinkit,bulk paper cups near me,,1,,,
Blinkit,bulk paper cups nz,,1,,,
Blinkit,bulk coffee cups ceramic,,1,,,
Blinkit,wooden cutlery set,,1,,,
Blinkit,wooden cutlery set reusable,,1,,,
Blinkit,wooden cutlery set disposable,,1,,,
Blinkit,wooden cutlery set amazon,,1,,,
Blinkit,wooden cutlery set price,,1,,,
Blinkit,wooden cutlery set for kids,,1,,,
Blinkit,wooden cutlery set woolworths,,1,,,
Blinkit,wooden cutlery set near me,,1,,,
Blinkit,wooden cutlery set kmart,,1,,,
Blinkit,wooden cutlery set holder,,1,,,
Blinkit,disposable cutlery,,1,,,
Blinkit,disposable cutlery set,,1,,,
Blinkit,disposable cutlery near me,,1,,,
Blinkit,disposable cutlery pouch,,1,,,
Blinkit,disposable cutlery meaning,,1,,,
Blinkit,disposable cutlery kit,,1,,,
Blinkit,disposable cutlery business,,1,,,
Blinkit,sugarcane clamshell,,1,,,
Blinkit,sugarcane clamshell food container,,1,,,
Blinkit,sugarcane clamshell box,,1,,,
Blinkit,sugarcane clamshell container,,1,,,
Blinkit,biodegradable sugarcane clamshell takeaway box,,1,,,
Blinkit,compostable containers,,1,,,
Blinkit,compostable containers with lids,,1,,,
Blinkit,compostable containers for food,,1,,,
Blinkit,compostable containers near me,,1,,,
Blinkit,compostable containers microwave,,1,,,
Blinkit,compostable containers amazon,,1,,,
Blinkit,compostable clamshell containers,,1,,,
Blinkit,compostable straws,,1,,,
Blinkit,compostable straws meaning,,1,,,
Blinkit,compostable straws not paper,,1,,,
Blinkit,compostable straws gluten free,,1,,,
Blinkit,compostable straws amazon,,1,,,
Blinkit,compostable straws target,,1,,,
Blinkit,compostable straws bulk,,1,,,
Blinkit,paper straws,,1,,,
Blinkit,paper straws price,,1,,,
Blinkit,paper straws near me,,1,,,
Blinkit,paper straws manufacturer,,1,,,
Blinkit,paper straws craft,,1,,,
Blinkit,paper straws wholesale,,1,,,
Blinkit,paper straws images,,1,,,
Blinkit,paper straws gluten,,1,,,
Blinkit,paper straws have gluten,,1,,,
Blinkit,food packaging boxes,,1,,,
Blinkit,food packaging materials near me,,1,,,
Blinkit,food packaging company in noida,,1,,,
Blinkit,food packaging envelope,,1,,,
Blinkit,food packaging near me,,1,,,
Blinkit,party tableware,,1,,,
Blinkit,party tableware sets,,1,,,
Blinkit,party tableware near me,,1,,,
Blinkit,party tableware tesco,,1,,,
Blinkit,party tableware uk,,1,,,
Blinkit,eco friendly plates costco,,1,,,
Blinkit,eco friendly plates disposable,,1,,,
Blinkit,eco friendly eating plates,,1,,,
Blinkit,eco friendly plates germany,,1,,,
Blinkit,eco friendly plates hyderabad,,1,,,
Blinkit,eco friendly plates india,,1,,,
Blinkit,eco friendly plates kids,,1,,,
Blinkit,eco friendly leaf plates,,1,,,
Blinkit,eco friendly outdoor plates,,1,,,
Blinkit,eco friendly paper plates,,1,,,
Blinkit,eco friendly plates reusable,,1,,,
Blinkit,eco friendly plates shop near me,,1,,,
Blinkit,eco friendly plates target,,1,,,
Blinkit,eco friendly plates uk,,1,,,
Blinkit,verterra eco friendly palm plates,,1,,,
Blinkit,biodegradable plates costco,,1,,,
Blinkit,biodegradable plates disposable,,1,,,
Blinkit,biodegradable plates exporters in india,,1,,,
Blinkit,biodegradable plates from rice husk,,1,,,
Blinkit,biodegradable plates gluten,,1,,,
Blinkit,biodegradable plates hsn code,,1,,,
Blinkit,biodegradable plates indiamart,,1,,,
Blinkit,biodegradable plates kmart,,1,,,
Blinkit,biodegradable leaf plates,,1,,,
Blinkit,biodegradable plates nz,,1,,,
Blinkit,biodegradable plates online,,1,,,
Blinkit,biodegradable quarter plates,,1,,,
Blinkit,biodegradable plates raw material,,1,,,
Blinkit,biodegradable plates supplier,,1,,,
Blinkit,biodegradable plates tesco,,1,,,
Blinkit,biodegradable plates uk,,1,,,
Blinkit,compostable plates vancouver,,1,,,
Blinkit,biodegradable plates wholesale,,1,,,
Blinkit,disposable plates and glass,,1,,,
Blinkit,disposable plates blinkit,,1,,,
Blinkit,disposable plates cost,,1,,,
Blinkit,disposable plates design,,1,,,
Blinkit,disposable plates eco friendly,,1,,,
Blinkit,disposable plates for packing,,1,,,
Blinkit,disposable plates good quality,,1,,,
Blinkit,disposable plates hsn code,,1,,,
Blinkit,disposable plates jiomart,,1,,,
Blinkit,disposable plates kmart,,1,,,
Blinkit,disposable plates leaf,,1,,,
Blinkit,disposable plates online,,1,,,
Blinkit,disposable plates qatar,,1,,,
Blinkit,disposable plates rate,,1,,,
Blinkit,disposable plate shop near me,,1,,,
Blinkit,disposable plates thermocol,,1,,,
Blinkit,disposable plates uk,,1,,,
Blinkit,disposable plates vadodara,,1,,,
Blinkit,disposable plates xmas,,1,,,
Blinkit,disposable xmas tableware,,1,,,
Blinkit,disposable plates yellow,,1,,,
Blinkit,disposable plates zepto,,1,,,
Blinkit,bagasse plates and bowls,,1,,,
Blinkit,bagasse plates buyers,,1,,,
Blinkit,bagasse plates costco,,1,,,
Blinkit,bagasse plates hsn code,,1,,,
Blinkit,bagasse plates dubai,,1,,,
Blinkit,bagasse plates export from india,,1,,,
Blinkit,bagasse plates factory,,1,,,
Blinkit,bagasse plates gst rate,,1,,,
Blinkit,bagasse plates indiamart,,1,,,
Blinkit,bagasse plates manufacturers in karnataka,,1,,,
Blinkit,bagasse plates with lid,,1,,,
Blinkit,bagasse plates near me,,1,,,
Blinkit,bagasse plates online,,1,,,
Blinkit,bagasse quarter plates,,1,,,
Blinkit,bagasse plates raw material,,1,,,
Blinkit,bagasse plates supplier,,1,,,
Blinkit,bagasse to plates,,1,,,
Blinkit,bagasse plates uk,,1,,,
Blinkit,bagasse plates vs areca plates,,1,,,
Blinkit,disposable food tray aluminum,,1,,,
Blinkit,disposable food tray boat,,1,,,
Blinkit,disposable food tray costco,,1,,,
Blinkit,disposable food trays dollar tree,,1,,,
Blinkit,disposable food tray for party,,1,,,
Blinkit,disposable serving trays gold,,1,,,
Blinkit,disposable food heating trays,,1,,,
Blinkit,disposable food tray kmart,,1,,,
Blinkit,disposable food tray liners,,1,,,
Blinkit,disposable serving trays round,,1,,,
Blinkit,disposable food tray sizes,,1,,,
Blinkit,disposable serving tray target,,1,,,
Blinkit,paper cup 250 ml berapa oz,,1,,,
Blinkit,250ml paper coffee cups,,1,,,
Blinkit,paper cup with lid 250ml,,1,,,
Blinkit,bulk paper cups and lids,,1,,,
Blinkit,bulk disposable bar cups,,1,,,
Blinkit,bulk disposable paper cups,,1,,,
Blinkit,bulk coffee cups for sale,,1,,,
Blinkit,bulk coffee cups glass,,1,,,
Blinkit,bulk paper hot cups,,1,,,
Blinkit,wholesale paper cup manufacturers in uae,,1,,,
Blinkit,bulk coffee k cups,,1,,,
Blinkit,bulk coffee cup lids,,1,,,
Blinkit,wholesale paper cup manufacturers near me,,1,,,
Blinkit,bulk coffee cups 16 oz,,1,,,
Blinkit,bulk coffee cups plastic,,1,,,
Blinkit,bulk coffee cups reusable,,1,,,
Blinkit,bulk paper snack cups,,1,,,
Blinkit,bulk paper tea cups,,1,,,
Blinkit,yellow paper cups bulk,,1,,,
Blinkit,wooden cutlery set box,,1,,,
Blinkit,wooden cutlery set costco,,1,,,
Blinkit,bamboo cutlery set gold,,1,,,
Blinkit,wooden cutlery set mr price home,,1,,,
Blinkit,wooden utensils set ikea,,1,,,
Blinkit,japanese wooden cutlery set,,1,,,
Blinkit,laguiole wooden cutlery set,,1,,,
Blinkit,set of wooden cutlery,,1,,,
Blinkit,wooden cutlery set sale,,1,,,
Blinkit,wooden cutlery set toy,,1,,,
Blinkit,wooden cutlery set uk,,1,,,
Blinkit,vintage wooden cutlery set,,1,,,
Blinkit,disposable cutlery and plates,,1,,,
Blinkit,disposable cutlery costco,,1,,,
Blinkit,disposable cutlery dispenser,,1,,,
Blinkit,disposable cutlery eco friendly,,1,,,
Blinkit,disposable cutlery for wedding,,1,,,
Blinkit,disposable cutlery gold,,1,,,
Blinkit,disposable cutlery holder,,1,,,
Blinkit,disposable cutlery in chinese,,1,,,
Blinkit,disposable cutlery lidl,,1,,,
Blinkit,disposable cutlery organizer,,1,,,
Blinkit,plastic cutlery qld,,1,,,
Blinkit,disposable cutlery reject shop,,1,,,
Blinkit,disposable cutlery tesco,,1,,,
Blinkit,disposable cutlery uk,,1,,,
Blinkit,plastic cutlery vs metal,,1,,,
Blinkit,disposable cutlery wholesale,,1,,,
Blinkit,plastic cutlery yellow,,1,,,
Blinkit,compostable berry containers,,1,,,
Blinkit,compostable deli containers,,1,,,
Blinkit,compostable packaging examples,,1,,,
Blinkit,compostable cups gluten,,1,,,
Blinkit,compostable hinged containers,,1,,,
Blinkit,compostable packaging india,,1,,,
Blinkit,compostable juice bottles,,1,,,
Blinkit,compostable k cups,,1,,,
Blinkit,compostable lunch containers,,1,,,
Blinkit,compostable packaging ontario,,1,,,
Blinkit,compostable plastic containers,,1,,,
Blinkit,compostable quart containers,,1,,,
Blinkit,compostable round containers,,1,,,
Blinkit,compostable soup containers,,1,,,
Blinkit,compostable takeout containers,,1,,,
Blinkit,compostable packaging uk,,1,,,
Blinkit,compostable cups vancouver,,1,,,
Blinkit,compostable yogurt containers,,1,,,
Blinkit,compostable straws canada,,1,,,
Blinkit,compostable drinking straws,,1,,,
Blinkit,compostable straws for hot drinks,,1,,,
Blinkit,are compostable straws edible,,1,,,
Blinkit,compostable straws that feel like plastic,,1,,,
Blinkit,compostable honey straws,,1,,,
Blinkit,compostable straws india,,1,,,
Blinkit,biodegradable jumbo straws,,1,,,
Blinkit,karat compostable straws,,1,,,
Blinkit,compostable straw options,,1,,,
Blinkit,compostable straws plastic,,1,,,
Blinkit,compostable straws reddit,,1,,,
Blinkit,compostable straws starbucks,,1,,,
Blinkit,biodegradable straws uk,,1,,,
Blinkit,compostable straws vs paper straws,,1,,,
Blinkit,compostable straws wholesale,,1,,,
Blinkit,paper straws amazon,,1,,,
Blinkit,paper straws bulk,,1,,,
Blinkit,paper straws dollar tree,,1,,,
Blinkit,paper straws environmental impact,,1,,,
Blinkit,paper straws for crafts,,1,,,
Blinkit,paper straws jumbo,,1,,,
Blinkit,paper straws kmart,,1,,,
Blinkit,paper straws london,,1,,,
Blinkit,paper straws officeworks,,1,,,
Blinkit,trump paper straws quote,,1,,,
Blinkit,paper straws reddit,,1,,,
Blinkit,paper straws suck,,1,,,
Blinkit,paper straws tesco,,1,,,
Blinkit,paper straws uk,,1,,,
Blinkit,paper straws vs plastic straws,,1,,,
Blinkit,xmas paper straws,,1,,,
Blinkit,paper straws yellow,,1,,,
Blinkit,food packaging and shelf life,,1,,,
Blinkit,food packaging design,,1,,,
Blinkit,food packaging foil,,1,,,
Blinkit,food packaging gas,,1,,,
Blinkit,food packaging hsn code,,1,,,
Blinkit,food packaging industry,,1,,,
Blinkit,food packaging job,,1,,,
Blinkit,food packaging kya hota hai,,1,,,
Blinkit,food packaging labels,,1,,,
Blinkit,food packaging online,,1,,,
Blinkit,food packaging pouch,,1,,,
Blinkit,food packaging questions and answers,,1,,,
Blinkit,food packaging roll,,1,,,
Blinkit,food packaging shop near me,,1,,,
Blinkit,food packaging tape,,1,,,
Blinkit,food packaging unit,,1,,,
Blinkit,food packaging vendors near me,,1,,,
Blinkit,food packaging wrapper,,1,,,
Blinkit,food container xxl,,1,,,
Blinkit,food packaging youtube,,1,,,
Blinkit,food packaging zip lock covers,,1,,,
Blinkit,party plates and napkins,,1,,,
Blinkit,party supplies brisbane,,1,,,
Blinkit,party supplies canada,,1,,,
Blinkit,party supplies dallas,,1,,,
Blinkit,party supplies el paso,,1,,,
Blinkit,party supplies fort worth,,1,,,
Blinkit,party supplies gold coast,,1,,,
Blinkit,party supplies houston,,1,,,
Blinkit,party supplies india,,1,,,
Blinkit,party supplies jacksonville nc,,1,,,
Blinkit,party tableware kids,,1,,,
Blinkit,party supplies lubbock,,1,,,
Blinkit,party supplies melbourne,,1,,,
Blinkit,party supplies online,,1,,,
Blinkit,party supplies perth,,1,,,
Blinkit,party supplies qatar,,1,,,
Blinkit,party supplies rental,,1,,,
Blinkit,party supplies vancouver,,1,,,
Blinkit,party supplies wholesale,,1,,,
Blinkit,party supplies yuma az,,1,,,
Blinkit,party supplies zanesville ohio,,1,,,
Blinkit,eco friendly plates and cups,,2,,,
Blinkit,eco friendly plates manufacturing,,2,,,
Blinkit,biodegradable plates manufacturers,,2,,,
Blinkit,biodegradable plates and bowls,,2,,,
Blinkit,disposable plates noida,,2,,,
Blinkit,disposable plates with lids,,2,,,
Blinkit,disposable plates machine,,2,,,
Blinkit,bagasse plates manufacturing process,,2,,,
Blinkit,disposable meal tray,,2,,,
Blinkit,disposable meal tray with lid near me,,2,,,
Blinkit,disposable cups 250ml price,,2,,,
Blinkit,bulk coffee cups with lids,,2,,,
Blinkit,disposable cutlery shop near me,,2,,,
Blinkit,disposable cutlery manufacturers,,2,,,
Blinkit,compostable containers nearby,,2,,,
Blinkit,compostable containers for hot food,,2,,,
Blinkit,compostable straws made of,,2,,,
Blinkit,compostable straws near me,,2,,,
Blinkit,paper straws walmart,,2,,,
Blinkit,food packaging material,,2,,,
Blinkit,food packaging container,,2,,,
Blinkit,food packaging noida,,2,,,
Blinkit,party tableware supplies,,2,,,
Blinkit,eco friendly kids plates and bowls,,2,,,
Blinkit,eco friendly plates bulk,,2,,,
Blinkit,eco friendly plates cups,,2,,,
Blinkit,eco friendly disposable plates manufacturing process,,2,,,
Blinkit,elegant eco friendly disposable plates,,2,,,
Blinkit,eco friendly plates for kids,,2,,,
Blinkit,are eco-friendly products really eco-friendly,,2,,,
Blinkit,eco friendly disposable plates hyderabad,,2,,,
Blinkit,eco friendly plates in sri lanka,,2,,,
Blinkit,eco friendly lunch plates,,2,,,
Blinkit,eco friendly plates with lid,,2,,,
Blinkit,eco friendly plates nearby,,2,,,
Blinkit,eco friendly outdoor dinnerware,,2,,,
Blinkit,eco friendly party plates,,2,,,
Blinkit,eco friendly reusable plates and bowls,,2,,,
Blinkit,eco friendly sugarcane plates,,2,,,
Blinkit,eco friendly tiffin plates,,2,,,
Blinkit,eco friendly unbreakable plates,,2,,,
Blinkit,verterra eco friendly palm plates & wooden cutlery,,2,,,
Blinkit,biodegradable plates bulk,,2,,,
Blinkit,biodegradable plates cups,,2,,,
Blinkit,biodegradable plates dubai,,2,,,
Blinkit,biodegradable plates export,,2,,,
Blinkit,biodegradable plates from sugarcane waste,,2,,,
Blinkit,biodegradable plates gst rate,,2,,,
Blinkit,biodegradable plates hsn code and gst rate,,2,,,
Blinkit,biodegradable plates india,,2,,,
Blinkit,biodegradable plates kenya,,2,,,
Blinkit,is paper plate biodegradable,,2,,,
Blinkit,biodegradable lunch plates,,2,,,
Blinkit,biodegradable oval plates,,2,,,
Blinkit,biodegradable plates party,,2,,,
Blinkit,biodegradable plates raw material wholesale,,2,,,
Blinkit,biodegradable plates singapore,,2,,,
Blinkit,biodegradable plates target,,2,,,
Blinkit,compostable plates uk,,2,,,
Blinkit,compostable plates vs washing dishes,,2,,,
Blinkit,biodegradable plates with compartment,,2,,,
Blinkit,are all paper plates biodegradable,,2,,,
Blinkit,disposable plates and bowls,,2,,,
Blinkit,disposable plates big size,,2,,,
Blinkit,disposable plates cheap,,2,,,
Blinkit,disposable plates distributors,,2,,,
Blinkit,disposable plates exports from india,,2,,,
Blinkit,disposable plates for party,,2,,,
Blinkit,disposable plates gst rate,,2,,,
Blinkit,disposable plates hsn code and gst rate,,2,,,
Blinkit,disposable plates indiamart,,2,,,
Blinkit,disposable plates jamaica,,2,,,
Blinkit,disposable plates kuwait,,2,,,
Blinkit,disposable plates large size,,2,,,
Blinkit,disposable plates of leaves,,2,,,
Blinkit,disposable plates plastic,,2,,,
Blinkit,disposable plates quality,,2,,,
Blinkit,disposable plates rajkot,,2,,,
Blinkit,disposable plates small,,2,,,
Blinkit,disposable plates types,,2,,,
Blinkit,disposable plates underwood,,2,,,
Blinkit,disposable plates variety,,2,,,
Blinkit,paper plates xmas,,2,,,
Blinkit,paper plates yellow,,2,,,
Blinkit,disposable plates zoo pals,,2,,,
Blinkit,bagasse plates amazon,,2,,,
Blinkit,bagasse plates bulk,,2,,,
Blinkit,bagasse plates cost,,2,,,
Blinkit,bagasse plates hs code,,2,,,
Blinkit,bagasse plates disadvantages,,2,,,
Blinkit,bagasse plates export,,2,,,
Blinkit,bagasse fiber plates,,2,,,
Blinkit,bagasse plates gst,,2,,,
Blinkit,plates bagasse triple green 22cm 10s,,2,,,
Blinkit,bagasse plates india,,2,,,
Blinkit,what is bagasse plates,,2,,,
Blinkit,bagasse vs palm leaf plates,,2,,,
Blinkit,bagasse tableware near me,,2,,,
Blinkit,bagasse oval plates,,2,,,
Blinkit,bagasse plates pronunciation,,2,,,
Blinkit,bagasse plates reusable,,2,,,
Blinkit,bagasse plates square,,2,,,
Blinkit,bagasse plates supplier uk,,2,,,
Blinkit,bagasse plates vs paper plates,,2,,,
Blinkit,disposable serving trays asda,,2,,,
Blinkit,disposable food tray bulk,,2,,,
Blinkit,disposable food tray containers,,2,,,
Blinkit,disposable serving trays dollar tree,,2,,,
Blinkit,disposable food tray foil,,2,,,
Blinkit,disposable food packaging trays hsn code and gst rate,,2,,,
Blinkit,disposable plastic meal tray indiamart,,2,,,
Blinkit,disposable serving tray kmart,,2,,,
Blinkit,disposable serving tray large,,2,,,
Blinkit,plastic meal tray manufacturers,,2,,,
Blinkit,disposable food tray nearby,,2,,,
Blinkit,disposable food tray price,,2,,,
Blinkit,disposable food tray small,,2,,,
Blinkit,disposable food tray target,,2,,,
Blinkit,paper tea cup capacity,,2,,,
Blinkit,how many ml in paper cup,,2,,,
Blinkit,disposable paper cups 250ml price,,2,,,
Blinkit,paper cup 9 oz 250 ml,,2,,,
Blinkit,bulk coffee cups and lids,,2,,,
Blinkit,bulk coffee cups for business,,2,,,
Blinkit,are paper cups bad for your health,,2,,,
Blinkit,bulk coffee cups custom,,2,,,
Blinkit,paper drinking cups bulk,,2,,,
Blinkit,bulk coffee cups to go,,2,,,
Blinkit,bulk disposable hot cups,,2,,,
Blinkit,wholesale paper cup manufacturers in sri lanka,,2,,,
Blinkit,paper cups kmart bulk,,2,,,
Blinkit,bulk coffee cups nz,,2,,,
Blinkit,bulk order paper cups,,2,,,
Blinkit,bulk coffee cups personalized,,2,,,
Blinkit,wholesale paper cup shop near me,,2,,,
Blinkit,paper cup wholesale price,,2,,,
Blinkit,wooden cutlery set asda,,2,,,
Blinkit,wooden cutlery set baby,,2,,,
Blinkit,wooden utensils set canada,,2,,,
Blinkit,wooden cutlery set hs code,,2,,,
Blinkit,bamboo cutlery set disposable,,2,,,
Blinkit,cutlery set description,,2,,,
Blinkit,cutlery set meaning,,2,,,
Blinkit,wooden knife set for kitchen,,2,,,
Blinkit,wooden utensils gift set,,2,,,
Blinkit,wooden cooking utensils set ikea,,2,,,
Blinkit,justenbois wooden cutlery set,,2,,,
Blinkit,wooden cutlery set kids,,2,,,
Blinkit,wooden utensils set myer,,2,,,
Blinkit,wooden cutlery set nearby,,2,,,
Blinkit,wooden cutlery play set,,2,,,
Blinkit,bamboo cutlery set reusable,,2,,,
Blinkit,bamboo cutlery set stainless steel,,2,,,
Blinkit,wooden cutlery set tesco,,2,,,
Blinkit,bamboo cutlery set uk,,2,,,
Blinkit,viners wooden cutlery set,,2,,,
Blinkit,wooden cutlery set with napkin,,2,,,
Blinkit,disposable cutlery asda,,2,,,
Blinkit,disposable cutlery bunnings,,2,,,
Blinkit,disposable cutlery coles,,2,,,
Blinkit,disposable cutlery dollarama,,2,,,
Blinkit,disposable eco cutlery,,2,,,
Blinkit,disposable cutlery for party,,2,,,
Blinkit,disposable cutlery good quality,,2,,,
Blinkit,disposable cutlery home bargains,,2,,,
Blinkit,disposable cutlery ikea,,2,,,
Blinkit,disposable cutlery kmart,,2,,,
Blinkit,disposable cutlery luxury,,2,,,
Blinkit,disposable cutlery nz,,2,,,
Blinkit,disposable cutlery officeworks,,2,,,
Blinkit,disposable cutlery packs,,2,,,
Blinkit,disposable cutlery recyclable,,2,,,
Blinkit,disposable cutlery trinidad,,2,,,
Blinkit,plastic cutlery uk,,2,,,
Blinkit,disposable tableware vector,,2,,,
Blinkit,disposable cutlery wholesale near me,,2,,,
Blinkit,single use cutlery x 뜻,,2,,,
Blinkit,yellow disposable cutlery,,2,,,
Blinkit,sugarcane bagasse clamshell,,2,,,
Blinkit,sugar cane cast,,2,,,
Blinkit,is sugarcane sugar free,,2,,,
Blinkit,compostable cups amazon,,2,,,
Blinkit,compostable bamboo containers,,2,,,
Blinkit,compostable cupcake containers,,2,,,
Blinkit,compostable deodorant containers,,2,,,
Blinkit,compostable packaging europe,,2,,,
Blinkit,compostable grease container,,2,,,
Blinkit,compostable cups hot,,2,,,
Blinkit,compostable packaging icon,,2,,,
Blinkit,compostable jewelry packaging,,2,,,
Blinkit,compostable k cups costco,,2,,,
Blinkit,compostable leftover containers,,2,,,
Blinkit,compostable containers with lids nearby,,2,,,
Blinkit,compostable containers meaning,,2,,,
Blinkit,compostable packaging options,,2,,,
Blinkit,compostable plant containers,,2,,,
Blinkit,que es packaging compostable,,2,,,
Blinkit,compostable restaurant containers,,2,,,
Blinkit,compostable salad containers,,2,,,
Blinkit,compostable takeaway containers,,2,,,
Blinkit,compostable cups uk,,2,,,
Blinkit,compostable vegetable packaging,,2,,,
Blinkit,compostable yogurt cups,,2,,,
Blinkit,compostable agave straws,,2,,,
Blinkit,compostable straws brown,,2,,,
Blinkit,compostable straws costco,,2,,,
Blinkit,compostable disposable straws,,2,,,
Blinkit,biodegradable edible straws,,2,,,
Blinkit,is straw compostable,,2,,,
Blinkit,compostable flexible straws,,2,,,
Blinkit,compostable straws gluten,,2,,,
Blinkit,biodegradable straws hs code,,2,,,
Blinkit,compostable straw ingredients,,2,,,
Blinkit,jumbo compostable straws,,2,,,
Blinkit,ktob compostable straws,,2,,,
Blinkit,compostable plastic like straws,,2,,,
Blinkit,compostable straws pha,,2,,,
Blinkit,biodegradable straws reddit,,2,,,
Blinkit,compostable smoothie straws,,2,,,
Blinkit,compostable straws tesco,,2,,,
Blinkit,biodegradable straws uae,,2,,,
Blinkit,compostable straws walmart,,2,,,
Blinkit,paper straws asda,,2,,,
Blinkit,paper straws b&m,,2,,,
Blinkit,paper straws coles,,2,,,
Blinkit,paper straws dollarama,,2,,,
Blinkit,paper straws executive order,,2,,,
Blinkit,paper straws for sale,,2,,,
Blinkit,paper straws gluten free,,2,,,
Blinkit,paper straws hobby lobby,,2,,,
Blinkit,paper straws individually wrapped,,2,,,
Blinkit,paper straws japan,,2,,,
Blinkit,paper straws kroger,,2,,,
Blinkit,paper straws law,,2,,,
Blinkit,paper straws michaels,,2,,,
Blinkit,paper straws nearby,,2,,,
Blinkit,paper straws orange,,2,,,
Blinkit,paper straws pfas,,2,,,
Blinkit,quality paper straws,,2,,,
Blinkit,paper straws recyclable,,2,,,
Blinkit,paper straws sainsbury's,,2,,,
Blinkit,paper straws target,,2,,,
Blinkit,paper straws usa,,2,,,
Blinkit,paper straws vs plastic straws environmental impact,,2,,,
Blinkit,are paper straws dangerous,,2,,,
Blinkit,striped straws yellow,,2,,,
Blinkit,food packaging and shelf life impact factor,,2,,,
Blinkit,food packaging boxes wholesale near me,,2,,,
Blinkit,food packaging disposable,,2,,,
Blinkit,food packaging exhibition,,2,,,
Blinkit,food packaging factory near me,,2,,,
Blinkit,food packaging gloves,,2,,,
Blinkit,food packaging hyderabad,,2,,,
Blinkit,food packaging items,,2,,,
Blinkit,food packaging job in canada,,2,,,
Blinkit,food packaging karachi,,2,,,
Blinkit,food packaging license,,2,,,
Blinkit,food packaging options,,2,,,
Blinkit,food packaging paper,,2,,,
Blinkit,food packaging qatar,,2,,,
Blinkit,food packaging regulations,,2,,,
Blinkit,food packaging solutions,,2,,,
Blinkit,food packaging thali,,2,,,
Blinkit,food packaging uae,,2,,,
Blinkit,food packaging vendors,,2,,,
Blinkit,food packaging wholesale,,2,,,
Blinkit,food container xl,,2,,,
Blinkit,food packaging yellow,,2,,,
Blinkit,food packaging ziplock bag,,2,,,
Blinkit,party supplies adelaide,,2,,,
Blinkit,party supplies bulk,,2,,,
Blinkit,party supplies christchurch,,2,,,
Blinkit,party supplies dublin,,2,,,
Blinkit,party supplies edmonton,,2,,,
Blinkit,party decorations for adults,,2,,,
Blinkit,party supplies geelong,,2,,,
Blinkit,party supplies hamilton,,2,,,
Blinkit,party decorations ideas,,2,,,
Blinkit,party supplies jacksonville fl,,2,,,
Blinkit,party tableware kmart,,2,,,
Blinkit,party supplies los angeles,,2,,,
Blinkit,party supplies miami,,2,,,
Blinkit,party supplies near me,,2,,,
Blinkit,party supplies omaha,,2,,,
Blinkit,party supplies penrith,,2,,,
Blinkit,party decorations qatar,,2,,,
Blinkit,party supplies rental near me,,2,,,
Blinkit,party supplies tulsa,,2,,,
Blinkit,party supplies uk,,2,,,
Blinkit,party supplies victoria,,2,,,
Blinkit,party supplies wilmington nc,,2,,,
Blinkit,xmas party tableware,,2,,,
Blinkit,party supplies york pa,,2,,,
Blinkit,party supplies zapata hwy,,2,,,
Blinkit,eco friendly plates manufacturers in india,,3,,,
Blinkit,biodegradable plates machine,,3,,,
Blinkit,biodegradable plates and cups manufacturers,,3,,,
Blinkit,disposable plates wholesale near me,,3,,,
Blinkit,bagasse plates manufacturers,,3,,,
Blinkit,disposable cups 250ml,,3,,,
Blinkit,wholesale paper cups near me,,3,,,
Blinkit,disposable cutlery meaning in hindi,,3,,,
Blinkit,sugarcane bagasse clamshell boxes,,3,,,
Blinkit,compostable straws nearby,,3,,,
Blinkit,food packaging,,3,,,
Blinkit,food packaging manufacturers in delhi,,3,,,
Blinkit,party tablecloths near me,,3,,,
Blinkit,eco friendly plates and utensils,,3,,,
Blinkit,eco friendly plates bowls,,3,,,
Blinkit,eco friendly compartment plates,,3,,,
Blinkit,eco friendly disposable plates wholesale,,3,,,
Blinkit,eco friendly disposable plates uk,,3,,,
Blinkit,eco friendly plates for party,,3,,,
Blinkit,eco friendly plates for restaurant,,3,,,
Blinkit,eco friendly disposable plates hsn code,,3,,,
Blinkit,eco friendly kids dinnerware,,3,,,
Blinkit,eco friendly leaf plates near me,,3,,,
Blinkit,eco friendly paper plates manufacturers,,3,,,
Blinkit,eco friendly plates made of,,3,,,
Blinkit,eco friendly small plates,,3,,,
Blinkit,eco friendly toddler plates and bowls,,3,,,
Blinkit,eco friendly plates with compartments,,3,,,
Blinkit,biodegradable plates bowls,,3,,,
Blinkit,biodegradable plates company,,3,,,
Blinkit,biodegradable disposable plates manufacturers in india,,3,,,
Blinkit,biodegradable eating plates,,3,,,
Blinkit,biodegradable plates for wedding,,3,,,
Blinkit,biodegradable plates in germany,,3,,,
Blinkit,biodegradable plates in hyderabad,,3,,,
Blinkit,biodegradable plates in usa,,3,,,
Blinkit,biodegradable kids plates,,3,,,
Blinkit,biodegradable plates with lids,,3,,,
Blinkit,biodegradable plates ntuc,,3,,,
Blinkit,compostable plates oval,,3,,,
Blinkit,biodegradable paper plates,,3,,,
Blinkit,biodegradable reusable plates,,3,,,
Blinkit,biodegradable plates shop near me,,3,,,
Blinkit,biodegradable tiffin plates,,3,,,
Blinkit,verka biodegradable plates,,3,,,
Blinkit,biodegradable plates wholesale near me,,3,,,
Blinkit,disposable plates and cups,,3,,,
Blinkit,disposable plates business,,3,,,
Blinkit,disposable plates colorful,,3,,,
Blinkit,disposable plates decoration,,3,,,
Blinkit,disposable plates ebay,,3,,,
Blinkit,disposable plates for lunch,,3,,,
Blinkit,disposable plates glass,,3,,,
Blinkit,disposable plates hard,,3,,,
Blinkit,disposable plates images,,3,,,
Blinkit,disposable plates jiji,,3,,,
Blinkit,disposable plates karachi,,3,,,
Blinkit,disposable plates leaves,,3,,,
Blinkit,disposable plates manufacturer,,3,,,
Blinkit,disposable plates near me wholesale,,3,,,
Blinkit,disposable plates online delivery,,3,,,
Blinkit,disposable plates paper,,3,,,
Blinkit,disposable plates quarter,,3,,,
Blinkit,disposable plates reject shop,,3,,,
Blinkit,disposable plates shop,,3,,,
Blinkit,disposable plates trademark class,,3,,,
Blinkit,disposable plates usa,,3,,,
Blinkit,disposable plates vendor near me,,3,,,
Blinkit,plastic plates xmas,,3,,,
Blinkit,plastic plates yellow,,3,,,
Blinkit,paper plates zepto,,3,,,
Blinkit,bagasse plates are made of,,3,,,
Blinkit,bagasse plates bowls,,3,,,
Blinkit,bagasse plates company,,3,,,
Blinkit,bagasse plates disposable,,3,,,
Blinkit,bagasse tableware eco friendly,,3,,,
Blinkit,bagasse food plate,,3,,,
Blinkit,bagasse plates good or bad,,3,,,
Blinkit,plates bagasse triple green,,3,,,
Blinkit,bagasse plates hyderabad,,3,,,
Blinkit,bagasse plates images,,3,,,
Blinkit,bagasse natural plate,,3,,,
Blinkit,bagasse plates wholesale near me,,3,,,
Blinkit,bagasse plates made of,,3,,,
Blinkit,bagasse plates production,,3,,,
Blinkit,bagasse plates review,,3,,,
Blinkit,bagasse plates wholesale uk,,3,,,
Blinkit,bagasse plates vs cornstarch plates,,3,,,
Blinkit,disposable serving trays and bowls,,3,,,
Blinkit,disposable tray sizes,,3,,,
Blinkit,disposable serving trays bulk,,3,,,
Blinkit,disposable food tray covers,,3,,,
Blinkit,disposable food display trays,,3,,,
Blinkit,disposable serving trays for parties,,3,,,
Blinkit,disposable food trays for kids,,3,,,
Blinkit,disposable food tray large,,3,,,
Blinkit,plastic meal tray with lid,,3,,,
Blinkit,plastic meal tray making machine,,3,,,
Blinkit,disposable serving tray near me,,3,,,
Blinkit,plastic meal tray shop near me,,3,,,
Blinkit,disposable food tray paper,,3,,,
Blinkit,disposable serving trays tesco,,3,,,
Blinkit,250 ml paper cup price,,3,,,
Blinkit,wholesale paper cups and plates,,3,,,
Blinkit,bulk buy paper cups,,3,,,
Blinkit,paper cups wholesale near me,,3,,,
Blinkit,bulk coffee cups costco,,3,,,
Blinkit,bulk disposable cups for wedding,,3,,,
Blinkit,wholesale paper cups for hot drinks,,3,,,
Blinkit,bulk iced coffee cups glass,,3,,,
Blinkit,wholesale paper cup manufacturers in delhi,,3,,,
Blinkit,bulk coffee cups with logo,,3,,,
Blinkit,bulk 3 oz paper cups,,3,,,
Blinkit,wholesale paper cup price,,3,,,
Blinkit,bulk coffee cup sleeves,,3,,,
Blinkit,bulk disposable tea cups,,3,,,
Blinkit,are paper cups cheaper than plastic,,3,,,
Blinkit,wooden cutlery set australia,,3,,,
Blinkit,bamboo cutlery set baby,,3,,,
Blinkit,wooden utensils set canadian tire,,3,,,
Blinkit,wooden cutlery set hsn code,,3,,,
Blinkit,wooden cutlery set with chopsticks,,3,,,
Blinkit,bamboo cutlery set dishwasher safe,,3,,,
Blinkit,cutlery set and their uses,,3,,,
Blinkit,wooden utensils set for cooking,,3,,,
Blinkit,gold wooden cutlery set,,3,,,
Blinkit,wooden utensils set made in canada,,3,,,
Blinkit,jysk wooden cutlery set,,3,,,
Blinkit,bamboo cutlery set kids,,3,,,
Blinkit,wooden cutlery set nz,,3,,,
Blinkit,bamboo cutlery set price,,3,,,
Blinkit,wooden utensils set reddit,,3,,,
Blinkit,wooden utensils set south africa,,3,,,
Blinkit,wooden cutlery set travel,,3,,,
Blinkit,wooden utensils set uk,,3,,,
Blinkit,vintage wooden handle cutlery set,,3,,,
Blinkit,disposable cutlery and crockery,,3,,,
Blinkit,disposable cutlery brands,,3,,,
Blinkit,disposable cutlery costco australia,,3,,,
Blinkit,disposable cutlery dunelm,,3,,,
Blinkit,plastic cutlery edmonton,,3,,,
Blinkit,disposable cutlery for restaurant,,3,,,
Blinkit,disposable cutlery green,,3,,,
Blinkit,disposable cutlery hs code,,3,,,
Blinkit,disposable cutlery in french,,3,,,
Blinkit,disposable cutlery karachi,,3,,,
Blinkit,disposable cutlery london,,3,,,
Blinkit,disposable cutlery nearby,,3,,,
Blinkit,disposable cutlery online,,3,,,
Blinkit,disposable cutlery plastic,,3,,,
Blinkit,disposable cutlery range,,3,,,
Blinkit,disposable cutlery set with napkin,,3,,,
Blinkit,disposable cutlery target,,3,,,
Blinkit,disposable tableware uk,,3,,,
Blinkit,vintage disposable cutlery,,3,,,
Blinkit,disposable cutlery woolworths,,3,,,
Blinkit,single use cutlery x,,3,,,
Blinkit,compostable packaging australia,,3,,,
Blinkit,compostable bagasse containers,,3,,,
Blinkit,compostable clear containers,,3,,,
Blinkit,compostable dessert containers,,3,,,
Blinkit,compostable packaging eu,,3,,,
Blinkit,can compostable containers be recycled,,3,,,
Blinkit,are biopak containers compostable,,3,,,
Blinkit,compostable food containers with lids,,3,,,
Blinkit,can compostable containers go in green bin,,3,,,
Blinkit,compostable cups how to dispose,,3,,,
Blinkit,compostable packaging ireland,,3,,,
Blinkit,compostable juice cups,,3,,,
Blinkit,compostable keurig cups,,3,,,
Blinkit,compostable liquid containers,,3,,,
Blinkit,compostable container microwave safe,,3,,,
Blinkit,compostable containers nz,,3,,,
Blinkit,are compostable containers oven safe,,3,,,
Blinkit,compostable paper containers,,3,,,
Blinkit,compostable to go food containers,,3,,,
Blinkit,compostable cups recycling,,3,,,
Blinkit,compostable storage containers,,3,,,
Blinkit,compostable togo containers,,3,,,
Blinkit,compostable single use containers,,3,,,
Blinkit,compostable cups with lids,,3,,,
Blinkit,amazon biodegradable straws,,3,,,
Blinkit,compostable straws blue,,3,,,
Blinkit,compostable straws clear,,3,,,
Blinkit,biodegradable straws dischem,,3,,,
Blinkit,ecosystems compostable straws,,3,,,
Blinkit,are paper straws compostable,,3,,,
Blinkit,biodegradable straws factory,,3,,,
Blinkit,compostable straws made from plants,,3,,,
Blinkit,compostable straws whole foods,,3,,,
Blinkit,compostable green straws,,3,,,
Blinkit,biodegradable straws how long does it take,,3,,,
Blinkit,biodegradable straws individually wrapped,,3,,,
Blinkit,long compostable straws,,3,,,
Blinkit,compostable paper straws,,3,,,
Blinkit,compostable reed straw,,3,,,
Blinkit,compostable sugarcane straws,,3,,,
Blinkit,unwrapped compostable straws,,3,,,
Blinkit,paper straws are the worst,,3,,,
Blinkit,paper straws black,,3,,,
Blinkit,paper straws contain gluten,,3,,,
Blinkit,paper straws dollar general,,3,,,
Blinkit,paper straws eu,,3,,,
Blinkit,paper straws florida,,3,,,
Blinkit,paper straws gluten uk,,3,,,
Blinkit,paper straws home bargains,,3,,,
Blinkit,paper straws ingredients,,3,,,
Blinkit,are paper straws just as bad as plastic,,3,,,
Blinkit,paper straws kenya,,3,,,
Blinkit,paper straws large,,3,,,
Blinkit,paper straws meaning,,3,,,
Blinkit,paper straws nz,,3,,,
Blinkit,paper straws outlawed,,3,,,
Blinkit,paper straws pakistan,,3,,,
Blinkit,que es paper straws,,3,,,
Blinkit,paper straws reaction with coke,,3,,,
Blinkit,paper straws should be banned,,3,,,
Blinkit,paper straws toxic,,3,,,
Blinkit,paper straws uk law,,3,,,
Blinkit,paper straws valentines,,3,,,
Blinkit,paper straws woolworths,,3,,,
Blinkit,what are paper straws made of,,3,,,
Blinkit,paper straws 9 year old,,3,,,
Blinkit,food packaging aluminium foil,,3,,,
Blinkit,food packaging boxes wholesale,,3,,,
Blinkit,food packaging company,,3,,,
Blinkit,food packaging definition,,3,,,
Blinkit,food packaging expo 2026,,3,,,
Blinkit,food packaging for cloud kitchen,,3,,,
Blinkit,food packaging gst rate,,3,,,
Blinkit,food packaging harare,,3,,,
Blinkit,food packaging ideas,,3,,,
Blinkit,food packaging jobs near me,,3,,,
Blinkit,food packaging kmart,,3,,,
Blinkit,food packaging logo,,3,,,
Blinkit,food packaging delhi,,3,,,
Blinkit,food packaging operator,,3,,,
Blinkit,food packaging plastic,,3,,,
Blinkit,food packaging qr code,,3,,,
Blinkit,food packaging research paper,,3,,,
Blinkit,food packaging sealing machine,,3,,,
Blinkit,food packaging technology,,3,,,
Blinkit,food packaging use and throw,,3,,,
Blinkit,food packaging vacuum machine,,3,,,
Blinkit,food packaging wholesale near me,,3,,,
Blinkit,food container xenos,,3,,,
Blinkit,food packaging to you,,3,,,
Blinkit,food packaging zipper,,3,,,
Blinkit,party plates and cups,,3,,,
Blinkit,party supplies brownsville tx,,3,,,
Blinkit,party supplies chicago,,3,,,
Blinkit,party supplies denver,,3,,,
Blinkit,party supplies evansville,,3,,,
Blinkit,party supplies fort wayne,,3,,,
Blinkit,party supplies guam,,3,,,
Blinkit,party decorations hire,,3,,,
Blinkit,party supplies ireland,,3,,,
Blinkit,party supplies joondalup,,3,,,
Blinkit,party decorations kmart,,3,,,
Blinkit,party supplies las vegas,,3,,,
Blinkit,party supplies malta,,3,,,
Blinkit,party decorations near me,,3,,,
Blinkit,party plates ohio,,3,,,
Blinkit,party decorations perth,,3,,,
Blinkit,party supplies quezon city,,3,,,
Blinkit,party supplies rochester ny,,3,,,
Blinkit,party supplies store,,3,,,
Blinkit,party supplies trinidad,,3,,,
Blinkit,party decorations uk,,3,,,
Blinkit,party supplies vancouver wa,,3,,,
Blinkit,party supplies wichita ks,,3,,,
Blinkit,party supplies yonkers,,3,,,
Blinkit,party decorations zurich,,3,,,
Blinkit,bagasse plates manufacturers in india,,4,,,
Blinkit,coffee cups 250ml,,4,,,
Blinkit,sugarcane burger clamshell,,4,,,
Blinkit,sugar cane products list,,4,,,
Blinkit,party tables near me,,4,,,
Blinkit,eco friendly plates and cutlery,,4,,,
Blinkit,eco friendly disposable plates near me,,4,,,
Blinkit,eco friendly bamboo plates,,4,,,
Blinkit,eco friendly camping plates,,4,,,
Blinkit,eco friendly disposable plates wedding,,4,,,
Blinkit,eco friendly plates for food,,4,,,
Blinkit,how to make eco friendly plates,,4,,,
Blinkit,eco friendly kids dishes,,4,,,
Blinkit,eco friendly plate machine,,4,,,
Blinkit,eco friendly plastic plates,,4,,,
Blinkit,eco friendly reusable dinnerware,,4,,,
Blinkit,eco friendly dinnerware set,,4,,,
Blinkit,eco friendly toddler plates,,4,,,
Blinkit,eco friendly plates walmart,,4,,,
Blinkit,biodegradable plates and cups manufacturers near me,,4,,,
Blinkit,biodegradable plates buyers,,4,,,
Blinkit,biodegradable plates coles,,4,,,
Blinkit,biodegradable dinner plates,,4,,,
Blinkit,biodegradable edible plates,,4,,,
Blinkit,biodegradable plates from banana leaves,,4,,,
Blinkit,biodegradable glass plates,,4,,,
Blinkit,biodegradable plates hs code,,4,,,
Blinkit,biodegradable plates images,,4,,,
Blinkit,compostable plates kmart,,4,,,
Blinkit,biodegradable plates manufacturing business,,4,,,
Blinkit,compostable plates near me,,4,,,
Blinkit,biodegradable plates made of,,4,,,
Blinkit,biodegradable plastic plates,,4,,,
Blinkit,biodegradable round plates,,4,,,
Blinkit,biodegradable plates square,,4,,,
Blinkit,biodegradable thali plates,,4,,,
Blinkit,biodegradable plates woolworths,,4,,,
Blinkit,disposable plates and spoons,,4,,,
Blinkit,disposable plates black,,4,,,
Blinkit,disposable plates company,,4,,,
Blinkit,disposable plates dmart,,4,,,
Blinkit,disposable plates egypt,,4,,,
Blinkit,disposable plates for snacks,,4,,,
Blinkit,disposable plates green,,4,,,
Blinkit,disposable plates hindi,,4,,,
Blinkit,disposable plates instamart,,4,,,
Blinkit,disposable plates jumbo,,4,,,
Blinkit,disposable plates kroger,,4,,,
Blinkit,disposable plates lidl,,4,,,
Blinkit,disposable plates making machine price,,4,,,
Blinkit,disposable plates nearby,,4,,,
Blinkit,disposable plates on sale,,4,,,
Blinkit,disposable plates price in india,,4,,,
Blinkit,disposable plates quick delivery,,4,,,
Blinkit,disposable plates rectangle,,4,,,
Blinkit,disposable plates size,,4,,,
Blinkit,disposable plates tesco,,4,,,
Blinkit,disposable plates uganda,,4,,,
Blinkit,disposable plates vintage,,4,,,
Blinkit,disposable plates wholesale delhi,,4,,,
Blinkit,paper plates xmas crafts,,4,,,
Blinkit,plastic plates you can draw on,,4,,,
Blinkit,plastic plates zepto,,4,,,
Blinkit,bagasse plates and cups,,4,,,
Blinkit,bagasse plates bangalore,,4,,,
Blinkit,bagasse plates compartment,,4,,,
Blinkit,bagasse dinner plates,,4,,,
Blinkit,bagasse tableware export from india,,4,,,
Blinkit,sugarcane bagasse plates gst rate,,4,,,
Blinkit,plates bagasse triple grn 25cm 10s,,4,,,
Blinkit,bagasse tableware hsn code,,4,,,
Blinkit,bagasse plates in coimbatore,,4,,,
Blinkit,how to make bagasse plates,,4,,,
Blinkit,bagasse plate shop near me,,4,,,
Blinkit,bagasse plate photo,,4,,,
Blinkit,bagasse plates round,,4,,,
Blinkit,unbleached bagasse plates,,4,,,
Blinkit,bagasse plates wholesale price,,4,,,
Blinkit,disposable food trays amazon,,4,,,
Blinkit,disposable food trays black,,4,,,
Blinkit,disposable tray price,,4,,,
Blinkit,disposable food trays canada,,4,,,
Blinkit,disposable food tray with dividers,,4,,,
Blinkit,disposable serving trays foil,,4,,,
Blinkit,disposable serving tray with lid,,4,,,
Blinkit,disposable food trays metal,,4,,,
Blinkit,disposable serving tray nearby,,4,,,
Blinkit,disposable food tray plates,,4,,,
Blinkit,disposable serving tray set,,4,,,
Blinkit,disposable food trays tesco,,4,,,
Blinkit,paper cup rate,,4,,,
Blinkit,wholesale paper cups and plates near me,,4,,,
Blinkit,paper coffee cups bulk buy,,4,,,
Blinkit,bulk coffee cups canada,,4,,,
Blinkit,disposable paper cup sizes,,4,,,
Blinkit,bulk green paper cups,,4,,,
Blinkit,halloween paper cups bulk,,4,,,
Blinkit,wholesale paper cup manufacturers in coimbatore,,4,,,
Blinkit,bulk disposable cups with lids,,4,,,
Blinkit,bulk coffee cups near me,,4,,,
Blinkit,bulk 12 oz paper cups,,4,,,
Blinkit,wholesale paper cup printing sri lanka,,4,,,
Blinkit,bulk coffee cup stickers,,4,,,
Blinkit,wholesale paper tea cups,,4,,,
Blinkit,paper tea cups wholesale near me,,4,,,
Blinkit,wooden utensils set australia,,4,,,
Blinkit,wooden knife set block,,4,,,
Blinkit,wooden handle cutlery set dishwasher safe,,4,,,
Blinkit,wooden knife set for kids,,4,,,
Blinkit,george wooden cutlery set,,4,,,
Blinkit,is wooden cutlery better than plastic,,4,,,
Blinkit,wooden knife set holder,,4,,,
Blinkit,wooden handle cutlery set uk,,4,,,
Blinkit,wooden utensils set manufacturers in india,,4,,,
Blinkit,wooden knife set kids,,4,,,
Blinkit,wooden utensils set nz,,4,,,
Blinkit,remi wooden cutlery set,,4,,,
Blinkit,wooden cutlery spoon set,,4,,,
Blinkit,bamboo cutlery set travel,,4,,,
Blinkit,wooden knife set with block,,4,,,
Blinkit,disposable cutlery aldi,,4,,,
Blinkit,disposable cutlery b&m,,4,,,
Blinkit,disposable cutlery canada,,4,,,
Blinkit,disposable cutlery dollar tree,,4,,,
Blinkit,plastic cutlery environmental impact,,4,,,
Blinkit,disposable cutlery fancy,,4,,,
Blinkit,disposable gold cutlery set,,4,,,
Blinkit,disposable cutlery heavy duty,,4,,,
Blinkit,disposable cutlery individually wrapped,,4,,,
Blinkit,disposable kids cutlery,,4,,,
Blinkit,disposable cutlery lebanon,,4,,,
Blinkit,disposable cutlery making machine,,4,,,
Blinkit,disposable cutlery napkins,,4,,,
Blinkit,plastic cutlery organizer,,4,,,
Blinkit,disposable cutlery poundland,,4,,,
Blinkit,what is disposable cutlery,,4,,,
Blinkit,disposable cutlery reddit,,4,,,
Blinkit,disposable cutlery silver,,4,,,
Blinkit,disposable cutlery the range,,4,,,
Blinkit,disposable tableware usa,,4,,,
Blinkit,disposable cutlery walmart,,4,,,
Blinkit,single use cutlery x 意味,,4,,,
Blinkit,compostable cups and lids,,4,,,
Blinkit,compostable packaging bags,,4,,,
Blinkit,compostable cardboard containers,,4,,,
Blinkit,compostable disposable containers,,4,,,
Blinkit,biodegradable egg containers crossword,,4,,,
Blinkit,compostable freezer containers,,4,,,
Blinkit,can compostable containers go in the microwave,,4,,,
Blinkit,compostable packaging how to dispose,,4,,,
Blinkit,compostable cups ireland,,4,,,
Blinkit,compostable k cups canada,,4,,,
Blinkit,compostable packaging logo,,4,,,
Blinkit,compostable meal containers,,4,,,
Blinkit,compostable cups near me,,4,,,
Blinkit,compostable take out containers,,4,,,
Blinkit,compostable pint containers,,4,,,
Blinkit,compostable cups reddit,,4,,,
Blinkit,compostable sauce containers,,4,,,
Blinkit,compostable takeout containers near me,,4,,,
Blinkit,biodegradable containers with lids in india,,4,,,
Blinkit,biodegradable straws australia,,4,,,
Blinkit,compostable boba straws,,4,,,
Blinkit,compostable cocktail straws,,4,,,
Blinkit,biodegradable drinking straws,,4,,,
Blinkit,do compostable straws have gluten,,4,,,
Blinkit,eco compostable straws,,4,,,
Blinkit,biodegradable straws for honey sticks,,4,,,
Blinkit,biodegradable straws gluten free,,4,,,
Blinkit,biodegradable straws india,,4,,,
Blinkit,lifemade compostable straws,,4,,,
Blinkit,compostable straws material,,4,,,
Blinkit,biodegradable straws not paper,,4,,,
Blinkit,compostable pla straws,,4,,,
Blinkit,compostable rice straw,,4,,,
Blinkit,compostable spoon straws,,4,,,
Blinkit,biodegradable straws target,,4,,,
Blinkit,compostable wrapped straws,,4,,,
Blinkit,paper straws and gluten,,4,,,
Blinkit,paper straws banned,,4,,,
Blinkit,paper straws canada,,4,,,
Blinkit,paper straws donald trump,,4,,,
Blinkit,paper straws ebay,,4,,,
Blinkit,paper straws for mason bees,,4,,,
Blinkit,paper straws green,,4,,,
Blinkit,paper straws hs code,,4,,,
Blinkit,paper straws in bulk,,4,,,
Blinkit,paper straws new jersey,,4,,,
Blinkit,paper straws kids,,4,,,
Blinkit,paper straws long,,4,,,
Blinkit,paper straws morrisons,,4,,,
Blinkit,paper straws not gluten free,,4,,,
Blinkit,paper straws origin,,4,,,
Blinkit,paper straws poundland,,4,,,
Blinkit,paper straws red and white,,4,,,
Blinkit,paper straws spotlight,,4,,,
Blinkit,paper straws trump,,4,,,
Blinkit,paper straws useless,,4,,,
Blinkit,paper straws vancouver,,4,,,
Blinkit,paper straws white,,4,,,
Blinkit,are paper straws safe,,4,,,
Blinkit,paper straws nine year old,,4,,,
Blinkit,food packaging and shelf life journal,,4,,,
Blinkit,food packaging bags,,4,,,
Blinkit,food packaging covers,,4,,,
Blinkit,food packaging design agency,,4,,,
Blinkit,food packaging expo,,4,,,
Blinkit,food packaging films,,4,,,
Blinkit,food packaging gurgaon,,4,,,
Blinkit,food packaging heat sealer,,4,,,
Blinkit,food packaging in delhi,,4,,,
Blinkit,food packaging journals,,4,,,
Blinkit,food packaging kenya,,4,,,
Blinkit,food packaging label design,,4,,,
Blinkit,food packaging machine,,4,,,
Blinkit,food packaging notes,,4,,,
Blinkit,food packaging operator job description,,4,,,
Blinkit,food packaging plates,,4,,,
Blinkit,food packaging quotes,,4,,,
Blinkit,food packaging requirements,,4,,,
Blinkit,food packaging store near me,,4,,,
Blinkit,food packaging tray,,4,,,
Blinkit,food packaging uk,,4,,,
Blinkit,food packaging volunteer,,4,,,
Blinkit,food packaging work near me,,4,,,
Blinkit,xps food packaging,,4,,,
Blinkit,food packaging new york,,4,,,
Blinkit,food packaging ziplock,,4,,,
Blinkit,party supplies australia,,4,,,
Blinkit,party supplies brooklyn,,4,,,
Blinkit,party supplies columbus ohio,,4,,,
Blinkit,party supplies dubai,,4,,,
Blinkit,party supplies epping,,4,,,
Blinkit,party decorations for kids,,4,,,
Blinkit,party supplies greenville sc,,4,,,
Blinkit,party decorations hire near me,,4,,,
Blinkit,party decorations ideas for adults,,4,,,
Blinkit,party supplies jamaica,,4,,,
Blinkit,party plates kmart,,4,,,
Blinkit,party supplies list,,4,,,
Blinkit,party supplies mcallen tx,,4,,,
Blinkit,party supplies nearby,,4,,,
Blinkit,party supplies okc,,4,,,
Blinkit,party plates plastic,,4,,,
Blinkit,party supplies qormi,,4,,,
Blinkit,party supplies raleigh nc,,4,,,
Blinkit,party supplies store near me,,4,,,
Blinkit,party supplies tucson,,4,,,
Blinkit,party supplies usa,,4,,,
Blinkit,party supplies virginia beach,,4,,,
Blinkit,party supplies walmart,,4,,,
Blinkit,party supplies yakima,,4,,,
Blinkit,party supplies zurich,,4,,,
Blinkit,bagasse plates manufacturing plant cost,,5,,,
Blinkit,disposable cups 250ml 1000s,,5,,,
Blinkit,disposable cups 250ml 1000 per box,,5,,,
Blinkit,bulk coffee cups,,5,,,
Blinkit,clamshell sugarcane bagasse,,5,,,
Blinkit,compostable containers with lids wholesale,,5,,,
Blinkit,eco friendly party plates and cutlery,,5,,,
Blinkit,eco friendly buffet plates,,5,,,
Blinkit,eco friendly children's plates,,5,,,
Blinkit,eco friendly dinner plates,,5,,,
Blinkit,eco friendly examples,,5,,,
Blinkit,are bamboo plates eco friendly,,5,,,
Blinkit,best eco friendly kids plates,,5,,,
Blinkit,eco friendly banana leaf plates,,5,,,
Blinkit,eco friendly plates manufacturing near me,,5,,,
Blinkit,eco friendly serving plates,,5,,,
Blinkit,eco friendly thanksgiving plates,,5,,,
Blinkit,eco friendly single use plates,,5,,,
Blinkit,eco friendly plates wedding,,5,,,
Blinkit,biodegradable plates and cups machine,,5,,,
Blinkit,biodegradable plates big size,,5,,,
Blinkit,biodegradable plates cost,,5,,,
Blinkit,biodegradable disposable plates machine,,5,,,
Blinkit,biodegradable tableware export from india,,5,,,
Blinkit,biodegradable plates for parties,,5,,,
Blinkit,biodegradable green plates,,5,,,
Blinkit,biodegradable plates have gluten,,5,,,
Blinkit,biodegradable plates manufacturers in gujarat,,5,,,
Blinkit,biodegradable paper plates and cups,,5,,,
Blinkit,biodegradable utensils research,,5,,,
Blinkit,biodegradable plates small,,5,,,
Blinkit,biodegradable thanksgiving plates,,5,,,
Blinkit,disposable plates and glass making machine price,,5,,,
Blinkit,disposable plates box,,5,,,
Blinkit,disposable plates compartments,,5,,,
Blinkit,disposable plates dinner,,5,,,
Blinkit,disposable plates elegant,,5,,,
Blinkit,disposable plates for dinner,,5,,,
Blinkit,disposable plates glasses and cutlery,,5,,,
Blinkit,disposable plates high quality,,5,,,
Blinkit,disposable plates in bulk,,5,,,
Blinkit,disposable plates jalandhar,,5,,,
Blinkit,disposable plates kids,,5,,,
Blinkit,disposable plates large,,5,,,
Blinkit,disposable plates meesho,,5,,,
Blinkit,disposable plates natural,,5,,,
Blinkit,disposable plates organizer,,5,,,
Blinkit,disposable plates pronunciation,,5,,,
Blinkit,paper plates qatar,,5,,,
Blinkit,disposable plates red dot,,5,,,
Blinkit,disposable plates small size,,5,,,
Blinkit,disposable plates that look like china,,5,,,
Blinkit,disposable plates utensils,,5,,,
Blinkit,disposable plates verka,,5,,,
Blinkit,disposable plates wholesale price,,5,,,
Blinkit,paper plates xl,,5,,,
Blinkit,paper plates you can microwave,,5,,,
Blinkit,paper plates zoo animals,,5,,,
Blinkit,bagasse plates asda,,5,,,
Blinkit,bagasse plates business,,5,,,
Blinkit,bagasse compostable plates,,5,,,
Blinkit,bagasse disposable plates near me,,5,,,
Blinkit,bagasse tableware exporter,,5,,,
Blinkit,bagasse sugarcane fiber plates,,5,,,
Blinkit,are bagasse plates gluten free,,5,,,
Blinkit,bagasse tableware hs code,,5,,,
Blinkit,bagasse plates in uk,,5,,,
Blinkit,bagasse plates in usa,,5,,,
Blinkit,sugarcane bagasse plates price,,5,,,
Blinkit,origami bagasse plates,,5,,,
Blinkit,bagasse paper plates,,5,,,
Blinkit,bagasse plate rate,,5,,,
Blinkit,bagasse sugarcane plates,,5,,,
Blinkit,bagasse plates manufacturers in tamilnadu,,5,,,
Blinkit,disposable serving trays amazon,,5,,,
Blinkit,disposable serving trays b&m,,5,,,
Blinkit,disposable serving trays costco,,5,,,
Blinkit,disposable food tray with drink holder,,5,,,
Blinkit,disposable food tray with lid,,5,,,
Blinkit,plastic meal tray near me,,5,,,
Blinkit,plastic meal tray price,,5,,,
Blinkit,how much ml is a paper cup,,5,,,
Blinkit,paper cup 200ml price,,5,,,
Blinkit,bulk coffee cups and saucers,,5,,,
Blinkit,black paper cups bulk,,5,,,
Blinkit,bulk coffee cups cheap,,5,,,
Blinkit,bulk coffee cups for cafe,,5,,,
Blinkit,wholesale paper cup manufacturers in madurai,,5,,,
Blinkit,wholesale paper cups with lids,,5,,,
Blinkit,bulk disposable cups near me,,5,,,
Blinkit,bulk disposable plastic cups,,5,,,
Blinkit,wholesale paper cup supplier malaysia,,5,,,
Blinkit,bulk coffee travel cups,,5,,,
Blinkit,wooden utensils set amazon,,5,,,
Blinkit,wooden knife block set with sharpener,,5,,,
Blinkit,wooden utensils cooking set,,5,,,
Blinkit,wooden cooking utensils set dishwasher safe,,5,,,
Blinkit,wooden utensils set for kids,,5,,,
Blinkit,george home wooden cutlery set,,5,,,
Blinkit,wooden utensils set house,,5,,,
Blinkit,cutlery set in wooden box,,5,,,
Blinkit,wooden utensils set kids,,5,,,
Blinkit,wooden utensils set near me,,5,,,
Blinkit,bamboo cutlery set with pouch,,5,,,
Blinkit,wooden utensils set sale,,5,,,
Blinkit,wooden knife set with sharpener,,5,,,
Blinkit,wooden knife set toddler,,5,,,
Blinkit,wooden kitchen utensils set uk,,5,,,
Blinkit,disposable cutlery amazon,,5,,,
Blinkit,disposable cutlery bulk,,5,,,
Blinkit,disposable cutlery canadian tire,,5,,,
Blinkit,disposable cutlery display,,5,,,
Blinkit,plastic cutlery ebay,,5,,,
Blinkit,disposable cutlery factory,,5,,,
Blinkit,disposable gold cutlery wholesale,,5,,,
Blinkit,disposable cutlery hsn code,,5,,,
Blinkit,disposable cutlery in spanish,,5,,,
Blinkit,plastic cutlery kmart,,5,,,
Blinkit,plastic cutlery lidl,,5,,,
Blinkit,disposable cutlery market size in india,,5,,,
Blinkit,disposable cutlery nice,,5,,,
Blinkit,plastic cutlery organizer with lid,,5,,,
Blinkit,disposable cutlery pronunciation,,5,,,
Blinkit,is disposable cutlery recyclable,,5,,,
Blinkit,plastic cutlery reusable,,5,,,
Blinkit,disposable cutlery sainsbury's,,5,,,
Blinkit,disposable cutlery tray,,5,,,
Blinkit,plastic cutlery usa,,5,,,
Blinkit,disposable cutlery wooden,,5,,,
Blinkit,compostable cups and plates,,5,,,
Blinkit,compostable cups bulk,,5,,,
Blinkit,compostable carryout containers,,5,,,
Blinkit,compostable drink containers,,5,,,
Blinkit,biodegradable egg containers,,5,,,
Blinkit,compostable food containers nearby,,5,,,
Blinkit,can compostable containers go in oven,,5,,,
Blinkit,compostable cups in bulk,,5,,,
Blinkit,compostable k cups not working,,5,,,
Blinkit,compostable packaging label,,5,,,
Blinkit,compostable microgreen containers,,5,,,
Blinkit,compostable cups nearby,,5,,,
Blinkit,compostable take out containers microwave safe,,5,,,
Blinkit,compostable produce containers,,5,,,
Blinkit,compostable cups restaurant depot,,5,,,
Blinkit,compostable sushi containers,,5,,,
Blinkit,compostable tupperware containers,,5,,,
Blinkit,is compostable plastic really compostable,,5,,,
Blinkit,biodegradable containers with lids,,5,,,
Blinkit,biodegradable straws agave,,5,,,
Blinkit,compostable bendy straws,,5,,,
Blinkit,compostable crazy straws,,5,,,
Blinkit,biodegradable disposable straws,,5,,,
Blinkit,do compostable straws have microplastics,,5,,,
Blinkit,are compostable rice straws edible,,5,,,
Blinkit,biodegradable straws fiji,,5,,,
Blinkit,biodegradable straws gluten,,5,,,
Blinkit,compostable straw manufacturers in india,,5,,,
Blinkit,biodegradable straws near me,,5,,,
Blinkit,biodegradable straws plastic,,5,,,
Blinkit,are compostable straws recyclable,,5,,,
Blinkit,biodegradable straws south africa,,5,,,
Blinkit,compostable bubble tea straws,,5,,,
Blinkit,biodegradable straws wholesale,,5,,,
Blinkit,paper straws are bad,,5,,,
Blinkit,paper straws blue,,5,,,
Blinkit,paper straws california,,5,,,
Blinkit,paper straws delaware,,5,,,
Blinkit,paper straws environment,,5,,,
Blinkit,paper straws for cake pops,,5,,,
Blinkit,paper straws glue,,5,,,
Blinkit,paper straws have wheat,,5,,,
Blinkit,paper straws invented,,5,,,
Blinkit,paper wrapped jumbo straws,,5,,,
Blinkit,do paper straws kill turtles,,5,,,
Blinkit,paper straws lidl,,5,,,
Blinkit,paper straws meme,,5,,,
Blinkit,paper straws new world,,5,,,
Blinkit,paper straws online,,5,,,
Blinkit,paper straws pack,,5,,,
Blinkit,paper straws red,,5,,,
Blinkit,paper straws study,,5,,,
Blinkit,paper straws that don't get soggy,,5,,,
Blinkit,paper straws usa trump,,5,,,
Blinkit,paper straws vs plastic cost,,5,,,
Blinkit,paper straws worse than plastic,,5,,,
Blinkit,why are paper straws so bad,,5,,,
Blinkit,paper straws new york,,5,,,
Blinkit,food packaging and shelf life abbreviation,,5,,,
Blinkit,food packaging boxes near me,,5,,,
Blinkit,food packaging container near me,,5,,,
Blinkit,food packaging drawing easy,,5,,,
Blinkit,food packaging expo 2026 india,,5,,,
Blinkit,food packaging fonts,,5,,,
Blinkit,food packaging gas name,,5,,,
Blinkit,food packaging hs code,,5,,,
Blinkit,food packaging industry near me,,5,,,
Blinkit,food packaging job in europe,,5,,,
Blinkit,food packaging kraft paper,,5,,,
Blinkit,food packaging license india,,5,,,
Blinkit,food packaging manufacturers,,5,,,
Blinkit,food packaging notes pdf,,5,,,
Blinkit,food packaging ottawa,,5,,,
Blinkit,food packaging polythene,,5,,,
Blinkit,food packaging quality control,,5,,,
Blinkit,food packaging responsibilities,,5,,,
Blinkit,food packaging silver pouch,,5,,,
Blinkit,food packaging technology pdf,,5,,,
Blinkit,food packaging usa,,5,,,
Blinkit,food packaging video,,5,,,
Blinkit,food packaging work,,5,,,
Blinkit,xmas food packaging,,5,,,
Blinkit,food with yellow packaging uk,,5,,,
Blinkit,food packaging zip bags,,5,,,
Blinkit,party supplies albuquerque,,5,,,
Blinkit,party decorations brisbane,,5,,,
Blinkit,party supplies colorado springs,,5,,,
Blinkit,party supplies des moines,,5,,,
Blinkit,party supplies erie pa,,5,,,
Blinkit,party supplies fresno,,5,,,
Blinkit,party supplies greenville nc,,5,,,
Blinkit,party supplies huntsville al,,5,,,
Blinkit,party decorations ireland,,5,,,
Blinkit,party supplies jackson tn,,5,,,
Blinkit,party supplies kingston,,5,,,
Blinkit,party supplies lexington ky,,5,,,
Blinkit,party supplies minneapolis,,5,,,
Blinkit,party decorations nearby,,5,,,
Blinkit,party supplies orlando,,5,,,
Blinkit,party decorations pink,,5,,,
Blinkit,party supplies queens,,5,,,
Blinkit,party supplies reno,,5,,,
Blinkit,party decorations store,,5,,,
Blinkit,party supplies toronto,,5,,,
Blinkit,party supplies underwood,,5,,,
Blinkit,party supplies visalia,,5,,,
Blinkit,party supplies winnipeg,,5,,,
Blinkit,party supplies yuba city,,5,,,
Blinkit,party supplies zabbar,,5,,,
Blinkit,bagasse plates meaning,,6,,,
Blinkit,disposable meal tray with lid wholesale,,6,,,
Blinkit,eco friendly use and throw plates,,6,,,
Blinkit,eco friendly baby plates,,6,,,
Blinkit,eco friendly christmas plates,,6,,,
Blinkit,eco friendly plates from banana leaves,,6,,,
Blinkit,eco friendly kids party plates,,6,,,
Blinkit,eco friendly palm leaf plates,,6,,,
Blinkit,eco friendly plates material,,6,,,
Blinkit,best eco friendly paper plates,,6,,,
Blinkit,is eco friendly the same as environmentally friendly,,6,,,
Blinkit,eco friendly square plates,,6,,,
Blinkit,eco friendly disposable plates and utensils,,6,,,
Blinkit,eco friendly wooden plates,,6,,,
Blinkit,biodegradable plates and glasses,,6,,,
Blinkit,biodegradable bamboo plates,,6,,,
Blinkit,biodegradable plates canada,,6,,,
Blinkit,biodegradable dessert plates,,6,,,
Blinkit,biodegradable disposable plates exporters in gujarat,,6,,,
Blinkit,biodegradable plates for surgery,,6,,,
Blinkit,biodegradable holiday plates,,6,,,
Blinkit,biodegradable plates in uk,,6,,,
Blinkit,compostable leaf plates,,6,,,
Blinkit,biodegradable plates material,,6,,,
Blinkit,compostable plates nearby,,6,,,
Blinkit,paper plates biodegradable or nonbiodegradable,,6,,,
Blinkit,biodegradable partition plates,,6,,,
Blinkit,biodegradable plates set,,6,,,
Blinkit,compostable plates target,,6,,,
Blinkit,compostable ultra plates,,6,,,
Blinkit,biodegradable plates wedding,,6,,,
Blinkit,disposable plates and glass making machine,,6,,,
Blinkit,disposable plates business in india,,6,,,
Blinkit,disposable plates comes under which category,,6,,,
Blinkit,disposable plates decoration ideas,,6,,,
Blinkit,disposable plates etc,,6,,,
Blinkit,disposable plates for momos,,6,,,
Blinkit,disposable plates glass machine,,6,,,
Blinkit,disposable plates heavy duty,,6,,,
Blinkit,disposable plates in chandigarh,,6,,,
Blinkit,disposable plates jaipur,,6,,,
Blinkit,disposable plates kaufland,,6,,,
Blinkit,disposable plates luxury,,6,,,
Blinkit,disposable plates manufacturers near me,,6,,,
Blinkit,disposable plates near me within 800m,,6,,,
Blinkit,disposable plates on amazon,,6,,,
Blinkit,disposable plates png,,6,,,
Blinkit,plastic plates qatar,,6,,,
Blinkit,disposable plates restaurant depot,,6,,,
Blinkit,disposable plates square,,6,,,
Blinkit,disposable plates target,,6,,,
Blinkit,disposable plates uae,,6,,,
Blinkit,disposable plates visiting card,,6,,,
Blinkit,disposable plates with cover,,6,,,
Blinkit,paper plates x100,,6,,,
Blinkit,paper plates youtube,,6,,,
Blinkit,paper plates zehrs,,6,,,
Blinkit,sugarcane bagasse plates & bowls,,6,,,
Blinkit,bagasse plates buy,,6,,,
Blinkit,bagasse tableware china,,6,,,
Blinkit,bagasse tableware distributor,,6,,,
Blinkit,sugarcane bagasse plates export from india,,6,,,
Blinkit,bagasse plates manufacturers in gujarat,,6,,,
Blinkit,sugarcane bagasse plates hsn code,,6,,,
Blinkit,bagasse pizza plates,,6,,,
Blinkit,bagasse rectangular plate,,6,,,
Blinkit,bagasse small plates,,6,,,
Blinkit,sugarcane bagasse to plates,,6,,,
Blinkit,bagasse plate weight,,6,,,
Blinkit,disposable serving trays aluminum,,6,,,
Blinkit,disposable serving trays christmas,,6,,,
Blinkit,disposable serving trays for desserts,,6,,,
Blinkit,plastic ready meal tray melted in oven,,6,,,
Blinkit,disposable lunch trays nearby,,6,,,
Blinkit,disposable meal prep tray,,6,,,
Blinkit,disposable food tray with cover,,6,,,
Blinkit,polystyrene paper cups 250ml,,6,,,
Blinkit,bulk coffee cups amazon,,6,,,
Blinkit,bulk disposable tea cups and saucers,,6,,,
Blinkit,brown paper cups bulk,,6,,,
Blinkit,bulk paper cone cups,,6,,,
Blinkit,bulk coffee cups for coffee shop,,6,,,
Blinkit,wholesale paper cup manufacturers in kerala,,6,,,
Blinkit,bulk coffee cups with lids and sleeves,,6,,,
Blinkit,bulk coffee cups nearby,,6,,,
Blinkit,bulk disposable shot cups,,6,,,
Blinkit,bamboo cutlery set amazon,,6,,,
Blinkit,wooden knife block set uk,,6,,,
Blinkit,wooden knife set for toddlers,,6,,,
Blinkit,wooden knife handle set,,6,,,
Blinkit,cutlery set in wooden case,,6,,,
Blinkit,wooden utensils set kmart,,6,,,
Blinkit,wooden utensils set non toxic,,6,,,
Blinkit,wooden picnic cutlery set,,6,,,
Blinkit,bamboo cutlery set silver,,6,,,
Blinkit,wooden knife set with stand,,6,,,
Blinkit,wooden utensils set teak,,6,,,
Blinkit,bamboo handle cutlery set uk,,6,,,
Blinkit,disposable cutlery argos,,6,,,
Blinkit,disposable cutlery big w,,6,,,
Blinkit,disposable cutlery compostable,,6,,,
Blinkit,plastic cutlery drainer,,6,,,
Blinkit,disposable forks eco,,6,,,
Blinkit,disposable cutlery for kids,,6,,,
Blinkit,plastic cutlery gold,,6,,,
Blinkit,disposable cutlery holder for party,,6,,,
Blinkit,disposable cutlery items,,6,,,
Blinkit,disposable forks kmart,,6,,,
Blinkit,plastic cutlery lunch set,,6,,,
Blinkit,disposable cutlery morrisons,,6,,,
Blinkit,disposable cutlery ntuc,,6,,,
Blinkit,plastic cutlery on plane,,6,,,
Blinkit,disposable cutlery price,,6,,,
Blinkit,plastic cutlery reject shop,,6,,,
Blinkit,disposable cutlery singapore,,6,,,
Blinkit,disposable cutlery that looks real,,6,,,
Blinkit,plastic cutlery uk ban,,6,,,
Blinkit,disposable cutlery wholesale singapore,,6,,,
Blinkit,sugar cane bar reviews,,6,,,
Blinkit,compostable cups and straws,,6,,,
Blinkit,compostable packaging boxes,,6,,,
Blinkit,compostable cosmetic containers,,6,,,
Blinkit,compostable deli containers with lids,,6,,,
Blinkit,compostable espresso cups,,6,,,
Blinkit,compostable food containers near me,,6,,,
Blinkit,can compostable containers go in fogo,,6,,,
Blinkit,compostable hot cups with lids,,6,,,
Blinkit,compostable insulated packaging,,6,,,
Blinkit,compostable k cups nearby,,6,,,
Blinkit,compostable cups lids,,6,,,
Blinkit,compostable muffin containers,,6,,,
Blinkit,compostable packaging nz,,6,,,
Blinkit,compostable take out containers canada,,6,,,
Blinkit,compostable pla containers,,6,,,
Blinkit,are egg containers compostable,,6,,,
Blinkit,are compostable containers recyclable,,6,,,
Blinkit,compostable snack containers,,6,,,
Blinkit,compostable cups target,,6,,,
Blinkit,compostable cups walmart,,6,,,
Blinkit,compostable black straws,,6,,,
Blinkit,compostable coffee straws,,6,,,
Blinkit,are compostable straws more expensive,,6,,,
Blinkit,biodegradable straws for restaurants,,6,,,
Blinkit,biodegradable straws green,,6,,,
Blinkit,bpi compostable straw ingredients,,6,,,
Blinkit,compostable straw manufacturer,,6,,,
Blinkit,biodegradable straws nz,,6,,,
Blinkit,biodegradable straws price,,6,,,
Blinkit,biodegradable rice straws,,6,,,
Blinkit,biodegradable straws starbucks,,6,,,
Blinkit,tuv compostable straws,,6,,,
Blinkit,biodegradable straws walmart,,6,,,
Blinkit,paper straws are terrible,,6,,,
Blinkit,paper straws bad for you,,6,,,
Blinkit,paper straws crazy store,,6,,,
Blinkit,paper straws don t work,,6,,,
Blinkit,paper straws in europe,,6,,,
Blinkit,paper straws for bee house,,6,,,
Blinkit,paper straws gold,,6,,,
Blinkit,paper straws health risk,,6,,,
Blinkit,paper straws in canada,,6,,,
Blinkit,paper straws are a joke,,6,,,
Blinkit,paper straws burger king,,6,,,
Blinkit,paper straws lebanon,,6,,,
Blinkit,paper straws made in usa,,6,,,
Blinkit,paper straws news,,6,,,
Blinkit,paper straws on amazon,,6,,,
Blinkit,paper straws pfas study,,6,,,
Blinkit,paper straws reject shop,,6,,,
Blinkit,paper straws soggy,,6,,,
Blinkit,paper straws the range,,6,,,
Blinkit,paper straws urban dictionary,,6,,,
Blinkit,paper straws video,,6,,,
Blinkit,paper straws wrapped in plastic,,6,,,
Blinkit,9 year old study paper straws,,6,,,
Blinkit,food packaging and labelling,,6,,,
Blinkit,food packaging box manufacturers,,6,,,
Blinkit,food packaging company near me,,6,,,
Blinkit,food packaging design ideas,,6,,,
Blinkit,food packaging experience certificate,,6,,,
Blinkit,food packaging factory,,6,,,
Blinkit,food packaging guidelines,,6,,,
Blinkit,food packaging hiring near me,,6,,,
Blinkit,food packaging images,,6,,,
Blinkit,food packaging jobs in russia,,6,,,
Blinkit,food packaging kota kinabalu,,6,,,
Blinkit,food packaging laws and regulations,,6,,,
Blinkit,food packaging material shop near me,,6,,,
Blinkit,food packaging network,,6,,,
Blinkit,food packaging online australia,,6,,,
Blinkit,food packaging paper bags,,6,,,
Blinkit,food packaging quiz,,6,,,
Blinkit,food packaging regulations fssai,,6,,,
Blinkit,food packaging suppliers near me,,6,,,
Blinkit,food packaging technology nptel,,6,,,
Blinkit,food packaging unit near me,,6,,,
Blinkit,food packaging volunteer near me,,6,,,
Blinkit,food packaging work from home,,6,,,
Blinkit,purpose of food packaging,,6,,,
Blinkit,cat food yellow packaging,,6,,,
Blinkit,food packaging zipper bag,,6,,,
Blinkit,party decorations amazon,,6,,,
Blinkit,party supplies bangalore,,6,,,
Blinkit,party supplies calgary,,6,,,
Blinkit,party supplies downtown la,,6,,,
Blinkit,party supplies el paso tx,,6,,,
Blinkit,party supplies fayetteville nc,,6,,,
Blinkit,party supplies glasgow,,6,,,
Blinkit,party supplies hoppers crossing,,6,,,
Blinkit,party supplies in bulk,,6,,,
Blinkit,party supplies joplin mo,,6,,,
Blinkit,party supplies kmart,,6,,,
Blinkit,party supplies louisville ky,,6,,,
Blinkit,party supplies manchester,,6,,,
Blinkit,party supplies nyc,,6,,,
Blinkit,party supplies ottawa,,6,,,
Blinkit,party decorations paper,,6,,,
Blinkit,party favors quinceanera,,6,,,
Blinkit,party decorations rental,,6,,,
Blinkit,party decorations store near me,,6,,,
Blinkit,party supplies tyler tx,,6,,,
Blinkit,party supplies upper hutt,,6,,,
Blinkit,party supplies victoria tx,,6,,,
Blinkit,party supplies wellington,,6,,,
Blinkit,party supplies york,,6,,,
Blinkit,party supplies zurrieq,,6,,,
Blinkit,bagasse plates manufacturing machine cost,,7,,,
Blinkit,bulk disposable cups,,7,,,
Blinkit,eco friendly disposable plates and bowls,,7,,,
Blinkit,eco friendly bagasse plates,,7,,,
Blinkit,eco friendly charger plates,,7,,,
Blinkit,eco friendly disposable plates machine,,7,,,
Blinkit,eco friendly disposable plates for wedding,,7,,,
Blinkit,eco friendly microwavable plates,,7,,,
Blinkit,eco friendly plates and glasses,,7,,,
Blinkit,eco friendly snack plates,,7,,,
Blinkit,eco friendly to go plates,,7,,,
Blinkit,biodegradable plates and cups making machine,,7,,,
Blinkit,biodegradable bagasse plates,,7,,,
Blinkit,biodegradable plates china,,7,,,
Blinkit,biodegradable disposable plates near me,,7,,,
Blinkit,plates compostable except in ca,,7,,,
Blinkit,biodegradable plates from leaves,,7,,,
Blinkit,compostable plates gluten free,,7,,,
Blinkit,biodegradable tableware hs code,,7,,,
Blinkit,biodegradable kitchen utensils,,7,,,
Blinkit,compostable lunch plates,,7,,,
Blinkit,biodegradable plates manufacturers in hyderabad,,7,,,
Blinkit,oracle biodegradable plates,,7,,,
Blinkit,biodegradable paper plates near me,,7,,,
Blinkit,compostable plates reddit,,7,,,
Blinkit,biodegradable plates south africa,,7,,,
Blinkit,biodegradable single use plates,,7,,,
Blinkit,biodegradable plates walmart,,7,,,
Blinkit,disposable plates and glass shop near me,,7,,,
Blinkit,disposable plates biodegradable,,7,,,
Blinkit,disposable plates chickpet,,7,,,
Blinkit,disposable plates diy,,7,,,
Blinkit,disposable plates eco,,7,,,
Blinkit,disposable plates factory near me,,7,,,
Blinkit,disposable plates gold,,7,,,
Blinkit,disposable plates home bargains,,7,,,
Blinkit,disposable plates in sadar bazar,,7,,,
Blinkit,disposable plates jumia,,7,,,
Blinkit,disposable plates kenya,,7,,,
Blinkit,disposable plates lebanon,,7,,,
Blinkit,disposable plates meaning,,7,,,
Blinkit,disposable plates near me open now,,7,,,
Blinkit,disposable plates officeworks,,7,,,
Blinkit,disposable plates pack,,7,,,
Blinkit,paper plates quality,,7,,,
Blinkit,disposable plates round,,7,,,
Blinkit,disposable plates silver,,7,,,
Blinkit,disposable plates that look real,,7,,,
Blinkit,disposable plates under ₹ 1000,,7,,,
Blinkit,disposable plates viva,,7,,,
Blinkit,disposable plates with compartments,,7,,,
Blinkit,paper plates xmas tree,,7,,,
Blinkit,paper plates yakuza kiwami,,7,,,
Blinkit,paper plates zazzle,,7,,,
Blinkit,bagasse plates hsn code and gst rate,,7,,,
Blinkit,bagasse plates benefits,,7,,,
Blinkit,bagasse disposable plate hsn code,,7,,,
Blinkit,eco bagasse plates,,7,,,
Blinkit,plates from bagasse,,7,,,
Blinkit,disposable bagasse plates hsn code,,7,,,
Blinkit,bagasse tableware importers in usa,,7,,,
Blinkit,bagasse plate manufacturers near me,,7,,,
Blinkit,bagasse party plates,,7,,,
Blinkit,bagasse round plate 7,,7,,,
Blinkit,bagasse tableware supplier,,7,,,
Blinkit,bagasse use and throw plates,,7,,,
Blinkit,bagasse plate water resistant,,7,,,
Blinkit,disposable food trays asda,,7,,,
Blinkit,disposable serving trays coles,,7,,,
Blinkit,disposable serving trays for food,,7,,,
Blinkit,disposable food trays nz,,7,,,
Blinkit,disposable food tray party,,7,,,
Blinkit,8cp meal tray takeaway disposable thali with lid,,7,,,
Blinkit,disposable food tray warmers,,7,,,
Blinkit,bulk disposable cups and lids,,7,,,
Blinkit,bulk coffee cups cute,,7,,,
Blinkit,paper cups for coffee bulk,,7,,,
Blinkit,wholesale paper cup manufacturers in ahmedabad,,7,,,
Blinkit,bulk disposable cups with lids and straws,,7,,,
Blinkit,wholesale paper cup manufacturers south africa,,7,,,
Blinkit,bulk coffee shop cups,,7,,,
Blinkit,bulk coffee takeaway cups,,7,,,
Blinkit,bamboo cutlery set australia,,7,,,
Blinkit,wooden knife box set,,7,,,
Blinkit,bamboo cutlery set for kids,,7,,,
Blinkit,cutlery wooden handle set,,7,,,
Blinkit,wooden utensils set with holder,,7,,,
Blinkit,ikea wooden cutlery set,,7,,,
Blinkit,bamboo cutlery set kmart,,7,,,
Blinkit,wooden cooking utensils set made in usa,,7,,,
Blinkit,wooden utensils set nearby,,7,,,
Blinkit,premium wooden cutlery set,,7,,,
Blinkit,wooden handle cutlery set sale,,7,,,
Blinkit,disposable cutlery at costco,,7,,,
Blinkit,disposable cutlery bamboo,,7,,,
Blinkit,disposable cutlery caddy,,7,,,
Blinkit,plastic cutlery dispenser,,7,,,
Blinkit,disposable tableware eco friendly,,7,,,
Blinkit,disposable cutlery for cafe,,7,,,
Blinkit,disposable utensils gold,,7,,,
Blinkit,disposable cutlery hk,,7,,,
Blinkit,disposable cutlery in bulk,,7,,,
Blinkit,plastic cutlery kids,,7,,,
Blinkit,plastic cutlery lebanon,,7,,,
Blinkit,disposable cutlery machine,,7,,,
Blinkit,plastic cutlery near me,,7,,,
Blinkit,disposable utensils organizer,,7,,,
Blinkit,disposable cutlery plates,,7,,,
Blinkit,plastic cutlery recyclable,,7,,,
Blinkit,disposable cutlery set costco,,7,,,
Blinkit,disposable cutlery tm class,,7,,,
Blinkit,disposable utility knife,,7,,,
Blinkit,disposable cutlery wedding,,7,,,
Blinkit,parts of a sugarcane stem,,7,,,
Blinkit,biodegradable containers amazon,,7,,,
Blinkit,compostable packaging brands,,7,,,
Blinkit,compostable cups costco,,7,,,
Blinkit,compostable packaging disposal,,7,,,
Blinkit,compostable eco cups,,7,,,
Blinkit,compostable food containers wholesale,,7,,,
Blinkit,compostable grease cups,,7,,,
Blinkit,compostable hot cups near me,,7,,,
Blinkit,compostable iced cups,,7,,,
Blinkit,compostable k cups coffee,,7,,,
Blinkit,compostable packaging materials,,7,,,
Blinkit,biodegradable containers near me,,7,,,
Blinkit,compostable take out containers nearby,,7,,,
Blinkit,compostable packaging products,,7,,,
Blinkit,compostable reusable cups,,7,,,
Blinkit,compostable sandwich containers,,7,,,
Blinkit,compostable packaging toronto,,7,,,
Blinkit,compostable cups with lids and straws,,7,,,
Blinkit,are compostable straws gluten free,,7,,,
Blinkit,compostable bamboo straws,,7,,,
Blinkit,biodegradable straws canada,,7,,,
Blinkit,ecosystems compostable straws gluten free,,7,,,
Blinkit,bpi compostable straws gluten free,,7,,,
Blinkit,do compostable straws have wheat,,7,,,
Blinkit,ingeo compostable straws,,7,,,
Blinkit,biodegradable straws made of,,7,,,
Blinkit,compostable super smoothie natural straws,,7,,,
Blinkit,compostable pasta straw,,7,,,
Blinkit,biodegradable reusable straws,,7,,,
Blinkit,biodegradable straws sugarcane,,7,,,
Blinkit,biodegradable straws wrapped,,7,,,
Blinkit,paper straws aldi,,7,,,
Blinkit,paper straws bad,,7,,,
Blinkit,paper straws chemicals,,7,,,
Blinkit,paper straws disadvantages,,7,,,
Blinkit,paper straws explode meme,,7,,,
Blinkit,paper straws for drinking,,7,,,
Blinkit,paper straws gf,,7,,,
Blinkit,paper straws harmful chemicals,,7,,,
Blinkit,paper straws in florida,,7,,,
Blinkit,jumbo paper straws near me,,7,,,
Blinkit,go green paper straws kochi,,7,,,
Blinkit,paper straws light blue,,7,,,
Blinkit,paper straws mcdonald's,,7,,,
Blinkit,paper straws nj,,7,,,
Blinkit,paper straws on capri suns,,7,,,
Blinkit,paper straws pink,,7,,,
Blinkit,paper straws restaurant,,7,,,
Blinkit,paper straws starbucks,,7,,,
Blinkit,paper straws toxic study,,7,,,
Blinkit,paper u straws,,7,,,
Blinkit,are paper straws vegan,,7,,,
Blinkit,paper straws with gluten,,7,,,
Blinkit,food packaging and shelf life journal abbreviation,,7,,,
Blinkit,food packaging business,,7,,,
Blinkit,food packaging container wholesale,,7,,,
Blinkit,food packaging design templates,,7,,,
Blinkit,food packaging eco friendly,,7,,,
Blinkit,food packaging for travel,,7,,,
Blinkit,food packaging glasgow,,7,,,
Blinkit,food packaging hamilton,,7,,,
Blinkit,food packaging items shop near me,,7,,,
Blinkit,food packaging jobs in luxembourg with visa sponsorship,,7,,,
Blinkit,food packaging kraft box,,7,,,
Blinkit,food packaging logo design,,7,,,
Blinkit,food packaging mockup,,7,,,
Blinkit,food packaging near me wholesale,,7,,,
Blinkit,food packaging ontario,,7,,,
Blinkit,food packaging packet,,7,,,
Blinkit,food packaging qld,,7,,,
Blinkit,food packaging rules,,7,,,
Blinkit,food packaging suppliers,,7,,,
Blinkit,food packaging types,,7,,,
Blinkit,food packaging using banana leaves,,7,,,
Blinkit,food packaging vacuum sealer,,7,,,
Blinkit,food packaging wholesale shop near me,,7,,,
Blinkit,food packaging facts,,7,,,
Blinkit,dog food yellow packaging,,7,,,
Blinkit,food packaging zimbabwe,,7,,,
Blinkit,party supplies auckland,,7,,,
Blinkit,party supplies birmingham al,,7,,,
Blinkit,party supplies canberra,,7,,,
Blinkit,party supplies dollar tree,,7,,,
Blinkit,party supplies eugene,,7,,,
Blinkit,party supplies fort collins,,7,,,
Blinkit,party supplies greensboro nc,,7,,,
Blinkit,party supplies hobart,,7,,,
Blinkit,party supplies in los angeles,,7,,,
Blinkit,party supplies jonesboro ar,,7,,,
Blinkit,party supplies knoxville tn,,7,,,
Blinkit,party decorations list,,7,,,
Blinkit,party supplies mackay,,7,,,
Blinkit,party plates near me,,7,,,
Blinkit,party decorations online,,7,,,
Blinkit,party decorations personalised,,7,,,
Blinkit,party supplies quincy il,,7,,,
Blinkit,party supplies richmond va,,7,,,
Blinkit,party supplies sydney,,7,,,
Blinkit,party supplies target,,7,,,
Blinkit,party supplies upper east side,,7,,,
Blinkit,party supplies victoria bc,,7,,,
Blinkit,party supplies wholesale distributors usa,,7,,,
Blinkit,party supplies yuma,,7,,,
Blinkit,party supplies zejtun,,7,,,
Blinkit,disposable serving trays,,8,,,
Blinkit,wholesale paper cups,,8,,,
Blinkit,what are eco friendly plates,,8,,,
Blinkit,eco friendly birthday plates,,8,,,
Blinkit,eco friendly ceramic plates,,8,,,
Blinkit,eco friendly food dishes,,8,,,
Blinkit,eco friendly areca leaf plates,,8,,,
Blinkit,eco friendly plates and spoons,,8,,,
Blinkit,eco friendly scrubber dishes,,8,,,
Blinkit,biodegradable plates and utensils,,8,,,
Blinkit,biodegradable bone plates,,8,,,
Blinkit,biodegradable plates cutlery,,8,,,
Blinkit,biodegradable dinner plates bulk,,8,,,
Blinkit,biodegradable eating utensils,,8,,,
Blinkit,biodegradable plates from rice straw,,8,,,
Blinkit,gluten in.compostable.plates,,8,,,
Blinkit,biodegradable tableware hsn code,,8,,,
Blinkit,compostable kids plates,,8,,,
Blinkit,biodegradable plates manufacturing machine in india,,8,,,
Blinkit,biodegradable utensils near me,,8,,,
Blinkit,organic biodegradable plates,,8,,,
Blinkit,biodegradable plastic plates and cutlery,,8,,,
Blinkit,compostable plates restaurant depot,,8,,,
Blinkit,biodegradable sugarcane plates,,8,,,
Blinkit,compostable plates tesco,,8,,,
Blinkit,biodegradable plates wholesale price,,8,,,
Blinkit,disposable plates and cups making machine price,,8,,,
Blinkit,disposable plates business plan,,8,,,
Blinkit,disposable plates costco,,8,,,
Blinkit,disposable plates drawing,,8,,,
Blinkit,disposable plates edeka,,8,,,
Blinkit,disposable plates for wedding,,8,,,
Blinkit,disposable plates gold rim,,8,,,
Blinkit,disposable plates holder,,8,,,
Blinkit,disposable plates ikea,,8,,,
Blinkit,disposable plates john lewis,,8,,,
Blinkit,disposable plates katori,,8,,,
Blinkit,disposable plates looksharp,,8,,,
Blinkit,disposable plates material,,8,,,
Blinkit,disposable plates near me shop,,8,,,
Blinkit,disposable plates oval,,8,,,
Blinkit,disposable plates paper banana leaf,,8,,,
Blinkit,plastic plates quality,,8,,,
Blinkit,disposable plates red,,8,,,
Blinkit,disposable plates sugarcane,,8,,,
Blinkit,disposable plates the range,,8,,,
Blinkit,disposable plates use and throw,,8,,,
Blinkit,disposable plates vyapar kendra,,8,,,
Blinkit,disposable plates with compartments and lid,,8,,,
Blinkit,paper plates x50,,8,,,
Blinkit,disposable yusheng plate,,8,,,
Blinkit,paper plates zimbabwe,,8,,,
Blinkit,bagasse plates manufacturers in ahmedabad,,8,,,
Blinkit,bagasse biodegradable plates,,8,,,
Blinkit,bagasse disposable plate manufacturers,,8,,,
Blinkit,ezee bagasse plates,,8,,,
Blinkit,fresh bagasse plates,,8,,,
Blinkit,sugarcane bagasse plates hs code,,8,,,
Blinkit,bagasse tableware importers in uk,,8,,,
Blinkit,bagasse plates machine,,8,,,
Blinkit,sugarcane bagasse plates near me,,8,,,
Blinkit,bagasse tableware products,,8,,,
Blinkit,bagasse snack plate,,8,,,
Blinkit,tesco bagasse plates,,8,,,
Blinkit,is bagasse compostable,,8,,,
Blinkit,bagasse plate with food,,8,,,
Blinkit,disposable serving trays and platters,,8,,,
Blinkit,disposable serving tray with compartments,,8,,,
Blinkit,disposable serving trays poundland,,8,,,
Blinkit,disposable lunch tray with lid,,8,,,
Blinkit,bulk paper plates and cups,,8,,,
Blinkit,bulk coffee creamer cups,,8,,,
Blinkit,paper cups for hot drinks bulk,,8,,,
Blinkit,wholesale paper cup manufacturers in chennai,,8,,,
Blinkit,bulk coffee cups with lids plastic,,8,,,
Blinkit,paper cups bulk price,,8,,,
Blinkit,where to buy bulk paper cups,,8,,,
Blinkit,bulk coffee cups with saucers,,8,,,
Blinkit,wooden utensils set acacia,,8,,,
Blinkit,biopak wooden cutlery set,,8,,,
Blinkit,bamboo cutlery set with case,,8,,,
Blinkit,wooden utensils set for kitchen,,8,,,
Blinkit,silver cutlery set in wooden box,,8,,,
Blinkit,wooden utensils kitchen set,,8,,,
Blinkit,bamboo cutlery set near me,,8,,,
Blinkit,pre packed wooden cutlery set,,8,,,
Blinkit,kitchen cutlery set price,,8,,,
Blinkit,bamboo cutlery set for toddlers,,8,,,
Blinkit,cutlery collections wooden utensil set,,8,,,
Blinkit,bamboo cutlery set wholesale,,8,,,
Blinkit,disposable cutlery and plates near me,,8,,,
Blinkit,disposable cutlery bags,,8,,,
Blinkit,disposable cutlery container,,8,,,
Blinkit,plastic cutlery drawer inserts,,8,,,
Blinkit,disposable tableware exhibition,,8,,,
Blinkit,disposable cutlery fork,,8,,,
Blinkit,disposable forks gold,,8,,,
Blinkit,plastic cutlery holder,,8,,,
Blinkit,plastic cutlery ikea,,8,,,
Blinkit,plastic cutlery kit,,8,,,
Blinkit,plastic cutlery law,,8,,,
Blinkit,disposable cutlery malta,,8,,,
Blinkit,disposable utensils near me,,8,,,
Blinkit,disposable silverware organizer,,8,,,
Blinkit,disposable cutlery packets,,8,,,
Blinkit,plastic cutlery rack,,8,,,
Blinkit,disposable cutlery supplier,,8,,,
Blinkit,disposable cutlery temu,,8,,,
Blinkit,disposable utility knife blades,,8,,,
Blinkit,disposable cutlery waitrose,,8,,,
Blinkit,compostable packaging amazon,,8,,,
Blinkit,compostable cups branded,,8,,,
Blinkit,compostable packaging canada,,8,,,
Blinkit,compostable packaging definition,,8,,,
Blinkit,biodegradable egg containers ( clue),,8,,,
Blinkit,compostable food containers costco,,8,,,
Blinkit,compostable to go containers,,8,,,
Blinkit,compostable herb packaging,,8,,,
Blinkit,compostable k cups walmart,,8,,,
Blinkit,compostable packaging meaning,,8,,,
Blinkit,compostable cups nz,,8,,,
Blinkit,compostable take out containers near me,,8,,,
Blinkit,compostable cups plastic,,8,,,
Blinkit,compostable red cups,,8,,,
Blinkit,compostable small containers,,8,,,
Blinkit,compostable packaging tape,,8,,,
Blinkit,compostable cups wedding,,8,,,
Blinkit,are compostable straws safe,,8,,,
Blinkit,compostable bendable straws,,8,,,
Blinkit,biodegradable straws clear,,8,,,
Blinkit,starbucks compostable straws gluten free,,8,,,
Blinkit,biodegradable honey straws,,8,,,
Blinkit,biodegradable straws material,,8,,,
Blinkit,biodegradable straws singapore,,8,,,
Blinkit,biodegradable straws what are they made of,,8,,,
Blinkit,paper straws are stupid,,8,,,
Blinkit,paper straws biodegradable,,8,,,
Blinkit,paper straws celiac,,8,,,
Blinkit,paper straws disney,,8,,,
Blinkit,trump paper straws.explode,,8,,,
Blinkit,paper straws forever chemicals study,,8,,,
Blinkit,paper straws gary owen,,8,,,
Blinkit,paper straws hobbycraft,,8,,,
Blinkit,paper straws in store,,8,,,
Blinkit,jacent paper straws,,8,,,
Blinkit,kraft paper straws,,8,,,
Blinkit,paper straws length,,8,,,
Blinkit,paper straws microplastics,,8,,,
Blinkit,paper straws not recyclable,,8,,,
Blinkit,paper straws or plastic,,8,,,
Blinkit,paper straws problem,,8,,,
Blinkit,paper straws research,,8,,,
Blinkit,paper straws sri lanka,,8,,,
Blinkit,paper straws thick,,8,,,
Blinkit,paper umbrella straws,,8,,,
Blinkit,trump paper straws video,,8,,,
Blinkit,paper straws wheat,,8,,,
Blinkit,paper straws bad for your health,,8,,,
Blinkit,food packaging and preservation,,8,,,
Blinkit,food packaging boxes 1000ml,,8,,,
Blinkit,food packaging companies in india,,8,,,
Blinkit,food packaging dealers near me,,8,,,
Blinkit,food packaging equipment,,8,,,
Blinkit,food packaging for delivery,,8,,,
Blinkit,food packaging glue,,8,,,
Blinkit,food packaging hiring abroad,,8,,,
Blinkit,food packaging india,,8,,,
Blinkit,food packaging jobs in luxembourg,,8,,,
Blinkit,food packaging kz,,8,,,
Blinkit,food packaging laws and regulations in india,,8,,,
Blinkit,food packaging material wholesale near me,,8,,,
Blinkit,food packaging nitrogen,,8,,,
Blinkit,food packaging officeworks,,8,,,
Blinkit,food packaging plastic box,,8,,,
Blinkit,food packaging questions,,8,,,
Blinkit,food packaging resume,,8,,,
Blinkit,food packaging sticker design,,8,,,
Blinkit,food packaging thali near me,,8,,,
Blinkit,food packaging us,,8,,,
Blinkit,food packaging vector,,8,,,
Blinkit,food packaging website,,8,,,
Blinkit,food packaging over the years,,8,,,
Blinkit,food packaging zambia,,8,,,
Blinkit,party supplies amarillo,,8,,,
Blinkit,party supplies ballarat,,8,,,
Blinkit,party supplies charlotte nc,,8,,,
Blinkit,party decorations diy,,8,,,
Blinkit,party supplies egypt,,8,,,
Blinkit,party decorations for birthday,,8,,,
Blinkit,party supplies grand rapids,,8,,,
Blinkit,party supplies hobby lobby,,8,,,
Blinkit,party decorations in store,,8,,,
Blinkit,party supplies johnson city tn,,8,,,
Blinkit,party supplies katy,,8,,,
Blinkit,party supplies lebanon,,8,,,
Blinkit,party supplies midland tx,,8,,,
Blinkit,party supplies nz,,8,,,
Blinkit,party supplies overland park,,8,,,
Blinkit,party supplies paw patrol,,8,,,
Blinkit,party balloons quezon city,,8,,,
Blinkit,party supplies roanoke va,,8,,,
Blinkit,party supplies san antonio,,8,,,
Blinkit,party supplies toowoomba,,8,,,
Blinkit,party supplies victorville,,8,,,
Blinkit,party supplies warehouse,,8,,,
Blinkit,party supplies youngstown ohio,,8,,,
Blinkit,party supplies zebbug,,8,,,
Blinkit,disposable food trays,,9,,,
Blinkit,what is a party platter,,9,,,
Blinkit,eco friendly banana plates,,9,,,
Blinkit,eco friendly disposable plates business,,9,,,
Blinkit,eco friendly fancy disposable plates,,9,,,
Blinkit,eco friendly disposable plates with lid,,9,,,
Blinkit,banana leaves to eco friendly plates,,9,,,
Blinkit,biodegradable plates and cutlery,,9,,,
Blinkit,biodegradable buffet plates,,9,,,
Blinkit,biodegradable compartment plates,,9,,,
Blinkit,biodegradable plates fractures,,9,,,
Blinkit,biodegradable paper plates gluten,,9,,,
Blinkit,compostable large plates,,9,,,
Blinkit,biodegradable plates manufacturers in india,,9,,,
Blinkit,compostable plates nz,,9,,,
Blinkit,oracle biodegradable plates price,,9,,,
Blinkit,biodegradable party plates and cups,,9,,,
Blinkit,biodegradable serving plates,,9,,,
Blinkit,compostable plates to go,,9,,,
Blinkit,biodegradable plates with cover,,9,,,
Blinkit,disposable plates and cups near me,,9,,,
Blinkit,disposable plates bowls and cutlery,,9,,,
Blinkit,disposable plates coles,,9,,,
Blinkit,disposable plates dollarama,,9,,,
Blinkit,disposable plates easter,,9,,,
Blinkit,disposable plates for cake,,9,,,
Blinkit,disposable plates gandhinagar,,9,,,
Blinkit,disposable plates hs code,,9,,,
Blinkit,disposable plates in spanish,,9,,,
Blinkit,disposable japanese plates,,9,,,
Blinkit,disposable plates kmart bulk,,9,,,
Blinkit,disposable plates leicester,,9,,,
Blinkit,disposable plates making business,,9,,,
Blinkit,disposable plates near me within 1.6 km,,9,,,
Blinkit,disposable plates on blinkit,,9,,,
Blinkit,disposable plates photo,,9,,,
Blinkit,paper plates qfc,,9,,,
Blinkit,disposable plates recyclable,,9,,,
Blinkit,disposable plates supplier,,9,,,
Blinkit,disposable plates trinidad,,9,,,
Blinkit,disposable plates unique,,9,,,
Blinkit,disposable plates video,,9,,,
Blinkit,disposable plates with lid wholesale,,9,,,
Blinkit,disposable plates new year,,9,,,
Blinkit,disposable plates nz,,9,,,
Blinkit,are bagasse plates microwave safe,,9,,,
Blinkit,are bagasse plates strong,,9,,,
Blinkit,bagasse based plates,,9,,,
Blinkit,ieco bagasse plates costco,,9,,,
Blinkit,bagasse disposable tableware,,9,,,
Blinkit,ecosoul bagasse plates,,9,,,
Blinkit,bagasse plates meaning in hindi,,9,,,
Blinkit,bagasse tableware importers,,9,,,
Blinkit,bagasse plates manufacturing project report,,9,,,
Blinkit,bagasse tableware products market,,9,,,
Blinkit,sugarcane bagasse plates raw material,,9,,,
Blinkit,bagasse plate white,,9,,,
Blinkit,disposable food tray with compartments,,9,,,
Blinkit,plastic ready meal tray melted in oven tesco,,9,,,
Blinkit,disposable paper food tray near me,,9,,,
Blinkit,disposable food trays pink,,9,,,
Blinkit,bulk disposable cocktail cups,,9,,,
Blinkit,floral paper cups bulk,,9,,,
Blinkit,wholesale paper cup manufacturers in ajman,,9,,,
Blinkit,bulk paper coffee cups with lids,,9,,,
Blinkit,bulk coffee cups white,,9,,,
Blinkit,wooden knife set amazon,,9,,,
Blinkit,best wooden cutlery set,,9,,,
Blinkit,wooden camping cutlery set,,9,,,
Blinkit,best wooden utensils set for cooking,,9,,,
Blinkit,where to buy cutlery sets,,9,,,
Blinkit,vintage cutlery set in wooden box,,9,,,
Blinkit,wooden knife kitchen set,,9,,,
Blinkit,bamboo cutlery set nearby,,9,,,
Blinkit,wooden plate and cutlery set,,9,,,
Blinkit,disposable cutlery and napkin set,,9,,,
Blinkit,disposable cutlery black,,9,,,
Blinkit,disposable cutlery clear,,9,,,
Blinkit,plastic cutlery drawer,,9,,,
Blinkit,disposable utensils edible cutlery,,9,,,
Blinkit,disposable cutlery for events,,9,,,
Blinkit,plastic cutlery good quality,,9,,,
Blinkit,plastic cutlery home bargains,,9,,,
Blinkit,plastic cutlery insert,,9,,,
Blinkit,plastic cutlery kroger,,9,,,
Blinkit,disposable tableware logo,,9,,,
Blinkit,disposable cutlery manufacturers in india,,9,,,
Blinkit,plastic cutlery nz,,9,,,
Blinkit,plastic cutlery organizer drawer,,9,,,
Blinkit,disposable cutlery packaging,,9,,,
Blinkit,plastic cutlery range,,9,,,
Blinkit,disposable cutlery storage,,9,,,
Blinkit,disposable toddler cutlery,,9,,,
Blinkit,disposable utensils cutlery,,9,,,
Blinkit,disposable cutlery warehouse,,9,,,
Blinkit,compostable cups and cutlery,,9,,,
Blinkit,biodegradable containers bulk,,9,,,
Blinkit,compostable cups canada,,9,,,
Blinkit,compostable disposable cups,,9,,,
Blinkit,compostable food containers canada,,9,,,
Blinkit,compostable to go containers near me,,9,,,
Blinkit,compostable holiday cups,,9,,,
Blinkit,is compostable containers microwavable,,9,,,
Blinkit,compostable k cups amazon,,9,,,
Blinkit,compostable cups meaning,,9,,,
Blinkit,compostable packaging near me,,9,,,
Blinkit,compostable food take out containers,,9,,,
Blinkit,compostable packaging ppwr,,9,,,
Blinkit,compostable round cups,,9,,,
Blinkit,compostable soup containers with lids,,9,,,
Blinkit,biodegradable containers trinidad,,9,,,
Blinkit,biodegradable containers wholesale,,9,,,
Blinkit,are compostable straws paper,,9,,,
Blinkit,compostable bar straws,,9,,,
Blinkit,do compostable straws contain gluten,,9,,,
Blinkit,dunkin compostable straws,,9,,,
Blinkit,resource compostable straws gluten free,,9,,,
Blinkit,biodegradable hard straws,,9,,,
Blinkit,biodegradable straws manufacturers in india,,9,,,
Blinkit,biodegradable paper straws,,9,,,
Blinkit,repurpose compostable straws,,9,,,
Blinkit,compostable wheat straw,,9,,,
Blinkit,paper straws argos,,9,,,
Blinkit,paper straws bad for health,,9,,,
Blinkit,paper straws costco,,9,,,
Blinkit,paper straws disintegrate,,9,,,
Blinkit,paper straws extra long,,9,,,
Blinkit,paper straws for cotton candy,,9,,,
Blinkit,paper straws good or bad,,9,,,
Blinkit,paper straws history,,9,,,
Blinkit,paper straws ikea,,9,,,
Blinkit,jumbo paper straws coles,,9,,,
Blinkit,kikkerland paper straws,,9,,,
Blinkit,paper straws lead,,9,,,
Blinkit,paper straws malta,,9,,,
Blinkit,paper straws not good,,9,,,
Blinkit,paper straws ontario,,9,,,
Blinkit,paper straws pak n save,,9,,,
Blinkit,paper straws range,,9,,,
Blinkit,paper straws supplier,,9,,,
Blinkit,paper straws that bend,,9,,,
Blinkit,are paper straws vatable,,9,,,
Blinkit,paper straws wrapped,,9,,,
Blinkit,yellow paper straws nearby,,9,,,
Blinkit,food packaging and labelling ppt,,9,,,
Blinkit,food packaging boxes plastic,,9,,,
Blinkit,food packaging course,,9,,,
Blinkit,food packaging drawing,,9,,,
Blinkit,food packaging europe,,9,,,
Blinkit,food packaging foil box,,9,,,
Blinkit,food packaging gold coast,,9,,,
Blinkit,food packaging has expanded,,9,,,
Blinkit,food packaging ideas for cloud kitchen,,9,,,
Blinkit,food packaging job in australia,,9,,,
Blinkit,food packaging kuwait,,9,,,
Blinkit,food packaging laws,,9,,,
Blinkit,food packaging materials wholesale,,9,,,
Blinkit,food packaging news,,9,,,
Blinkit,food packaging oxygen absorber,,9,,,
Blinkit,food packaging paper box,,9,,,
Blinkit,food packaging quality,,9,,,
Blinkit,food packaging resume skills,,9,,,
Blinkit,food packaging sleeves,,9,,,
Blinkit,food packaging techniques,,9,,,
Blinkit,food packaging unique,,9,,,
Blinkit,food packaging volunteer opportunities,,9,,,
Blinkit,food packaging without plastic,,9,,,
Blinkit,yummy food packaging centre,,9,,,
Blinkit,food packaging zipper pouch,,9,,,
Blinkit,party supplies atlanta,,9,,,
Blinkit,party decorations big w,,9,,,
Blinkit,party supplies corpus christi,,9,,,
Blinkit,party supplies decoration for birthday,,9,,,
Blinkit,party supplies eau claire,,9,,,
Blinkit,party supplies fargo,,9,,,
Blinkit,party supplies green bay,,9,,,
Blinkit,party supplies harlingen,,9,,,
Blinkit,party supplies in store,,9,,,
Blinkit,party supplies johannesburg,,9,,,
Blinkit,party supplies kansas city,,9,,,
Blinkit,party supplies laredo tx,,9,,,
Blinkit,party supplies modesto,,9,,,
Blinkit,party decorations nz,,9,,,
Blinkit,party supplies odessa tx,,9,,,
Blinkit,party supplies pokemon,,9,,,
Blinkit,party supplies queenstown,,9,,,
Blinkit,party supplies reynella,,9,,,
Blinkit,party supplies singapore,,9,,,
Blinkit,party supplies townsville,,9,,,
Blinkit,party supplies upper west side,,9,,,
Blinkit,party decorations vancouver,,9,,,
Blinkit,party plates walmart,,9,,,
Blinkit,party decorations york,,9,,,
Blinkit,party supplies zootopia,,9,,,
Blinkit,disposable serving trays with lids,,10,,,
Blinkit,party table food ideas,,10,,,
Blinkit,eco friendly camping dinnerware,,10,,,
Blinkit,eco friendly bamboo dinnerware for kids,,10,,,
Blinkit,lillian eco friendly plates,,10,,,
Blinkit,eco friendly paper plates near me,,10,,,
Blinkit,eco friendly sponge dishes,,10,,,
Blinkit,banana leaves to eco friendly plate machine,,10,,,
Blinkit,eco friendly disposable plates wholesale near me,,10,,,
Blinkit,biodegradable plates amazon,,10,,,
Blinkit,biodegradable brown plates,,10,,,
Blinkit,biodegradable cups & plates from sugarcane bagasse,,10,,,
Blinkit,biodegradable disposable plates wholesale,,10,,,
Blinkit,compostable event plates,,10,,,
Blinkit,biodegradable plates for food,,10,,,
Blinkit,are biodegradable plates gluten free,,10,,,
Blinkit,compostable plates heb,,10,,,
Blinkit,compostable plates in bulk,,10,,,
Blinkit,biodegradable banana leaf plates,,10,,,
Blinkit,biodegradable plates manufacturing near me,,10,,,
Blinkit,biodegradable utensils nearby,,10,,,
Blinkit,biodegradable picnic plates,,10,,,
Blinkit,biodegradable section plates,,10,,,
Blinkit,compostable plates that look nice,,10,,,
Blinkit,biodegradable plates with seeds,,10,,,
Blinkit,disposable plates and cups wholesale near me,,10,,,
Blinkit,disposable plates bulk,,10,,,
Blinkit,disposable plates costco canada,,10,,,
Blinkit,disposable plates dollar tree,,10,,,
Blinkit,disposable plates eco soul,,10,,,
Blinkit,disposable plates factory,,10,,,
Blinkit,disposable plates gurgaon,,10,,,
Blinkit,disposable plates hobby lobby,,10,,,
Blinkit,disposable plates in india,,10,,,
Blinkit,paper plates john lewis,,10,,,
Blinkit,disposable plates knives and forks,,10,,,
Blinkit,disposable plates lulu,,10,,,
Blinkit,disposable plates medium size,,10,,,
Blinkit,disposable plates nic code udyam registration,,10,,,
Blinkit,disposable plates oval shape,,10,,,
Blinkit,disposable plates packaging,,10,,,
Blinkit,paper plates quotes,,10,,,
Blinkit,disposable plates reusable,,10,,,
Blinkit,disposable plate store near me,,10,,,
Blinkit,disposable plates trinidad wholesale,,10,,,
Blinkit,disposable under plates,,10,,,
Blinkit,disposable valentines plates,,10,,,
Blinkit,disposable plates wooden,,10,,,
Blinkit,plastic xmas plates kmart,,10,,,
Blinkit,plastic disposable plates yellow,,10,,,
Blinkit,disposable plates nz wholesale,,10,,,
Blinkit,can bagasse plates be microwaved,,10,,,
Blinkit,sugarcane bagasse disposable plates,,10,,,
Blinkit,evaara bagasse plates,,10,,,
Blinkit,bagasse tableware factory,,10,,,
Blinkit,bagasse plates manufacturers in hyderabad,,10,,,
Blinkit,bagasse tableware item,,10,,,
Blinkit,bagasse tableware project report,,10,,,
Blinkit,are bagasse plates recyclable,,10,,,
Blinkit,are bagasse plates safe,,10,,,
Blinkit,bagasse tableware wholesalers,,10,,,
Blinkit,disposable serving tray with cover,,10,,,
Blinkit,plastic meal tray with lid wholesale,,10,,,
Blinkit,disposable food packaging tray,,10,,,
Blinkit,amazon bulk paper cups,,10,,,
Blinkit,bulk paper ice cream cups,,10,,,
Blinkit,wholesale paper cup manufacturers in tamilnadu,,10,,,
Blinkit,wholesale paper cup manufacturers,,10,,,
Blinkit,bulk neoprene coffee cup sleeve,,10,,,
Blinkit,paper cups near me,,10,,,
Blinkit,wooden utensils set and holder,,10,,,
Blinkit,wooden bamboo cutlery set,,10,,,
Blinkit,wooden cooking cutlery set,,10,,,
Blinkit,wooden kitchen utensils set for kids,,10,,,
Blinkit,viners cutlery set in wooden box,,10,,,
Blinkit,wooden kitchen cutlery set,,10,,,
Blinkit,bamboo cutlery set nz,,10,,,
Blinkit,150 piece wooden cutlery set,,10,,,
Blinkit,wooden cooking utensils set target,,10,,,
Blinkit,disposable cutlery and plate set,,10,,,
Blinkit,disposable cutlery biodegradable,,10,,,
Blinkit,disposable cutlery cheap,,10,,,
Blinkit,plastic cutlery drawer organiser,,10,,,
Blinkit,disposable cutlery for steak,,10,,,
Blinkit,plastic cutlery green,,10,,,
Blinkit,plastic cutlery hs code,,10,,,
Blinkit,plastic cutlery in spanish,,10,,,
Blinkit,disposable utensils kmart,,10,,,
Blinkit,plastic cutlery lunch box,,10,,,
Blinkit,disposable cutlery manufacturing business,,10,,,
Blinkit,disposable tableware nz,,10,,,
Blinkit,plastic cutlery officeworks,,10,,,
Blinkit,disposable cutlery pink,,10,,,
Blinkit,plastic cutlery red,,10,,,
Blinkit,disposable cutlery superstore,,10,,,
Blinkit,disposable table cutlery,,10,,,
Blinkit,disposable cutlery meaning in urdu,,10,,,
Blinkit,disposable cutlery wrapped,,10,,,
Blinkit,biodegradable ashes containers,,10,,,
Blinkit,can compostable containers be microwaved,,10,,,
Blinkit,compostable packaging companies,,10,,,
Blinkit,compostable drink cups,,10,,,
Blinkit,compostable fruit containers,,10,,,
Blinkit,compostable to go containers microwave safe,,10,,,
Blinkit,compostable halloween cups,,10,,,
Blinkit,can you put compostable containers in the microwave,,10,,,
Blinkit,compostable k cups near me,,10,,,
Blinkit,biodegradable lunch containers,,10,,,
Blinkit,compostable packaging market,,10,,,
Blinkit,biodegradable containers nearby,,10,,,
Blinkit,compostable cups party,,10,,,
Blinkit,compostable ripple cups,,10,,,
Blinkit,compostable square containers,,10,,,
Blinkit,biodegradable takeaway containers,,10,,,
Blinkit,compostable cups wholesale,,10,,,
Blinkit,are compostable straws plastic,,10,,,
Blinkit,biodegradable straws bulk,,10,,,
Blinkit,biodegradable cocktail straws,,10,,,
Blinkit,do compostable straws break down,,10,,,
Blinkit,are compostable straws gf,,10,,,
Blinkit,home compostable straws,,10,,,
Blinkit,biodegradable straws meaning,,10,,,
Blinkit,biodegradable plastic straws uk,,10,,,
Blinkit,are compostable straws really compostable,,10,,,
Blinkit,biodegradable smoothie straws,,10,,,
Blinkit,biodegradable wheat straws,,10,,,
Blinkit,paper straws are useless,,10,,,
Blinkit,paper straws bridge,,10,,,
Blinkit,paper straws canada law,,10,,,
Blinkit,paper straws diy,,10,,,
Blinkit,paper straws eco friendly,,10,,,
Blinkit,paper straws factory,,10,,,
Blinkit,paper straws get soggy,,10,,,
Blinkit,paper straws health issues,,10,,,
Blinkit,paper straws illegal,,10,,,
Blinkit,do paper straws make a difference,,10,,,
Blinkit,koolaid paper straws,,10,,,
Blinkit,paper straws lyrics,,10,,,
Blinkit,paper straws making machine,,10,,,
Blinkit,paper straws nyc,,10,,,
Blinkit,paper straws order,,10,,,
Blinkit,paper straws picture,,10,,,
Blinkit,paper straws reel,,10,,,
Blinkit,paper straws south africa,,10,,,
Blinkit,paper straws taste bad,,10,,,
Blinkit,paper straws amazon uk,,10,,,
Blinkit,paper straws vs bamboo straws,,10,,,
Blinkit,paper straws wiki,,10,,,
Blinkit,yellow paper straws near me,,10,,,
Blinkit,food packaging and shelf life publication fee,,10,,,
Blinkit,food packaging boxes for restaurants,,10,,,
Blinkit,food packaging containers wholesale near me,,10,,,
Blinkit,food packaging diagram,,10,,,
Blinkit,food packaging expo india,,10,,,
Blinkit,food packaging foil cover,,10,,,
Blinkit,food packaging gujranwala,,10,,,
Blinkit,food packaging hiring,,10,,,
Blinkit,food packaging in hindi,,10,,,
Blinkit,food packaging jobs in spain,,10,,,
Blinkit,food packaging kolkata,,10,,,
Blinkit,food packaging label maker,,10,,,
Blinkit,food packaging machine price,,10,,,
Blinkit,food packaging nptel,,10,,,
Blinkit,food packaging objectives,,10,,,
Blinkit,food packaging plastic bags,,10,,,
Blinkit,food packaging quebec,,10,,,
Blinkit,food packaging rules and regulations,,10,,,
Blinkit,food packaging stickers,,10,,,
Blinkit,food packaging tray price,,10,,,
Blinkit,food packaging unique ideas,,10,,,
Blinkit,food packaging vancouver,,10,,,
Blinkit,food packaging work from home without investment,,10,,,
Blinkit,youquan food packaging jiangsu co ltd,,10,,,
Blinkit,food packaging zurich,,10,,,
Blinkit,party supplies abilene tx,,10,,,
Blinkit,party supplies big w,,10,,,
Blinkit,party supplies cheap,,10,,,
Blinkit,party decorations dollar tree,,10,,,
Blinkit,party supplies edinburgh,,10,,,
Blinkit,party supplies fort lauderdale,,10,,,
Blinkit,party decorations glasgow,,10,,,
Blinkit,party supplies hong kong,,10,,,
Blinkit,party supplies in houston,,10,,,
Blinkit,party supplies jackson ms,,10,,,
Blinkit,party supplies kuwait,,10,,,
Blinkit,party supplies london,,10,,,
Blinkit,party decorations malta,,10,,,
Blinkit,party supplies near me open now,,10,,,
Blinkit,party supplies open now,,10,,,
Blinkit,party plates pink,,10,,,
Blinkit,party supplies queanbeyan,,10,,,
Blinkit,party supplies riverside,,10,,,
Blinkit,party decorations shop near me,,10,,,
Blinkit,party supplies tampa,,10,,,
Blinkit,party supplies uni hill,,10,,,
Blinkit,party supplies vineland nj,,10,,,
Blinkit,party decorations walmart,,10,,,
Blinkit,party supplies yishun,,10,,,
Blinkit,party supplies zombies 4,,10,,,
Zepto,eco friendly plates,,1,,,
Zepto,eco friendly plates and bowls,,1,,,
Zepto,eco friendly plates manufacturing machine,,1,,,
Zepto,eco friendly plates wholesale,,1,,,
Zepto,eco friendly plates for wedding,,1,,,
Zepto,eco friendly plates business,,1,,,
Zepto,eco friendly plates near me,,1,,,
Zepto,biodegradable plates,,1,,,
Zepto,biodegradable plates and cups,,1,,,
Zepto,biodegradable plates making machine,,1,,,
Zepto,biodegradable plates price,,1,,,
Zepto,biodegradable plates near me,,1,,,
Zepto,biodegradable plates business,,1,,,
Zepto,disposable plates,,1,,,
Zepto,disposable plates near me,,1,,,
Zepto,disposable plates making machine,,1,,,
Zepto,disposable plates wholesale,,1,,,
Zepto,disposable plates price,,1,,,
Zepto,disposable plates in hindi,,1,,,
Zepto,bagasse plates,,1,,,
Zepto,bagasse plates manufacturing machine,,1,,,
Zepto,bagasse plates price,,1,,,
Zepto,bagasse plates wholesale,,1,,,
Zepto,disposable meal tray with lid,,1,,,
Zepto,disposable meal tray near me,,1,,,
Zepto,disposable meal tray manufacturers in india,,1,,,
Zepto,disposable meal tray price,,1,,,
Zepto,paper cups 250ml,,1,,,
Zepto,paper cups 250ml price,,1,,,
Zepto,disposable cups 250ml pack of 50,,1,,,
Zepto,disposable paper cups 250ml,,1,,,
Zepto,white paper cups 250ml,,1,,,
Zepto,bulk paper cups,,1,,,
Zepto,bulk paper cups with lids,,1,,,
Zepto,bulk paper cups near me,,1,,,
Zepto,bulk paper cups nz,,1,,,
Zepto,bulk coffee cups ceramic,,1,,,
Zepto,wooden cutlery set,,1,,,
Zepto,wooden cutlery set reusable,,1,,,
Zepto,wooden cutlery set disposable,,1,,,
Zepto,wooden cutlery set amazon,,1,,,
Zepto,wooden cutlery set price,,1,,,
Zepto,wooden cutlery set for kids,,1,,,
Zepto,wooden cutlery set woolworths,,1,,,
Zepto,wooden cutlery set near me,,1,,,
Zepto,wooden cutlery set kmart,,1,,,
Zepto,wooden cutlery set holder,,1,,,
Zepto,disposable cutlery,,1,,,
Zepto,disposable cutlery set,,1,,,
Zepto,disposable cutlery near me,,1,,,
Zepto,disposable cutlery pouch,,1,,,
Zepto,disposable cutlery meaning,,1,,,
Zepto,disposable cutlery kit,,1,,,
Zepto,disposable cutlery business,,1,,,
Zepto,sugarcane clamshell,,1,,,
Zepto,sugarcane clamshell food container,,1,,,
Zepto,sugarcane clamshell box,,1,,,
Zepto,sugarcane clamshell container,,1,,,
Zepto,biodegradable sugarcane clamshell takeaway box,,1,,,
Zepto,compostable containers,,1,,,
Zepto,compostable containers with lids,,1,,,
Zepto,compostable containers for food,,1,,,
Zepto,compostable containers near me,,1,,,
Zepto,compostable containers microwave,,1,,,
Zepto,compostable containers amazon,,1,,,
Zepto,compostable clamshell containers,,1,,,
Zepto,compostable straws,,1,,,
Zepto,compostable straws meaning,,1,,,
Zepto,compostable straws not paper,,1,,,
Zepto,compostable straws gluten free,,1,,,
Zepto,compostable straws amazon,,1,,,
Zepto,compostable straws target,,1,,,
Zepto,compostable straws bulk,,1,,,
Zepto,paper straws,,1,,,
Zepto,paper straws price,,1,,,
Zepto,paper straws near me,,1,,,
Zepto,paper straws manufacturer,,1,,,
Zepto,paper straws craft,,1,,,
Zepto,paper straws wholesale,,1,,,
Zepto,paper straws images,,1,,,
Zepto,paper straws gluten,,1,,,
Zepto,paper straws have gluten,,1,,,
Zepto,food packaging boxes,,1,,,
Zepto,food packaging materials near me,,1,,,
Zepto,food packaging company in noida,,1,,,
Zepto,food packaging envelope,,1,,,
Zepto,food packaging near me,,1,,,
Zepto,party tableware,,1,,,
Zepto,party tableware sets,,1,,,
Zepto,party tableware near me,,1,,,
Zepto,party tableware tesco,,1,,,
Zepto,party tableware uk,,1,,,
Zepto,eco friendly plates costco,,1,,,
Zepto,eco friendly plates disposable,,1,,,
Zepto,eco friendly eating plates,,1,,,
Zepto,eco friendly plates germany,,1,,,
Zepto,eco friendly plates hyderabad,,1,,,
Zepto,eco friendly plates india,,1,,,
Zepto,eco friendly plates kids,,1,,,
Zepto,eco friendly leaf plates,,1,,,
Zepto,eco friendly outdoor plates,,1,,,
Zepto,eco friendly paper plates,,1,,,
Zepto,eco friendly plates reusable,,1,,,
Zepto,eco friendly plates shop near me,,1,,,
Zepto,eco friendly plates target,,1,,,
Zepto,eco friendly plates uk,,1,,,
Zepto,verterra eco friendly palm plates,,1,,,
Zepto,biodegradable plates costco,,1,,,
Zepto,biodegradable plates disposable,,1,,,
Zepto,biodegradable plates exporters in india,,1,,,
Zepto,biodegradable plates from rice husk,,1,,,
Zepto,biodegradable plates gluten,,1,,,
Zepto,biodegradable plates hsn code,,1,,,
Zepto,biodegradable plates indiamart,,1,,,
Zepto,biodegradable plates kmart,,1,,,
Zepto,biodegradable leaf plates,,1,,,
Zepto,biodegradable plates nz,,1,,,
Zepto,biodegradable plates online,,1,,,
Zepto,biodegradable quarter plates,,1,,,
Zepto,biodegradable plates raw material,,1,,,
Zepto,biodegradable plates supplier,,1,,,
Zepto,biodegradable plates tesco,,1,,,
Zepto,biodegradable plates uk,,1,,,
Zepto,compostable plates vancouver,,1,,,
Zepto,biodegradable plates wholesale,,1,,,
Zepto,disposable plates and glass,,1,,,
Zepto,disposable plates blinkit,,1,,,
Zepto,disposable plates cost,,1,,,
Zepto,disposable plates design,,1,,,
Zepto,disposable plates eco friendly,,1,,,
Zepto,disposable plates for packing,,1,,,
Zepto,disposable plates good quality,,1,,,
Zepto,disposable plates hsn code,,1,,,
Zepto,disposable plates jiomart,,1,,,
Zepto,disposable plates kmart,,1,,,
Zepto,disposable plates leaf,,1,,,
Zepto,disposable plates online,,1,,,
Zepto,disposable plates qatar,,1,,,
Zepto,disposable plates rate,,1,,,
Zepto,disposable plate shop near me,,1,,,
Zepto,disposable plates thermocol,,1,,,
Zepto,disposable plates uk,,1,,,
Zepto,disposable plates vadodara,,1,,,
Zepto,disposable plates xmas,,1,,,
Zepto,disposable xmas tableware,,1,,,
Zepto,disposable plates yellow,,1,,,
Zepto,disposable plates zepto,,1,,,
Zepto,bagasse plates and bowls,,1,,,
Zepto,bagasse plates buyers,,1,,,
Zepto,bagasse plates costco,,1,,,
Zepto,bagasse plates hsn code,,1,,,
Zepto,bagasse plates dubai,,1,,,
Zepto,bagasse plates export from india,,1,,,
Zepto,bagasse plates factory,,1,,,
Zepto,bagasse plates gst rate,,1,,,
Zepto,bagasse plates indiamart,,1,,,
Zepto,bagasse plates manufacturers in karnataka,,1,,,
Zepto,bagasse plates with lid,,1,,,
Zepto,bagasse plates near me,,1,,,
Zepto,bagasse plates online,,1,,,
Zepto,bagasse quarter plates,,1,,,
Zepto,bagasse plates raw material,,1,,,
Zepto,bagasse plates supplier,,1,,,
Zepto,bagasse to plates,,1,,,
Zepto,bagasse plates uk,,1,,,
Zepto,bagasse plates vs areca plates,,1,,,
Zepto,disposable food tray aluminum,,1,,,
Zepto,disposable food tray boat,,1,,,
Zepto,disposable food tray costco,,1,,,
Zepto,disposable food trays dollar tree,,1,,,
Zepto,disposable food tray for party,,1,,,
Zepto,disposable serving trays gold,,1,,,
Zepto,disposable food heating trays,,1,,,
Zepto,disposable food tray kmart,,1,,,
Zepto,disposable food tray liners,,1,,,
Zepto,disposable serving trays round,,1,,,
Zepto,disposable food tray sizes,,1,,,
Zepto,disposable serving tray target,,1,,,
Zepto,paper cup 250 ml berapa oz,,1,,,
Zepto,250ml paper coffee cups,,1,,,
Zepto,paper cup with lid 250ml,,1,,,
Zepto,bulk paper cups and lids,,1,,,
Zepto,bulk disposable bar cups,,1,,,
Zepto,bulk disposable paper cups,,1,,,
Zepto,bulk coffee cups for sale,,1,,,
Zepto,bulk coffee cups glass,,1,,,
Zepto,bulk paper hot cups,,1,,,
Zepto,wholesale paper cup manufacturers in uae,,1,,,
Zepto,bulk coffee k cups,,1,,,
Zepto,bulk coffee cup lids,,1,,,
Zepto,wholesale paper cup manufacturers near me,,1,,,
Zepto,bulk coffee cups 16 oz,,1,,,
Zepto,bulk coffee cups plastic,,1,,,
Zepto,bulk coffee cups reusable,,1,,,
Zepto,bulk paper snack cups,,1,,,
Zepto,bulk paper tea cups,,1,,,
Zepto,yellow paper cups bulk,,1,,,
Zepto,wooden cutlery set box,,1,,,
Zepto,wooden cutlery set costco,,1,,,
Zepto,bamboo cutlery set gold,,1,,,
Zepto,wooden cutlery set mr price home,,1,,,
Zepto,wooden utensils set ikea,,1,,,
Zepto,japanese wooden cutlery set,,1,,,
Zepto,laguiole wooden cutlery set,,1,,,
Zepto,set of wooden cutlery,,1,,,
Zepto,wooden cutlery set sale,,1,,,
Zepto,wooden cutlery set toy,,1,,,
Zepto,wooden cutlery set uk,,1,,,
Zepto,vintage wooden cutlery set,,1,,,
Zepto,disposable cutlery and plates,,1,,,
Zepto,disposable cutlery costco,,1,,,
Zepto,disposable cutlery dispenser,,1,,,
Zepto,disposable cutlery eco friendly,,1,,,
Zepto,disposable cutlery for wedding,,1,,,
Zepto,disposable cutlery gold,,1,,,
Zepto,disposable cutlery holder,,1,,,
Zepto,disposable cutlery in chinese,,1,,,
Zepto,disposable cutlery lidl,,1,,,
Zepto,disposable cutlery organizer,,1,,,
Zepto,plastic cutlery qld,,1,,,
Zepto,disposable cutlery reject shop,,1,,,
Zepto,disposable cutlery tesco,,1,,,
Zepto,disposable cutlery uk,,1,,,
Zepto,plastic cutlery vs metal,,1,,,
Zepto,disposable cutlery wholesale,,1,,,
Zepto,plastic cutlery yellow,,1,,,
Zepto,compostable berry containers,,1,,,
Zepto,compostable deli containers,,1,,,
Zepto,compostable packaging examples,,1,,,
Zepto,compostable cups gluten,,1,,,
Zepto,compostable hinged containers,,1,,,
Zepto,compostable packaging india,,1,,,
Zepto,compostable juice bottles,,1,,,
Zepto,compostable k cups,,1,,,
Zepto,compostable lunch containers,,1,,,
Zepto,compostable packaging ontario,,1,,,
Zepto,compostable plastic containers,,1,,,
Zepto,compostable quart containers,,1,,,
Zepto,compostable round containers,,1,,,
Zepto,compostable soup containers,,1,,,
Zepto,compostable takeout containers,,1,,,
Zepto,compostable packaging uk,,1,,,
Zepto,compostable cups vancouver,,1,,,
Zepto,compostable yogurt containers,,1,,,
Zepto,compostable straws canada,,1,,,
Zepto,compostable drinking straws,,1,,,
Zepto,compostable straws for hot drinks,,1,,,
Zepto,are compostable straws edible,,1,,,
Zepto,compostable straws that feel like plastic,,1,,,
Zepto,compostable honey straws,,1,,,
Zepto,compostable straws india,,1,,,
Zepto,biodegradable jumbo straws,,1,,,
Zepto,karat compostable straws,,1,,,
Zepto,compostable straw options,,1,,,
Zepto,compostable straws plastic,,1,,,
Zepto,compostable straws reddit,,1,,,
Zepto,compostable straws starbucks,,1,,,
Zepto,biodegradable straws uk,,1,,,
Zepto,compostable straws vs paper straws,,1,,,
Zepto,compostable straws wholesale,,1,,,
Zepto,paper straws amazon,,1,,,
Zepto,paper straws bulk,,1,,,
Zepto,paper straws dollar tree,,1,,,
Zepto,paper straws environmental impact,,1,,,
Zepto,paper straws for crafts,,1,,,
Zepto,paper straws jumbo,,1,,,
Zepto,paper straws kmart,,1,,,
Zepto,paper straws london,,1,,,
Zepto,paper straws officeworks,,1,,,
Zepto,trump paper straws quote,,1,,,
Zepto,paper straws reddit,,1,,,
Zepto,paper straws suck,,1,,,
Zepto,paper straws tesco,,1,,,
Zepto,paper straws uk,,1,,,
Zepto,paper straws vs plastic straws,,1,,,
Zepto,xmas paper straws,,1,,,
Zepto,paper straws yellow,,1,,,
Zepto,food packaging and shelf life,,1,,,
Zepto,food packaging design,,1,,,
Zepto,food packaging foil,,1,,,
Zepto,food packaging gas,,1,,,
Zepto,food packaging hsn code,,1,,,
Zepto,food packaging industry,,1,,,
Zepto,food packaging job,,1,,,
Zepto,food packaging kya hota hai,,1,,,
Zepto,food packaging labels,,1,,,
Zepto,food packaging online,,1,,,
Zepto,food packaging pouch,,1,,,
Zepto,food packaging questions and answers,,1,,,
Zepto,food packaging roll,,1,,,
Zepto,food packaging shop near me,,1,,,
Zepto,food packaging tape,,1,,,
Zepto,food packaging unit,,1,,,
Zepto,food packaging vendors near me,,1,,,
Zepto,food packaging wrapper,,1,,,
Zepto,food container xxl,,1,,,
Zepto,food packaging youtube,,1,,,
Zepto,food packaging zip lock covers,,1,,,
Zepto,party plates and napkins,,1,,,
Zepto,party supplies brisbane,,1,,,
Zepto,party supplies canada,,1,,,
Zepto,party supplies dallas,,1,,,
Zepto,party supplies el paso,,1,,,
Zepto,party supplies fort worth,,1,,,
Zepto,party supplies gold coast,,1,,,
Zepto,party supplies houston,,1,,,
Zepto,party supplies india,,1,,,
Zepto,party supplies jacksonville nc,,1,,,
Zepto,party tableware kids,,1,,,
Zepto,party supplies lubbock,,1,,,
Zepto,party supplies melbourne,,1,,,
Zepto,party supplies online,,1,,,
Zepto,party supplies perth,,1,,,
Zepto,party supplies qatar,,1,,,
Zepto,party supplies rental,,1,,,
Zepto,party supplies vancouver,,1,,,
Zepto,party supplies wholesale,,1,,,
Zepto,party supplies yuma az,,1,,,
Zepto,party supplies zanesville ohio,,1,,,
Zepto,eco friendly plates and cups,,2,,,
Zepto,eco friendly plates manufacturing,,2,,,
Zepto,biodegradable plates manufacturers,,2,,,
Zepto,biodegradable plates and bowls,,2,,,
Zepto,disposable plates noida,,2,,,
Zepto,disposable plates with lids,,2,,,
Zepto,disposable plates machine,,2,,,
Zepto,bagasse plates manufacturing process,,2,,,
Zepto,disposable meal tray,,2,,,
Zepto,disposable meal tray with lid near me,,2,,,
Zepto,disposable cups 250ml price,,2,,,
Zepto,bulk coffee cups with lids,,2,,,
Zepto,disposable cutlery shop near me,,2,,,
Zepto,disposable cutlery manufacturers,,2,,,
Zepto,compostable containers nearby,,2,,,
Zepto,compostable containers for hot food,,2,,,
Zepto,compostable straws made of,,2,,,
Zepto,compostable straws near me,,2,,,
Zepto,paper straws walmart,,2,,,
Zepto,food packaging material,,2,,,
Zepto,food packaging container,,2,,,
Zepto,food packaging noida,,2,,,
Zepto,party tableware supplies,,2,,,
Zepto,eco friendly kids plates and bowls,,2,,,
Zepto,eco friendly plates bulk,,2,,,
Zepto,eco friendly plates cups,,2,,,
Zepto,eco friendly disposable plates manufacturing process,,2,,,
Zepto,elegant eco friendly disposable plates,,2,,,
Zepto,eco friendly plates for kids,,2,,,
Zepto,are eco-friendly products really eco-friendly,,2,,,
Zepto,eco friendly disposable plates hyderabad,,2,,,
Zepto,eco friendly plates in sri lanka,,2,,,
Zepto,eco friendly lunch plates,,2,,,
Zepto,eco friendly plates with lid,,2,,,
Zepto,eco friendly plates nearby,,2,,,
Zepto,eco friendly outdoor dinnerware,,2,,,
Zepto,eco friendly party plates,,2,,,
Zepto,eco friendly reusable plates and bowls,,2,,,
Zepto,eco friendly sugarcane plates,,2,,,
Zepto,eco friendly tiffin plates,,2,,,
Zepto,eco friendly unbreakable plates,,2,,,
Zepto,verterra eco friendly palm plates & wooden cutlery,,2,,,
Zepto,biodegradable plates bulk,,2,,,
Zepto,biodegradable plates cups,,2,,,
Zepto,biodegradable plates dubai,,2,,,
Zepto,biodegradable plates export,,2,,,
Zepto,biodegradable plates from sugarcane waste,,2,,,
Zepto,biodegradable plates gst rate,,2,,,
Zepto,biodegradable plates hsn code and gst rate,,2,,,
Zepto,biodegradable plates india,,2,,,
Zepto,biodegradable plates kenya,,2,,,
Zepto,is paper plate biodegradable,,2,,,
Zepto,biodegradable lunch plates,,2,,,
Zepto,biodegradable oval plates,,2,,,
Zepto,biodegradable plates party,,2,,,
Zepto,biodegradable plates raw material wholesale,,2,,,
Zepto,biodegradable plates singapore,,2,,,
Zepto,biodegradable plates target,,2,,,
Zepto,compostable plates uk,,2,,,
Zepto,compostable plates vs washing dishes,,2,,,
Zepto,biodegradable plates with compartment,,2,,,
Zepto,are all paper plates biodegradable,,2,,,
Zepto,disposable plates and bowls,,2,,,
Zepto,disposable plates big size,,2,,,
Zepto,disposable plates cheap,,2,,,
Zepto,disposable plates distributors,,2,,,
Zepto,disposable plates exports from india,,2,,,
Zepto,disposable plates for party,,2,,,
Zepto,disposable plates gst rate,,2,,,
Zepto,disposable plates hsn code and gst rate,,2,,,
Zepto,disposable plates indiamart,,2,,,
Zepto,disposable plates jamaica,,2,,,
Zepto,disposable plates kuwait,,2,,,
Zepto,disposable plates large size,,2,,,
Zepto,disposable plates of leaves,,2,,,
Zepto,disposable plates plastic,,2,,,
Zepto,disposable plates quality,,2,,,
Zepto,disposable plates rajkot,,2,,,
Zepto,disposable plates small,,2,,,
Zepto,disposable plates types,,2,,,
Zepto,disposable plates underwood,,2,,,
Zepto,disposable plates variety,,2,,,
Zepto,paper plates xmas,,2,,,
Zepto,paper plates yellow,,2,,,
Zepto,disposable plates zoo pals,,2,,,
Zepto,bagasse plates amazon,,2,,,
Zepto,bagasse plates bulk,,2,,,
Zepto,bagasse plates cost,,2,,,
Zepto,bagasse plates hs code,,2,,,
Zepto,bagasse plates disadvantages,,2,,,
Zepto,bagasse plates export,,2,,,
Zepto,bagasse fiber plates,,2,,,
Zepto,bagasse plates gst,,2,,,
Zepto,plates bagasse triple green 22cm 10s,,2,,,
Zepto,bagasse plates india,,2,,,
Zepto,what is bagasse plates,,2,,,
Zepto,bagasse vs palm leaf plates,,2,,,
Zepto,bagasse tableware near me,,2,,,
Zepto,bagasse oval plates,,2,,,
Zepto,bagasse plates pronunciation,,2,,,
Zepto,bagasse plates reusable,,2,,,
Zepto,bagasse plates square,,2,,,
Zepto,bagasse plates supplier uk,,2,,,
Zepto,bagasse plates vs paper plates,,2,,,
Zepto,disposable serving trays asda,,2,,,
Zepto,disposable food tray bulk,,2,,,
Zepto,disposable food tray containers,,2,,,
Zepto,disposable serving trays dollar tree,,2,,,
Zepto,disposable food tray foil,,2,,,
Zepto,disposable food packaging trays hsn code and gst rate,,2,,,
Zepto,disposable plastic meal tray indiamart,,2,,,
Zepto,disposable serving tray kmart,,2,,,
Zepto,disposable serving tray large,,2,,,
Zepto,plastic meal tray manufacturers,,2,,,
Zepto,disposable food tray nearby,,2,,,
Zepto,disposable food tray price,,2,,,
Zepto,disposable food tray small,,2,,,
Zepto,disposable food tray target,,2,,,
Zepto,paper tea cup capacity,,2,,,
Zepto,how many ml in paper cup,,2,,,
Zepto,disposable paper cups 250ml price,,2,,,
Zepto,paper cup 9 oz 250 ml,,2,,,
Zepto,bulk coffee cups and lids,,2,,,
Zepto,bulk coffee cups for business,,2,,,
Zepto,are paper cups bad for your health,,2,,,
Zepto,bulk coffee cups custom,,2,,,
Zepto,paper drinking cups bulk,,2,,,
Zepto,bulk coffee cups to go,,2,,,
Zepto,bulk disposable hot cups,,2,,,
Zepto,wholesale paper cup manufacturers in sri lanka,,2,,,
Zepto,paper cups kmart bulk,,2,,,
Zepto,bulk coffee cups nz,,2,,,
Zepto,bulk order paper cups,,2,,,
Zepto,bulk coffee cups personalized,,2,,,
Zepto,wholesale paper cup shop near me,,2,,,
Zepto,paper cup wholesale price,,2,,,
Zepto,wooden cutlery set asda,,2,,,
Zepto,wooden cutlery set baby,,2,,,
Zepto,wooden utensils set canada,,2,,,
Zepto,wooden cutlery set hs code,,2,,,
Zepto,bamboo cutlery set disposable,,2,,,
Zepto,cutlery set description,,2,,,
Zepto,cutlery set meaning,,2,,,
Zepto,wooden knife set for kitchen,,2,,,
Zepto,wooden utensils gift set,,2,,,
Zepto,wooden cooking utensils set ikea,,2,,,
Zepto,justenbois wooden cutlery set,,2,,,
Zepto,wooden cutlery set kids,,2,,,
Zepto,wooden utensils set myer,,2,,,
Zepto,wooden cutlery set nearby,,2,,,
Zepto,wooden cutlery play set,,2,,,
Zepto,bamboo cutlery set reusable,,2,,,
Zepto,bamboo cutlery set stainless steel,,2,,,
Zepto,wooden cutlery set tesco,,2,,,
Zepto,bamboo cutlery set uk,,2,,,
Zepto,viners wooden cutlery set,,2,,,
Zepto,wooden cutlery set with napkin,,2,,,
Zepto,disposable cutlery asda,,2,,,
Zepto,disposable cutlery bunnings,,2,,,
Zepto,disposable cutlery coles,,2,,,
Zepto,disposable cutlery dollarama,,2,,,
Zepto,disposable eco cutlery,,2,,,
Zepto,disposable cutlery for party,,2,,,
Zepto,disposable cutlery good quality,,2,,,
Zepto,disposable cutlery home bargains,,2,,,
Zepto,disposable cutlery ikea,,2,,,
Zepto,disposable cutlery kmart,,2,,,
Zepto,disposable cutlery luxury,,2,,,
Zepto,disposable cutlery nz,,2,,,
Zepto,disposable cutlery officeworks,,2,,,
Zepto,disposable cutlery packs,,2,,,
Zepto,disposable cutlery recyclable,,2,,,
Zepto,disposable cutlery trinidad,,2,,,
Zepto,plastic cutlery uk,,2,,,
Zepto,disposable tableware vector,,2,,,
Zepto,disposable cutlery wholesale near me,,2,,,
Zepto,single use cutlery x 뜻,,2,,,
Zepto,yellow disposable cutlery,,2,,,
Zepto,sugarcane bagasse clamshell,,2,,,
Zepto,sugar cane cast,,2,,,
Zepto,is sugarcane sugar free,,2,,,
Zepto,compostable cups amazon,,2,,,
Zepto,compostable bamboo containers,,2,,,
Zepto,compostable cupcake containers,,2,,,
Zepto,compostable deodorant containers,,2,,,
Zepto,compostable packaging europe,,2,,,
Zepto,compostable grease container,,2,,,
Zepto,compostable cups hot,,2,,,
Zepto,compostable packaging icon,,2,,,
Zepto,compostable jewelry packaging,,2,,,
Zepto,compostable k cups costco,,2,,,
Zepto,compostable leftover containers,,2,,,
Zepto,compostable containers with lids nearby,,2,,,
Zepto,compostable containers meaning,,2,,,
Zepto,compostable packaging options,,2,,,
Zepto,compostable plant containers,,2,,,
Zepto,que es packaging compostable,,2,,,
Zepto,compostable restaurant containers,,2,,,
Zepto,compostable salad containers,,2,,,
Zepto,compostable takeaway containers,,2,,,
Zepto,compostable cups uk,,2,,,
Zepto,compostable vegetable packaging,,2,,,
Zepto,compostable yogurt cups,,2,,,
Zepto,compostable agave straws,,2,,,
Zepto,compostable straws brown,,2,,,
Zepto,compostable straws costco,,2,,,
Zepto,compostable disposable straws,,2,,,
Zepto,biodegradable edible straws,,2,,,
Zepto,is straw compostable,,2,,,
Zepto,compostable flexible straws,,2,,,
Zepto,compostable straws gluten,,2,,,
Zepto,biodegradable straws hs code,,2,,,
Zepto,compostable straw ingredients,,2,,,
Zepto,jumbo compostable straws,,2,,,
Zepto,ktob compostable straws,,2,,,
Zepto,compostable plastic like straws,,2,,,
Zepto,compostable straws pha,,2,,,
Zepto,biodegradable straws reddit,,2,,,
Zepto,compostable smoothie straws,,2,,,
Zepto,compostable straws tesco,,2,,,
Zepto,biodegradable straws uae,,2,,,
Zepto,compostable straws walmart,,2,,,
Zepto,paper straws asda,,2,,,
Zepto,paper straws b&m,,2,,,
Zepto,paper straws coles,,2,,,
Zepto,paper straws dollarama,,2,,,
Zepto,paper straws executive order,,2,,,
Zepto,paper straws for sale,,2,,,
Zepto,paper straws gluten free,,2,,,
Zepto,paper straws hobby lobby,,2,,,
Zepto,paper straws individually wrapped,,2,,,
Zepto,paper straws japan,,2,,,
Zepto,paper straws kroger,,2,,,
Zepto,paper straws law,,2,,,
Zepto,paper straws michaels,,2,,,
Zepto,paper straws nearby,,2,,,
Zepto,paper straws orange,,2,,,
Zepto,paper straws pfas,,2,,,
Zepto,quality paper straws,,2,,,
Zepto,paper straws recyclable,,2,,,
Zepto,paper straws sainsbury's,,2,,,
Zepto,paper straws target,,2,,,
Zepto,paper straws usa,,2,,,
Zepto,paper straws vs plastic straws environmental impact,,2,,,
Zepto,are paper straws dangerous,,2,,,
Zepto,striped straws yellow,,2,,,
Zepto,food packaging and shelf life impact factor,,2,,,
Zepto,food packaging boxes wholesale near me,,2,,,
Zepto,food packaging disposable,,2,,,
Zepto,food packaging exhibition,,2,,,
Zepto,food packaging factory near me,,2,,,
Zepto,food packaging gloves,,2,,,
Zepto,food packaging hyderabad,,2,,,
Zepto,food packaging items,,2,,,
Zepto,food packaging job in canada,,2,,,
Zepto,food packaging karachi,,2,,,
Zepto,food packaging license,,2,,,
Zepto,food packaging options,,2,,,
Zepto,food packaging paper,,2,,,
Zepto,food packaging qatar,,2,,,
Zepto,food packaging regulations,,2,,,
Zepto,food packaging solutions,,2,,,
Zepto,food packaging thali,,2,,,
Zepto,food packaging uae,,2,,,
Zepto,food packaging vendors,,2,,,
Zepto,food packaging wholesale,,2,,,
Zepto,food container xl,,2,,,
Zepto,food packaging yellow,,2,,,
Zepto,food packaging ziplock bag,,2,,,
Zepto,party supplies adelaide,,2,,,
Zepto,party supplies bulk,,2,,,
Zepto,party supplies christchurch,,2,,,
Zepto,party supplies dublin,,2,,,
Zepto,party supplies edmonton,,2,,,
Zepto,party decorations for adults,,2,,,
Zepto,party supplies geelong,,2,,,
Zepto,party supplies hamilton,,2,,,
Zepto,party decorations ideas,,2,,,
Zepto,party supplies jacksonville fl,,2,,,
Zepto,party tableware kmart,,2,,,
Zepto,party supplies los angeles,,2,,,
Zepto,party supplies miami,,2,,,
Zepto,party supplies near me,,2,,,
Zepto,party supplies omaha,,2,,,
Zepto,party supplies penrith,,2,,,
Zepto,party decorations qatar,,2,,,
Zepto,party supplies rental near me,,2,,,
Zepto,party supplies tulsa,,2,,,
Zepto,party supplies uk,,2,,,
Zepto,party supplies victoria,,2,,,
Zepto,party supplies wilmington nc,,2,,,
Zepto,xmas party tableware,,2,,,
Zepto,party supplies york pa,,2,,,
Zepto,party supplies zapata hwy,,2,,,
Zepto,eco friendly plates manufacturers in india,,3,,,
Zepto,biodegradable plates machine,,3,,,
Zepto,biodegradable plates and cups manufacturers,,3,,,
Zepto,disposable plates wholesale near me,,3,,,
Zepto,bagasse plates manufacturers,,3,,,
Zepto,disposable cups 250ml,,3,,,
Zepto,wholesale paper cups near me,,3,,,
Zepto,disposable cutlery meaning in hindi,,3,,,
Zepto,sugarcane bagasse clamshell boxes,,3,,,
Zepto,compostable straws nearby,,3,,,
Zepto,food packaging,,3,,,
Zepto,food packaging manufacturers in delhi,,3,,,
Zepto,party tablecloths near me,,3,,,
Zepto,eco friendly plates and utensils,,3,,,
Zepto,eco friendly plates bowls,,3,,,
Zepto,eco friendly compartment plates,,3,,,
Zepto,eco friendly disposable plates wholesale,,3,,,
Zepto,eco friendly disposable plates uk,,3,,,
Zepto,eco friendly plates for party,,3,,,
Zepto,eco friendly plates for restaurant,,3,,,
Zepto,eco friendly disposable plates hsn code,,3,,,
Zepto,eco friendly kids dinnerware,,3,,,
Zepto,eco friendly leaf plates near me,,3,,,
Zepto,eco friendly paper plates manufacturers,,3,,,
Zepto,eco friendly plates made of,,3,,,
Zepto,eco friendly small plates,,3,,,
Zepto,eco friendly toddler plates and bowls,,3,,,
Zepto,eco friendly plates with compartments,,3,,,
Zepto,biodegradable plates bowls,,3,,,
Zepto,biodegradable plates company,,3,,,
Zepto,biodegradable disposable plates manufacturers in india,,3,,,
Zepto,biodegradable eating plates,,3,,,
Zepto,biodegradable plates for wedding,,3,,,
Zepto,biodegradable plates in germany,,3,,,
Zepto,biodegradable plates in hyderabad,,3,,,
Zepto,biodegradable plates in usa,,3,,,
Zepto,biodegradable kids plates,,3,,,
Zepto,biodegradable plates with lids,,3,,,
Zepto,biodegradable plates ntuc,,3,,,
Zepto,compostable plates oval,,3,,,
Zepto,biodegradable paper plates,,3,,,
Zepto,biodegradable reusable plates,,3,,,
Zepto,biodegradable plates shop near me,,3,,,
Zepto,biodegradable tiffin plates,,3,,,
Zepto,verka biodegradable plates,,3,,,
Zepto,biodegradable plates wholesale near me,,3,,,
Zepto,disposable plates and cups,,3,,,
Zepto,disposable plates business,,3,,,
Zepto,disposable plates colorful,,3,,,
Zepto,disposable plates decoration,,3,,,
Zepto,disposable plates ebay,,3,,,
Zepto,disposable plates for lunch,,3,,,
Zepto,disposable plates glass,,3,,,
Zepto,disposable plates hard,,3,,,
Zepto,disposable plates images,,3,,,
Zepto,disposable plates jiji,,3,,,
Zepto,disposable plates karachi,,3,,,
Zepto,disposable plates leaves,,3,,,
Zepto,disposable plates manufacturer,,3,,,
Zepto,disposable plates near me wholesale,,3,,,
Zepto,disposable plates online delivery,,3,,,
Zepto,disposable plates paper,,3,,,
Zepto,disposable plates quarter,,3,,,
Zepto,disposable plates reject shop,,3,,,
Zepto,disposable plates shop,,3,,,
Zepto,disposable plates trademark class,,3,,,
Zepto,disposable plates usa,,3,,,
Zepto,disposable plates vendor near me,,3,,,
Zepto,plastic plates xmas,,3,,,
Zepto,plastic plates yellow,,3,,,
Zepto,paper plates zepto,,3,,,
Zepto,bagasse plates are made of,,3,,,
Zepto,bagasse plates bowls,,3,,,
Zepto,bagasse plates company,,3,,,
Zepto,bagasse plates disposable,,3,,,
Zepto,bagasse tableware eco friendly,,3,,,
Zepto,bagasse food plate,,3,,,
Zepto,bagasse plates good or bad,,3,,,
Zepto,plates bagasse triple green,,3,,,
Zepto,bagasse plates hyderabad,,3,,,
Zepto,bagasse plates images,,3,,,
Zepto,bagasse natural plate,,3,,,
Zepto,bagasse plates wholesale near me,,3,,,
Zepto,bagasse plates made of,,3,,,
Zepto,bagasse plates production,,3,,,
Zepto,bagasse plates review,,3,,,
Zepto,bagasse plates wholesale uk,,3,,,
Zepto,bagasse plates vs cornstarch plates,,3,,,
Zepto,disposable serving trays and bowls,,3,,,
Zepto,disposable tray sizes,,3,,,
Zepto,disposable serving trays bulk,,3,,,
Zepto,disposable food tray covers,,3,,,
Zepto,disposable food display trays,,3,,,
Zepto,disposable serving trays for parties,,3,,,
Zepto,disposable food trays for kids,,3,,,
Zepto,disposable food tray large,,3,,,
Zepto,plastic meal tray with lid,,3,,,
Zepto,plastic meal tray making machine,,3,,,
Zepto,disposable serving tray near me,,3,,,
Zepto,plastic meal tray shop near me,,3,,,
Zepto,disposable food tray paper,,3,,,
Zepto,disposable serving trays tesco,,3,,,
Zepto,250 ml paper cup price,,3,,,
Zepto,wholesale paper cups and plates,,3,,,
Zepto,bulk buy paper cups,,3,,,
Zepto,paper cups wholesale near me,,3,,,
Zepto,bulk coffee cups costco,,3,,,
Zepto,bulk disposable cups for wedding,,3,,,
Zepto,wholesale paper cups for hot drinks,,3,,,
Zepto,bulk iced coffee cups glass,,3,,,
Zepto,wholesale paper cup manufacturers in delhi,,3,,,
Zepto,bulk coffee cups with logo,,3,,,
Zepto,bulk 3 oz paper cups,,3,,,
Zepto,wholesale paper cup price,,3,,,
Zepto,bulk coffee cup sleeves,,3,,,
Zepto,bulk disposable tea cups,,3,,,
Zepto,are paper cups cheaper than plastic,,3,,,
Zepto,wooden cutlery set australia,,3,,,
Zepto,bamboo cutlery set baby,,3,,,
Zepto,wooden utensils set canadian tire,,3,,,
Zepto,wooden cutlery set hsn code,,3,,,
Zepto,wooden cutlery set with chopsticks,,3,,,
Zepto,bamboo cutlery set dishwasher safe,,3,,,
Zepto,cutlery set and their uses,,3,,,
Zepto,wooden utensils set for cooking,,3,,,
Zepto,gold wooden cutlery set,,3,,,
Zepto,wooden utensils set made in canada,,3,,,
Zepto,jysk wooden cutlery set,,3,,,
Zepto,bamboo cutlery set kids,,3,,,
Zepto,wooden cutlery set nz,,3,,,
Zepto,bamboo cutlery set price,,3,,,
Zepto,wooden utensils set reddit,,3,,,
Zepto,wooden utensils set south africa,,3,,,
Zepto,wooden cutlery set travel,,3,,,
Zepto,wooden utensils set uk,,3,,,
Zepto,vintage wooden handle cutlery set,,3,,,
Zepto,disposable cutlery and crockery,,3,,,
Zepto,disposable cutlery brands,,3,,,
Zepto,disposable cutlery costco australia,,3,,,
Zepto,disposable cutlery dunelm,,3,,,
Zepto,plastic cutlery edmonton,,3,,,
Zepto,disposable cutlery for restaurant,,3,,,
Zepto,disposable cutlery green,,3,,,
Zepto,disposable cutlery hs code,,3,,,
Zepto,disposable cutlery in french,,3,,,
Zepto,disposable cutlery karachi,,3,,,
Zepto,disposable cutlery london,,3,,,
Zepto,disposable cutlery nearby,,3,,,
Zepto,disposable cutlery online,,3,,,
Zepto,disposable cutlery plastic,,3,,,
Zepto,disposable cutlery range,,3,,,
Zepto,disposable cutlery set with napkin,,3,,,
Zepto,disposable cutlery target,,3,,,
Zepto,disposable tableware uk,,3,,,
Zepto,vintage disposable cutlery,,3,,,
Zepto,disposable cutlery woolworths,,3,,,
Zepto,single use cutlery x,,3,,,
Zepto,compostable packaging australia,,3,,,
Zepto,compostable bagasse containers,,3,,,
Zepto,compostable clear containers,,3,,,
Zepto,compostable dessert containers,,3,,,
Zepto,compostable packaging eu,,3,,,
Zepto,can compostable containers be recycled,,3,,,
Zepto,are biopak containers compostable,,3,,,
Zepto,compostable food containers with lids,,3,,,
Zepto,can compostable containers go in green bin,,3,,,
Zepto,compostable cups how to dispose,,3,,,
Zepto,compostable packaging ireland,,3,,,
Zepto,compostable juice cups,,3,,,
Zepto,compostable keurig cups,,3,,,
Zepto,compostable liquid containers,,3,,,
Zepto,compostable container microwave safe,,3,,,
Zepto,compostable containers nz,,3,,,
Zepto,are compostable containers oven safe,,3,,,
Zepto,compostable paper containers,,3,,,
Zepto,compostable to go food containers,,3,,,
Zepto,compostable cups recycling,,3,,,
Zepto,compostable storage containers,,3,,,
Zepto,compostable togo containers,,3,,,
Zepto,compostable single use containers,,3,,,
Zepto,compostable cups with lids,,3,,,
Zepto,amazon biodegradable straws,,3,,,
Zepto,compostable straws blue,,3,,,
Zepto,compostable straws clear,,3,,,
Zepto,biodegradable straws dischem,,3,,,
Zepto,ecosystems compostable straws,,3,,,
Zepto,are paper straws compostable,,3,,,
Zepto,biodegradable straws factory,,3,,,
Zepto,compostable straws made from plants,,3,,,
Zepto,compostable straws whole foods,,3,,,
Zepto,compostable green straws,,3,,,
Zepto,biodegradable straws how long does it take,,3,,,
Zepto,biodegradable straws individually wrapped,,3,,,
Zepto,long compostable straws,,3,,,
Zepto,compostable paper straws,,3,,,
Zepto,compostable reed straw,,3,,,
Zepto,compostable sugarcane straws,,3,,,
Zepto,unwrapped compostable straws,,3,,,
Zepto,paper straws are the worst,,3,,,
Zepto,paper straws black,,3,,,
Zepto,paper straws contain gluten,,3,,,
Zepto,paper straws dollar general,,3,,,
Zepto,paper straws eu,,3,,,
Zepto,paper straws florida,,3,,,
Zepto,paper straws gluten uk,,3,,,
Zepto,paper straws home bargains,,3,,,
Zepto,paper straws ingredients,,3,,,
Zepto,are paper straws just as bad as plastic,,3,,,
Zepto,paper straws kenya,,3,,,
Zepto,paper straws large,,3,,,
Zepto,paper straws meaning,,3,,,
Zepto,paper straws nz,,3,,,
Zepto,paper straws outlawed,,3,,,
Zepto,paper straws pakistan,,3,,,
Zepto,que es paper straws,,3,,,
Zepto,paper straws reaction with coke,,3,,,
Zepto,paper straws should be banned,,3,,,
Zepto,paper straws toxic,,3,,,
Zepto,paper straws uk law,,3,,,
Zepto,paper straws valentines,,3,,,
Zepto,paper straws woolworths,,3,,,
Zepto,what are paper straws made of,,3,,,
Zepto,paper straws 9 year old,,3,,,
Zepto,food packaging aluminium foil,,3,,,
Zepto,food packaging boxes wholesale,,3,,,
Zepto,food packaging company,,3,,,
Zepto,food packaging definition,,3,,,
Zepto,food packaging expo 2026,,3,,,
Zepto,food packaging for cloud kitchen,,3,,,
Zepto,food packaging gst rate,,3,,,
Zepto,food packaging harare,,3,,,
Zepto,food packaging ideas,,3,,,
Zepto,food packaging jobs near me,,3,,,
Zepto,food packaging kmart,,3,,,
Zepto,food packaging logo,,3,,,
Zepto,food packaging delhi,,3,,,
Zepto,food packaging operator,,3,,,
Zepto,food packaging plastic,,3,,,
Zepto,food packaging qr code,,3,,,
Zepto,food packaging research paper,,3,,,
Zepto,food packaging sealing machine,,3,,,
Zepto,food packaging technology,,3,,,
Zepto,food packaging use and throw,,3,,,
Zepto,food packaging vacuum machine,,3,,,
Zepto,food packaging wholesale near me,,3,,,
Zepto,food container xenos,,3,,,
Zepto,food packaging to you,,3,,,
Zepto,food packaging zipper,,3,,,
Zepto,party plates and cups,,3,,,
Zepto,party supplies brownsville tx,,3,,,
Zepto,party supplies chicago,,3,,,
Zepto,party supplies denver,,3,,,
Zepto,party supplies evansville,,3,,,
Zepto,party supplies fort wayne,,3,,,
Zepto,party supplies guam,,3,,,
Zepto,party decorations hire,,3,,,
Zepto,party supplies ireland,,3,,,
Zepto,party supplies joondalup,,3,,,
Zepto,party decorations kmart,,3,,,
Zepto,party supplies las vegas,,3,,,
Zepto,party supplies malta,,3,,,
Zepto,party decorations near me,,3,,,
Zepto,party plates ohio,,3,,,
Zepto,party decorations perth,,3,,,
Zepto,party supplies quezon city,,3,,,
Zepto,party supplies rochester ny,,3,,,
Zepto,party supplies store,,3,,,
Zepto,party supplies trinidad,,3,,,
Zepto,party decorations uk,,3,,,
Zepto,party supplies vancouver wa,,3,,,
Zepto,party supplies wichita ks,,3,,,
Zepto,party supplies yonkers,,3,,,
Zepto,party decorations zurich,,3,,,
Zepto,bagasse plates manufacturers in india,,4,,,
Zepto,coffee cups 250ml,,4,,,
Zepto,sugarcane burger clamshell,,4,,,
Zepto,sugar cane products list,,4,,,
Zepto,party tables near me,,4,,,
Zepto,eco friendly plates and cutlery,,4,,,
Zepto,eco friendly disposable plates near me,,4,,,
Zepto,eco friendly bamboo plates,,4,,,
Zepto,eco friendly camping plates,,4,,,
Zepto,eco friendly disposable plates wedding,,4,,,
Zepto,eco friendly plates for food,,4,,,
Zepto,how to make eco friendly plates,,4,,,
Zepto,eco friendly kids dishes,,4,,,
Zepto,eco friendly plate machine,,4,,,
Zepto,eco friendly plastic plates,,4,,,
Zepto,eco friendly reusable dinnerware,,4,,,
Zepto,eco friendly dinnerware set,,4,,,
Zepto,eco friendly toddler plates,,4,,,
Zepto,eco friendly plates walmart,,4,,,
Zepto,biodegradable plates and cups manufacturers near me,,4,,,
Zepto,biodegradable plates buyers,,4,,,
Zepto,biodegradable plates coles,,4,,,
Zepto,biodegradable dinner plates,,4,,,
Zepto,biodegradable edible plates,,4,,,
Zepto,biodegradable plates from banana leaves,,4,,,
Zepto,biodegradable glass plates,,4,,,
Zepto,biodegradable plates hs code,,4,,,
Zepto,biodegradable plates images,,4,,,
Zepto,compostable plates kmart,,4,,,
Zepto,biodegradable plates manufacturing business,,4,,,
Zepto,compostable plates near me,,4,,,
Zepto,biodegradable plates made of,,4,,,
Zepto,biodegradable plastic plates,,4,,,
Zepto,biodegradable round plates,,4,,,
Zepto,biodegradable plates square,,4,,,
Zepto,biodegradable thali plates,,4,,,
Zepto,biodegradable plates woolworths,,4,,,
Zepto,disposable plates and spoons,,4,,,
Zepto,disposable plates black,,4,,,
Zepto,disposable plates company,,4,,,
Zepto,disposable plates dmart,,4,,,
Zepto,disposable plates egypt,,4,,,
Zepto,disposable plates for snacks,,4,,,
Zepto,disposable plates green,,4,,,
Zepto,disposable plates hindi,,4,,,
Zepto,disposable plates instamart,,4,,,
Zepto,disposable plates jumbo,,4,,,
Zepto,disposable plates kroger,,4,,,
Zepto,disposable plates lidl,,4,,,
Zepto,disposable plates making machine price,,4,,,
Zepto,disposable plates nearby,,4,,,
Zepto,disposable plates on sale,,4,,,
Zepto,disposable plates price in india,,4,,,
Zepto,disposable plates quick delivery,,4,,,
Zepto,disposable plates rectangle,,4,,,
Zepto,disposable plates size,,4,,,
Zepto,disposable plates tesco,,4,,,
Zepto,disposable plates uganda,,4,,,
Zepto,disposable plates vintage,,4,,,
Zepto,disposable plates wholesale delhi,,4,,,
Zepto,paper plates xmas crafts,,4,,,
Zepto,plastic plates you can draw on,,4,,,
Zepto,plastic plates zepto,,4,,,
Zepto,bagasse plates and cups,,4,,,
Zepto,bagasse plates bangalore,,4,,,
Zepto,bagasse plates compartment,,4,,,
Zepto,bagasse dinner plates,,4,,,
Zepto,bagasse tableware export from india,,4,,,
Zepto,sugarcane bagasse plates gst rate,,4,,,
Zepto,plates bagasse triple grn 25cm 10s,,4,,,
Zepto,bagasse tableware hsn code,,4,,,
Zepto,bagasse plates in coimbatore,,4,,,
Zepto,how to make bagasse plates,,4,,,
Zepto,bagasse plate shop near me,,4,,,
Zepto,bagasse plate photo,,4,,,
Zepto,bagasse plates round,,4,,,
Zepto,unbleached bagasse plates,,4,,,
Zepto,bagasse plates wholesale price,,4,,,
Zepto,disposable food trays amazon,,4,,,
Zepto,disposable food trays black,,4,,,
Zepto,disposable tray price,,4,,,
Zepto,disposable food trays canada,,4,,,
Zepto,disposable food tray with dividers,,4,,,
Zepto,disposable serving trays foil,,4,,,
Zepto,disposable serving tray with lid,,4,,,
Zepto,disposable food trays metal,,4,,,
Zepto,disposable serving tray nearby,,4,,,
Zepto,disposable food tray plates,,4,,,
Zepto,disposable serving tray set,,4,,,
Zepto,disposable food trays tesco,,4,,,
Zepto,paper cup rate,,4,,,
Zepto,wholesale paper cups and plates near me,,4,,,
Zepto,paper coffee cups bulk buy,,4,,,
Zepto,bulk coffee cups canada,,4,,,
Zepto,disposable paper cup sizes,,4,,,
Zepto,bulk green paper cups,,4,,,
Zepto,halloween paper cups bulk,,4,,,
Zepto,wholesale paper cup manufacturers in coimbatore,,4,,,
Zepto,bulk disposable cups with lids,,4,,,
Zepto,bulk coffee cups near me,,4,,,
Zepto,bulk 12 oz paper cups,,4,,,
Zepto,wholesale paper cup printing sri lanka,,4,,,
Zepto,bulk coffee cup stickers,,4,,,
Zepto,wholesale paper tea cups,,4,,,
Zepto,paper tea cups wholesale near me,,4,,,
Zepto,wooden utensils set australia,,4,,,
Zepto,wooden knife set block,,4,,,
Zepto,wooden handle cutlery set dishwasher safe,,4,,,
Zepto,wooden knife set for kids,,4,,,
Zepto,george wooden cutlery set,,4,,,
Zepto,is wooden cutlery better than plastic,,4,,,
Zepto,wooden knife set holder,,4,,,
Zepto,wooden handle cutlery set uk,,4,,,
Zepto,wooden utensils set manufacturers in india,,4,,,
Zepto,wooden knife set kids,,4,,,
Zepto,wooden utensils set nz,,4,,,
Zepto,remi wooden cutlery set,,4,,,
Zepto,wooden cutlery spoon set,,4,,,
Zepto,bamboo cutlery set travel,,4,,,
Zepto,wooden knife set with block,,4,,,
Zepto,disposable cutlery aldi,,4,,,
Zepto,disposable cutlery b&m,,4,,,
Zepto,disposable cutlery canada,,4,,,
Zepto,disposable cutlery dollar tree,,4,,,
Zepto,plastic cutlery environmental impact,,4,,,
Zepto,disposable cutlery fancy,,4,,,
Zepto,disposable gold cutlery set,,4,,,
Zepto,disposable cutlery heavy duty,,4,,,
Zepto,disposable cutlery individually wrapped,,4,,,
Zepto,disposable kids cutlery,,4,,,
Zepto,disposable cutlery lebanon,,4,,,
Zepto,disposable cutlery making machine,,4,,,
Zepto,disposable cutlery napkins,,4,,,
Zepto,plastic cutlery organizer,,4,,,
Zepto,disposable cutlery poundland,,4,,,
Zepto,what is disposable cutlery,,4,,,
Zepto,disposable cutlery reddit,,4,,,
Zepto,disposable cutlery silver,,4,,,
Zepto,disposable cutlery the range,,4,,,
Zepto,disposable tableware usa,,4,,,
Zepto,disposable cutlery walmart,,4,,,
Zepto,single use cutlery x 意味,,4,,,
Zepto,compostable cups and lids,,4,,,
Zepto,compostable packaging bags,,4,,,
Zepto,compostable cardboard containers,,4,,,
Zepto,compostable disposable containers,,4,,,
Zepto,biodegradable egg containers crossword,,4,,,
Zepto,compostable freezer containers,,4,,,
Zepto,can compostable containers go in the microwave,,4,,,
Zepto,compostable packaging how to dispose,,4,,,
Zepto,compostable cups ireland,,4,,,
Zepto,compostable k cups canada,,4,,,
Zepto,compostable packaging logo,,4,,,
Zepto,compostable meal containers,,4,,,
Zepto,compostable cups near me,,4,,,
Zepto,compostable take out containers,,4,,,
Zepto,compostable pint containers,,4,,,
Zepto,compostable cups reddit,,4,,,
Zepto,compostable sauce containers,,4,,,
Zepto,compostable takeout containers near me,,4,,,
Zepto,biodegradable containers with lids in india,,4,,,
Zepto,biodegradable straws australia,,4,,,
Zepto,compostable boba straws,,4,,,
Zepto,compostable cocktail straws,,4,,,
Zepto,biodegradable drinking straws,,4,,,
Zepto,do compostable straws have gluten,,4,,,
Zepto,eco compostable straws,,4,,,
Zepto,biodegradable straws for honey sticks,,4,,,
Zepto,biodegradable straws gluten free,,4,,,
Zepto,biodegradable straws india,,4,,,
Zepto,lifemade compostable straws,,4,,,
Zepto,compostable straws material,,4,,,
Zepto,biodegradable straws not paper,,4,,,
Zepto,compostable pla straws,,4,,,
Zepto,compostable rice straw,,4,,,
Zepto,compostable spoon straws,,4,,,
Zepto,biodegradable straws target,,4,,,
Zepto,compostable wrapped straws,,4,,,
Zepto,paper straws and gluten,,4,,,
Zepto,paper straws banned,,4,,,
Zepto,paper straws canada,,4,,,
Zepto,paper straws donald trump,,4,,,
Zepto,paper straws ebay,,4,,,
Zepto,paper straws for mason bees,,4,,,
Zepto,paper straws green,,4,,,
Zepto,paper straws hs code,,4,,,
Zepto,paper straws in bulk,,4,,,
Zepto,paper straws new jersey,,4,,,
Zepto,paper straws kids,,4,,,
Zepto,paper straws long,,4,,,
Zepto,paper straws morrisons,,4,,,
Zepto,paper straws not gluten free,,4,,,
Zepto,paper straws origin,,4,,,
Zepto,paper straws poundland,,4,,,
Zepto,paper straws red and white,,4,,,
Zepto,paper straws spotlight,,4,,,
Zepto,paper straws trump,,4,,,
Zepto,paper straws useless,,4,,,
Zepto,paper straws vancouver,,4,,,
Zepto,paper straws white,,4,,,
Zepto,are paper straws safe,,4,,,
Zepto,paper straws nine year old,,4,,,
Zepto,food packaging and shelf life journal,,4,,,
Zepto,food packaging bags,,4,,,
Zepto,food packaging covers,,4,,,
Zepto,food packaging design agency,,4,,,
Zepto,food packaging expo,,4,,,
Zepto,food packaging films,,4,,,
Zepto,food packaging gurgaon,,4,,,
Zepto,food packaging heat sealer,,4,,,
Zepto,food packaging in delhi,,4,,,
Zepto,food packaging journals,,4,,,
Zepto,food packaging kenya,,4,,,
Zepto,food packaging label design,,4,,,
Zepto,food packaging machine,,4,,,
Zepto,food packaging notes,,4,,,
Zepto,food packaging operator job description,,4,,,
Zepto,food packaging plates,,4,,,
Zepto,food packaging quotes,,4,,,
Zepto,food packaging requirements,,4,,,
Zepto,food packaging store near me,,4,,,
Zepto,food packaging tray,,4,,,
Zepto,food packaging uk,,4,,,
Zepto,food packaging volunteer,,4,,,
Zepto,food packaging work near me,,4,,,
Zepto,xps food packaging,,4,,,
Zepto,food packaging new york,,4,,,
Zepto,food packaging ziplock,,4,,,
Zepto,party supplies australia,,4,,,
Zepto,party supplies brooklyn,,4,,,
Zepto,party supplies columbus ohio,,4,,,
Zepto,party supplies dubai,,4,,,
Zepto,party supplies epping,,4,,,
Zepto,party decorations for kids,,4,,,
Zepto,party supplies greenville sc,,4,,,
Zepto,party decorations hire near me,,4,,,
Zepto,party decorations ideas for adults,,4,,,
Zepto,party supplies jamaica,,4,,,
Zepto,party plates kmart,,4,,,
Zepto,party supplies list,,4,,,
Zepto,party supplies mcallen tx,,4,,,
Zepto,party supplies nearby,,4,,,
Zepto,party supplies okc,,4,,,
Zepto,party plates plastic,,4,,,
Zepto,party supplies qormi,,4,,,
Zepto,party supplies raleigh nc,,4,,,
Zepto,party supplies store near me,,4,,,
Zepto,party supplies tucson,,4,,,
Zepto,party supplies usa,,4,,,
Zepto,party supplies virginia beach,,4,,,
Zepto,party supplies walmart,,4,,,
Zepto,party supplies yakima,,4,,,
Zepto,party supplies zurich,,4,,,
Zepto,bagasse plates manufacturing plant cost,,5,,,
Zepto,disposable cups 250ml 1000s,,5,,,
Zepto,disposable cups 250ml 1000 per box,,5,,,
Zepto,bulk coffee cups,,5,,,
Zepto,clamshell sugarcane bagasse,,5,,,
Zepto,compostable containers with lids wholesale,,5,,,
Zepto,eco friendly party plates and cutlery,,5,,,
Zepto,eco friendly buffet plates,,5,,,
Zepto,eco friendly children's plates,,5,,,
Zepto,eco friendly dinner plates,,5,,,
Zepto,eco friendly examples,,5,,,
Zepto,are bamboo plates eco friendly,,5,,,
Zepto,best eco friendly kids plates,,5,,,
Zepto,eco friendly banana leaf plates,,5,,,
Zepto,eco friendly plates manufacturing near me,,5,,,
Zepto,eco friendly serving plates,,5,,,
Zepto,eco friendly thanksgiving plates,,5,,,
Zepto,eco friendly single use plates,,5,,,
Zepto,eco friendly plates wedding,,5,,,
Zepto,biodegradable plates and cups machine,,5,,,
Zepto,biodegradable plates big size,,5,,,
Zepto,biodegradable plates cost,,5,,,
Zepto,biodegradable disposable plates machine,,5,,,
Zepto,biodegradable tableware export from india,,5,,,
Zepto,biodegradable plates for parties,,5,,,
Zepto,biodegradable green plates,,5,,,
Zepto,biodegradable plates have gluten,,5,,,
Zepto,biodegradable plates manufacturers in gujarat,,5,,,
Zepto,biodegradable paper plates and cups,,5,,,
Zepto,biodegradable utensils research,,5,,,
Zepto,biodegradable plates small,,5,,,
Zepto,biodegradable thanksgiving plates,,5,,,
Zepto,disposable plates and glass making machine price,,5,,,
Zepto,disposable plates box,,5,,,
Zepto,disposable plates compartments,,5,,,
Zepto,disposable plates dinner,,5,,,
Zepto,disposable plates elegant,,5,,,
Zepto,disposable plates for dinner,,5,,,
Zepto,disposable plates glasses and cutlery,,5,,,
Zepto,disposable plates high quality,,5,,,
Zepto,disposable plates in bulk,,5,,,
Zepto,disposable plates jalandhar,,5,,,
Zepto,disposable plates kids,,5,,,
Zepto,disposable plates large,,5,,,
Zepto,disposable plates meesho,,5,,,
Zepto,disposable plates natural,,5,,,
Zepto,disposable plates organizer,,5,,,
Zepto,disposable plates pronunciation,,5,,,
Zepto,paper plates qatar,,5,,,
Zepto,disposable plates red dot,,5,,,
Zepto,disposable plates small size,,5,,,
Zepto,disposable plates that look like china,,5,,,
Zepto,disposable plates utensils,,5,,,
Zepto,disposable plates verka,,5,,,
Zepto,disposable plates wholesale price,,5,,,
Zepto,paper plates xl,,5,,,
Zepto,paper plates you can microwave,,5,,,
Zepto,paper plates zoo animals,,5,,,
Zepto,bagasse plates asda,,5,,,
Zepto,bagasse plates business,,5,,,
Zepto,bagasse compostable plates,,5,,,
Zepto,bagasse disposable plates near me,,5,,,
Zepto,bagasse tableware exporter,,5,,,
Zepto,bagasse sugarcane fiber plates,,5,,,
Zepto,are bagasse plates gluten free,,5,,,
Zepto,bagasse tableware hs code,,5,,,
Zepto,bagasse plates in uk,,5,,,
Zepto,bagasse plates in usa,,5,,,
Zepto,sugarcane bagasse plates price,,5,,,
Zepto,origami bagasse plates,,5,,,
Zepto,bagasse paper plates,,5,,,
Zepto,bagasse plate rate,,5,,,
Zepto,bagasse sugarcane plates,,5,,,
Zepto,bagasse plates manufacturers in tamilnadu,,5,,,
Zepto,disposable serving trays amazon,,5,,,
Zepto,disposable serving trays b&m,,5,,,
Zepto,disposable serving trays costco,,5,,,
Zepto,disposable food tray with drink holder,,5,,,
Zepto,disposable food tray with lid,,5,,,
Zepto,plastic meal tray near me,,5,,,
Zepto,plastic meal tray price,,5,,,
Zepto,how much ml is a paper cup,,5,,,
Zepto,paper cup 200ml price,,5,,,
Zepto,bulk coffee cups and saucers,,5,,,
Zepto,black paper cups bulk,,5,,,
Zepto,bulk coffee cups cheap,,5,,,
Zepto,bulk coffee cups for cafe,,5,,,
Zepto,wholesale paper cup manufacturers in madurai,,5,,,
Zepto,wholesale paper cups with lids,,5,,,
Zepto,bulk disposable cups near me,,5,,,
Zepto,bulk disposable plastic cups,,5,,,
Zepto,wholesale paper cup supplier malaysia,,5,,,
Zepto,bulk coffee travel cups,,5,,,
Zepto,wooden utensils set amazon,,5,,,
Zepto,wooden knife block set with sharpener,,5,,,
Zepto,wooden utensils cooking set,,5,,,
Zepto,wooden cooking utensils set dishwasher safe,,5,,,
Zepto,wooden utensils set for kids,,5,,,
Zepto,george home wooden cutlery set,,5,,,
Zepto,wooden utensils set house,,5,,,
Zepto,cutlery set in wooden box,,5,,,
Zepto,wooden utensils set kids,,5,,,
Zepto,wooden utensils set near me,,5,,,
Zepto,bamboo cutlery set with pouch,,5,,,
Zepto,wooden utensils set sale,,5,,,
Zepto,wooden knife set with sharpener,,5,,,
Zepto,wooden knife set toddler,,5,,,
Zepto,wooden kitchen utensils set uk,,5,,,
Zepto,disposable cutlery amazon,,5,,,
Zepto,disposable cutlery bulk,,5,,,
Zepto,disposable cutlery canadian tire,,5,,,
Zepto,disposable cutlery display,,5,,,
Zepto,plastic cutlery ebay,,5,,,
Zepto,disposable cutlery factory,,5,,,
Zepto,disposable gold cutlery wholesale,,5,,,
Zepto,disposable cutlery hsn code,,5,,,
Zepto,disposable cutlery in spanish,,5,,,
Zepto,plastic cutlery kmart,,5,,,
Zepto,plastic cutlery lidl,,5,,,
Zepto,disposable cutlery market size in india,,5,,,
Zepto,disposable cutlery nice,,5,,,
Zepto,plastic cutlery organizer with lid,,5,,,
Zepto,disposable cutlery pronunciation,,5,,,
Zepto,is disposable cutlery recyclable,,5,,,
Zepto,plastic cutlery reusable,,5,,,
Zepto,disposable cutlery sainsbury's,,5,,,
Zepto,disposable cutlery tray,,5,,,
Zepto,plastic cutlery usa,,5,,,
Zepto,disposable cutlery wooden,,5,,,
Zepto,compostable cups and plates,,5,,,
Zepto,compostable cups bulk,,5,,,
Zepto,compostable carryout containers,,5,,,
Zepto,compostable drink containers,,5,,,
Zepto,biodegradable egg containers,,5,,,
Zepto,compostable food containers nearby,,5,,,
Zepto,can compostable containers go in oven,,5,,,
Zepto,compostable cups in bulk,,5,,,
Zepto,compostable k cups not working,,5,,,
Zepto,compostable packaging label,,5,,,
Zepto,compostable microgreen containers,,5,,,
Zepto,compostable cups nearby,,5,,,
Zepto,compostable take out containers microwave safe,,5,,,
Zepto,compostable produce containers,,5,,,
Zepto,compostable cups restaurant depot,,5,,,
Zepto,compostable sushi containers,,5,,,
Zepto,compostable tupperware containers,,5,,,
Zepto,is compostable plastic really compostable,,5,,,
Zepto,biodegradable containers with lids,,5,,,
Zepto,biodegradable straws agave,,5,,,
Zepto,compostable bendy straws,,5,,,
Zepto,compostable crazy straws,,5,,,
Zepto,biodegradable disposable straws,,5,,,
Zepto,do compostable straws have microplastics,,5,,,
Zepto,are compostable rice straws edible,,5,,,
Zepto,biodegradable straws fiji,,5,,,
Zepto,biodegradable straws gluten,,5,,,
Zepto,compostable straw manufacturers in india,,5,,,
Zepto,biodegradable straws near me,,5,,,
Zepto,biodegradable straws plastic,,5,,,
Zepto,are compostable straws recyclable,,5,,,
Zepto,biodegradable straws south africa,,5,,,
Zepto,compostable bubble tea straws,,5,,,
Zepto,biodegradable straws wholesale,,5,,,
Zepto,paper straws are bad,,5,,,
Zepto,paper straws blue,,5,,,
Zepto,paper straws california,,5,,,
Zepto,paper straws delaware,,5,,,
Zepto,paper straws environment,,5,,,
Zepto,paper straws for cake pops,,5,,,
Zepto,paper straws glue,,5,,,
Zepto,paper straws have wheat,,5,,,
Zepto,paper straws invented,,5,,,
Zepto,paper wrapped jumbo straws,,5,,,
Zepto,do paper straws kill turtles,,5,,,
Zepto,paper straws lidl,,5,,,
Zepto,paper straws meme,,5,,,
Zepto,paper straws new world,,5,,,
Zepto,paper straws online,,5,,,
Zepto,paper straws pack,,5,,,
Zepto,paper straws red,,5,,,
Zepto,paper straws study,,5,,,
Zepto,paper straws that don't get soggy,,5,,,
Zepto,paper straws usa trump,,5,,,
Zepto,paper straws vs plastic cost,,5,,,
Zepto,paper straws worse than plastic,,5,,,
Zepto,why are paper straws so bad,,5,,,
Zepto,paper straws new york,,5,,,
Zepto,food packaging and shelf life abbreviation,,5,,,
Zepto,food packaging boxes near me,,5,,,
Zepto,food packaging container near me,,5,,,
Zepto,food packaging drawing easy,,5,,,
Zepto,food packaging expo 2026 india,,5,,,
Zepto,food packaging fonts,,5,,,
Zepto,food packaging gas name,,5,,,
Zepto,food packaging hs code,,5,,,
Zepto,food packaging industry near me,,5,,,
Zepto,food packaging job in europe,,5,,,
Zepto,food packaging kraft paper,,5,,,
Zepto,food packaging license india,,5,,,
Zepto,food packaging manufacturers,,5,,,
Zepto,food packaging notes pdf,,5,,,
Zepto,food packaging ottawa,,5,,,
Zepto,food packaging polythene,,5,,,
Zepto,food packaging quality control,,5,,,
Zepto,food packaging responsibilities,,5,,,
Zepto,food packaging silver pouch,,5,,,
Zepto,food packaging technology pdf,,5,,,
Zepto,food packaging usa,,5,,,
Zepto,food packaging video,,5,,,
Zepto,food packaging work,,5,,,
Zepto,xmas food packaging,,5,,,
Zepto,food with yellow packaging uk,,5,,,
Zepto,food packaging zip bags,,5,,,
Zepto,party supplies albuquerque,,5,,,
Zepto,party decorations brisbane,,5,,,
Zepto,party supplies colorado springs,,5,,,
Zepto,party supplies des moines,,5,,,
Zepto,party supplies erie pa,,5,,,
Zepto,party supplies fresno,,5,,,
Zepto,party supplies greenville nc,,5,,,
Zepto,party supplies huntsville al,,5,,,
Zepto,party decorations ireland,,5,,,
Zepto,party supplies jackson tn,,5,,,
Zepto,party supplies kingston,,5,,,
Zepto,party supplies lexington ky,,5,,,
Zepto,party supplies minneapolis,,5,,,
Zepto,party decorations nearby,,5,,,
Zepto,party supplies orlando,,5,,,
Zepto,party decorations pink,,5,,,
Zepto,party supplies queens,,5,,,
Zepto,party supplies reno,,5,,,
Zepto,party decorations store,,5,,,
Zepto,party supplies toronto,,5,,,
Zepto,party supplies underwood,,5,,,
Zepto,party supplies visalia,,5,,,
Zepto,party supplies winnipeg,,5,,,
Zepto,party supplies yuba city,,5,,,
Zepto,party supplies zabbar,,5,,,
Zepto,bagasse plates meaning,,6,,,
Zepto,disposable meal tray with lid wholesale,,6,,,
Zepto,eco friendly use and throw plates,,6,,,
Zepto,eco friendly baby plates,,6,,,
Zepto,eco friendly christmas plates,,6,,,
Zepto,eco friendly plates from banana leaves,,6,,,
Zepto,eco friendly kids party plates,,6,,,
Zepto,eco friendly palm leaf plates,,6,,,
Zepto,eco friendly plates material,,6,,,
Zepto,best eco friendly paper plates,,6,,,
Zepto,is eco friendly the same as environmentally friendly,,6,,,
Zepto,eco friendly square plates,,6,,,
Zepto,eco friendly disposable plates and utensils,,6,,,
Zepto,eco friendly wooden plates,,6,,,
Zepto,biodegradable plates and glasses,,6,,,
Zepto,biodegradable bamboo plates,,6,,,
Zepto,biodegradable plates canada,,6,,,
Zepto,biodegradable dessert plates,,6,,,
Zepto,biodegradable disposable plates exporters in gujarat,,6,,,
Zepto,biodegradable plates for surgery,,6,,,
Zepto,biodegradable holiday plates,,6,,,
Zepto,biodegradable plates in uk,,6,,,
Zepto,compostable leaf plates,,6,,,
Zepto,biodegradable plates material,,6,,,
Zepto,compostable plates nearby,,6,,,
Zepto,paper plates biodegradable or nonbiodegradable,,6,,,
Zepto,biodegradable partition plates,,6,,,
Zepto,biodegradable plates set,,6,,,
Zepto,compostable plates target,,6,,,
Zepto,compostable ultra plates,,6,,,
Zepto,biodegradable plates wedding,,6,,,
Zepto,disposable plates and glass making machine,,6,,,
Zepto,disposable plates business in india,,6,,,
Zepto,disposable plates comes under which category,,6,,,
Zepto,disposable plates decoration ideas,,6,,,
Zepto,disposable plates etc,,6,,,
Zepto,disposable plates for momos,,6,,,
Zepto,disposable plates glass machine,,6,,,
Zepto,disposable plates heavy duty,,6,,,
Zepto,disposable plates in chandigarh,,6,,,
Zepto,disposable plates jaipur,,6,,,
Zepto,disposable plates kaufland,,6,,,
Zepto,disposable plates luxury,,6,,,
Zepto,disposable plates manufacturers near me,,6,,,
Zepto,disposable plates near me within 800m,,6,,,
Zepto,disposable plates on amazon,,6,,,
Zepto,disposable plates png,,6,,,
Zepto,plastic plates qatar,,6,,,
Zepto,disposable plates restaurant depot,,6,,,
Zepto,disposable plates square,,6,,,
Zepto,disposable plates target,,6,,,
Zepto,disposable plates uae,,6,,,
Zepto,disposable plates visiting card,,6,,,
Zepto,disposable plates with cover,,6,,,
Zepto,paper plates x100,,6,,,
Zepto,paper plates youtube,,6,,,
Zepto,paper plates zehrs,,6,,,
Zepto,sugarcane bagasse plates & bowls,,6,,,
Zepto,bagasse plates buy,,6,,,
Zepto,bagasse tableware china,,6,,,
Zepto,bagasse tableware distributor,,6,,,
Zepto,sugarcane bagasse plates export from india,,6,,,
Zepto,bagasse plates manufacturers in gujarat,,6,,,
Zepto,sugarcane bagasse plates hsn code,,6,,,
Zepto,bagasse pizza plates,,6,,,
Zepto,bagasse rectangular plate,,6,,,
Zepto,bagasse small plates,,6,,,
Zepto,sugarcane bagasse to plates,,6,,,
Zepto,bagasse plate weight,,6,,,
Zepto,disposable serving trays aluminum,,6,,,
Zepto,disposable serving trays christmas,,6,,,
Zepto,disposable serving trays for desserts,,6,,,
Zepto,plastic ready meal tray melted in oven,,6,,,
Zepto,disposable lunch trays nearby,,6,,,
Zepto,disposable meal prep tray,,6,,,
Zepto,disposable food tray with cover,,6,,,
Zepto,polystyrene paper cups 250ml,,6,,,
Zepto,bulk coffee cups amazon,,6,,,
Zepto,bulk disposable tea cups and saucers,,6,,,
Zepto,brown paper cups bulk,,6,,,
Zepto,bulk paper cone cups,,6,,,
Zepto,bulk coffee cups for coffee shop,,6,,,
Zepto,wholesale paper cup manufacturers in kerala,,6,,,
Zepto,bulk coffee cups with lids and sleeves,,6,,,
Zepto,bulk coffee cups nearby,,6,,,
Zepto,bulk disposable shot cups,,6,,,
Zepto,bamboo cutlery set amazon,,6,,,
Zepto,wooden knife block set uk,,6,,,
Zepto,wooden knife set for toddlers,,6,,,
Zepto,wooden knife handle set,,6,,,
Zepto,cutlery set in wooden case,,6,,,
Zepto,wooden utensils set kmart,,6,,,
Zepto,wooden utensils set non toxic,,6,,,
Zepto,wooden picnic cutlery set,,6,,,
Zepto,bamboo cutlery set silver,,6,,,
Zepto,wooden knife set with stand,,6,,,
Zepto,wooden utensils set teak,,6,,,
Zepto,bamboo handle cutlery set uk,,6,,,
Zepto,disposable cutlery argos,,6,,,
Zepto,disposable cutlery big w,,6,,,
Zepto,disposable cutlery compostable,,6,,,
Zepto,plastic cutlery drainer,,6,,,
Zepto,disposable forks eco,,6,,,
Zepto,disposable cutlery for kids,,6,,,
Zepto,plastic cutlery gold,,6,,,
Zepto,disposable cutlery holder for party,,6,,,
Zepto,disposable cutlery items,,6,,,
Zepto,disposable forks kmart,,6,,,
Zepto,plastic cutlery lunch set,,6,,,
Zepto,disposable cutlery morrisons,,6,,,
Zepto,disposable cutlery ntuc,,6,,,
Zepto,plastic cutlery on plane,,6,,,
Zepto,disposable cutlery price,,6,,,
Zepto,plastic cutlery reject shop,,6,,,
Zepto,disposable cutlery singapore,,6,,,
Zepto,disposable cutlery that looks real,,6,,,
Zepto,plastic cutlery uk ban,,6,,,
Zepto,disposable cutlery wholesale singapore,,6,,,
Zepto,sugar cane bar reviews,,6,,,
Zepto,compostable cups and straws,,6,,,
Zepto,compostable packaging boxes,,6,,,
Zepto,compostable cosmetic containers,,6,,,
Zepto,compostable deli containers with lids,,6,,,
Zepto,compostable espresso cups,,6,,,
Zepto,compostable food containers near me,,6,,,
Zepto,can compostable containers go in fogo,,6,,,
Zepto,compostable hot cups with lids,,6,,,
Zepto,compostable insulated packaging,,6,,,
Zepto,compostable k cups nearby,,6,,,
Zepto,compostable cups lids,,6,,,
Zepto,compostable muffin containers,,6,,,
Zepto,compostable packaging nz,,6,,,
Zepto,compostable take out containers canada,,6,,,
Zepto,compostable pla containers,,6,,,
Zepto,are egg containers compostable,,6,,,
Zepto,are compostable containers recyclable,,6,,,
Zepto,compostable snack containers,,6,,,
Zepto,compostable cups target,,6,,,
Zepto,compostable cups walmart,,6,,,
Zepto,compostable black straws,,6,,,
Zepto,compostable coffee straws,,6,,,
Zepto,are compostable straws more expensive,,6,,,
Zepto,biodegradable straws for restaurants,,6,,,
Zepto,biodegradable straws green,,6,,,
Zepto,bpi compostable straw ingredients,,6,,,
Zepto,compostable straw manufacturer,,6,,,
Zepto,biodegradable straws nz,,6,,,
Zepto,biodegradable straws price,,6,,,
Zepto,biodegradable rice straws,,6,,,
Zepto,biodegradable straws starbucks,,6,,,
Zepto,tuv compostable straws,,6,,,
Zepto,biodegradable straws walmart,,6,,,
Zepto,paper straws are terrible,,6,,,
Zepto,paper straws bad for you,,6,,,
Zepto,paper straws crazy store,,6,,,
Zepto,paper straws don t work,,6,,,
Zepto,paper straws in europe,,6,,,
Zepto,paper straws for bee house,,6,,,
Zepto,paper straws gold,,6,,,
Zepto,paper straws health risk,,6,,,
Zepto,paper straws in canada,,6,,,
Zepto,paper straws are a joke,,6,,,
Zepto,paper straws burger king,,6,,,
Zepto,paper straws lebanon,,6,,,
Zepto,paper straws made in usa,,6,,,
Zepto,paper straws news,,6,,,
Zepto,paper straws on amazon,,6,,,
Zepto,paper straws pfas study,,6,,,
Zepto,paper straws reject shop,,6,,,
Zepto,paper straws soggy,,6,,,
Zepto,paper straws the range,,6,,,
Zepto,paper straws urban dictionary,,6,,,
Zepto,paper straws video,,6,,,
Zepto,paper straws wrapped in plastic,,6,,,
Zepto,9 year old study paper straws,,6,,,
Zepto,food packaging and labelling,,6,,,
Zepto,food packaging box manufacturers,,6,,,
Zepto,food packaging company near me,,6,,,
Zepto,food packaging design ideas,,6,,,
Zepto,food packaging experience certificate,,6,,,
Zepto,food packaging factory,,6,,,
Zepto,food packaging guidelines,,6,,,
Zepto,food packaging hiring near me,,6,,,
Zepto,food packaging images,,6,,,
Zepto,food packaging jobs in russia,,6,,,
Zepto,food packaging kota kinabalu,,6,,,
Zepto,food packaging laws and regulations,,6,,,
Zepto,food packaging material shop near me,,6,,,
Zepto,food packaging network,,6,,,
Zepto,food packaging online australia,,6,,,
Zepto,food packaging paper bags,,6,,,
Zepto,food packaging quiz,,6,,,
Zepto,food packaging regulations fssai,,6,,,
Zepto,food packaging suppliers near me,,6,,,
Zepto,food packaging technology nptel,,6,,,
Zepto,food packaging unit near me,,6,,,
Zepto,food packaging volunteer near me,,6,,,
Zepto,food packaging work from home,,6,,,
Zepto,purpose of food packaging,,6,,,
Zepto,cat food yellow packaging,,6,,,
Zepto,food packaging zipper bag,,6,,,
Zepto,party decorations amazon,,6,,,
Zepto,party supplies bangalore,,6,,,
Zepto,party supplies calgary,,6,,,
Zepto,party supplies downtown la,,6,,,
Zepto,party supplies el paso tx,,6,,,
Zepto,party supplies fayetteville nc,,6,,,
Zepto,party supplies glasgow,,6,,,
Zepto,party supplies hoppers crossing,,6,,,
Zepto,party supplies in bulk,,6,,,
Zepto,party supplies joplin mo,,6,,,
Zepto,party supplies kmart,,6,,,
Zepto,party supplies louisville ky,,6,,,
Zepto,party supplies manchester,,6,,,
Zepto,party supplies nyc,,6,,,
Zepto,party supplies ottawa,,6,,,
Zepto,party decorations paper,,6,,,
Zepto,party favors quinceanera,,6,,,
Zepto,party decorations rental,,6,,,
Zepto,party decorations store near me,,6,,,
Zepto,party supplies tyler tx,,6,,,
Zepto,party supplies upper hutt,,6,,,
Zepto,party supplies victoria tx,,6,,,
Zepto,party supplies wellington,,6,,,
Zepto,party supplies york,,6,,,
Zepto,party supplies zurrieq,,6,,,
Zepto,bagasse plates manufacturing machine cost,,7,,,
Zepto,bulk disposable cups,,7,,,
Zepto,eco friendly disposable plates and bowls,,7,,,
Zepto,eco friendly bagasse plates,,7,,,
Zepto,eco friendly charger plates,,7,,,
Zepto,eco friendly disposable plates machine,,7,,,
Zepto,eco friendly disposable plates for wedding,,7,,,
Zepto,eco friendly microwavable plates,,7,,,
Zepto,eco friendly plates and glasses,,7,,,
Zepto,eco friendly snack plates,,7,,,
Zepto,eco friendly to go plates,,7,,,
Zepto,biodegradable plates and cups making machine,,7,,,
Zepto,biodegradable bagasse plates,,7,,,
Zepto,biodegradable plates china,,7,,,
Zepto,biodegradable disposable plates near me,,7,,,
Zepto,plates compostable except in ca,,7,,,
Zepto,biodegradable plates from leaves,,7,,,
Zepto,compostable plates gluten free,,7,,,
Zepto,biodegradable tableware hs code,,7,,,
Zepto,biodegradable kitchen utensils,,7,,,
Zepto,compostable lunch plates,,7,,,
Zepto,biodegradable plates manufacturers in hyderabad,,7,,,
Zepto,oracle biodegradable plates,,7,,,
Zepto,biodegradable paper plates near me,,7,,,
Zepto,compostable plates reddit,,7,,,
Zepto,biodegradable plates south africa,,7,,,
Zepto,biodegradable single use plates,,7,,,
Zepto,biodegradable plates walmart,,7,,,
Zepto,disposable plates and glass shop near me,,7,,,
Zepto,disposable plates biodegradable,,7,,,
Zepto,disposable plates chickpet,,7,,,
Zepto,disposable plates diy,,7,,,
Zepto,disposable plates eco,,7,,,
Zepto,disposable plates factory near me,,7,,,
Zepto,disposable plates gold,,7,,,
Zepto,disposable plates home bargains,,7,,,
Zepto,disposable plates in sadar bazar,,7,,,
Zepto,disposable plates jumia,,7,,,
Zepto,disposable plates kenya,,7,,,
Zepto,disposable plates lebanon,,7,,,
Zepto,disposable plates meaning,,7,,,
Zepto,disposable plates near me open now,,7,,,
Zepto,disposable plates officeworks,,7,,,
Zepto,disposable plates pack,,7,,,
Zepto,paper plates quality,,7,,,
Zepto,disposable plates round,,7,,,
Zepto,disposable plates silver,,7,,,
Zepto,disposable plates that look real,,7,,,
Zepto,disposable plates under ₹ 1000,,7,,,
Zepto,disposable plates viva,,7,,,
Zepto,disposable plates with compartments,,7,,,
Zepto,paper plates xmas tree,,7,,,
Zepto,paper plates yakuza kiwami,,7,,,
Zepto,paper plates zazzle,,7,,,
Zepto,bagasse plates hsn code and gst rate,,7,,,
Zepto,bagasse plates benefits,,7,,,
Zepto,bagasse disposable plate hsn code,,7,,,
Zepto,eco bagasse plates,,7,,,
Zepto,plates from bagasse,,7,,,
Zepto,disposable bagasse plates hsn code,,7,,,
Zepto,bagasse tableware importers in usa,,7,,,
Zepto,bagasse plate manufacturers near me,,7,,,
Zepto,bagasse party plates,,7,,,
Zepto,bagasse round plate 7,,7,,,
Zepto,bagasse tableware supplier,,7,,,
Zepto,bagasse use and throw plates,,7,,,
Zepto,bagasse plate water resistant,,7,,,
Zepto,disposable food trays asda,,7,,,
Zepto,disposable serving trays coles,,7,,,
Zepto,disposable serving trays for food,,7,,,
Zepto,disposable food trays nz,,7,,,
Zepto,disposable food tray party,,7,,,
Zepto,8cp meal tray takeaway disposable thali with lid,,7,,,
Zepto,disposable food tray warmers,,7,,,
Zepto,bulk disposable cups and lids,,7,,,
Zepto,bulk coffee cups cute,,7,,,
Zepto,paper cups for coffee bulk,,7,,,
Zepto,wholesale paper cup manufacturers in ahmedabad,,7,,,
Zepto,bulk disposable cups with lids and straws,,7,,,
Zepto,wholesale paper cup manufacturers south africa,,7,,,
Zepto,bulk coffee shop cups,,7,,,
Zepto,bulk coffee takeaway cups,,7,,,
Zepto,bamboo cutlery set australia,,7,,,
Zepto,wooden knife box set,,7,,,
Zepto,bamboo cutlery set for kids,,7,,,
Zepto,cutlery wooden handle set,,7,,,
Zepto,wooden utensils set with holder,,7,,,
Zepto,ikea wooden cutlery set,,7,,,
Zepto,bamboo cutlery set kmart,,7,,,
Zepto,wooden cooking utensils set made in usa,,7,,,
Zepto,wooden utensils set nearby,,7,,,
Zepto,premium wooden cutlery set,,7,,,
Zepto,wooden handle cutlery set sale,,7,,,
Zepto,disposable cutlery at costco,,7,,,
Zepto,disposable cutlery bamboo,,7,,,
Zepto,disposable cutlery caddy,,7,,,
Zepto,plastic cutlery dispenser,,7,,,
Zepto,disposable tableware eco friendly,,7,,,
Zepto,disposable cutlery for cafe,,7,,,
Zepto,disposable utensils gold,,7,,,
Zepto,disposable cutlery hk,,7,,,
Zepto,disposable cutlery in bulk,,7,,,
Zepto,plastic cutlery kids,,7,,,
Zepto,plastic cutlery lebanon,,7,,,
Zepto,disposable cutlery machine,,7,,,
Zepto,plastic cutlery near me,,7,,,
Zepto,disposable utensils organizer,,7,,,
Zepto,disposable cutlery plates,,7,,,
Zepto,plastic cutlery recyclable,,7,,,
Zepto,disposable cutlery set costco,,7,,,
Zepto,disposable cutlery tm class,,7,,,
Zepto,disposable utility knife,,7,,,
Zepto,disposable cutlery wedding,,7,,,
Zepto,parts of a sugarcane stem,,7,,,
Zepto,biodegradable containers amazon,,7,,,
Zepto,compostable packaging brands,,7,,,
Zepto,compostable cups costco,,7,,,
Zepto,compostable packaging disposal,,7,,,
Zepto,compostable eco cups,,7,,,
Zepto,compostable food containers wholesale,,7,,,
Zepto,compostable grease cups,,7,,,
Zepto,compostable hot cups near me,,7,,,
Zepto,compostable iced cups,,7,,,
Zepto,compostable k cups coffee,,7,,,
Zepto,compostable packaging materials,,7,,,
Zepto,biodegradable containers near me,,7,,,
Zepto,compostable take out containers nearby,,7,,,
Zepto,compostable packaging products,,7,,,
Zepto,compostable reusable cups,,7,,,
Zepto,compostable sandwich containers,,7,,,
Zepto,compostable packaging toronto,,7,,,
Zepto,compostable cups with lids and straws,,7,,,
Zepto,are compostable straws gluten free,,7,,,
Zepto,compostable bamboo straws,,7,,,
Zepto,biodegradable straws canada,,7,,,
Zepto,ecosystems compostable straws gluten free,,7,,,
Zepto,bpi compostable straws gluten free,,7,,,
Zepto,do compostable straws have wheat,,7,,,
Zepto,ingeo compostable straws,,7,,,
Zepto,biodegradable straws made of,,7,,,
Zepto,compostable super smoothie natural straws,,7,,,
Zepto,compostable pasta straw,,7,,,
Zepto,biodegradable reusable straws,,7,,,
Zepto,biodegradable straws sugarcane,,7,,,
Zepto,biodegradable straws wrapped,,7,,,
Zepto,paper straws aldi,,7,,,
Zepto,paper straws bad,,7,,,
Zepto,paper straws chemicals,,7,,,
Zepto,paper straws disadvantages,,7,,,
Zepto,paper straws explode meme,,7,,,
Zepto,paper straws for drinking,,7,,,
Zepto,paper straws gf,,7,,,
Zepto,paper straws harmful chemicals,,7,,,
Zepto,paper straws in florida,,7,,,
Zepto,jumbo paper straws near me,,7,,,
Zepto,go green paper straws kochi,,7,,,
Zepto,paper straws light blue,,7,,,
Zepto,paper straws mcdonald's,,7,,,
Zepto,paper straws nj,,7,,,
Zepto,paper straws on capri suns,,7,,,
Zepto,paper straws pink,,7,,,
Zepto,paper straws restaurant,,7,,,
Zepto,paper straws starbucks,,7,,,
Zepto,paper straws toxic study,,7,,,
Zepto,paper u straws,,7,,,
Zepto,are paper straws vegan,,7,,,
Zepto,paper straws with gluten,,7,,,
Zepto,food packaging and shelf life journal abbreviation,,7,,,
Zepto,food packaging business,,7,,,
Zepto,food packaging container wholesale,,7,,,
Zepto,food packaging design templates,,7,,,
Zepto,food packaging eco friendly,,7,,,
Zepto,food packaging for travel,,7,,,
Zepto,food packaging glasgow,,7,,,
Zepto,food packaging hamilton,,7,,,
Zepto,food packaging items shop near me,,7,,,
Zepto,food packaging jobs in luxembourg with visa sponsorship,,7,,,
Zepto,food packaging kraft box,,7,,,
Zepto,food packaging logo design,,7,,,
Zepto,food packaging mockup,,7,,,
Zepto,food packaging near me wholesale,,7,,,
Zepto,food packaging ontario,,7,,,
Zepto,food packaging packet,,7,,,
Zepto,food packaging qld,,7,,,
Zepto,food packaging rules,,7,,,
Zepto,food packaging suppliers,,7,,,
Zepto,food packaging types,,7,,,
Zepto,food packaging using banana leaves,,7,,,
Zepto,food packaging vacuum sealer,,7,,,
Zepto,food packaging wholesale shop near me,,7,,,
Zepto,food packaging facts,,7,,,
Zepto,dog food yellow packaging,,7,,,
Zepto,food packaging zimbabwe,,7,,,
Zepto,party supplies auckland,,7,,,
Zepto,party supplies birmingham al,,7,,,
Zepto,party supplies canberra,,7,,,
Zepto,party supplies dollar tree,,7,,,
Zepto,party supplies eugene,,7,,,
Zepto,party supplies fort collins,,7,,,
Zepto,party supplies greensboro nc,,7,,,
Zepto,party supplies hobart,,7,,,
Zepto,party supplies in los angeles,,7,,,
Zepto,party supplies jonesboro ar,,7,,,
Zepto,party supplies knoxville tn,,7,,,
Zepto,party decorations list,,7,,,
Zepto,party supplies mackay,,7,,,
Zepto,party plates near me,,7,,,
Zepto,party decorations online,,7,,,
Zepto,party decorations personalised,,7,,,
Zepto,party supplies quincy il,,7,,,
Zepto,party supplies richmond va,,7,,,
Zepto,party supplies sydney,,7,,,
Zepto,party supplies target,,7,,,
Zepto,party supplies upper east side,,7,,,
Zepto,party supplies victoria bc,,7,,,
Zepto,party supplies wholesale distributors usa,,7,,,
Zepto,party supplies yuma,,7,,,
Zepto,party supplies zejtun,,7,,,
Zepto,disposable serving trays,,8,,,
Zepto,wholesale paper cups,,8,,,
Zepto,what are eco friendly plates,,8,,,
Zepto,eco friendly birthday plates,,8,,,
Zepto,eco friendly ceramic plates,,8,,,
Zepto,eco friendly food dishes,,8,,,
Zepto,eco friendly areca leaf plates,,8,,,
Zepto,eco friendly plates and spoons,,8,,,
Zepto,eco friendly scrubber dishes,,8,,,
Zepto,biodegradable plates and utensils,,8,,,
Zepto,biodegradable bone plates,,8,,,
Zepto,biodegradable plates cutlery,,8,,,
Zepto,biodegradable dinner plates bulk,,8,,,
Zepto,biodegradable eating utensils,,8,,,
Zepto,biodegradable plates from rice straw,,8,,,
Zepto,gluten in.compostable.plates,,8,,,
Zepto,biodegradable tableware hsn code,,8,,,
Zepto,compostable kids plates,,8,,,
Zepto,biodegradable plates manufacturing machine in india,,8,,,
Zepto,biodegradable utensils near me,,8,,,
Zepto,organic biodegradable plates,,8,,,
Zepto,biodegradable plastic plates and cutlery,,8,,,
Zepto,compostable plates restaurant depot,,8,,,
Zepto,biodegradable sugarcane plates,,8,,,
Zepto,compostable plates tesco,,8,,,
Zepto,biodegradable plates wholesale price,,8,,,
Zepto,disposable plates and cups making machine price,,8,,,
Zepto,disposable plates business plan,,8,,,
Zepto,disposable plates costco,,8,,,
Zepto,disposable plates drawing,,8,,,
Zepto,disposable plates edeka,,8,,,
Zepto,disposable plates for wedding,,8,,,
Zepto,disposable plates gold rim,,8,,,
Zepto,disposable plates holder,,8,,,
Zepto,disposable plates ikea,,8,,,
Zepto,disposable plates john lewis,,8,,,
Zepto,disposable plates katori,,8,,,
Zepto,disposable plates looksharp,,8,,,
Zepto,disposable plates material,,8,,,
Zepto,disposable plates near me shop,,8,,,
Zepto,disposable plates oval,,8,,,
Zepto,disposable plates paper banana leaf,,8,,,
Zepto,plastic plates quality,,8,,,
Zepto,disposable plates red,,8,,,
Zepto,disposable plates sugarcane,,8,,,
Zepto,disposable plates the range,,8,,,
Zepto,disposable plates use and throw,,8,,,
Zepto,disposable plates vyapar kendra,,8,,,
Zepto,disposable plates with compartments and lid,,8,,,
Zepto,paper plates x50,,8,,,
Zepto,disposable yusheng plate,,8,,,
Zepto,paper plates zimbabwe,,8,,,
Zepto,bagasse plates manufacturers in ahmedabad,,8,,,
Zepto,bagasse biodegradable plates,,8,,,
Zepto,bagasse disposable plate manufacturers,,8,,,
Zepto,ezee bagasse plates,,8,,,
Zepto,fresh bagasse plates,,8,,,
Zepto,sugarcane bagasse plates hs code,,8,,,
Zepto,bagasse tableware importers in uk,,8,,,
Zepto,bagasse plates machine,,8,,,
Zepto,sugarcane bagasse plates near me,,8,,,
Zepto,bagasse tableware products,,8,,,
Zepto,bagasse snack plate,,8,,,
Zepto,tesco bagasse plates,,8,,,
Zepto,is bagasse compostable,,8,,,
Zepto,bagasse plate with food,,8,,,
Zepto,disposable serving trays and platters,,8,,,
Zepto,disposable serving tray with compartments,,8,,,
Zepto,disposable serving trays poundland,,8,,,
Zepto,disposable lunch tray with lid,,8,,,
Zepto,bulk paper plates and cups,,8,,,
Zepto,bulk coffee creamer cups,,8,,,
Zepto,paper cups for hot drinks bulk,,8,,,
Zepto,wholesale paper cup manufacturers in chennai,,8,,,
Zepto,bulk coffee cups with lids plastic,,8,,,
Zepto,paper cups bulk price,,8,,,
Zepto,where to buy bulk paper cups,,8,,,
Zepto,bulk coffee cups with saucers,,8,,,
Zepto,wooden utensils set acacia,,8,,,
Zepto,biopak wooden cutlery set,,8,,,
Zepto,bamboo cutlery set with case,,8,,,
Zepto,wooden utensils set for kitchen,,8,,,
Zepto,silver cutlery set in wooden box,,8,,,
Zepto,wooden utensils kitchen set,,8,,,
Zepto,bamboo cutlery set near me,,8,,,
Zepto,pre packed wooden cutlery set,,8,,,
Zepto,kitchen cutlery set price,,8,,,
Zepto,bamboo cutlery set for toddlers,,8,,,
Zepto,cutlery collections wooden utensil set,,8,,,
Zepto,bamboo cutlery set wholesale,,8,,,
Zepto,disposable cutlery and plates near me,,8,,,
Zepto,disposable cutlery bags,,8,,,
Zepto,disposable cutlery container,,8,,,
Zepto,plastic cutlery drawer inserts,,8,,,
Zepto,disposable tableware exhibition,,8,,,
Zepto,disposable cutlery fork,,8,,,
Zepto,disposable forks gold,,8,,,
Zepto,plastic cutlery holder,,8,,,
Zepto,plastic cutlery ikea,,8,,,
Zepto,plastic cutlery kit,,8,,,
Zepto,plastic cutlery law,,8,,,
Zepto,disposable cutlery malta,,8,,,
Zepto,disposable utensils near me,,8,,,
Zepto,disposable silverware organizer,,8,,,
Zepto,disposable cutlery packets,,8,,,
Zepto,plastic cutlery rack,,8,,,
Zepto,disposable cutlery supplier,,8,,,
Zepto,disposable cutlery temu,,8,,,
Zepto,disposable utility knife blades,,8,,,
Zepto,disposable cutlery waitrose,,8,,,
Zepto,compostable packaging amazon,,8,,,
Zepto,compostable cups branded,,8,,,
Zepto,compostable packaging canada,,8,,,
Zepto,compostable packaging definition,,8,,,
Zepto,biodegradable egg containers ( clue),,8,,,
Zepto,compostable food containers costco,,8,,,
Zepto,compostable to go containers,,8,,,
Zepto,compostable herb packaging,,8,,,
Zepto,compostable k cups walmart,,8,,,
Zepto,compostable packaging meaning,,8,,,
Zepto,compostable cups nz,,8,,,
Zepto,compostable take out containers near me,,8,,,
Zepto,compostable cups plastic,,8,,,
Zepto,compostable red cups,,8,,,
Zepto,compostable small containers,,8,,,
Zepto,compostable packaging tape,,8,,,
Zepto,compostable cups wedding,,8,,,
Zepto,are compostable straws safe,,8,,,
Zepto,compostable bendable straws,,8,,,
Zepto,biodegradable straws clear,,8,,,
Zepto,starbucks compostable straws gluten free,,8,,,
Zepto,biodegradable honey straws,,8,,,
Zepto,biodegradable straws material,,8,,,
Zepto,biodegradable straws singapore,,8,,,
Zepto,biodegradable straws what are they made of,,8,,,
Zepto,paper straws are stupid,,8,,,
Zepto,paper straws biodegradable,,8,,,
Zepto,paper straws celiac,,8,,,
Zepto,paper straws disney,,8,,,
Zepto,trump paper straws.explode,,8,,,
Zepto,paper straws forever chemicals study,,8,,,
Zepto,paper straws gary owen,,8,,,
Zepto,paper straws hobbycraft,,8,,,
Zepto,paper straws in store,,8,,,
Zepto,jacent paper straws,,8,,,
Zepto,kraft paper straws,,8,,,
Zepto,paper straws length,,8,,,
Zepto,paper straws microplastics,,8,,,
Zepto,paper straws not recyclable,,8,,,
Zepto,paper straws or plastic,,8,,,
Zepto,paper straws problem,,8,,,
Zepto,paper straws research,,8,,,
Zepto,paper straws sri lanka,,8,,,
Zepto,paper straws thick,,8,,,
Zepto,paper umbrella straws,,8,,,
Zepto,trump paper straws video,,8,,,
Zepto,paper straws wheat,,8,,,
Zepto,paper straws bad for your health,,8,,,
Zepto,food packaging and preservation,,8,,,
Zepto,food packaging boxes 1000ml,,8,,,
Zepto,food packaging companies in india,,8,,,
Zepto,food packaging dealers near me,,8,,,
Zepto,food packaging equipment,,8,,,
Zepto,food packaging for delivery,,8,,,
Zepto,food packaging glue,,8,,,
Zepto,food packaging hiring abroad,,8,,,
Zepto,food packaging india,,8,,,
Zepto,food packaging jobs in luxembourg,,8,,,
Zepto,food packaging kz,,8,,,
Zepto,food packaging laws and regulations in india,,8,,,
Zepto,food packaging material wholesale near me,,8,,,
Zepto,food packaging nitrogen,,8,,,
Zepto,food packaging officeworks,,8,,,
Zepto,food packaging plastic box,,8,,,
Zepto,food packaging questions,,8,,,
Zepto,food packaging resume,,8,,,
Zepto,food packaging sticker design,,8,,,
Zepto,food packaging thali near me,,8,,,
Zepto,food packaging us,,8,,,
Zepto,food packaging vector,,8,,,
Zepto,food packaging website,,8,,,
Zepto,food packaging over the years,,8,,,
Zepto,food packaging zambia,,8,,,
Zepto,party supplies amarillo,,8,,,
Zepto,party supplies ballarat,,8,,,
Zepto,party supplies charlotte nc,,8,,,
Zepto,party decorations diy,,8,,,
Zepto,party supplies egypt,,8,,,
Zepto,party decorations for birthday,,8,,,
Zepto,party supplies grand rapids,,8,,,
Zepto,party supplies hobby lobby,,8,,,
Zepto,party decorations in store,,8,,,
Zepto,party supplies johnson city tn,,8,,,
Zepto,party supplies katy,,8,,,
Zepto,party supplies lebanon,,8,,,
Zepto,party supplies midland tx,,8,,,
Zepto,party supplies nz,,8,,,
Zepto,party supplies overland park,,8,,,
Zepto,party supplies paw patrol,,8,,,
Zepto,party balloons quezon city,,8,,,
Zepto,party supplies roanoke va,,8,,,
Zepto,party supplies san antonio,,8,,,
Zepto,party supplies toowoomba,,8,,,
Zepto,party supplies victorville,,8,,,
Zepto,party supplies warehouse,,8,,,
Zepto,party supplies youngstown ohio,,8,,,
Zepto,party supplies zebbug,,8,,,
Zepto,disposable food trays,,9,,,
Zepto,what is a party platter,,9,,,
Zepto,eco friendly banana plates,,9,,,
Zepto,eco friendly disposable plates business,,9,,,
Zepto,eco friendly fancy disposable plates,,9,,,
Zepto,eco friendly disposable plates with lid,,9,,,
Zepto,banana leaves to eco friendly plates,,9,,,
Zepto,biodegradable plates and cutlery,,9,,,
Zepto,biodegradable buffet plates,,9,,,
Zepto,biodegradable compartment plates,,9,,,
Zepto,biodegradable plates fractures,,9,,,
Zepto,biodegradable paper plates gluten,,9,,,
Zepto,compostable large plates,,9,,,
Zepto,biodegradable plates manufacturers in india,,9,,,
Zepto,compostable plates nz,,9,,,
Zepto,oracle biodegradable plates price,,9,,,
Zepto,biodegradable party plates and cups,,9,,,
Zepto,biodegradable serving plates,,9,,,
Zepto,compostable plates to go,,9,,,
Zepto,biodegradable plates with cover,,9,,,
Zepto,disposable plates and cups near me,,9,,,
Zepto,disposable plates bowls and cutlery,,9,,,
Zepto,disposable plates coles,,9,,,
Zepto,disposable plates dollarama,,9,,,
Zepto,disposable plates easter,,9,,,
Zepto,disposable plates for cake,,9,,,
Zepto,disposable plates gandhinagar,,9,,,
Zepto,disposable plates hs code,,9,,,
Zepto,disposable plates in spanish,,9,,,
Zepto,disposable japanese plates,,9,,,
Zepto,disposable plates kmart bulk,,9,,,
Zepto,disposable plates leicester,,9,,,
Zepto,disposable plates making business,,9,,,
Zepto,disposable plates near me within 1.6 km,,9,,,
Zepto,disposable plates on blinkit,,9,,,
Zepto,disposable plates photo,,9,,,
Zepto,paper plates qfc,,9,,,
Zepto,disposable plates recyclable,,9,,,
Zepto,disposable plates supplier,,9,,,
Zepto,disposable plates trinidad,,9,,,
Zepto,disposable plates unique,,9,,,
Zepto,disposable plates video,,9,,,
Zepto,disposable plates with lid wholesale,,9,,,
Zepto,disposable plates new year,,9,,,
Zepto,disposable plates nz,,9,,,
Zepto,are bagasse plates microwave safe,,9,,,
Zepto,are bagasse plates strong,,9,,,
Zepto,bagasse based plates,,9,,,
Zepto,ieco bagasse plates costco,,9,,,
Zepto,bagasse disposable tableware,,9,,,
Zepto,ecosoul bagasse plates,,9,,,
Zepto,bagasse plates meaning in hindi,,9,,,
Zepto,bagasse tableware importers,,9,,,
Zepto,bagasse plates manufacturing project report,,9,,,
Zepto,bagasse tableware products market,,9,,,
Zepto,sugarcane bagasse plates raw material,,9,,,
Zepto,bagasse plate white,,9,,,
Zepto,disposable food tray with compartments,,9,,,
Zepto,plastic ready meal tray melted in oven tesco,,9,,,
Zepto,disposable paper food tray near me,,9,,,
Zepto,disposable food trays pink,,9,,,
Zepto,bulk disposable cocktail cups,,9,,,
Zepto,floral paper cups bulk,,9,,,
Zepto,wholesale paper cup manufacturers in ajman,,9,,,
Zepto,bulk paper coffee cups with lids,,9,,,
Zepto,bulk coffee cups white,,9,,,
Zepto,wooden knife set amazon,,9,,,
Zepto,best wooden cutlery set,,9,,,
Zepto,wooden camping cutlery set,,9,,,
Zepto,best wooden utensils set for cooking,,9,,,
Zepto,where to buy cutlery sets,,9,,,
Zepto,vintage cutlery set in wooden box,,9,,,
Zepto,wooden knife kitchen set,,9,,,
Zepto,bamboo cutlery set nearby,,9,,,
Zepto,wooden plate and cutlery set,,9,,,
Zepto,disposable cutlery and napkin set,,9,,,
Zepto,disposable cutlery black,,9,,,
Zepto,disposable cutlery clear,,9,,,
Zepto,plastic cutlery drawer,,9,,,
Zepto,disposable utensils edible cutlery,,9,,,
Zepto,disposable cutlery for events,,9,,,
Zepto,plastic cutlery good quality,,9,,,
Zepto,plastic cutlery home bargains,,9,,,
Zepto,plastic cutlery insert,,9,,,
Zepto,plastic cutlery kroger,,9,,,
Zepto,disposable tableware logo,,9,,,
Zepto,disposable cutlery manufacturers in india,,9,,,
Zepto,plastic cutlery nz,,9,,,
Zepto,plastic cutlery organizer drawer,,9,,,
Zepto,disposable cutlery packaging,,9,,,
Zepto,plastic cutlery range,,9,,,
Zepto,disposable cutlery storage,,9,,,
Zepto,disposable toddler cutlery,,9,,,
Zepto,disposable utensils cutlery,,9,,,
Zepto,disposable cutlery warehouse,,9,,,
Zepto,compostable cups and cutlery,,9,,,
Zepto,biodegradable containers bulk,,9,,,
Zepto,compostable cups canada,,9,,,
Zepto,compostable disposable cups,,9,,,
Zepto,compostable food containers canada,,9,,,
Zepto,compostable to go containers near me,,9,,,
Zepto,compostable holiday cups,,9,,,
Zepto,is compostable containers microwavable,,9,,,
Zepto,compostable k cups amazon,,9,,,
Zepto,compostable cups meaning,,9,,,
Zepto,compostable packaging near me,,9,,,
Zepto,compostable food take out containers,,9,,,
Zepto,compostable packaging ppwr,,9,,,
Zepto,compostable round cups,,9,,,
Zepto,compostable soup containers with lids,,9,,,
Zepto,biodegradable containers trinidad,,9,,,
Zepto,biodegradable containers wholesale,,9,,,
Zepto,are compostable straws paper,,9,,,
Zepto,compostable bar straws,,9,,,
Zepto,do compostable straws contain gluten,,9,,,
Zepto,dunkin compostable straws,,9,,,
Zepto,resource compostable straws gluten free,,9,,,
Zepto,biodegradable hard straws,,9,,,
Zepto,biodegradable straws manufacturers in india,,9,,,
Zepto,biodegradable paper straws,,9,,,
Zepto,repurpose compostable straws,,9,,,
Zepto,compostable wheat straw,,9,,,
Zepto,paper straws argos,,9,,,
Zepto,paper straws bad for health,,9,,,
Zepto,paper straws costco,,9,,,
Zepto,paper straws disintegrate,,9,,,
Zepto,paper straws extra long,,9,,,
Zepto,paper straws for cotton candy,,9,,,
Zepto,paper straws good or bad,,9,,,
Zepto,paper straws history,,9,,,
Zepto,paper straws ikea,,9,,,
Zepto,jumbo paper straws coles,,9,,,
Zepto,kikkerland paper straws,,9,,,
Zepto,paper straws lead,,9,,,
Zepto,paper straws malta,,9,,,
Zepto,paper straws not good,,9,,,
Zepto,paper straws ontario,,9,,,
Zepto,paper straws pak n save,,9,,,
Zepto,paper straws range,,9,,,
Zepto,paper straws supplier,,9,,,
Zepto,paper straws that bend,,9,,,
Zepto,are paper straws vatable,,9,,,
Zepto,paper straws wrapped,,9,,,
Zepto,yellow paper straws nearby,,9,,,
Zepto,food packaging and labelling ppt,,9,,,
Zepto,food packaging boxes plastic,,9,,,
Zepto,food packaging course,,9,,,
Zepto,food packaging drawing,,9,,,
Zepto,food packaging europe,,9,,,
Zepto,food packaging foil box,,9,,,
Zepto,food packaging gold coast,,9,,,
Zepto,food packaging has expanded,,9,,,
Zepto,food packaging ideas for cloud kitchen,,9,,,
Zepto,food packaging job in australia,,9,,,
Zepto,food packaging kuwait,,9,,,
Zepto,food packaging laws,,9,,,
Zepto,food packaging materials wholesale,,9,,,
Zepto,food packaging news,,9,,,
Zepto,food packaging oxygen absorber,,9,,,
Zepto,food packaging paper box,,9,,,
Zepto,food packaging quality,,9,,,
Zepto,food packaging resume skills,,9,,,
Zepto,food packaging sleeves,,9,,,
Zepto,food packaging techniques,,9,,,
Zepto,food packaging unique,,9,,,
Zepto,food packaging volunteer opportunities,,9,,,
Zepto,food packaging without plastic,,9,,,
Zepto,yummy food packaging centre,,9,,,
Zepto,food packaging zipper pouch,,9,,,
Zepto,party supplies atlanta,,9,,,
Zepto,party decorations big w,,9,,,
Zepto,party supplies corpus christi,,9,,,
Zepto,party supplies decoration for birthday,,9,,,
Zepto,party supplies eau claire,,9,,,
Zepto,party supplies fargo,,9,,,
Zepto,party supplies green bay,,9,,,
Zepto,party supplies harlingen,,9,,,
Zepto,party supplies in store,,9,,,
Zepto,party supplies johannesburg,,9,,,
Zepto,party supplies kansas city,,9,,,
Zepto,party supplies laredo tx,,9,,,
Zepto,party supplies modesto,,9,,,
Zepto,party decorations nz,,9,,,
Zepto,party supplies odessa tx,,9,,,
Zepto,party supplies pokemon,,9,,,
Zepto,party supplies queenstown,,9,,,
Zepto,party supplies reynella,,9,,,
Zepto,party supplies singapore,,9,,,
Zepto,party supplies townsville,,9,,,
Zepto,party supplies upper west side,,9,,,
Zepto,party decorations vancouver,,9,,,
Zepto,party plates walmart,,9,,,
Zepto,party decorations york,,9,,,
Zepto,party supplies zootopia,,9,,,
Zepto,disposable serving trays with lids,,10,,,
Zepto,party table food ideas,,10,,,
Zepto,eco friendly camping dinnerware,,10,,,
Zepto,eco friendly bamboo dinnerware for kids,,10,,,
Zepto,lillian eco friendly plates,,10,,,
Zepto,eco friendly paper plates near me,,10,,,
Zepto,eco friendly sponge dishes,,10,,,
Zepto,banana leaves to eco friendly plate machine,,10,,,
Zepto,eco friendly disposable plates wholesale near me,,10,,,
Zepto,biodegradable plates amazon,,10,,,
Zepto,biodegradable brown plates,,10,,,
Zepto,biodegradable cups & plates from sugarcane bagasse,,10,,,
Zepto,biodegradable disposable plates wholesale,,10,,,
Zepto,compostable event plates,,10,,,
Zepto,biodegradable plates for food,,10,,,
Zepto,are biodegradable plates gluten free,,10,,,
Zepto,compostable plates heb,,10,,,
Zepto,compostable plates in bulk,,10,,,
Zepto,biodegradable banana leaf plates,,10,,,
Zepto,biodegradable plates manufacturing near me,,10,,,
Zepto,biodegradable utensils nearby,,10,,,
Zepto,biodegradable picnic plates,,10,,,
Zepto,biodegradable section plates,,10,,,
Zepto,compostable plates that look nice,,10,,,
Zepto,biodegradable plates with seeds,,10,,,
Zepto,disposable plates and cups wholesale near me,,10,,,
Zepto,disposable plates bulk,,10,,,
Zepto,disposable plates costco canada,,10,,,
Zepto,disposable plates dollar tree,,10,,,
Zepto,disposable plates eco soul,,10,,,
Zepto,disposable plates factory,,10,,,
Zepto,disposable plates gurgaon,,10,,,
Zepto,disposable plates hobby lobby,,10,,,
Zepto,disposable plates in india,,10,,,
Zepto,paper plates john lewis,,10,,,
Zepto,disposable plates knives and forks,,10,,,
Zepto,disposable plates lulu,,10,,,
Zepto,disposable plates medium size,,10,,,
Zepto,disposable plates nic code udyam registration,,10,,,
Zepto,disposable plates oval shape,,10,,,
Zepto,disposable plates packaging,,10,,,
Zepto,paper plates quotes,,10,,,
Zepto,disposable plates reusable,,10,,,
Zepto,disposable plate store near me,,10,,,
Zepto,disposable plates trinidad wholesale,,10,,,
Zepto,disposable under plates,,10,,,
Zepto,disposable valentines plates,,10,,,
Zepto,disposable plates wooden,,10,,,
Zepto,plastic xmas plates kmart,,10,,,
Zepto,plastic disposable plates yellow,,10,,,
Zepto,disposable plates nz wholesale,,10,,,
Zepto,can bagasse plates be microwaved,,10,,,
Zepto,sugarcane bagasse disposable plates,,10,,,
Zepto,evaara bagasse plates,,10,,,
Zepto,bagasse tableware factory,,10,,,
Zepto,bagasse plates manufacturers in hyderabad,,10,,,
Zepto,bagasse tableware item,,10,,,
Zepto,bagasse tableware project report,,10,,,
Zepto,are bagasse plates recyclable,,10,,,
Zepto,are bagasse plates safe,,10,,,
Zepto,bagasse tableware wholesalers,,10,,,
Zepto,disposable serving tray with cover,,10,,,
Zepto,plastic meal tray with lid wholesale,,10,,,
Zepto,disposable food packaging tray,,10,,,
Zepto,amazon bulk paper cups,,10,,,
Zepto,bulk paper ice cream cups,,10,,,
Zepto,wholesale paper cup manufacturers in tamilnadu,,10,,,
Zepto,wholesale paper cup manufacturers,,10,,,
Zepto,bulk neoprene coffee cup sleeve,,10,,,
Zepto,paper cups near me,,10,,,
Zepto,wooden utensils set and holder,,10,,,
Zepto,wooden bamboo cutlery set,,10,,,
Zepto,wooden cooking cutlery set,,10,,,
Zepto,wooden kitchen utensils set for kids,,10,,,
Zepto,viners cutlery set in wooden box,,10,,,
Zepto,wooden kitchen cutlery set,,10,,,
Zepto,bamboo cutlery set nz,,10,,,
Zepto,150 piece wooden cutlery set,,10,,,
Zepto,wooden cooking utensils set target,,10,,,
Zepto,disposable cutlery and plate set,,10,,,
Zepto,disposable cutlery biodegradable,,10,,,
Zepto,disposable cutlery cheap,,10,,,
Zepto,plastic cutlery drawer organiser,,10,,,
Zepto,disposable cutlery for steak,,10,,,
Zepto,plastic cutlery green,,10,,,
Zepto,plastic cutlery hs code,,10,,,
Zepto,plastic cutlery in spanish,,10,,,
Zepto,disposable utensils kmart,,10,,,
Zepto,plastic cutlery lunch box,,10,,,
Zepto,disposable cutlery manufacturing business,,10,,,
Zepto,disposable tableware nz,,10,,,
Zepto,plastic cutlery officeworks,,10,,,
Zepto,disposable cutlery pink,,10,,,
Zepto,plastic cutlery red,,10,,,
Zepto,disposable cutlery superstore,,10,,,
Zepto,disposable table cutlery,,10,,,
Zepto,disposable cutlery meaning in urdu,,10,,,
Zepto,disposable cutlery wrapped,,10,,,
Zepto,biodegradable ashes containers,,10,,,
Zepto,can compostable containers be microwaved,,10,,,
Zepto,compostable packaging companies,,10,,,
Zepto,compostable drink cups,,10,,,
Zepto,compostable fruit containers,,10,,,
Zepto,compostable to go containers microwave safe,,10,,,
Zepto,compostable halloween cups,,10,,,
Zepto,can you put compostable containers in the microwave,,10,,,
Zepto,compostable k cups near me,,10,,,
Zepto,biodegradable lunch containers,,10,,,
Zepto,compostable packaging market,,10,,,
Zepto,biodegradable containers nearby,,10,,,
Zepto,compostable cups party,,10,,,
Zepto,compostable ripple cups,,10,,,
Zepto,compostable square containers,,10,,,
Zepto,biodegradable takeaway containers,,10,,,
Zepto,compostable cups wholesale,,10,,,
Zepto,are compostable straws plastic,,10,,,
Zepto,biodegradable straws bulk,,10,,,
Zepto,biodegradable cocktail straws,,10,,,
Zepto,do compostable straws break down,,10,,,
Zepto,are compostable straws gf,,10,,,
Zepto,home compostable straws,,10,,,
Zepto,biodegradable straws meaning,,10,,,
Zepto,biodegradable plastic straws uk,,10,,,
Zepto,are compostable straws really compostable,,10,,,
Zepto,biodegradable smoothie straws,,10,,,
Zepto,biodegradable wheat straws,,10,,,
Zepto,paper straws are useless,,10,,,
Zepto,paper straws bridge,,10,,,
Zepto,paper straws canada law,,10,,,
Zepto,paper straws diy,,10,,,
Zepto,paper straws eco friendly,,10,,,
Zepto,paper straws factory,,10,,,
Zepto,paper straws get soggy,,10,,,
Zepto,paper straws health issues,,10,,,
Zepto,paper straws illegal,,10,,,
Zepto,do paper straws make a difference,,10,,,
Zepto,koolaid paper straws,,10,,,
Zepto,paper straws lyrics,,10,,,
Zepto,paper straws making machine,,10,,,
Zepto,paper straws nyc,,10,,,
Zepto,paper straws order,,10,,,
Zepto,paper straws picture,,10,,,
Zepto,paper straws reel,,10,,,
Zepto,paper straws south africa,,10,,,
Zepto,paper straws taste bad,,10,,,
Zepto,paper straws amazon uk,,10,,,
Zepto,paper straws vs bamboo straws,,10,,,
Zepto,paper straws wiki,,10,,,
Zepto,yellow paper straws near me,,10,,,
Zepto,food packaging and shelf life publication fee,,10,,,
Zepto,food packaging boxes for restaurants,,10,,,
Zepto,food packaging containers wholesale near me,,10,,,
Zepto,food packaging diagram,,10,,,
Zepto,food packaging expo india,,10,,,
Zepto,food packaging foil cover,,10,,,
Zepto,food packaging gujranwala,,10,,,
Zepto,food packaging hiring,,10,,,
Zepto,food packaging in hindi,,10,,,
Zepto,food packaging jobs in spain,,10,,,
Zepto,food packaging kolkata,,10,,,
Zepto,food packaging label maker,,10,,,
Zepto,food packaging machine price,,10,,,
Zepto,food packaging nptel,,10,,,
Zepto,food packaging objectives,,10,,,
Zepto,food packaging plastic bags,,10,,,
Zepto,food packaging quebec,,10,,,
Zepto,food packaging rules and regulations,,10,,,
Zepto,food packaging stickers,,10,,,
Zepto,food packaging tray price,,10,,,
Zepto,food packaging unique ideas,,10,,,
Zepto,food packaging vancouver,,10,,,
Zepto,food packaging work from home without investment,,10,,,
Zepto,youquan food packaging jiangsu co ltd,,10,,,
Zepto,food packaging zurich,,10,,,
Zepto,party supplies abilene tx,,10,,,
Zepto,party supplies big w,,10,,,
Zepto,party supplies cheap,,10,,,
Zepto,party decorations dollar tree,,10,,,
Zepto,party supplies edinburgh,,10,,,
Zepto,party supplies fort lauderdale,,10,,,
Zepto,party decorations glasgow,,10,,,
Zepto,party supplies hong kong,,10,,,
Zepto,party supplies in houston,,10,,,
Zepto,party supplies jackson ms,,10,,,
Zepto,party supplies kuwait,,10,,,
Zepto,party supplies london,,10,,,
Zepto,party decorations malta,,10,,,
Zepto,party supplies near me open now,,10,,,
Zepto,party supplies open now,,10,,,
Zepto,party plates pink,,10,,,
Zepto,party supplies queanbeyan,,10,,,
Zepto,party supplies riverside,,10,,,
Zepto,party decorations shop near me,,10,,,
Zepto,party supplies tampa,,10,,,
Zepto,party supplies uni hill,,10,,,
Zepto,party supplies vineland nj,,10,,,
Zepto,party decorations walmart,,10,,,
Zepto,party supplies yishun,,10,,,
Zepto,party supplies zombies 4,,10,,,
Instamart,eco friendly plates,,1,,,
Instamart,eco friendly plates and bowls,,1,,,
Instamart,eco friendly plates manufacturing machine,,1,,,
Instamart,eco friendly plates wholesale,,1,,,
Instamart,eco friendly plates for wedding,,1,,,
Instamart,eco friendly plates business,,1,,,
Instamart,eco friendly plates near me,,1,,,
Instamart,biodegradable plates,,1,,,
Instamart,biodegradable plates and cups,,1,,,
Instamart,biodegradable plates making machine,,1,,,
Instamart,biodegradable plates price,,1,,,
Instamart,biodegradable plates near me,,1,,,
Instamart,biodegradable plates business,,1,,,
Instamart,disposable plates,,1,,,
Instamart,disposable plates near me,,1,,,
Instamart,disposable plates making machine,,1,,,
Instamart,disposable plates wholesale,,1,,,
Instamart,disposable plates price,,1,,,
Instamart,disposable plates in hindi,,1,,,
Instamart,bagasse plates,,1,,,
Instamart,bagasse plates manufacturing machine,,1,,,
Instamart,bagasse plates price,,1,,,
Instamart,bagasse plates wholesale,,1,,,
Instamart,disposable meal tray with lid,,1,,,
Instamart,disposable meal tray near me,,1,,,
Instamart,disposable meal tray manufacturers in india,,1,,,
Instamart,disposable meal tray price,,1,,,
Instamart,paper cups 250ml,,1,,,
Instamart,paper cups 250ml price,,1,,,
Instamart,disposable cups 250ml pack of 50,,1,,,
Instamart,disposable paper cups 250ml,,1,,,
Instamart,white paper cups 250ml,,1,,,
Instamart,bulk paper cups,,1,,,
Instamart,bulk paper cups with lids,,1,,,
Instamart,bulk paper cups near me,,1,,,
Instamart,bulk paper cups nz,,1,,,
Instamart,bulk coffee cups ceramic,,1,,,
Instamart,wooden cutlery set,,1,,,
Instamart,wooden cutlery set reusable,,1,,,
Instamart,wooden cutlery set disposable,,1,,,
Instamart,wooden cutlery set amazon,,1,,,
Instamart,wooden cutlery set price,,1,,,
Instamart,wooden cutlery set for kids,,1,,,
Instamart,wooden cutlery set woolworths,,1,,,
Instamart,wooden cutlery set near me,,1,,,
Instamart,wooden cutlery set kmart,,1,,,
Instamart,wooden cutlery set holder,,1,,,
Instamart,disposable cutlery,,1,,,
Instamart,disposable cutlery set,,1,,,
Instamart,disposable cutlery near me,,1,,,
Instamart,disposable cutlery pouch,,1,,,
Instamart,disposable cutlery meaning,,1,,,
Instamart,disposable cutlery kit,,1,,,
Instamart,disposable cutlery business,,1,,,
Instamart,sugarcane clamshell,,1,,,
Instamart,sugarcane clamshell food container,,1,,,
Instamart,sugarcane clamshell box,,1,,,
Instamart,sugarcane clamshell container,,1,,,
Instamart,biodegradable sugarcane clamshell takeaway box,,1,,,
Instamart,compostable containers,,1,,,
Instamart,compostable containers with lids,,1,,,
Instamart,compostable containers for food,,1,,,
Instamart,compostable containers near me,,1,,,
Instamart,compostable containers microwave,,1,,,
Instamart,compostable containers amazon,,1,,,
Instamart,compostable clamshell containers,,1,,,
Instamart,compostable straws,,1,,,
Instamart,compostable straws meaning,,1,,,
Instamart,compostable straws not paper,,1,,,
Instamart,compostable straws gluten free,,1,,,
Instamart,compostable straws amazon,,1,,,
Instamart,compostable straws target,,1,,,
Instamart,compostable straws bulk,,1,,,
Instamart,paper straws,,1,,,
Instamart,paper straws price,,1,,,
Instamart,paper straws near me,,1,,,
Instamart,paper straws manufacturer,,1,,,
Instamart,paper straws craft,,1,,,
Instamart,paper straws wholesale,,1,,,
Instamart,paper straws images,,1,,,
Instamart,paper straws gluten,,1,,,
Instamart,paper straws have gluten,,1,,,
Instamart,food packaging boxes,,1,,,
Instamart,food packaging materials near me,,1,,,
Instamart,food packaging company in noida,,1,,,
Instamart,food packaging envelope,,1,,,
Instamart,food packaging near me,,1,,,
Instamart,party tableware,,1,,,
Instamart,party tableware sets,,1,,,
Instamart,party tableware near me,,1,,,
Instamart,party tableware tesco,,1,,,
Instamart,party tableware uk,,1,,,
Instamart,eco friendly plates costco,,1,,,
Instamart,eco friendly plates disposable,,1,,,
Instamart,eco friendly eating plates,,1,,,
Instamart,eco friendly plates germany,,1,,,
Instamart,eco friendly plates hyderabad,,1,,,
Instamart,eco friendly plates india,,1,,,
Instamart,eco friendly plates kids,,1,,,
Instamart,eco friendly leaf plates,,1,,,
Instamart,eco friendly outdoor plates,,1,,,
Instamart,eco friendly paper plates,,1,,,
Instamart,eco friendly plates reusable,,1,,,
Instamart,eco friendly plates shop near me,,1,,,
Instamart,eco friendly plates target,,1,,,
Instamart,eco friendly plates uk,,1,,,
Instamart,verterra eco friendly palm plates,,1,,,
Instamart,biodegradable plates costco,,1,,,
Instamart,biodegradable plates disposable,,1,,,
Instamart,biodegradable plates exporters in india,,1,,,
Instamart,biodegradable plates from rice husk,,1,,,
Instamart,biodegradable plates gluten,,1,,,
Instamart,biodegradable plates hsn code,,1,,,
Instamart,biodegradable plates indiamart,,1,,,
Instamart,biodegradable plates kmart,,1,,,
Instamart,biodegradable leaf plates,,1,,,
Instamart,biodegradable plates nz,,1,,,
Instamart,biodegradable plates online,,1,,,
Instamart,biodegradable quarter plates,,1,,,
Instamart,biodegradable plates raw material,,1,,,
Instamart,biodegradable plates supplier,,1,,,
Instamart,biodegradable plates tesco,,1,,,
Instamart,biodegradable plates uk,,1,,,
Instamart,compostable plates vancouver,,1,,,
Instamart,biodegradable plates wholesale,,1,,,
Instamart,disposable plates and glass,,1,,,
Instamart,disposable plates blinkit,,1,,,
Instamart,disposable plates cost,,1,,,
Instamart,disposable plates design,,1,,,
Instamart,disposable plates eco friendly,,1,,,
Instamart,disposable plates for packing,,1,,,
Instamart,disposable plates good quality,,1,,,
Instamart,disposable plates hsn code,,1,,,
Instamart,disposable plates jiomart,,1,,,
Instamart,disposable plates kmart,,1,,,
Instamart,disposable plates leaf,,1,,,
Instamart,disposable plates online,,1,,,
Instamart,disposable plates qatar,,1,,,
Instamart,disposable plates rate,,1,,,
Instamart,disposable plate shop near me,,1,,,
Instamart,disposable plates thermocol,,1,,,
Instamart,disposable plates uk,,1,,,
Instamart,disposable plates vadodara,,1,,,
Instamart,disposable plates xmas,,1,,,
Instamart,disposable xmas tableware,,1,,,
Instamart,disposable plates yellow,,1,,,
Instamart,disposable plates zepto,,1,,,
Instamart,bagasse plates and bowls,,1,,,
Instamart,bagasse plates buyers,,1,,,
Instamart,bagasse plates costco,,1,,,
Instamart,bagasse plates hsn code,,1,,,
Instamart,bagasse plates dubai,,1,,,
Instamart,bagasse plates export from india,,1,,,
Instamart,bagasse plates factory,,1,,,
Instamart,bagasse plates gst rate,,1,,,
Instamart,bagasse plates indiamart,,1,,,
Instamart,bagasse plates manufacturers in karnataka,,1,,,
Instamart,bagasse plates with lid,,1,,,
Instamart,bagasse plates near me,,1,,,
Instamart,bagasse plates online,,1,,,
Instamart,bagasse quarter plates,,1,,,
Instamart,bagasse plates raw material,,1,,,
Instamart,bagasse plates supplier,,1,,,
Instamart,bagasse to plates,,1,,,
Instamart,bagasse plates uk,,1,,,
Instamart,bagasse plates vs areca plates,,1,,,
Instamart,disposable food tray aluminum,,1,,,
Instamart,disposable food tray boat,,1,,,
Instamart,disposable food tray costco,,1,,,
Instamart,disposable food trays dollar tree,,1,,,
Instamart,disposable food tray for party,,1,,,
Instamart,disposable serving trays gold,,1,,,
Instamart,disposable food heating trays,,1,,,
Instamart,disposable food tray kmart,,1,,,
Instamart,disposable food tray liners,,1,,,
Instamart,disposable serving trays round,,1,,,
Instamart,disposable food tray sizes,,1,,,
Instamart,disposable serving tray target,,1,,,
Instamart,paper cup 250 ml berapa oz,,1,,,
Instamart,250ml paper coffee cups,,1,,,
Instamart,paper cup with lid 250ml,,1,,,
Instamart,bulk paper cups and lids,,1,,,
Instamart,bulk disposable bar cups,,1,,,
Instamart,bulk disposable paper cups,,1,,,
Instamart,bulk coffee cups for sale,,1,,,
Instamart,bulk coffee cups glass,,1,,,
Instamart,bulk paper hot cups,,1,,,
Instamart,wholesale paper cup manufacturers in uae,,1,,,
Instamart,bulk coffee k cups,,1,,,
Instamart,bulk coffee cup lids,,1,,,
Instamart,wholesale paper cup manufacturers near me,,1,,,
Instamart,bulk coffee cups 16 oz,,1,,,
Instamart,bulk coffee cups plastic,,1,,,
Instamart,bulk coffee cups reusable,,1,,,
Instamart,bulk paper snack cups,,1,,,
Instamart,bulk paper tea cups,,1,,,
Instamart,yellow paper cups bulk,,1,,,
Instamart,wooden cutlery set box,,1,,,
Instamart,wooden cutlery set costco,,1,,,
Instamart,bamboo cutlery set gold,,1,,,
Instamart,wooden cutlery set mr price home,,1,,,
Instamart,wooden utensils set ikea,,1,,,
Instamart,japanese wooden cutlery set,,1,,,
Instamart,laguiole wooden cutlery set,,1,,,
Instamart,set of wooden cutlery,,1,,,
Instamart,wooden cutlery set sale,,1,,,
Instamart,wooden cutlery set toy,,1,,,
Instamart,wooden cutlery set uk,,1,,,
Instamart,vintage wooden cutlery set,,1,,,
Instamart,disposable cutlery and plates,,1,,,
Instamart,disposable cutlery costco,,1,,,
Instamart,disposable cutlery dispenser,,1,,,
Instamart,disposable cutlery eco friendly,,1,,,
Instamart,disposable cutlery for wedding,,1,,,
Instamart,disposable cutlery gold,,1,,,
Instamart,disposable cutlery holder,,1,,,
Instamart,disposable cutlery in chinese,,1,,,
Instamart,disposable cutlery lidl,,1,,,
Instamart,disposable cutlery organizer,,1,,,
Instamart,plastic cutlery qld,,1,,,
Instamart,disposable cutlery reject shop,,1,,,
Instamart,disposable cutlery tesco,,1,,,
Instamart,disposable cutlery uk,,1,,,
Instamart,plastic cutlery vs metal,,1,,,
Instamart,disposable cutlery wholesale,,1,,,
Instamart,plastic cutlery yellow,,1,,,
Instamart,compostable berry containers,,1,,,
Instamart,compostable deli containers,,1,,,
Instamart,compostable packaging examples,,1,,,
Instamart,compostable cups gluten,,1,,,
Instamart,compostable hinged containers,,1,,,
Instamart,compostable packaging india,,1,,,
Instamart,compostable juice bottles,,1,,,
Instamart,compostable k cups,,1,,,
Instamart,compostable lunch containers,,1,,,
Instamart,compostable packaging ontario,,1,,,
Instamart,compostable plastic containers,,1,,,
Instamart,compostable quart containers,,1,,,
Instamart,compostable round containers,,1,,,
Instamart,compostable soup containers,,1,,,
Instamart,compostable takeout containers,,1,,,
Instamart,compostable packaging uk,,1,,,
Instamart,compostable cups vancouver,,1,,,
Instamart,compostable yogurt containers,,1,,,
Instamart,compostable straws canada,,1,,,
Instamart,compostable drinking straws,,1,,,
Instamart,compostable straws for hot drinks,,1,,,
Instamart,are compostable straws edible,,1,,,
Instamart,compostable straws that feel like plastic,,1,,,
Instamart,compostable honey straws,,1,,,
Instamart,compostable straws india,,1,,,
Instamart,biodegradable jumbo straws,,1,,,
Instamart,karat compostable straws,,1,,,
Instamart,compostable straw options,,1,,,
Instamart,compostable straws plastic,,1,,,
Instamart,compostable straws reddit,,1,,,
Instamart,compostable straws starbucks,,1,,,
Instamart,biodegradable straws uk,,1,,,
Instamart,compostable straws vs paper straws,,1,,,
Instamart,compostable straws wholesale,,1,,,
Instamart,paper straws amazon,,1,,,
Instamart,paper straws bulk,,1,,,
Instamart,paper straws dollar tree,,1,,,
Instamart,paper straws environmental impact,,1,,,
Instamart,paper straws for crafts,,1,,,
Instamart,paper straws jumbo,,1,,,
Instamart,paper straws kmart,,1,,,
Instamart,paper straws london,,1,,,
Instamart,paper straws officeworks,,1,,,
Instamart,trump paper straws quote,,1,,,
Instamart,paper straws reddit,,1,,,
Instamart,paper straws suck,,1,,,
Instamart,paper straws tesco,,1,,,
Instamart,paper straws uk,,1,,,
Instamart,paper straws vs plastic straws,,1,,,
Instamart,xmas paper straws,,1,,,
Instamart,paper straws yellow,,1,,,
Instamart,food packaging and shelf life,,1,,,
Instamart,food packaging design,,1,,,
Instamart,food packaging foil,,1,,,
Instamart,food packaging gas,,1,,,
Instamart,food packaging hsn code,,1,,,
Instamart,food packaging industry,,1,,,
Instamart,food packaging job,,1,,,
Instamart,food packaging kya hota hai,,1,,,
Instamart,food packaging labels,,1,,,
Instamart,food packaging online,,1,,,
Instamart,food packaging pouch,,1,,,
Instamart,food packaging questions and answers,,1,,,
Instamart,food packaging roll,,1,,,
Instamart,food packaging shop near me,,1,,,
Instamart,food packaging tape,,1,,,
Instamart,food packaging unit,,1,,,
Instamart,food packaging vendors near me,,1,,,
Instamart,food packaging wrapper,,1,,,
Instamart,food container xxl,,1,,,
Instamart,food packaging youtube,,1,,,
Instamart,food packaging zip lock covers,,1,,,
Instamart,party plates and napkins,,1,,,
Instamart,party supplies brisbane,,1,,,
Instamart,party supplies canada,,1,,,
Instamart,party supplies dallas,,1,,,
Instamart,party supplies el paso,,1,,,
Instamart,party supplies fort worth,,1,,,
Instamart,party supplies gold coast,,1,,,
Instamart,party supplies houston,,1,,,
Instamart,party supplies india,,1,,,
Instamart,party supplies jacksonville nc,,1,,,
Instamart,party tableware kids,,1,,,
Instamart,party supplies lubbock,,1,,,
Instamart,party supplies melbourne,,1,,,
Instamart,party supplies online,,1,,,
Instamart,party supplies perth,,1,,,
Instamart,party supplies qatar,,1,,,
Instamart,party supplies rental,,1,,,
Instamart,party supplies vancouver,,1,,,
Instamart,party supplies wholesale,,1,,,
Instamart,party supplies yuma az,,1,,,
Instamart,party supplies zanesville ohio,,1,,,
Instamart,eco friendly plates and cups,,2,,,
Instamart,eco friendly plates manufacturing,,2,,,
Instamart,biodegradable plates manufacturers,,2,,,
Instamart,biodegradable plates and bowls,,2,,,
Instamart,disposable plates noida,,2,,,
Instamart,disposable plates with lids,,2,,,
Instamart,disposable plates machine,,2,,,
Instamart,bagasse plates manufacturing process,,2,,,
Instamart,disposable meal tray,,2,,,
Instamart,disposable meal tray with lid near me,,2,,,
Instamart,disposable cups 250ml price,,2,,,
Instamart,bulk coffee cups with lids,,2,,,
Instamart,disposable cutlery shop near me,,2,,,
Instamart,disposable cutlery manufacturers,,2,,,
Instamart,compostable containers nearby,,2,,,
Instamart,compostable containers for hot food,,2,,,
Instamart,compostable straws made of,,2,,,
Instamart,compostable straws near me,,2,,,
Instamart,paper straws walmart,,2,,,
Instamart,food packaging material,,2,,,
Instamart,food packaging container,,2,,,
Instamart,food packaging noida,,2,,,
Instamart,party tableware supplies,,2,,,
Instamart,eco friendly kids plates and bowls,,2,,,
Instamart,eco friendly plates bulk,,2,,,
Instamart,eco friendly plates cups,,2,,,
Instamart,eco friendly disposable plates manufacturing process,,2,,,
Instamart,elegant eco friendly disposable plates,,2,,,
Instamart,eco friendly plates for kids,,2,,,
Instamart,are eco-friendly products really eco-friendly,,2,,,
Instamart,eco friendly disposable plates hyderabad,,2,,,
Instamart,eco friendly plates in sri lanka,,2,,,
Instamart,eco friendly lunch plates,,2,,,
Instamart,eco friendly plates with lid,,2,,,
Instamart,eco friendly plates nearby,,2,,,
Instamart,eco friendly outdoor dinnerware,,2,,,
Instamart,eco friendly party plates,,2,,,
Instamart,eco friendly reusable plates and bowls,,2,,,
Instamart,eco friendly sugarcane plates,,2,,,
Instamart,eco friendly tiffin plates,,2,,,
Instamart,eco friendly unbreakable plates,,2,,,
Instamart,verterra eco friendly palm plates & wooden cutlery,,2,,,
Instamart,biodegradable plates bulk,,2,,,
Instamart,biodegradable plates cups,,2,,,
Instamart,biodegradable plates dubai,,2,,,
Instamart,biodegradable plates export,,2,,,
Instamart,biodegradable plates from sugarcane waste,,2,,,
Instamart,biodegradable plates gst rate,,2,,,
Instamart,biodegradable plates hsn code and gst rate,,2,,,
Instamart,biodegradable plates india,,2,,,
Instamart,biodegradable plates kenya,,2,,,
Instamart,is paper plate biodegradable,,2,,,
Instamart,biodegradable lunch plates,,2,,,
Instamart,biodegradable oval plates,,2,,,
Instamart,biodegradable plates party,,2,,,
Instamart,biodegradable plates raw material wholesale,,2,,,
Instamart,biodegradable plates singapore,,2,,,
Instamart,biodegradable plates target,,2,,,
Instamart,compostable plates uk,,2,,,
Instamart,compostable plates vs washing dishes,,2,,,
Instamart,biodegradable plates with compartment,,2,,,
Instamart,are all paper plates biodegradable,,2,,,
Instamart,disposable plates and bowls,,2,,,
Instamart,disposable plates big size,,2,,,
Instamart,disposable plates cheap,,2,,,
Instamart,disposable plates distributors,,2,,,
Instamart,disposable plates exports from india,,2,,,
Instamart,disposable plates for party,,2,,,
Instamart,disposable plates gst rate,,2,,,
Instamart,disposable plates hsn code and gst rate,,2,,,
Instamart,disposable plates indiamart,,2,,,
Instamart,disposable plates jamaica,,2,,,
Instamart,disposable plates kuwait,,2,,,
Instamart,disposable plates large size,,2,,,
Instamart,disposable plates of leaves,,2,,,
Instamart,disposable plates plastic,,2,,,
Instamart,disposable plates quality,,2,,,
Instamart,disposable plates rajkot,,2,,,
Instamart,disposable plates small,,2,,,
Instamart,disposable plates types,,2,,,
Instamart,disposable plates underwood,,2,,,
Instamart,disposable plates variety,,2,,,
Instamart,paper plates xmas,,2,,,
Instamart,paper plates yellow,,2,,,
Instamart,disposable plates zoo pals,,2,,,
Instamart,bagasse plates amazon,,2,,,
Instamart,bagasse plates bulk,,2,,,
Instamart,bagasse plates cost,,2,,,
Instamart,bagasse plates hs code,,2,,,
Instamart,bagasse plates disadvantages,,2,,,
Instamart,bagasse plates export,,2,,,
Instamart,bagasse fiber plates,,2,,,
Instamart,bagasse plates gst,,2,,,
Instamart,plates bagasse triple green 22cm 10s,,2,,,
Instamart,bagasse plates india,,2,,,
Instamart,what is bagasse plates,,2,,,
Instamart,bagasse vs palm leaf plates,,2,,,
Instamart,bagasse tableware near me,,2,,,
Instamart,bagasse oval plates,,2,,,
Instamart,bagasse plates pronunciation,,2,,,
Instamart,bagasse plates reusable,,2,,,
Instamart,bagasse plates square,,2,,,
Instamart,bagasse plates supplier uk,,2,,,
Instamart,bagasse plates vs paper plates,,2,,,
Instamart,disposable serving trays asda,,2,,,
Instamart,disposable food tray bulk,,2,,,
Instamart,disposable food tray containers,,2,,,
Instamart,disposable serving trays dollar tree,,2,,,
Instamart,disposable food tray foil,,2,,,
Instamart,disposable food packaging trays hsn code and gst rate,,2,,,
Instamart,disposable plastic meal tray indiamart,,2,,,
Instamart,disposable serving tray kmart,,2,,,
Instamart,disposable serving tray large,,2,,,
Instamart,plastic meal tray manufacturers,,2,,,
Instamart,disposable food tray nearby,,2,,,
Instamart,disposable food tray price,,2,,,
Instamart,disposable food tray small,,2,,,
Instamart,disposable food tray target,,2,,,
Instamart,paper tea cup capacity,,2,,,
Instamart,how many ml in paper cup,,2,,,
Instamart,disposable paper cups 250ml price,,2,,,
Instamart,paper cup 9 oz 250 ml,,2,,,
Instamart,bulk coffee cups and lids,,2,,,
Instamart,bulk coffee cups for business,,2,,,
Instamart,are paper cups bad for your health,,2,,,
Instamart,bulk coffee cups custom,,2,,,
Instamart,paper drinking cups bulk,,2,,,
Instamart,bulk coffee cups to go,,2,,,
Instamart,bulk disposable hot cups,,2,,,
Instamart,wholesale paper cup manufacturers in sri lanka,,2,,,
Instamart,paper cups kmart bulk,,2,,,
Instamart,bulk coffee cups nz,,2,,,
Instamart,bulk order paper cups,,2,,,
Instamart,bulk coffee cups personalized,,2,,,
Instamart,wholesale paper cup shop near me,,2,,,
Instamart,paper cup wholesale price,,2,,,
Instamart,wooden cutlery set asda,,2,,,
Instamart,wooden cutlery set baby,,2,,,
Instamart,wooden utensils set canada,,2,,,
Instamart,wooden cutlery set hs code,,2,,,
Instamart,bamboo cutlery set disposable,,2,,,
Instamart,cutlery set description,,2,,,
Instamart,cutlery set meaning,,2,,,
Instamart,wooden knife set for kitchen,,2,,,
Instamart,wooden utensils gift set,,2,,,
Instamart,wooden cooking utensils set ikea,,2,,,
Instamart,justenbois wooden cutlery set,,2,,,
Instamart,wooden cutlery set kids,,2,,,
Instamart,wooden utensils set myer,,2,,,
Instamart,wooden cutlery set nearby,,2,,,
Instamart,wooden cutlery play set,,2,,,
Instamart,bamboo cutlery set reusable,,2,,,
Instamart,bamboo cutlery set stainless steel,,2,,,
Instamart,wooden cutlery set tesco,,2,,,
Instamart,bamboo cutlery set uk,,2,,,
Instamart,viners wooden cutlery set,,2,,,
Instamart,wooden cutlery set with napkin,,2,,,
Instamart,disposable cutlery asda,,2,,,
Instamart,disposable cutlery bunnings,,2,,,
Instamart,disposable cutlery coles,,2,,,
Instamart,disposable cutlery dollarama,,2,,,
Instamart,disposable eco cutlery,,2,,,
Instamart,disposable cutlery for party,,2,,,
Instamart,disposable cutlery good quality,,2,,,
Instamart,disposable cutlery home bargains,,2,,,
Instamart,disposable cutlery ikea,,2,,,
Instamart,disposable cutlery kmart,,2,,,
Instamart,disposable cutlery luxury,,2,,,
Instamart,disposable cutlery nz,,2,,,
Instamart,disposable cutlery officeworks,,2,,,
Instamart,disposable cutlery packs,,2,,,
Instamart,disposable cutlery recyclable,,2,,,
Instamart,disposable cutlery trinidad,,2,,,
Instamart,plastic cutlery uk,,2,,,
Instamart,disposable tableware vector,,2,,,
Instamart,disposable cutlery wholesale near me,,2,,,
Instamart,single use cutlery x 뜻,,2,,,
Instamart,yellow disposable cutlery,,2,,,
Instamart,sugarcane bagasse clamshell,,2,,,
Instamart,sugar cane cast,,2,,,
Instamart,is sugarcane sugar free,,2,,,
Instamart,compostable cups amazon,,2,,,
Instamart,compostable bamboo containers,,2,,,
Instamart,compostable cupcake containers,,2,,,
Instamart,compostable deodorant containers,,2,,,
Instamart,compostable packaging europe,,2,,,
Instamart,compostable grease container,,2,,,
Instamart,compostable cups hot,,2,,,
Instamart,compostable packaging icon,,2,,,
Instamart,compostable jewelry packaging,,2,,,
Instamart,compostable k cups costco,,2,,,
Instamart,compostable leftover containers,,2,,,
Instamart,compostable containers with lids nearby,,2,,,
Instamart,compostable containers meaning,,2,,,
Instamart,compostable packaging options,,2,,,
Instamart,compostable plant containers,,2,,,
Instamart,que es packaging compostable,,2,,,
Instamart,compostable restaurant containers,,2,,,
Instamart,compostable salad containers,,2,,,
Instamart,compostable takeaway containers,,2,,,
Instamart,compostable cups uk,,2,,,
Instamart,compostable vegetable packaging,,2,,,
Instamart,compostable yogurt cups,,2,,,
Instamart,compostable agave straws,,2,,,
Instamart,compostable straws brown,,2,,,
Instamart,compostable straws costco,,2,,,
Instamart,compostable disposable straws,,2,,,
Instamart,biodegradable edible straws,,2,,,
Instamart,is straw compostable,,2,,,
Instamart,compostable flexible straws,,2,,,
Instamart,compostable straws gluten,,2,,,
Instamart,biodegradable straws hs code,,2,,,
Instamart,compostable straw ingredients,,2,,,
Instamart,jumbo compostable straws,,2,,,
Instamart,ktob compostable straws,,2,,,
Instamart,compostable plastic like straws,,2,,,
Instamart,compostable straws pha,,2,,,
Instamart,biodegradable straws reddit,,2,,,
Instamart,compostable smoothie straws,,2,,,
Instamart,compostable straws tesco,,2,,,
Instamart,biodegradable straws uae,,2,,,
Instamart,compostable straws walmart,,2,,,
Instamart,paper straws asda,,2,,,
Instamart,paper straws b&m,,2,,,
Instamart,paper straws coles,,2,,,
Instamart,paper straws dollarama,,2,,,
Instamart,paper straws executive order,,2,,,
Instamart,paper straws for sale,,2,,,
Instamart,paper straws gluten free,,2,,,
Instamart,paper straws hobby lobby,,2,,,
Instamart,paper straws individually wrapped,,2,,,
Instamart,paper straws japan,,2,,,
Instamart,paper straws kroger,,2,,,
Instamart,paper straws law,,2,,,
Instamart,paper straws michaels,,2,,,
Instamart,paper straws nearby,,2,,,
Instamart,paper straws orange,,2,,,
Instamart,paper straws pfas,,2,,,
Instamart,quality paper straws,,2,,,
Instamart,paper straws recyclable,,2,,,
Instamart,paper straws sainsbury's,,2,,,
Instamart,paper straws target,,2,,,
Instamart,paper straws usa,,2,,,
Instamart,paper straws vs plastic straws environmental impact,,2,,,
Instamart,are paper straws dangerous,,2,,,
Instamart,striped straws yellow,,2,,,
Instamart,food packaging and shelf life impact factor,,2,,,
Instamart,food packaging boxes wholesale near me,,2,,,
Instamart,food packaging disposable,,2,,,
Instamart,food packaging exhibition,,2,,,
Instamart,food packaging factory near me,,2,,,
Instamart,food packaging gloves,,2,,,
Instamart,food packaging hyderabad,,2,,,
Instamart,food packaging items,,2,,,
Instamart,food packaging job in canada,,2,,,
Instamart,food packaging karachi,,2,,,
Instamart,food packaging license,,2,,,
Instamart,food packaging options,,2,,,
Instamart,food packaging paper,,2,,,
Instamart,food packaging qatar,,2,,,
Instamart,food packaging regulations,,2,,,
Instamart,food packaging solutions,,2,,,
Instamart,food packaging thali,,2,,,
Instamart,food packaging uae,,2,,,
Instamart,food packaging vendors,,2,,,
Instamart,food packaging wholesale,,2,,,
Instamart,food container xl,,2,,,
Instamart,food packaging yellow,,2,,,
Instamart,food packaging ziplock bag,,2,,,
Instamart,party supplies adelaide,,2,,,
Instamart,party supplies bulk,,2,,,
Instamart,party supplies christchurch,,2,,,
Instamart,party supplies dublin,,2,,,
Instamart,party supplies edmonton,,2,,,
Instamart,party decorations for adults,,2,,,
Instamart,party supplies geelong,,2,,,
Instamart,party supplies hamilton,,2,,,
Instamart,party decorations ideas,,2,,,
Instamart,party supplies jacksonville fl,,2,,,
Instamart,party tableware kmart,,2,,,
Instamart,party supplies los angeles,,2,,,
Instamart,party supplies miami,,2,,,
Instamart,party supplies near me,,2,,,
Instamart,party supplies omaha,,2,,,
Instamart,party supplies penrith,,2,,,
Instamart,party decorations qatar,,2,,,
Instamart,party supplies rental near me,,2,,,
Instamart,party supplies tulsa,,2,,,
Instamart,party supplies uk,,2,,,
Instamart,party supplies victoria,,2,,,
Instamart,party supplies wilmington nc,,2,,,
Instamart,xmas party tableware,,2,,,
Instamart,party supplies york pa,,2,,,
Instamart,party supplies zapata hwy,,2,,,
Instamart,eco friendly plates manufacturers in india,,3,,,
Instamart,biodegradable plates machine,,3,,,
Instamart,biodegradable plates and cups manufacturers,,3,,,
Instamart,disposable plates wholesale near me,,3,,,
Instamart,bagasse plates manufacturers,,3,,,
Instamart,disposable cups 250ml,,3,,,
Instamart,wholesale paper cups near me,,3,,,
Instamart,disposable cutlery meaning in hindi,,3,,,
Instamart,sugarcane bagasse clamshell boxes,,3,,,
Instamart,compostable straws nearby,,3,,,
Instamart,food packaging,,3,,,
Instamart,food packaging manufacturers in delhi,,3,,,
Instamart,party tablecloths near me,,3,,,
Instamart,eco friendly plates and utensils,,3,,,
Instamart,eco friendly plates bowls,,3,,,
Instamart,eco friendly compartment plates,,3,,,
Instamart,eco friendly disposable plates wholesale,,3,,,
Instamart,eco friendly disposable plates uk,,3,,,
Instamart,eco friendly plates for party,,3,,,
Instamart,eco friendly plates for restaurant,,3,,,
Instamart,eco friendly disposable plates hsn code,,3,,,
Instamart,eco friendly kids dinnerware,,3,,,
Instamart,eco friendly leaf plates near me,,3,,,
Instamart,eco friendly paper plates manufacturers,,3,,,
Instamart,eco friendly plates made of,,3,,,
Instamart,eco friendly small plates,,3,,,
Instamart,eco friendly toddler plates and bowls,,3,,,
Instamart,eco friendly plates with compartments,,3,,,
Instamart,biodegradable plates bowls,,3,,,
Instamart,biodegradable plates company,,3,,,
Instamart,biodegradable disposable plates manufacturers in india,,3,,,
Instamart,biodegradable eating plates,,3,,,
Instamart,biodegradable plates for wedding,,3,,,
Instamart,biodegradable plates in germany,,3,,,
Instamart,biodegradable plates in hyderabad,,3,,,
Instamart,biodegradable plates in usa,,3,,,
Instamart,biodegradable kids plates,,3,,,
Instamart,biodegradable plates with lids,,3,,,
Instamart,biodegradable plates ntuc,,3,,,
Instamart,compostable plates oval,,3,,,
Instamart,biodegradable paper plates,,3,,,
Instamart,biodegradable reusable plates,,3,,,
Instamart,biodegradable plates shop near me,,3,,,
Instamart,biodegradable tiffin plates,,3,,,
Instamart,verka biodegradable plates,,3,,,
Instamart,biodegradable plates wholesale near me,,3,,,
Instamart,disposable plates and cups,,3,,,
Instamart,disposable plates business,,3,,,
Instamart,disposable plates colorful,,3,,,
Instamart,disposable plates decoration,,3,,,
Instamart,disposable plates ebay,,3,,,
Instamart,disposable plates for lunch,,3,,,
Instamart,disposable plates glass,,3,,,
Instamart,disposable plates hard,,3,,,
Instamart,disposable plates images,,3,,,
Instamart,disposable plates jiji,,3,,,
Instamart,disposable plates karachi,,3,,,
Instamart,disposable plates leaves,,3,,,
Instamart,disposable plates manufacturer,,3,,,
Instamart,disposable plates near me wholesale,,3,,,
Instamart,disposable plates online delivery,,3,,,
Instamart,disposable plates paper,,3,,,
Instamart,disposable plates quarter,,3,,,
Instamart,disposable plates reject shop,,3,,,
Instamart,disposable plates shop,,3,,,
Instamart,disposable plates trademark class,,3,,,
Instamart,disposable plates usa,,3,,,
Instamart,disposable plates vendor near me,,3,,,
Instamart,plastic plates xmas,,3,,,
Instamart,plastic plates yellow,,3,,,
Instamart,paper plates zepto,,3,,,
Instamart,bagasse plates are made of,,3,,,
Instamart,bagasse plates bowls,,3,,,
Instamart,bagasse plates company,,3,,,
Instamart,bagasse plates disposable,,3,,,
Instamart,bagasse tableware eco friendly,,3,,,
Instamart,bagasse food plate,,3,,,
Instamart,bagasse plates good or bad,,3,,,
Instamart,plates bagasse triple green,,3,,,
Instamart,bagasse plates hyderabad,,3,,,
Instamart,bagasse plates images,,3,,,
Instamart,bagasse natural plate,,3,,,
Instamart,bagasse plates wholesale near me,,3,,,
Instamart,bagasse plates made of,,3,,,
Instamart,bagasse plates production,,3,,,
Instamart,bagasse plates review,,3,,,
Instamart,bagasse plates wholesale uk,,3,,,
Instamart,bagasse plates vs cornstarch plates,,3,,,
Instamart,disposable serving trays and bowls,,3,,,
Instamart,disposable tray sizes,,3,,,
Instamart,disposable serving trays bulk,,3,,,
Instamart,disposable food tray covers,,3,,,
Instamart,disposable food display trays,,3,,,
Instamart,disposable serving trays for parties,,3,,,
Instamart,disposable food trays for kids,,3,,,
Instamart,disposable food tray large,,3,,,
Instamart,plastic meal tray with lid,,3,,,
Instamart,plastic meal tray making machine,,3,,,
Instamart,disposable serving tray near me,,3,,,
Instamart,plastic meal tray shop near me,,3,,,
Instamart,disposable food tray paper,,3,,,
Instamart,disposable serving trays tesco,,3,,,
Instamart,250 ml paper cup price,,3,,,
Instamart,wholesale paper cups and plates,,3,,,
Instamart,bulk buy paper cups,,3,,,
Instamart,paper cups wholesale near me,,3,,,
Instamart,bulk coffee cups costco,,3,,,
Instamart,bulk disposable cups for wedding,,3,,,
Instamart,wholesale paper cups for hot drinks,,3,,,
Instamart,bulk iced coffee cups glass,,3,,,
Instamart,wholesale paper cup manufacturers in delhi,,3,,,
Instamart,bulk coffee cups with logo,,3,,,
Instamart,bulk 3 oz paper cups,,3,,,
Instamart,wholesale paper cup price,,3,,,
Instamart,bulk coffee cup sleeves,,3,,,
Instamart,bulk disposable tea cups,,3,,,
Instamart,are paper cups cheaper than plastic,,3,,,
Instamart,wooden cutlery set australia,,3,,,
Instamart,bamboo cutlery set baby,,3,,,
Instamart,wooden utensils set canadian tire,,3,,,
Instamart,wooden cutlery set hsn code,,3,,,
Instamart,wooden cutlery set with chopsticks,,3,,,
Instamart,bamboo cutlery set dishwasher safe,,3,,,
Instamart,cutlery set and their uses,,3,,,
Instamart,wooden utensils set for cooking,,3,,,
Instamart,gold wooden cutlery set,,3,,,
Instamart,wooden utensils set made in canada,,3,,,
Instamart,jysk wooden cutlery set,,3,,,
Instamart,bamboo cutlery set kids,,3,,,
Instamart,wooden cutlery set nz,,3,,,
Instamart,bamboo cutlery set price,,3,,,
Instamart,wooden utensils set reddit,,3,,,
Instamart,wooden utensils set south africa,,3,,,
Instamart,wooden cutlery set travel,,3,,,
Instamart,wooden utensils set uk,,3,,,
Instamart,vintage wooden handle cutlery set,,3,,,
Instamart,disposable cutlery and crockery,,3,,,
Instamart,disposable cutlery brands,,3,,,
Instamart,disposable cutlery costco australia,,3,,,
Instamart,disposable cutlery dunelm,,3,,,
Instamart,plastic cutlery edmonton,,3,,,
Instamart,disposable cutlery for restaurant,,3,,,
Instamart,disposable cutlery green,,3,,,
Instamart,disposable cutlery hs code,,3,,,
Instamart,disposable cutlery in french,,3,,,
Instamart,disposable cutlery karachi,,3,,,
Instamart,disposable cutlery london,,3,,,
Instamart,disposable cutlery nearby,,3,,,
Instamart,disposable cutlery online,,3,,,
Instamart,disposable cutlery plastic,,3,,,
Instamart,disposable cutlery range,,3,,,
Instamart,disposable cutlery set with napkin,,3,,,
Instamart,disposable cutlery target,,3,,,
Instamart,disposable tableware uk,,3,,,
Instamart,vintage disposable cutlery,,3,,,
Instamart,disposable cutlery woolworths,,3,,,
Instamart,single use cutlery x,,3,,,
Instamart,compostable packaging australia,,3,,,
Instamart,compostable bagasse containers,,3,,,
Instamart,compostable clear containers,,3,,,
Instamart,compostable dessert containers,,3,,,
Instamart,compostable packaging eu,,3,,,
Instamart,can compostable containers be recycled,,3,,,
Instamart,are biopak containers compostable,,3,,,
Instamart,compostable food containers with lids,,3,,,
Instamart,can compostable containers go in green bin,,3,,,
Instamart,compostable cups how to dispose,,3,,,
Instamart,compostable packaging ireland,,3,,,
Instamart,compostable juice cups,,3,,,
Instamart,compostable keurig cups,,3,,,
Instamart,compostable liquid containers,,3,,,
Instamart,compostable container microwave safe,,3,,,
Instamart,compostable containers nz,,3,,,
Instamart,are compostable containers oven safe,,3,,,
Instamart,compostable paper containers,,3,,,
Instamart,compostable to go food containers,,3,,,
Instamart,compostable cups recycling,,3,,,
Instamart,compostable storage containers,,3,,,
Instamart,compostable togo containers,,3,,,
Instamart,compostable single use containers,,3,,,
Instamart,compostable cups with lids,,3,,,
Instamart,amazon biodegradable straws,,3,,,
Instamart,compostable straws blue,,3,,,
Instamart,compostable straws clear,,3,,,
Instamart,biodegradable straws dischem,,3,,,
Instamart,ecosystems compostable straws,,3,,,
Instamart,are paper straws compostable,,3,,,
Instamart,biodegradable straws factory,,3,,,
Instamart,compostable straws made from plants,,3,,,
Instamart,compostable straws whole foods,,3,,,
Instamart,compostable green straws,,3,,,
Instamart,biodegradable straws how long does it take,,3,,,
Instamart,biodegradable straws individually wrapped,,3,,,
Instamart,long compostable straws,,3,,,
Instamart,compostable paper straws,,3,,,
Instamart,compostable reed straw,,3,,,
Instamart,compostable sugarcane straws,,3,,,
Instamart,unwrapped compostable straws,,3,,,
Instamart,paper straws are the worst,,3,,,
Instamart,paper straws black,,3,,,
Instamart,paper straws contain gluten,,3,,,
Instamart,paper straws dollar general,,3,,,
Instamart,paper straws eu,,3,,,
Instamart,paper straws florida,,3,,,
Instamart,paper straws gluten uk,,3,,,
Instamart,paper straws home bargains,,3,,,
Instamart,paper straws ingredients,,3,,,
Instamart,are paper straws just as bad as plastic,,3,,,
Instamart,paper straws kenya,,3,,,
Instamart,paper straws large,,3,,,
Instamart,paper straws meaning,,3,,,
Instamart,paper straws nz,,3,,,
Instamart,paper straws outlawed,,3,,,
Instamart,paper straws pakistan,,3,,,
Instamart,que es paper straws,,3,,,
Instamart,paper straws reaction with coke,,3,,,
Instamart,paper straws should be banned,,3,,,
Instamart,paper straws toxic,,3,,,
Instamart,paper straws uk law,,3,,,
Instamart,paper straws valentines,,3,,,
Instamart,paper straws woolworths,,3,,,
Instamart,what are paper straws made of,,3,,,
Instamart,paper straws 9 year old,,3,,,
Instamart,food packaging aluminium foil,,3,,,
Instamart,food packaging boxes wholesale,,3,,,
Instamart,food packaging company,,3,,,
Instamart,food packaging definition,,3,,,
Instamart,food packaging expo 2026,,3,,,
Instamart,food packaging for cloud kitchen,,3,,,
Instamart,food packaging gst rate,,3,,,
Instamart,food packaging harare,,3,,,
Instamart,food packaging ideas,,3,,,
Instamart,food packaging jobs near me,,3,,,
Instamart,food packaging kmart,,3,,,
Instamart,food packaging logo,,3,,,
Instamart,food packaging delhi,,3,,,
Instamart,food packaging operator,,3,,,
Instamart,food packaging plastic,,3,,,
Instamart,food packaging qr code,,3,,,
Instamart,food packaging research paper,,3,,,
Instamart,food packaging sealing machine,,3,,,
Instamart,food packaging technology,,3,,,
Instamart,food packaging use and throw,,3,,,
Instamart,food packaging vacuum machine,,3,,,
Instamart,food packaging wholesale near me,,3,,,
Instamart,food container xenos,,3,,,
Instamart,food packaging to you,,3,,,
Instamart,food packaging zipper,,3,,,
Instamart,party plates and cups,,3,,,
Instamart,party supplies brownsville tx,,3,,,
Instamart,party supplies chicago,,3,,,
Instamart,party supplies denver,,3,,,
Instamart,party supplies evansville,,3,,,
Instamart,party supplies fort wayne,,3,,,
Instamart,party supplies guam,,3,,,
Instamart,party decorations hire,,3,,,
Instamart,party supplies ireland,,3,,,
Instamart,party supplies joondalup,,3,,,
Instamart,party decorations kmart,,3,,,
Instamart,party supplies las vegas,,3,,,
Instamart,party supplies malta,,3,,,
Instamart,party decorations near me,,3,,,
Instamart,party plates ohio,,3,,,
Instamart,party decorations perth,,3,,,
Instamart,party supplies quezon city,,3,,,
Instamart,party supplies rochester ny,,3,,,
Instamart,party supplies store,,3,,,
Instamart,party supplies trinidad,,3,,,
Instamart,party decorations uk,,3,,,
Instamart,party supplies vancouver wa,,3,,,
Instamart,party supplies wichita ks,,3,,,
Instamart,party supplies yonkers,,3,,,
Instamart,party decorations zurich,,3,,,
Instamart,bagasse plates manufacturers in india,,4,,,
Instamart,coffee cups 250ml,,4,,,
Instamart,sugarcane burger clamshell,,4,,,
Instamart,sugar cane products list,,4,,,
Instamart,party tables near me,,4,,,
Instamart,eco friendly plates and cutlery,,4,,,
Instamart,eco friendly disposable plates near me,,4,,,
Instamart,eco friendly bamboo plates,,4,,,
Instamart,eco friendly camping plates,,4,,,
Instamart,eco friendly disposable plates wedding,,4,,,
Instamart,eco friendly plates for food,,4,,,
Instamart,how to make eco friendly plates,,4,,,
Instamart,eco friendly kids dishes,,4,,,
Instamart,eco friendly plate machine,,4,,,
Instamart,eco friendly plastic plates,,4,,,
Instamart,eco friendly reusable dinnerware,,4,,,
Instamart,eco friendly dinnerware set,,4,,,
Instamart,eco friendly toddler plates,,4,,,
Instamart,eco friendly plates walmart,,4,,,
Instamart,biodegradable plates and cups manufacturers near me,,4,,,
Instamart,biodegradable plates buyers,,4,,,
Instamart,biodegradable plates coles,,4,,,
Instamart,biodegradable dinner plates,,4,,,
Instamart,biodegradable edible plates,,4,,,
Instamart,biodegradable plates from banana leaves,,4,,,
Instamart,biodegradable glass plates,,4,,,
Instamart,biodegradable plates hs code,,4,,,
Instamart,biodegradable plates images,,4,,,
Instamart,compostable plates kmart,,4,,,
Instamart,biodegradable plates manufacturing business,,4,,,
Instamart,compostable plates near me,,4,,,
Instamart,biodegradable plates made of,,4,,,
Instamart,biodegradable plastic plates,,4,,,
Instamart,biodegradable round plates,,4,,,
Instamart,biodegradable plates square,,4,,,
Instamart,biodegradable thali plates,,4,,,
Instamart,biodegradable plates woolworths,,4,,,
Instamart,disposable plates and spoons,,4,,,
Instamart,disposable plates black,,4,,,
Instamart,disposable plates company,,4,,,
Instamart,disposable plates dmart,,4,,,
Instamart,disposable plates egypt,,4,,,
Instamart,disposable plates for snacks,,4,,,
Instamart,disposable plates green,,4,,,
Instamart,disposable plates hindi,,4,,,
Instamart,disposable plates instamart,,4,,,
Instamart,disposable plates jumbo,,4,,,
Instamart,disposable plates kroger,,4,,,
Instamart,disposable plates lidl,,4,,,
Instamart,disposable plates making machine price,,4,,,
Instamart,disposable plates nearby,,4,,,
Instamart,disposable plates on sale,,4,,,
Instamart,disposable plates price in india,,4,,,
Instamart,disposable plates quick delivery,,4,,,
Instamart,disposable plates rectangle,,4,,,
Instamart,disposable plates size,,4,,,
Instamart,disposable plates tesco,,4,,,
Instamart,disposable plates uganda,,4,,,
Instamart,disposable plates vintage,,4,,,
Instamart,disposable plates wholesale delhi,,4,,,
Instamart,paper plates xmas crafts,,4,,,
Instamart,plastic plates you can draw on,,4,,,
Instamart,plastic plates zepto,,4,,,
Instamart,bagasse plates and cups,,4,,,
Instamart,bagasse plates bangalore,,4,,,
Instamart,bagasse plates compartment,,4,,,
Instamart,bagasse dinner plates,,4,,,
Instamart,bagasse tableware export from india,,4,,,
Instamart,sugarcane bagasse plates gst rate,,4,,,
Instamart,plates bagasse triple grn 25cm 10s,,4,,,
Instamart,bagasse tableware hsn code,,4,,,
Instamart,bagasse plates in coimbatore,,4,,,
Instamart,how to make bagasse plates,,4,,,
Instamart,bagasse plate shop near me,,4,,,
Instamart,bagasse plate photo,,4,,,
Instamart,bagasse plates round,,4,,,
Instamart,unbleached bagasse plates,,4,,,
Instamart,bagasse plates wholesale price,,4,,,
Instamart,disposable food trays amazon,,4,,,
Instamart,disposable food trays black,,4,,,
Instamart,disposable tray price,,4,,,
Instamart,disposable food trays canada,,4,,,
Instamart,disposable food tray with dividers,,4,,,
Instamart,disposable serving trays foil,,4,,,
Instamart,disposable serving tray with lid,,4,,,
Instamart,disposable food trays metal,,4,,,
Instamart,disposable serving tray nearby,,4,,,
Instamart,disposable food tray plates,,4,,,
Instamart,disposable serving tray set,,4,,,
Instamart,disposable food trays tesco,,4,,,
Instamart,paper cup rate,,4,,,
Instamart,wholesale paper cups and plates near me,,4,,,
Instamart,paper coffee cups bulk buy,,4,,,
Instamart,bulk coffee cups canada,,4,,,
Instamart,disposable paper cup sizes,,4,,,
Instamart,bulk green paper cups,,4,,,
Instamart,halloween paper cups bulk,,4,,,
Instamart,wholesale paper cup manufacturers in coimbatore,,4,,,
Instamart,bulk disposable cups with lids,,4,,,
Instamart,bulk coffee cups near me,,4,,,
Instamart,bulk 12 oz paper cups,,4,,,
Instamart,wholesale paper cup printing sri lanka,,4,,,
Instamart,bulk coffee cup stickers,,4,,,
Instamart,wholesale paper tea cups,,4,,,
Instamart,paper tea cups wholesale near me,,4,,,
Instamart,wooden utensils set australia,,4,,,
Instamart,wooden knife set block,,4,,,
Instamart,wooden handle cutlery set dishwasher safe,,4,,,
Instamart,wooden knife set for kids,,4,,,
Instamart,george wooden cutlery set,,4,,,
Instamart,is wooden cutlery better than plastic,,4,,,
Instamart,wooden knife set holder,,4,,,
Instamart,wooden handle cutlery set uk,,4,,,
Instamart,wooden utensils set manufacturers in india,,4,,,
Instamart,wooden knife set kids,,4,,,
Instamart,wooden utensils set nz,,4,,,
Instamart,remi wooden cutlery set,,4,,,
Instamart,wooden cutlery spoon set,,4,,,
Instamart,bamboo cutlery set travel,,4,,,
Instamart,wooden knife set with block,,4,,,
Instamart,disposable cutlery aldi,,4,,,
Instamart,disposable cutlery b&m,,4,,,
Instamart,disposable cutlery canada,,4,,,
Instamart,disposable cutlery dollar tree,,4,,,
Instamart,plastic cutlery environmental impact,,4,,,
Instamart,disposable cutlery fancy,,4,,,
Instamart,disposable gold cutlery set,,4,,,
Instamart,disposable cutlery heavy duty,,4,,,
Instamart,disposable cutlery individually wrapped,,4,,,
Instamart,disposable kids cutlery,,4,,,
Instamart,disposable cutlery lebanon,,4,,,
Instamart,disposable cutlery making machine,,4,,,
Instamart,disposable cutlery napkins,,4,,,
Instamart,plastic cutlery organizer,,4,,,
Instamart,disposable cutlery poundland,,4,,,
Instamart,what is disposable cutlery,,4,,,
Instamart,disposable cutlery reddit,,4,,,
Instamart,disposable cutlery silver,,4,,,
Instamart,disposable cutlery the range,,4,,,
Instamart,disposable tableware usa,,4,,,
Instamart,disposable cutlery walmart,,4,,,
Instamart,single use cutlery x 意味,,4,,,
Instamart,compostable cups and lids,,4,,,
Instamart,compostable packaging bags,,4,,,
Instamart,compostable cardboard containers,,4,,,
Instamart,compostable disposable containers,,4,,,
Instamart,biodegradable egg containers crossword,,4,,,
Instamart,compostable freezer containers,,4,,,
Instamart,can compostable containers go in the microwave,,4,,,
Instamart,compostable packaging how to dispose,,4,,,
Instamart,compostable cups ireland,,4,,,
Instamart,compostable k cups canada,,4,,,
Instamart,compostable packaging logo,,4,,,
Instamart,compostable meal containers,,4,,,
Instamart,compostable cups near me,,4,,,
Instamart,compostable take out containers,,4,,,
Instamart,compostable pint containers,,4,,,
Instamart,compostable cups reddit,,4,,,
Instamart,compostable sauce containers,,4,,,
Instamart,compostable takeout containers near me,,4,,,
Instamart,biodegradable containers with lids in india,,4,,,
Instamart,biodegradable straws australia,,4,,,
Instamart,compostable boba straws,,4,,,
Instamart,compostable cocktail straws,,4,,,
Instamart,biodegradable drinking straws,,4,,,
Instamart,do compostable straws have gluten,,4,,,
Instamart,eco compostable straws,,4,,,
Instamart,biodegradable straws for honey sticks,,4,,,
Instamart,biodegradable straws gluten free,,4,,,
Instamart,biodegradable straws india,,4,,,
Instamart,lifemade compostable straws,,4,,,
Instamart,compostable straws material,,4,,,
Instamart,biodegradable straws not paper,,4,,,
Instamart,compostable pla straws,,4,,,
Instamart,compostable rice straw,,4,,,
Instamart,compostable spoon straws,,4,,,
Instamart,biodegradable straws target,,4,,,
Instamart,compostable wrapped straws,,4,,,
Instamart,paper straws and gluten,,4,,,
Instamart,paper straws banned,,4,,,
Instamart,paper straws canada,,4,,,
Instamart,paper straws donald trump,,4,,,
Instamart,paper straws ebay,,4,,,
Instamart,paper straws for mason bees,,4,,,
Instamart,paper straws green,,4,,,
Instamart,paper straws hs code,,4,,,
Instamart,paper straws in bulk,,4,,,
Instamart,paper straws new jersey,,4,,,
Instamart,paper straws kids,,4,,,
Instamart,paper straws long,,4,,,
Instamart,paper straws morrisons,,4,,,
Instamart,paper straws not gluten free,,4,,,
Instamart,paper straws origin,,4,,,
Instamart,paper straws poundland,,4,,,
Instamart,paper straws red and white,,4,,,
Instamart,paper straws spotlight,,4,,,
Instamart,paper straws trump,,4,,,
Instamart,paper straws useless,,4,,,
Instamart,paper straws vancouver,,4,,,
Instamart,paper straws white,,4,,,
Instamart,are paper straws safe,,4,,,
Instamart,paper straws nine year old,,4,,,
Instamart,food packaging and shelf life journal,,4,,,
Instamart,food packaging bags,,4,,,
Instamart,food packaging covers,,4,,,
Instamart,food packaging design agency,,4,,,
Instamart,food packaging expo,,4,,,
Instamart,food packaging films,,4,,,
Instamart,food packaging gurgaon,,4,,,
Instamart,food packaging heat sealer,,4,,,
Instamart,food packaging in delhi,,4,,,
Instamart,food packaging journals,,4,,,
Instamart,food packaging kenya,,4,,,
Instamart,food packaging label design,,4,,,
Instamart,food packaging machine,,4,,,
Instamart,food packaging notes,,4,,,
Instamart,food packaging operator job description,,4,,,
Instamart,food packaging plates,,4,,,
Instamart,food packaging quotes,,4,,,
Instamart,food packaging requirements,,4,,,
Instamart,food packaging store near me,,4,,,
Instamart,food packaging tray,,4,,,
Instamart,food packaging uk,,4,,,
Instamart,food packaging volunteer,,4,,,
Instamart,food packaging work near me,,4,,,
Instamart,xps food packaging,,4,,,
Instamart,food packaging new york,,4,,,
Instamart,food packaging ziplock,,4,,,
Instamart,party supplies australia,,4,,,
Instamart,party supplies brooklyn,,4,,,
Instamart,party supplies columbus ohio,,4,,,
Instamart,party supplies dubai,,4,,,
Instamart,party supplies epping,,4,,,
Instamart,party decorations for kids,,4,,,
Instamart,party supplies greenville sc,,4,,,
Instamart,party decorations hire near me,,4,,,
Instamart,party decorations ideas for adults,,4,,,
Instamart,party supplies jamaica,,4,,,
Instamart,party plates kmart,,4,,,
Instamart,party supplies list,,4,,,
Instamart,party supplies mcallen tx,,4,,,
Instamart,party supplies nearby,,4,,,
Instamart,party supplies okc,,4,,,
Instamart,party plates plastic,,4,,,
Instamart,party supplies qormi,,4,,,
Instamart,party supplies raleigh nc,,4,,,
Instamart,party supplies store near me,,4,,,
Instamart,party supplies tucson,,4,,,
Instamart,party supplies usa,,4,,,
Instamart,party supplies virginia beach,,4,,,
Instamart,party supplies walmart,,4,,,
Instamart,party supplies yakima,,4,,,
Instamart,party supplies zurich,,4,,,
Instamart,bagasse plates manufacturing plant cost,,5,,,
Instamart,disposable cups 250ml 1000s,,5,,,
Instamart,disposable cups 250ml 1000 per box,,5,,,
Instamart,bulk coffee cups,,5,,,
Instamart,clamshell sugarcane bagasse,,5,,,
Instamart,compostable containers with lids wholesale,,5,,,
Instamart,eco friendly party plates and cutlery,,5,,,
Instamart,eco friendly buffet plates,,5,,,
Instamart,eco friendly children's plates,,5,,,
Instamart,eco friendly dinner plates,,5,,,
Instamart,eco friendly examples,,5,,,
Instamart,are bamboo plates eco friendly,,5,,,
Instamart,best eco friendly kids plates,,5,,,
Instamart,eco friendly banana leaf plates,,5,,,
Instamart,eco friendly plates manufacturing near me,,5,,,
Instamart,eco friendly serving plates,,5,,,
Instamart,eco friendly thanksgiving plates,,5,,,
Instamart,eco friendly single use plates,,5,,,
Instamart,eco friendly plates wedding,,5,,,
Instamart,biodegradable plates and cups machine,,5,,,
Instamart,biodegradable plates big size,,5,,,
Instamart,biodegradable plates cost,,5,,,
Instamart,biodegradable disposable plates machine,,5,,,
Instamart,biodegradable tableware export from india,,5,,,
Instamart,biodegradable plates for parties,,5,,,
Instamart,biodegradable green plates,,5,,,
Instamart,biodegradable plates have gluten,,5,,,
Instamart,biodegradable plates manufacturers in gujarat,,5,,,
Instamart,biodegradable paper plates and cups,,5,,,
Instamart,biodegradable utensils research,,5,,,
Instamart,biodegradable plates small,,5,,,
Instamart,biodegradable thanksgiving plates,,5,,,
Instamart,disposable plates and glass making machine price,,5,,,
Instamart,disposable plates box,,5,,,
Instamart,disposable plates compartments,,5,,,
Instamart,disposable plates dinner,,5,,,
Instamart,disposable plates elegant,,5,,,
Instamart,disposable plates for dinner,,5,,,
Instamart,disposable plates glasses and cutlery,,5,,,
Instamart,disposable plates high quality,,5,,,
Instamart,disposable plates in bulk,,5,,,
Instamart,disposable plates jalandhar,,5,,,
Instamart,disposable plates kids,,5,,,
Instamart,disposable plates large,,5,,,
Instamart,disposable plates meesho,,5,,,
Instamart,disposable plates natural,,5,,,
Instamart,disposable plates organizer,,5,,,
Instamart,disposable plates pronunciation,,5,,,
Instamart,paper plates qatar,,5,,,
Instamart,disposable plates red dot,,5,,,
Instamart,disposable plates small size,,5,,,
Instamart,disposable plates that look like china,,5,,,
Instamart,disposable plates utensils,,5,,,
Instamart,disposable plates verka,,5,,,
Instamart,disposable plates wholesale price,,5,,,
Instamart,paper plates xl,,5,,,
Instamart,paper plates you can microwave,,5,,,
Instamart,paper plates zoo animals,,5,,,
Instamart,bagasse plates asda,,5,,,
Instamart,bagasse plates business,,5,,,
Instamart,bagasse compostable plates,,5,,,
Instamart,bagasse disposable plates near me,,5,,,
Instamart,bagasse tableware exporter,,5,,,
Instamart,bagasse sugarcane fiber plates,,5,,,
Instamart,are bagasse plates gluten free,,5,,,
Instamart,bagasse tableware hs code,,5,,,
Instamart,bagasse plates in uk,,5,,,
Instamart,bagasse plates in usa,,5,,,
Instamart,sugarcane bagasse plates price,,5,,,
Instamart,origami bagasse plates,,5,,,
Instamart,bagasse paper plates,,5,,,
Instamart,bagasse plate rate,,5,,,
Instamart,bagasse sugarcane plates,,5,,,
Instamart,bagasse plates manufacturers in tamilnadu,,5,,,
Instamart,disposable serving trays amazon,,5,,,
Instamart,disposable serving trays b&m,,5,,,
Instamart,disposable serving trays costco,,5,,,
Instamart,disposable food tray with drink holder,,5,,,
Instamart,disposable food tray with lid,,5,,,
Instamart,plastic meal tray near me,,5,,,
Instamart,plastic meal tray price,,5,,,
Instamart,how much ml is a paper cup,,5,,,
Instamart,paper cup 200ml price,,5,,,
Instamart,bulk coffee cups and saucers,,5,,,
Instamart,black paper cups bulk,,5,,,
Instamart,bulk coffee cups cheap,,5,,,
Instamart,bulk coffee cups for cafe,,5,,,
Instamart,wholesale paper cup manufacturers in madurai,,5,,,
Instamart,wholesale paper cups with lids,,5,,,
Instamart,bulk disposable cups near me,,5,,,
Instamart,bulk disposable plastic cups,,5,,,
Instamart,wholesale paper cup supplier malaysia,,5,,,
Instamart,bulk coffee travel cups,,5,,,
Instamart,wooden utensils set amazon,,5,,,
Instamart,wooden knife block set with sharpener,,5,,,
Instamart,wooden utensils cooking set,,5,,,
Instamart,wooden cooking utensils set dishwasher safe,,5,,,
Instamart,wooden utensils set for kids,,5,,,
Instamart,george home wooden cutlery set,,5,,,
Instamart,wooden utensils set house,,5,,,
Instamart,cutlery set in wooden box,,5,,,
Instamart,wooden utensils set kids,,5,,,
Instamart,wooden utensils set near me,,5,,,
Instamart,bamboo cutlery set with pouch,,5,,,
Instamart,wooden utensils set sale,,5,,,
Instamart,wooden knife set with sharpener,,5,,,
Instamart,wooden knife set toddler,,5,,,
Instamart,wooden kitchen utensils set uk,,5,,,
Instamart,disposable cutlery amazon,,5,,,
Instamart,disposable cutlery bulk,,5,,,
Instamart,disposable cutlery canadian tire,,5,,,
Instamart,disposable cutlery display,,5,,,
Instamart,plastic cutlery ebay,,5,,,
Instamart,disposable cutlery factory,,5,,,
Instamart,disposable gold cutlery wholesale,,5,,,
Instamart,disposable cutlery hsn code,,5,,,
Instamart,disposable cutlery in spanish,,5,,,
Instamart,plastic cutlery kmart,,5,,,
Instamart,plastic cutlery lidl,,5,,,
Instamart,disposable cutlery market size in india,,5,,,
Instamart,disposable cutlery nice,,5,,,
Instamart,plastic cutlery organizer with lid,,5,,,
Instamart,disposable cutlery pronunciation,,5,,,
Instamart,is disposable cutlery recyclable,,5,,,
Instamart,plastic cutlery reusable,,5,,,
Instamart,disposable cutlery sainsbury's,,5,,,
Instamart,disposable cutlery tray,,5,,,
Instamart,plastic cutlery usa,,5,,,
Instamart,disposable cutlery wooden,,5,,,
Instamart,compostable cups and plates,,5,,,
Instamart,compostable cups bulk,,5,,,
Instamart,compostable carryout containers,,5,,,
Instamart,compostable drink containers,,5,,,
Instamart,biodegradable egg containers,,5,,,
Instamart,compostable food containers nearby,,5,,,
Instamart,can compostable containers go in oven,,5,,,
Instamart,compostable cups in bulk,,5,,,
Instamart,compostable k cups not working,,5,,,
Instamart,compostable packaging label,,5,,,
Instamart,compostable microgreen containers,,5,,,
Instamart,compostable cups nearby,,5,,,
Instamart,compostable take out containers microwave safe,,5,,,
Instamart,compostable produce containers,,5,,,
Instamart,compostable cups restaurant depot,,5,,,
Instamart,compostable sushi containers,,5,,,
Instamart,compostable tupperware containers,,5,,,
Instamart,is compostable plastic really compostable,,5,,,
Instamart,biodegradable containers with lids,,5,,,
Instamart,biodegradable straws agave,,5,,,
Instamart,compostable bendy straws,,5,,,
Instamart,compostable crazy straws,,5,,,
Instamart,biodegradable disposable straws,,5,,,
Instamart,do compostable straws have microplastics,,5,,,
Instamart,are compostable rice straws edible,,5,,,
Instamart,biodegradable straws fiji,,5,,,
Instamart,biodegradable straws gluten,,5,,,
Instamart,compostable straw manufacturers in india,,5,,,
Instamart,biodegradable straws near me,,5,,,
Instamart,biodegradable straws plastic,,5,,,
Instamart,are compostable straws recyclable,,5,,,
Instamart,biodegradable straws south africa,,5,,,
Instamart,compostable bubble tea straws,,5,,,
Instamart,biodegradable straws wholesale,,5,,,
Instamart,paper straws are bad,,5,,,
Instamart,paper straws blue,,5,,,
Instamart,paper straws california,,5,,,
Instamart,paper straws delaware,,5,,,
Instamart,paper straws environment,,5,,,
Instamart,paper straws for cake pops,,5,,,
Instamart,paper straws glue,,5,,,
Instamart,paper straws have wheat,,5,,,
Instamart,paper straws invented,,5,,,
Instamart,paper wrapped jumbo straws,,5,,,
Instamart,do paper straws kill turtles,,5,,,
Instamart,paper straws lidl,,5,,,
Instamart,paper straws meme,,5,,,
Instamart,paper straws new world,,5,,,
Instamart,paper straws online,,5,,,
Instamart,paper straws pack,,5,,,
Instamart,paper straws red,,5,,,
Instamart,paper straws study,,5,,,
Instamart,paper straws that don't get soggy,,5,,,
Instamart,paper straws usa trump,,5,,,
Instamart,paper straws vs plastic cost,,5,,,
Instamart,paper straws worse than plastic,,5,,,
Instamart,why are paper straws so bad,,5,,,
Instamart,paper straws new york,,5,,,
Instamart,food packaging and shelf life abbreviation,,5,,,
Instamart,food packaging boxes near me,,5,,,
Instamart,food packaging container near me,,5,,,
Instamart,food packaging drawing easy,,5,,,
Instamart,food packaging expo 2026 india,,5,,,
Instamart,food packaging fonts,,5,,,
Instamart,food packaging gas name,,5,,,
Instamart,food packaging hs code,,5,,,
Instamart,food packaging industry near me,,5,,,
Instamart,food packaging job in europe,,5,,,
Instamart,food packaging kraft paper,,5,,,
Instamart,food packaging license india,,5,,,
Instamart,food packaging manufacturers,,5,,,
Instamart,food packaging notes pdf,,5,,,
Instamart,food packaging ottawa,,5,,,
Instamart,food packaging polythene,,5,,,
Instamart,food packaging quality control,,5,,,
Instamart,food packaging responsibilities,,5,,,
Instamart,food packaging silver pouch,,5,,,
Instamart,food packaging technology pdf,,5,,,
Instamart,food packaging usa,,5,,,
Instamart,food packaging video,,5,,,
Instamart,food packaging work,,5,,,
Instamart,xmas food packaging,,5,,,
Instamart,food with yellow packaging uk,,5,,,
Instamart,food packaging zip bags,,5,,,
Instamart,party supplies albuquerque,,5,,,
Instamart,party decorations brisbane,,5,,,
Instamart,party supplies colorado springs,,5,,,
Instamart,party supplies des moines,,5,,,
Instamart,party supplies erie pa,,5,,,
Instamart,party supplies fresno,,5,,,
Instamart,party supplies greenville nc,,5,,,
Instamart,party supplies huntsville al,,5,,,
Instamart,party decorations ireland,,5,,,
Instamart,party supplies jackson tn,,5,,,
Instamart,party supplies kingston,,5,,,
Instamart,party supplies lexington ky,,5,,,
Instamart,party supplies minneapolis,,5,,,
Instamart,party decorations nearby,,5,,,
Instamart,party supplies orlando,,5,,,
Instamart,party decorations pink,,5,,,
Instamart,party supplies queens,,5,,,
Instamart,party supplies reno,,5,,,
Instamart,party decorations store,,5,,,
Instamart,party supplies toronto,,5,,,
Instamart,party supplies underwood,,5,,,
Instamart,party supplies visalia,,5,,,
Instamart,party supplies winnipeg,,5,,,
Instamart,party supplies yuba city,,5,,,
Instamart,party supplies zabbar,,5,,,
Instamart,bagasse plates meaning,,6,,,
Instamart,disposable meal tray with lid wholesale,,6,,,
Instamart,eco friendly use and throw plates,,6,,,
Instamart,eco friendly baby plates,,6,,,
Instamart,eco friendly christmas plates,,6,,,
Instamart,eco friendly plates from banana leaves,,6,,,
Instamart,eco friendly kids party plates,,6,,,
Instamart,eco friendly palm leaf plates,,6,,,
Instamart,eco friendly plates material,,6,,,
Instamart,best eco friendly paper plates,,6,,,
Instamart,is eco friendly the same as environmentally friendly,,6,,,
Instamart,eco friendly square plates,,6,,,
Instamart,eco friendly disposable plates and utensils,,6,,,
Instamart,eco friendly wooden plates,,6,,,
Instamart,biodegradable plates and glasses,,6,,,
Instamart,biodegradable bamboo plates,,6,,,
Instamart,biodegradable plates canada,,6,,,
Instamart,biodegradable dessert plates,,6,,,
Instamart,biodegradable disposable plates exporters in gujarat,,6,,,
Instamart,biodegradable plates for surgery,,6,,,
Instamart,biodegradable holiday plates,,6,,,
Instamart,biodegradable plates in uk,,6,,,
Instamart,compostable leaf plates,,6,,,
Instamart,biodegradable plates material,,6,,,
Instamart,compostable plates nearby,,6,,,
Instamart,paper plates biodegradable or nonbiodegradable,,6,,,
Instamart,biodegradable partition plates,,6,,,
Instamart,biodegradable plates set,,6,,,
Instamart,compostable plates target,,6,,,
Instamart,compostable ultra plates,,6,,,
Instamart,biodegradable plates wedding,,6,,,
Instamart,disposable plates and glass making machine,,6,,,
Instamart,disposable plates business in india,,6,,,
Instamart,disposable plates comes under which category,,6,,,
Instamart,disposable plates decoration ideas,,6,,,
Instamart,disposable plates etc,,6,,,
Instamart,disposable plates for momos,,6,,,
Instamart,disposable plates glass machine,,6,,,
Instamart,disposable plates heavy duty,,6,,,
Instamart,disposable plates in chandigarh,,6,,,
Instamart,disposable plates jaipur,,6,,,
Instamart,disposable plates kaufland,,6,,,
Instamart,disposable plates luxury,,6,,,
Instamart,disposable plates manufacturers near me,,6,,,
Instamart,disposable plates near me within 800m,,6,,,
Instamart,disposable plates on amazon,,6,,,
Instamart,disposable plates png,,6,,,
Instamart,plastic plates qatar,,6,,,
Instamart,disposable plates restaurant depot,,6,,,
Instamart,disposable plates square,,6,,,
Instamart,disposable plates target,,6,,,
Instamart,disposable plates uae,,6,,,
Instamart,disposable plates visiting card,,6,,,
Instamart,disposable plates with cover,,6,,,
Instamart,paper plates x100,,6,,,
Instamart,paper plates youtube,,6,,,
Instamart,paper plates zehrs,,6,,,
Instamart,sugarcane bagasse plates & bowls,,6,,,
Instamart,bagasse plates buy,,6,,,
Instamart,bagasse tableware china,,6,,,
Instamart,bagasse tableware distributor,,6,,,
Instamart,sugarcane bagasse plates export from india,,6,,,
Instamart,bagasse plates manufacturers in gujarat,,6,,,
Instamart,sugarcane bagasse plates hsn code,,6,,,
Instamart,bagasse pizza plates,,6,,,
Instamart,bagasse rectangular plate,,6,,,
Instamart,bagasse small plates,,6,,,
Instamart,sugarcane bagasse to plates,,6,,,
Instamart,bagasse plate weight,,6,,,
Instamart,disposable serving trays aluminum,,6,,,
Instamart,disposable serving trays christmas,,6,,,
Instamart,disposable serving trays for desserts,,6,,,
Instamart,plastic ready meal tray melted in oven,,6,,,
Instamart,disposable lunch trays nearby,,6,,,
Instamart,disposable meal prep tray,,6,,,
Instamart,disposable food tray with cover,,6,,,
Instamart,polystyrene paper cups 250ml,,6,,,
Instamart,bulk coffee cups amazon,,6,,,
Instamart,bulk disposable tea cups and saucers,,6,,,
Instamart,brown paper cups bulk,,6,,,
Instamart,bulk paper cone cups,,6,,,
Instamart,bulk coffee cups for coffee shop,,6,,,
Instamart,wholesale paper cup manufacturers in kerala,,6,,,
Instamart,bulk coffee cups with lids and sleeves,,6,,,
Instamart,bulk coffee cups nearby,,6,,,
Instamart,bulk disposable shot cups,,6,,,
Instamart,bamboo cutlery set amazon,,6,,,
Instamart,wooden knife block set uk,,6,,,
Instamart,wooden knife set for toddlers,,6,,,
Instamart,wooden knife handle set,,6,,,
Instamart,cutlery set in wooden case,,6,,,
Instamart,wooden utensils set kmart,,6,,,
Instamart,wooden utensils set non toxic,,6,,,
Instamart,wooden picnic cutlery set,,6,,,
Instamart,bamboo cutlery set silver,,6,,,
Instamart,wooden knife set with stand,,6,,,
Instamart,wooden utensils set teak,,6,,,
Instamart,bamboo handle cutlery set uk,,6,,,
Instamart,disposable cutlery argos,,6,,,
Instamart,disposable cutlery big w,,6,,,
Instamart,disposable cutlery compostable,,6,,,
Instamart,plastic cutlery drainer,,6,,,
Instamart,disposable forks eco,,6,,,
Instamart,disposable cutlery for kids,,6,,,
Instamart,plastic cutlery gold,,6,,,
Instamart,disposable cutlery holder for party,,6,,,
Instamart,disposable cutlery items,,6,,,
Instamart,disposable forks kmart,,6,,,
Instamart,plastic cutlery lunch set,,6,,,
Instamart,disposable cutlery morrisons,,6,,,
Instamart,disposable cutlery ntuc,,6,,,
Instamart,plastic cutlery on plane,,6,,,
Instamart,disposable cutlery price,,6,,,
Instamart,plastic cutlery reject shop,,6,,,
Instamart,disposable cutlery singapore,,6,,,
Instamart,disposable cutlery that looks real,,6,,,
Instamart,plastic cutlery uk ban,,6,,,
Instamart,disposable cutlery wholesale singapore,,6,,,
Instamart,sugar cane bar reviews,,6,,,
Instamart,compostable cups and straws,,6,,,
Instamart,compostable packaging boxes,,6,,,
Instamart,compostable cosmetic containers,,6,,,
Instamart,compostable deli containers with lids,,6,,,
Instamart,compostable espresso cups,,6,,,
Instamart,compostable food containers near me,,6,,,
Instamart,can compostable containers go in fogo,,6,,,
Instamart,compostable hot cups with lids,,6,,,
Instamart,compostable insulated packaging,,6,,,
Instamart,compostable k cups nearby,,6,,,
Instamart,compostable cups lids,,6,,,
Instamart,compostable muffin containers,,6,,,
Instamart,compostable packaging nz,,6,,,
Instamart,compostable take out containers canada,,6,,,
Instamart,compostable pla containers,,6,,,
Instamart,are egg containers compostable,,6,,,
Instamart,are compostable containers recyclable,,6,,,
Instamart,compostable snack containers,,6,,,
Instamart,compostable cups target,,6,,,
Instamart,compostable cups walmart,,6,,,
Instamart,compostable black straws,,6,,,
Instamart,compostable coffee straws,,6,,,
Instamart,are compostable straws more expensive,,6,,,
Instamart,biodegradable straws for restaurants,,6,,,
Instamart,biodegradable straws green,,6,,,
Instamart,bpi compostable straw ingredients,,6,,,
Instamart,compostable straw manufacturer,,6,,,
Instamart,biodegradable straws nz,,6,,,
Instamart,biodegradable straws price,,6,,,
Instamart,biodegradable rice straws,,6,,,
Instamart,biodegradable straws starbucks,,6,,,
Instamart,tuv compostable straws,,6,,,
Instamart,biodegradable straws walmart,,6,,,
Instamart,paper straws are terrible,,6,,,
Instamart,paper straws bad for you,,6,,,
Instamart,paper straws crazy store,,6,,,
Instamart,paper straws don t work,,6,,,
Instamart,paper straws in europe,,6,,,
Instamart,paper straws for bee house,,6,,,
Instamart,paper straws gold,,6,,,
Instamart,paper straws health risk,,6,,,
Instamart,paper straws in canada,,6,,,
Instamart,paper straws are a joke,,6,,,
Instamart,paper straws burger king,,6,,,
Instamart,paper straws lebanon,,6,,,
Instamart,paper straws made in usa,,6,,,
Instamart,paper straws news,,6,,,
Instamart,paper straws on amazon,,6,,,
Instamart,paper straws pfas study,,6,,,
Instamart,paper straws reject shop,,6,,,
Instamart,paper straws soggy,,6,,,
Instamart,paper straws the range,,6,,,
Instamart,paper straws urban dictionary,,6,,,
Instamart,paper straws video,,6,,,
Instamart,paper straws wrapped in plastic,,6,,,
Instamart,9 year old study paper straws,,6,,,
Instamart,food packaging and labelling,,6,,,
Instamart,food packaging box manufacturers,,6,,,
Instamart,food packaging company near me,,6,,,
Instamart,food packaging design ideas,,6,,,
Instamart,food packaging experience certificate,,6,,,
Instamart,food packaging factory,,6,,,
Instamart,food packaging guidelines,,6,,,
Instamart,food packaging hiring near me,,6,,,
Instamart,food packaging images,,6,,,
Instamart,food packaging jobs in russia,,6,,,
Instamart,food packaging kota kinabalu,,6,,,
Instamart,food packaging laws and regulations,,6,,,
Instamart,food packaging material shop near me,,6,,,
Instamart,food packaging network,,6,,,
Instamart,food packaging online australia,,6,,,
Instamart,food packaging paper bags,,6,,,
Instamart,food packaging quiz,,6,,,
Instamart,food packaging regulations fssai,,6,,,
Instamart,food packaging suppliers near me,,6,,,
Instamart,food packaging technology nptel,,6,,,
Instamart,food packaging unit near me,,6,,,
Instamart,food packaging volunteer near me,,6,,,
Instamart,food packaging work from home,,6,,,
Instamart,purpose of food packaging,,6,,,
Instamart,cat food yellow packaging,,6,,,
Instamart,food packaging zipper bag,,6,,,
Instamart,party decorations amazon,,6,,,
Instamart,party supplies bangalore,,6,,,
Instamart,party supplies calgary,,6,,,
Instamart,party supplies downtown la,,6,,,
Instamart,party supplies el paso tx,,6,,,
Instamart,party supplies fayetteville nc,,6,,,
Instamart,party supplies glasgow,,6,,,
Instamart,party supplies hoppers crossing,,6,,,
Instamart,party supplies in bulk,,6,,,
Instamart,party supplies joplin mo,,6,,,
Instamart,party supplies kmart,,6,,,
Instamart,party supplies louisville ky,,6,,,
Instamart,party supplies manchester,,6,,,
Instamart,party supplies nyc,,6,,,
Instamart,party supplies ottawa,,6,,,
Instamart,party decorations paper,,6,,,
Instamart,party favors quinceanera,,6,,,
Instamart,party decorations rental,,6,,,
Instamart,party decorations store near me,,6,,,
Instamart,party supplies tyler tx,,6,,,
Instamart,party supplies upper hutt,,6,,,
Instamart,party supplies victoria tx,,6,,,
Instamart,party supplies wellington,,6,,,
Instamart,party supplies york,,6,,,
Instamart,party supplies zurrieq,,6,,,
Instamart,bagasse plates manufacturing machine cost,,7,,,
Instamart,bulk disposable cups,,7,,,
Instamart,eco friendly disposable plates and bowls,,7,,,
Instamart,eco friendly bagasse plates,,7,,,
Instamart,eco friendly charger plates,,7,,,
Instamart,eco friendly disposable plates machine,,7,,,
Instamart,eco friendly disposable plates for wedding,,7,,,
Instamart,eco friendly microwavable plates,,7,,,
Instamart,eco friendly plates and glasses,,7,,,
Instamart,eco friendly snack plates,,7,,,
Instamart,eco friendly to go plates,,7,,,
Instamart,biodegradable plates and cups making machine,,7,,,
Instamart,biodegradable bagasse plates,,7,,,
Instamart,biodegradable plates china,,7,,,
Instamart,biodegradable disposable plates near me,,7,,,
Instamart,plates compostable except in ca,,7,,,
Instamart,biodegradable plates from leaves,,7,,,
Instamart,compostable plates gluten free,,7,,,
Instamart,biodegradable tableware hs code,,7,,,
Instamart,biodegradable kitchen utensils,,7,,,
Instamart,compostable lunch plates,,7,,,
Instamart,biodegradable plates manufacturers in hyderabad,,7,,,
Instamart,oracle biodegradable plates,,7,,,
Instamart,biodegradable paper plates near me,,7,,,
Instamart,compostable plates reddit,,7,,,
Instamart,biodegradable plates south africa,,7,,,
Instamart,biodegradable single use plates,,7,,,
Instamart,biodegradable plates walmart,,7,,,
Instamart,disposable plates and glass shop near me,,7,,,
Instamart,disposable plates biodegradable,,7,,,
Instamart,disposable plates chickpet,,7,,,
Instamart,disposable plates diy,,7,,,
Instamart,disposable plates eco,,7,,,
Instamart,disposable plates factory near me,,7,,,
Instamart,disposable plates gold,,7,,,
Instamart,disposable plates home bargains,,7,,,
Instamart,disposable plates in sadar bazar,,7,,,
Instamart,disposable plates jumia,,7,,,
Instamart,disposable plates kenya,,7,,,
Instamart,disposable plates lebanon,,7,,,
Instamart,disposable plates meaning,,7,,,
Instamart,disposable plates near me open now,,7,,,
Instamart,disposable plates officeworks,,7,,,
Instamart,disposable plates pack,,7,,,
Instamart,paper plates quality,,7,,,
Instamart,disposable plates round,,7,,,
Instamart,disposable plates silver,,7,,,
Instamart,disposable plates that look real,,7,,,
Instamart,disposable plates under ₹ 1000,,7,,,
Instamart,disposable plates viva,,7,,,
Instamart,disposable plates with compartments,,7,,,
Instamart,paper plates xmas tree,,7,,,
Instamart,paper plates yakuza kiwami,,7,,,
Instamart,paper plates zazzle,,7,,,
Instamart,bagasse plates hsn code and gst rate,,7,,,
Instamart,bagasse plates benefits,,7,,,
Instamart,bagasse disposable plate hsn code,,7,,,
Instamart,eco bagasse plates,,7,,,
Instamart,plates from bagasse,,7,,,
Instamart,disposable bagasse plates hsn code,,7,,,
Instamart,bagasse tableware importers in usa,,7,,,
Instamart,bagasse plate manufacturers near me,,7,,,
Instamart,bagasse party plates,,7,,,
Instamart,bagasse round plate 7,,7,,,
Instamart,bagasse tableware supplier,,7,,,
Instamart,bagasse use and throw plates,,7,,,
Instamart,bagasse plate water resistant,,7,,,
Instamart,disposable food trays asda,,7,,,
Instamart,disposable serving trays coles,,7,,,
Instamart,disposable serving trays for food,,7,,,
Instamart,disposable food trays nz,,7,,,
Instamart,disposable food tray party,,7,,,
Instamart,8cp meal tray takeaway disposable thali with lid,,7,,,
Instamart,disposable food tray warmers,,7,,,
Instamart,bulk disposable cups and lids,,7,,,
Instamart,bulk coffee cups cute,,7,,,
Instamart,paper cups for coffee bulk,,7,,,
Instamart,wholesale paper cup manufacturers in ahmedabad,,7,,,
Instamart,bulk disposable cups with lids and straws,,7,,,
Instamart,wholesale paper cup manufacturers south africa,,7,,,
Instamart,bulk coffee shop cups,,7,,,
Instamart,bulk coffee takeaway cups,,7,,,
Instamart,bamboo cutlery set australia,,7,,,
Instamart,wooden knife box set,,7,,,
Instamart,bamboo cutlery set for kids,,7,,,
Instamart,cutlery wooden handle set,,7,,,
Instamart,wooden utensils set with holder,,7,,,
Instamart,ikea wooden cutlery set,,7,,,
Instamart,bamboo cutlery set kmart,,7,,,
Instamart,wooden cooking utensils set made in usa,,7,,,
Instamart,wooden utensils set nearby,,7,,,
Instamart,premium wooden cutlery set,,7,,,
Instamart,wooden handle cutlery set sale,,7,,,
Instamart,disposable cutlery at costco,,7,,,
Instamart,disposable cutlery bamboo,,7,,,
Instamart,disposable cutlery caddy,,7,,,
Instamart,plastic cutlery dispenser,,7,,,
Instamart,disposable tableware eco friendly,,7,,,
Instamart,disposable cutlery for cafe,,7,,,
Instamart,disposable utensils gold,,7,,,
Instamart,disposable cutlery hk,,7,,,
Instamart,disposable cutlery in bulk,,7,,,
Instamart,plastic cutlery kids,,7,,,
Instamart,plastic cutlery lebanon,,7,,,
Instamart,disposable cutlery machine,,7,,,
Instamart,plastic cutlery near me,,7,,,
Instamart,disposable utensils organizer,,7,,,
Instamart,disposable cutlery plates,,7,,,
Instamart,plastic cutlery recyclable,,7,,,
Instamart,disposable cutlery set costco,,7,,,
Instamart,disposable cutlery tm class,,7,,,
Instamart,disposable utility knife,,7,,,
Instamart,disposable cutlery wedding,,7,,,
Instamart,parts of a sugarcane stem,,7,,,
Instamart,biodegradable containers amazon,,7,,,
Instamart,compostable packaging brands,,7,,,
Instamart,compostable cups costco,,7,,,
Instamart,compostable packaging disposal,,7,,,
Instamart,compostable eco cups,,7,,,
Instamart,compostable food containers wholesale,,7,,,
Instamart,compostable grease cups,,7,,,
Instamart,compostable hot cups near me,,7,,,
Instamart,compostable iced cups,,7,,,
Instamart,compostable k cups coffee,,7,,,
Instamart,compostable packaging materials,,7,,,
Instamart,biodegradable containers near me,,7,,,
Instamart,compostable take out containers nearby,,7,,,
Instamart,compostable packaging products,,7,,,
Instamart,compostable reusable cups,,7,,,
Instamart,compostable sandwich containers,,7,,,
Instamart,compostable packaging toronto,,7,,,
Instamart,compostable cups with lids and straws,,7,,,
Instamart,are compostable straws gluten free,,7,,,
Instamart,compostable bamboo straws,,7,,,
Instamart,biodegradable straws canada,,7,,,
Instamart,ecosystems compostable straws gluten free,,7,,,
Instamart,bpi compostable straws gluten free,,7,,,
Instamart,do compostable straws have wheat,,7,,,
Instamart,ingeo compostable straws,,7,,,
Instamart,biodegradable straws made of,,7,,,
Instamart,compostable super smoothie natural straws,,7,,,
Instamart,compostable pasta straw,,7,,,
Instamart,biodegradable reusable straws,,7,,,
Instamart,biodegradable straws sugarcane,,7,,,
Instamart,biodegradable straws wrapped,,7,,,
Instamart,paper straws aldi,,7,,,
Instamart,paper straws bad,,7,,,
Instamart,paper straws chemicals,,7,,,
Instamart,paper straws disadvantages,,7,,,
Instamart,paper straws explode meme,,7,,,
Instamart,paper straws for drinking,,7,,,
Instamart,paper straws gf,,7,,,
Instamart,paper straws harmful chemicals,,7,,,
Instamart,paper straws in florida,,7,,,
Instamart,jumbo paper straws near me,,7,,,
Instamart,go green paper straws kochi,,7,,,
Instamart,paper straws light blue,,7,,,
Instamart,paper straws mcdonald's,,7,,,
Instamart,paper straws nj,,7,,,
Instamart,paper straws on capri suns,,7,,,
Instamart,paper straws pink,,7,,,
Instamart,paper straws restaurant,,7,,,
Instamart,paper straws starbucks,,7,,,
Instamart,paper straws toxic study,,7,,,
Instamart,paper u straws,,7,,,
Instamart,are paper straws vegan,,7,,,
Instamart,paper straws with gluten,,7,,,
Instamart,food packaging and shelf life journal abbreviation,,7,,,
Instamart,food packaging business,,7,,,
Instamart,food packaging container wholesale,,7,,,
Instamart,food packaging design templates,,7,,,
Instamart,food packaging eco friendly,,7,,,
Instamart,food packaging for travel,,7,,,
Instamart,food packaging glasgow,,7,,,
Instamart,food packaging hamilton,,7,,,
Instamart,food packaging items shop near me,,7,,,
Instamart,food packaging jobs in luxembourg with visa sponsorship,,7,,,
Instamart,food packaging kraft box,,7,,,
Instamart,food packaging logo design,,7,,,
Instamart,food packaging mockup,,7,,,
Instamart,food packaging near me wholesale,,7,,,
Instamart,food packaging ontario,,7,,,
Instamart,food packaging packet,,7,,,
Instamart,food packaging qld,,7,,,
Instamart,food packaging rules,,7,,,
Instamart,food packaging suppliers,,7,,,
Instamart,food packaging types,,7,,,
Instamart,food packaging using banana leaves,,7,,,
Instamart,food packaging vacuum sealer,,7,,,
Instamart,food packaging wholesale shop near me,,7,,,
Instamart,food packaging facts,,7,,,
Instamart,dog food yellow packaging,,7,,,
Instamart,food packaging zimbabwe,,7,,,
Instamart,party supplies auckland,,7,,,
Instamart,party supplies birmingham al,,7,,,
Instamart,party supplies canberra,,7,,,
Instamart,party supplies dollar tree,,7,,,
Instamart,party supplies eugene,,7,,,
Instamart,party supplies fort collins,,7,,,
Instamart,party supplies greensboro nc,,7,,,
Instamart,party supplies hobart,,7,,,
Instamart,party supplies in los angeles,,7,,,
Instamart,party supplies jonesboro ar,,7,,,
Instamart,party supplies knoxville tn,,7,,,
Instamart,party decorations list,,7,,,
Instamart,party supplies mackay,,7,,,
Instamart,party plates near me,,7,,,
Instamart,party decorations online,,7,,,
Instamart,party decorations personalised,,7,,,
Instamart,party supplies quincy il,,7,,,
Instamart,party supplies richmond va,,7,,,
Instamart,party supplies sydney,,7,,,
Instamart,party supplies target,,7,,,
Instamart,party supplies upper east side,,7,,,
Instamart,party supplies victoria bc,,7,,,
Instamart,party supplies wholesale distributors usa,,7,,,
Instamart,party supplies yuma,,7,,,
Instamart,party supplies zejtun,,7,,,
Instamart,disposable serving trays,,8,,,
Instamart,wholesale paper cups,,8,,,
Instamart,what are eco friendly plates,,8,,,
Instamart,eco friendly birthday plates,,8,,,
Instamart,eco friendly ceramic plates,,8,,,
Instamart,eco friendly food dishes,,8,,,
Instamart,eco friendly areca leaf plates,,8,,,
Instamart,eco friendly plates and spoons,,8,,,
Instamart,eco friendly scrubber dishes,,8,,,
Instamart,biodegradable plates and utensils,,8,,,
Instamart,biodegradable bone plates,,8,,,
Instamart,biodegradable plates cutlery,,8,,,
Instamart,biodegradable dinner plates bulk,,8,,,
Instamart,biodegradable eating utensils,,8,,,
Instamart,biodegradable plates from rice straw,,8,,,
Instamart,gluten in.compostable.plates,,8,,,
Instamart,biodegradable tableware hsn code,,8,,,
Instamart,compostable kids plates,,8,,,
Instamart,biodegradable plates manufacturing machine in india,,8,,,
Instamart,biodegradable utensils near me,,8,,,
Instamart,organic biodegradable plates,,8,,,
Instamart,biodegradable plastic plates and cutlery,,8,,,
Instamart,compostable plates restaurant depot,,8,,,
Instamart,biodegradable sugarcane plates,,8,,,
Instamart,compostable plates tesco,,8,,,
Instamart,biodegradable plates wholesale price,,8,,,
Instamart,disposable plates and cups making machine price,,8,,,
Instamart,disposable plates business plan,,8,,,
Instamart,disposable plates costco,,8,,,
Instamart,disposable plates drawing,,8,,,
Instamart,disposable plates edeka,,8,,,
Instamart,disposable plates for wedding,,8,,,
Instamart,disposable plates gold rim,,8,,,
Instamart,disposable plates holder,,8,,,
Instamart,disposable plates ikea,,8,,,
Instamart,disposable plates john lewis,,8,,,
Instamart,disposable plates katori,,8,,,
Instamart,disposable plates looksharp,,8,,,
Instamart,disposable plates material,,8,,,
Instamart,disposable plates near me shop,,8,,,
Instamart,disposable plates oval,,8,,,
Instamart,disposable plates paper banana leaf,,8,,,
Instamart,plastic plates quality,,8,,,
Instamart,disposable plates red,,8,,,
Instamart,disposable plates sugarcane,,8,,,
Instamart,disposable plates the range,,8,,,
Instamart,disposable plates use and throw,,8,,,
Instamart,disposable plates vyapar kendra,,8,,,
Instamart,disposable plates with compartments and lid,,8,,,
Instamart,paper plates x50,,8,,,
Instamart,disposable yusheng plate,,8,,,
Instamart,paper plates zimbabwe,,8,,,
Instamart,bagasse plates manufacturers in ahmedabad,,8,,,
Instamart,bagasse biodegradable plates,,8,,,
Instamart,bagasse disposable plate manufacturers,,8,,,
Instamart,ezee bagasse plates,,8,,,
Instamart,fresh bagasse plates,,8,,,
Instamart,sugarcane bagasse plates hs code,,8,,,
Instamart,bagasse tableware importers in uk,,8,,,
Instamart,bagasse plates machine,,8,,,
Instamart,sugarcane bagasse plates near me,,8,,,
Instamart,bagasse tableware products,,8,,,
Instamart,bagasse snack plate,,8,,,
Instamart,tesco bagasse plates,,8,,,
Instamart,is bagasse compostable,,8,,,
Instamart,bagasse plate with food,,8,,,
Instamart,disposable serving trays and platters,,8,,,
Instamart,disposable serving tray with compartments,,8,,,
Instamart,disposable serving trays poundland,,8,,,
Instamart,disposable lunch tray with lid,,8,,,
Instamart,bulk paper plates and cups,,8,,,
Instamart,bulk coffee creamer cups,,8,,,
Instamart,paper cups for hot drinks bulk,,8,,,
Instamart,wholesale paper cup manufacturers in chennai,,8,,,
Instamart,bulk coffee cups with lids plastic,,8,,,
Instamart,paper cups bulk price,,8,,,
Instamart,where to buy bulk paper cups,,8,,,
Instamart,bulk coffee cups with saucers,,8,,,
Instamart,wooden utensils set acacia,,8,,,
Instamart,biopak wooden cutlery set,,8,,,
Instamart,bamboo cutlery set with case,,8,,,
Instamart,wooden utensils set for kitchen,,8,,,
Instamart,silver cutlery set in wooden box,,8,,,
Instamart,wooden utensils kitchen set,,8,,,
Instamart,bamboo cutlery set near me,,8,,,
Instamart,pre packed wooden cutlery set,,8,,,
Instamart,kitchen cutlery set price,,8,,,
Instamart,bamboo cutlery set for toddlers,,8,,,
Instamart,cutlery collections wooden utensil set,,8,,,
Instamart,bamboo cutlery set wholesale,,8,,,
Instamart,disposable cutlery and plates near me,,8,,,
Instamart,disposable cutlery bags,,8,,,
Instamart,disposable cutlery container,,8,,,
Instamart,plastic cutlery drawer inserts,,8,,,
Instamart,disposable tableware exhibition,,8,,,
Instamart,disposable cutlery fork,,8,,,
Instamart,disposable forks gold,,8,,,
Instamart,plastic cutlery holder,,8,,,
Instamart,plastic cutlery ikea,,8,,,
Instamart,plastic cutlery kit,,8,,,
Instamart,plastic cutlery law,,8,,,
Instamart,disposable cutlery malta,,8,,,
Instamart,disposable utensils near me,,8,,,
Instamart,disposable silverware organizer,,8,,,
Instamart,disposable cutlery packets,,8,,,
Instamart,plastic cutlery rack,,8,,,
Instamart,disposable cutlery supplier,,8,,,
Instamart,disposable cutlery temu,,8,,,
Instamart,disposable utility knife blades,,8,,,
Instamart,disposable cutlery waitrose,,8,,,
Instamart,compostable packaging amazon,,8,,,
Instamart,compostable cups branded,,8,,,
Instamart,compostable packaging canada,,8,,,
Instamart,compostable packaging definition,,8,,,
Instamart,biodegradable egg containers ( clue),,8,,,
Instamart,compostable food containers costco,,8,,,
Instamart,compostable to go containers,,8,,,
Instamart,compostable herb packaging,,8,,,
Instamart,compostable k cups walmart,,8,,,
Instamart,compostable packaging meaning,,8,,,
Instamart,compostable cups nz,,8,,,
Instamart,compostable take out containers near me,,8,,,
Instamart,compostable cups plastic,,8,,,
Instamart,compostable red cups,,8,,,
Instamart,compostable small containers,,8,,,
Instamart,compostable packaging tape,,8,,,
Instamart,compostable cups wedding,,8,,,
Instamart,are compostable straws safe,,8,,,
Instamart,compostable bendable straws,,8,,,
Instamart,biodegradable straws clear,,8,,,
Instamart,starbucks compostable straws gluten free,,8,,,
Instamart,biodegradable honey straws,,8,,,
Instamart,biodegradable straws material,,8,,,
Instamart,biodegradable straws singapore,,8,,,
Instamart,biodegradable straws what are they made of,,8,,,
Instamart,paper straws are stupid,,8,,,
Instamart,paper straws biodegradable,,8,,,
Instamart,paper straws celiac,,8,,,
Instamart,paper straws disney,,8,,,
Instamart,trump paper straws.explode,,8,,,
Instamart,paper straws forever chemicals study,,8,,,
Instamart,paper straws gary owen,,8,,,
Instamart,paper straws hobbycraft,,8,,,
Instamart,paper straws in store,,8,,,
Instamart,jacent paper straws,,8,,,
Instamart,kraft paper straws,,8,,,
Instamart,paper straws length,,8,,,
Instamart,paper straws microplastics,,8,,,
Instamart,paper straws not recyclable,,8,,,
Instamart,paper straws or plastic,,8,,,
Instamart,paper straws problem,,8,,,
Instamart,paper straws research,,8,,,
Instamart,paper straws sri lanka,,8,,,
Instamart,paper straws thick,,8,,,
Instamart,paper umbrella straws,,8,,,
Instamart,trump paper straws video,,8,,,
Instamart,paper straws wheat,,8,,,
Instamart,paper straws bad for your health,,8,,,
Instamart,food packaging and preservation,,8,,,
Instamart,food packaging boxes 1000ml,,8,,,
Instamart,food packaging companies in india,,8,,,
Instamart,food packaging dealers near me,,8,,,
Instamart,food packaging equipment,,8,,,
Instamart,food packaging for delivery,,8,,,
Instamart,food packaging glue,,8,,,
Instamart,food packaging hiring abroad,,8,,,
Instamart,food packaging india,,8,,,
Instamart,food packaging jobs in luxembourg,,8,,,
Instamart,food packaging kz,,8,,,
Instamart,food packaging laws and regulations in india,,8,,,
Instamart,food packaging material wholesale near me,,8,,,
Instamart,food packaging nitrogen,,8,,,
Instamart,food packaging officeworks,,8,,,
Instamart,food packaging plastic box,,8,,,
Instamart,food packaging questions,,8,,,
Instamart,food packaging resume,,8,,,
Instamart,food packaging sticker design,,8,,,
Instamart,food packaging thali near me,,8,,,
Instamart,food packaging us,,8,,,
Instamart,food packaging vector,,8,,,
Instamart,food packaging website,,8,,,
Instamart,food packaging over the years,,8,,,
Instamart,food packaging zambia,,8,,,
Instamart,party supplies amarillo,,8,,,
Instamart,party supplies ballarat,,8,,,
Instamart,party supplies charlotte nc,,8,,,
Instamart,party decorations diy,,8,,,
Instamart,party supplies egypt,,8,,,
Instamart,party decorations for birthday,,8,,,
Instamart,party supplies grand rapids,,8,,,
Instamart,party supplies hobby lobby,,8,,,
Instamart,party decorations in store,,8,,,
Instamart,party supplies johnson city tn,,8,,,
Instamart,party supplies katy,,8,,,
Instamart,party supplies lebanon,,8,,,
Instamart,party supplies midland tx,,8,,,
Instamart,party supplies nz,,8,,,
Instamart,party supplies overland park,,8,,,
Instamart,party supplies paw patrol,,8,,,
Instamart,party balloons quezon city,,8,,,
Instamart,party supplies roanoke va,,8,,,
Instamart,party supplies san antonio,,8,,,
Instamart,party supplies toowoomba,,8,,,
Instamart,party supplies victorville,,8,,,
Instamart,party supplies warehouse,,8,,,
Instamart,party supplies youngstown ohio,,8,,,
Instamart,party supplies zebbug,,8,,,
Instamart,disposable food trays,,9,,,
Instamart,what is a party platter,,9,,,
Instamart,eco friendly banana plates,,9,,,
Instamart,eco friendly disposable plates business,,9,,,
Instamart,eco friendly fancy disposable plates,,9,,,
Instamart,eco friendly disposable plates with lid,,9,,,
Instamart,banana leaves to eco friendly plates,,9,,,
Instamart,biodegradable plates and cutlery,,9,,,
Instamart,biodegradable buffet plates,,9,,,
Instamart,biodegradable compartment plates,,9,,,
Instamart,biodegradable plates fractures,,9,,,
Instamart,biodegradable paper plates gluten,,9,,,
Instamart,compostable large plates,,9,,,
Instamart,biodegradable plates manufacturers in india,,9,,,
Instamart,compostable plates nz,,9,,,
Instamart,oracle biodegradable plates price,,9,,,
Instamart,biodegradable party plates and cups,,9,,,
Instamart,biodegradable serving plates,,9,,,
Instamart,compostable plates to go,,9,,,
Instamart,biodegradable plates with cover,,9,,,
Instamart,disposable plates and cups near me,,9,,,
Instamart,disposable plates bowls and cutlery,,9,,,
Instamart,disposable plates coles,,9,,,
Instamart,disposable plates dollarama,,9,,,
Instamart,disposable plates easter,,9,,,
Instamart,disposable plates for cake,,9,,,
Instamart,disposable plates gandhinagar,,9,,,
Instamart,disposable plates hs code,,9,,,
Instamart,disposable plates in spanish,,9,,,
Instamart,disposable japanese plates,,9,,,
Instamart,disposable plates kmart bulk,,9,,,
Instamart,disposable plates leicester,,9,,,
Instamart,disposable plates making business,,9,,,
Instamart,disposable plates near me within 1.6 km,,9,,,
Instamart,disposable plates on blinkit,,9,,,
Instamart,disposable plates photo,,9,,,
Instamart,paper plates qfc,,9,,,
Instamart,disposable plates recyclable,,9,,,
Instamart,disposable plates supplier,,9,,,
Instamart,disposable plates trinidad,,9,,,
Instamart,disposable plates unique,,9,,,
Instamart,disposable plates video,,9,,,
Instamart,disposable plates with lid wholesale,,9,,,
Instamart,disposable plates new year,,9,,,
Instamart,disposable plates nz,,9,,,
Instamart,are bagasse plates microwave safe,,9,,,
Instamart,are bagasse plates strong,,9,,,
Instamart,bagasse based plates,,9,,,
Instamart,ieco bagasse plates costco,,9,,,
Instamart,bagasse disposable tableware,,9,,,
Instamart,ecosoul bagasse plates,,9,,,
Instamart,bagasse plates meaning in hindi,,9,,,
Instamart,bagasse tableware importers,,9,,,
Instamart,bagasse plates manufacturing project report,,9,,,
Instamart,bagasse tableware products market,,9,,,
Instamart,sugarcane bagasse plates raw material,,9,,,
Instamart,bagasse plate white,,9,,,
Instamart,disposable food tray with compartments,,9,,,
Instamart,plastic ready meal tray melted in oven tesco,,9,,,
Instamart,disposable paper food tray near me,,9,,,
Instamart,disposable food trays pink,,9,,,
Instamart,bulk disposable cocktail cups,,9,,,
Instamart,floral paper cups bulk,,9,,,
Instamart,wholesale paper cup manufacturers in ajman,,9,,,
Instamart,bulk paper coffee cups with lids,,9,,,
Instamart,bulk coffee cups white,,9,,,
Instamart,wooden knife set amazon,,9,,,
Instamart,best wooden cutlery set,,9,,,
Instamart,wooden camping cutlery set,,9,,,
Instamart,best wooden utensils set for cooking,,9,,,
Instamart,where to buy cutlery sets,,9,,,
Instamart,vintage cutlery set in wooden box,,9,,,
Instamart,wooden knife kitchen set,,9,,,
Instamart,bamboo cutlery set nearby,,9,,,
Instamart,wooden plate and cutlery set,,9,,,
Instamart,disposable cutlery and napkin set,,9,,,
Instamart,disposable cutlery black,,9,,,
Instamart,disposable cutlery clear,,9,,,
Instamart,plastic cutlery drawer,,9,,,
Instamart,disposable utensils edible cutlery,,9,,,
Instamart,disposable cutlery for events,,9,,,
Instamart,plastic cutlery good quality,,9,,,
Instamart,plastic cutlery home bargains,,9,,,
Instamart,plastic cutlery insert,,9,,,
Instamart,plastic cutlery kroger,,9,,,
Instamart,disposable tableware logo,,9,,,
Instamart,disposable cutlery manufacturers in india,,9,,,
Instamart,plastic cutlery nz,,9,,,
Instamart,plastic cutlery organizer drawer,,9,,,
Instamart,disposable cutlery packaging,,9,,,
Instamart,plastic cutlery range,,9,,,
Instamart,disposable cutlery storage,,9,,,
Instamart,disposable toddler cutlery,,9,,,
Instamart,disposable utensils cutlery,,9,,,
Instamart,disposable cutlery warehouse,,9,,,
Instamart,compostable cups and cutlery,,9,,,
Instamart,biodegradable containers bulk,,9,,,
Instamart,compostable cups canada,,9,,,
Instamart,compostable disposable cups,,9,,,
Instamart,compostable food containers canada,,9,,,
Instamart,compostable to go containers near me,,9,,,
Instamart,compostable holiday cups,,9,,,
Instamart,is compostable containers microwavable,,9,,,
Instamart,compostable k cups amazon,,9,,,
Instamart,compostable cups meaning,,9,,,
Instamart,compostable packaging near me,,9,,,
Instamart,compostable food take out containers,,9,,,
Instamart,compostable packaging ppwr,,9,,,
Instamart,compostable round cups,,9,,,
Instamart,compostable soup containers with lids,,9,,,
Instamart,biodegradable containers trinidad,,9,,,
Instamart,biodegradable containers wholesale,,9,,,
Instamart,are compostable straws paper,,9,,,
Instamart,compostable bar straws,,9,,,
Instamart,do compostable straws contain gluten,,9,,,
Instamart,dunkin compostable straws,,9,,,
Instamart,resource compostable straws gluten free,,9,,,
Instamart,biodegradable hard straws,,9,,,
Instamart,biodegradable straws manufacturers in india,,9,,,
Instamart,biodegradable paper straws,,9,,,
Instamart,repurpose compostable straws,,9,,,
Instamart,compostable wheat straw,,9,,,
Instamart,paper straws argos,,9,,,
Instamart,paper straws bad for health,,9,,,
Instamart,paper straws costco,,9,,,
Instamart,paper straws disintegrate,,9,,,
Instamart,paper straws extra long,,9,,,
Instamart,paper straws for cotton candy,,9,,,
Instamart,paper straws good or bad,,9,,,
Instamart,paper straws history,,9,,,
Instamart,paper straws ikea,,9,,,
Instamart,jumbo paper straws coles,,9,,,
Instamart,kikkerland paper straws,,9,,,
Instamart,paper straws lead,,9,,,
Instamart,paper straws malta,,9,,,
Instamart,paper straws not good,,9,,,
Instamart,paper straws ontario,,9,,,
Instamart,paper straws pak n save,,9,,,
Instamart,paper straws range,,9,,,
Instamart,paper straws supplier,,9,,,
Instamart,paper straws that bend,,9,,,
Instamart,are paper straws vatable,,9,,,
Instamart,paper straws wrapped,,9,,,
Instamart,yellow paper straws nearby,,9,,,
Instamart,food packaging and labelling ppt,,9,,,
Instamart,food packaging boxes plastic,,9,,,
Instamart,food packaging course,,9,,,
Instamart,food packaging drawing,,9,,,
Instamart,food packaging europe,,9,,,
Instamart,food packaging foil box,,9,,,
Instamart,food packaging gold coast,,9,,,
Instamart,food packaging has expanded,,9,,,
Instamart,food packaging ideas for cloud kitchen,,9,,,
Instamart,food packaging job in australia,,9,,,
Instamart,food packaging kuwait,,9,,,
Instamart,food packaging laws,,9,,,
Instamart,food packaging materials wholesale,,9,,,
Instamart,food packaging news,,9,,,
Instamart,food packaging oxygen absorber,,9,,,
Instamart,food packaging paper box,,9,,,
Instamart,food packaging quality,,9,,,
Instamart,food packaging resume skills,,9,,,
Instamart,food packaging sleeves,,9,,,
Instamart,food packaging techniques,,9,,,
Instamart,food packaging unique,,9,,,
Instamart,food packaging volunteer opportunities,,9,,,
Instamart,food packaging without plastic,,9,,,
Instamart,yummy food packaging centre,,9,,,
Instamart,food packaging zipper pouch,,9,,,
Instamart,party supplies atlanta,,9,,,
Instamart,party decorations big w,,9,,,
Instamart,party supplies corpus christi,,9,,,
Instamart,party supplies decoration for birthday,,9,,,
Instamart,party supplies eau claire,,9,,,
Instamart,party supplies fargo,,9,,,
Instamart,party supplies green bay,,9,,,
Instamart,party supplies harlingen,,9,,,
Instamart,party supplies in store,,9,,,
Instamart,party supplies johannesburg,,9,,,
Instamart,party supplies kansas city,,9,,,
Instamart,party supplies laredo tx,,9,,,
Instamart,party supplies modesto,,9,,,
Instamart,party decorations nz,,9,,,
Instamart,party supplies odessa tx,,9,,,
Instamart,party supplies pokemon,,9,,,
Instamart,party supplies queenstown,,9,,,
Instamart,party supplies reynella,,9,,,
Instamart,party supplies singapore,,9,,,
Instamart,party supplies townsville,,9,,,
Instamart,party supplies upper west side,,9,,,
Instamart,party decorations vancouver,,9,,,
Instamart,party plates walmart,,9,,,
Instamart,party decorations york,,9,,,
Instamart,party supplies zootopia,,9,,,
Instamart,disposable serving trays with lids,,10,,,
Instamart,party table food ideas,,10,,,
Instamart,eco friendly camping dinnerware,,10,,,
Instamart,eco friendly bamboo dinnerware for kids,,10,,,
Instamart,lillian eco friendly plates,,10,,,
Instamart,eco friendly paper plates near me,,10,,,
Instamart,eco friendly sponge dishes,,10,,,
Instamart,banana leaves to eco friendly plate machine,,10,,,
Instamart,eco friendly disposable plates wholesale near me,,10,,,
Instamart,biodegradable plates amazon,,10,,,
Instamart,biodegradable brown plates,,10,,,
Instamart,biodegradable cups & plates from sugarcane bagasse,,10,,,
Instamart,biodegradable disposable plates wholesale,,10,,,
Instamart,compostable event plates,,10,,,
Instamart,biodegradable plates for food,,10,,,
Instamart,are biodegradable plates gluten free,,10,,,
Instamart,compostable plates heb,,10,,,
Instamart,compostable plates in bulk,,10,,,
Instamart,biodegradable banana leaf plates,,10,,,
Instamart,biodegradable plates manufacturing near me,,10,,,
Instamart,biodegradable utensils nearby,,10,,,
Instamart,biodegradable picnic plates,,10,,,
Instamart,biodegradable section plates,,10,,,
Instamart,compostable plates that look nice,,10,,,
Instamart,biodegradable plates with seeds,,10,,,
Instamart,disposable plates and cups wholesale near me,,10,,,
Instamart,disposable plates bulk,,10,,,
Instamart,disposable plates costco canada,,10,,,
Instamart,disposable plates dollar tree,,10,,,
Instamart,disposable plates eco soul,,10,,,
Instamart,disposable plates factory,,10,,,
Instamart,disposable plates gurgaon,,10,,,
Instamart,disposable plates hobby lobby,,10,,,
Instamart,disposable plates in india,,10,,,
Instamart,paper plates john lewis,,10,,,
Instamart,disposable plates knives and forks,,10,,,
Instamart,disposable plates lulu,,10,,,
Instamart,disposable plates medium size,,10,,,
Instamart,disposable plates nic code udyam registration,,10,,,
Instamart,disposable plates oval shape,,10,,,
Instamart,disposable plates packaging,,10,,,
Instamart,paper plates quotes,,10,,,
Instamart,disposable plates reusable,,10,,,
Instamart,disposable plate store near me,,10,,,
Instamart,disposable plates trinidad wholesale,,10,,,
Instamart,disposable under plates,,10,,,
Instamart,disposable valentines plates,,10,,,
Instamart,disposable plates wooden,,10,,,
Instamart,plastic xmas plates kmart,,10,,,
Instamart,plastic disposable plates yellow,,10,,,
Instamart,disposable plates nz wholesale,,10,,,
Instamart,can bagasse plates be microwaved,,10,,,
Instamart,sugarcane bagasse disposable plates,,10,,,
Instamart,evaara bagasse plates,,10,,,
Instamart,bagasse tableware factory,,10,,,
Instamart,bagasse plates manufacturers in hyderabad,,10,,,
Instamart,bagasse tableware item,,10,,,
Instamart,bagasse tableware project report,,10,,,
Instamart,are bagasse plates recyclable,,10,,,
Instamart,are bagasse plates safe,,10,,,
Instamart,bagasse tableware wholesalers,,10,,,
Instamart,disposable serving tray with cover,,10,,,
Instamart,plastic meal tray with lid wholesale,,10,,,
Instamart,disposable food packaging tray,,10,,,
Instamart,amazon bulk paper cups,,10,,,
Instamart,bulk paper ice cream cups,,10,,,
Instamart,wholesale paper cup manufacturers in tamilnadu,,10,,,
Instamart,wholesale paper cup manufacturers,,10,,,
Instamart,bulk neoprene coffee cup sleeve,,10,,,
Instamart,paper cups near me,,10,,,
Instamart,wooden utensils set and holder,,10,,,
Instamart,wooden bamboo cutlery set,,10,,,
Instamart,wooden cooking cutlery set,,10,,,
Instamart,wooden kitchen utensils set for kids,,10,,,
Instamart,viners cutlery set in wooden box,,10,,,
Instamart,wooden kitchen cutlery set,,10,,,
Instamart,bamboo cutlery set nz,,10,,,
Instamart,150 piece wooden cutlery set,,10,,,
Instamart,wooden cooking utensils set target,,10,,,
Instamart,disposable cutlery and plate set,,10,,,
Instamart,disposable cutlery biodegradable,,10,,,
Instamart,disposable cutlery cheap,,10,,,
Instamart,plastic cutlery drawer organiser,,10,,,
Instamart,disposable cutlery for steak,,10,,,
Instamart,plastic cutlery green,,10,,,
Instamart,plastic cutlery hs code,,10,,,
Instamart,plastic cutlery in spanish,,10,,,
Instamart,disposable utensils kmart,,10,,,
Instamart,plastic cutlery lunch box,,10,,,
Instamart,disposable cutlery manufacturing business,,10,,,
Instamart,disposable tableware nz,,10,,,
Instamart,plastic cutlery officeworks,,10,,,
Instamart,disposable cutlery pink,,10,,,
Instamart,plastic cutlery red,,10,,,
Instamart,disposable cutlery superstore,,10,,,
Instamart,disposable table cutlery,,10,,,
Instamart,disposable cutlery meaning in urdu,,10,,,
Instamart,disposable cutlery wrapped,,10,,,
Instamart,biodegradable ashes containers,,10,,,
Instamart,can compostable containers be microwaved,,10,,,
Instamart,compostable packaging companies,,10,,,
Instamart,compostable drink cups,,10,,,
Instamart,compostable fruit containers,,10,,,
Instamart,compostable to go containers microwave safe,,10,,,
Instamart,compostable halloween cups,,10,,,
Instamart,can you put compostable containers in the microwave,,10,,,
Instamart,compostable k cups near me,,10,,,
Instamart,biodegradable lunch containers,,10,,,
Instamart,compostable packaging market,,10,,,
Instamart,biodegradable containers nearby,,10,,,
Instamart,compostable cups party,,10,,,
Instamart,compostable ripple cups,,10,,,
Instamart,compostable square containers,,10,,,
Instamart,biodegradable takeaway containers,,10,,,
Instamart,compostable cups wholesale,,10,,,
Instamart,are compostable straws plastic,,10,,,
Instamart,biodegradable straws bulk,,10,,,
Instamart,biodegradable cocktail straws,,10,,,
Instamart,do compostable straws break down,,10,,,
Instamart,are compostable straws gf,,10,,,
Instamart,home compostable straws,,10,,,
Instamart,biodegradable straws meaning,,10,,,
Instamart,biodegradable plastic straws uk,,10,,,
Instamart,are compostable straws really compostable,,10,,,
Instamart,biodegradable smoothie straws,,10,,,
Instamart,biodegradable wheat straws,,10,,,
Instamart,paper straws are useless,,10,,,
Instamart,paper straws bridge,,10,,,
Instamart,paper straws canada law,,10,,,
Instamart,paper straws diy,,10,,,
Instamart,paper straws eco friendly,,10,,,
Instamart,paper straws factory,,10,,,
Instamart,paper straws get soggy,,10,,,
Instamart,paper straws health issues,,10,,,
Instamart,paper straws illegal,,10,,,
Instamart,do paper straws make a difference,,10,,,
Instamart,koolaid paper straws,,10,,,
Instamart,paper straws lyrics,,10,,,
Instamart,paper straws making machine,,10,,,
Instamart,paper straws nyc,,10,,,
Instamart,paper straws order,,10,,,
Instamart,paper straws picture,,10,,,
Instamart,paper straws reel,,10,,,
Instamart,paper straws south africa,,10,,,
Instamart,paper straws taste bad,,10,,,
Instamart,paper straws amazon uk,,10,,,
Instamart,paper straws vs bamboo straws,,10,,,
Instamart,paper straws wiki,,10,,,
Instamart,yellow paper straws near me,,10,,,
Instamart,food packaging and shelf life publication fee,,10,,,
Instamart,food packaging boxes for restaurants,,10,,,
Instamart,food packaging containers wholesale near me,,10,,,
Instamart,food packaging diagram,,10,,,
Instamart,food packaging expo india,,10,,,
Instamart,food packaging foil cover,,10,,,
Instamart,food packaging gujranwala,,10,,,
Instamart,food packaging hiring,,10,,,
Instamart,food packaging in hindi,,10,,,
Instamart,food packaging jobs in spain,,10,,,
Instamart,food packaging kolkata,,10,,,
Instamart,food packaging label maker,,10,,,
Instamart,food packaging machine price,,10,,,
Instamart,food packaging nptel,,10,,,
Instamart,food packaging objectives,,10,,,
Instamart,food packaging plastic bags,,10,,,
Instamart,food packaging quebec,,10,,,
Instamart,food packaging rules and regulations,,10,,,
Instamart,food packaging stickers,,10,,,
Instamart,food packaging tray price,,10,,,
Instamart,food packaging unique ideas,,10,,,
Instamart,food packaging vancouver,,10,,,
Instamart,food packaging work from home without investment,,10,,,
Instamart,youquan food packaging jiangsu co ltd,,10,,,
Instamart,food packaging zurich,,10,,,
Instamart,party supplies abilene tx,,10,,,
Instamart,party supplies big w,,10,,,
Instamart,party supplies cheap,,10,,,
Instamart,party decorations dollar tree,,10,,,
Instamart,party supplies edinburgh,,10,,,
Instamart,party supplies fort lauderdale,,10,,,
Instamart,party decorations glasgow,,10,,,
Instamart,party supplies hong kong,,10,,,
Instamart,party supplies in houston,,10,,,
Instamart,party supplies jackson ms,,10,,,
Instamart,party supplies kuwait,,10,,,
Instamart,party supplies london,,10,,,
Instamart,party decorations malta,,10,,,
Instamart,party supplies near me open now,,10,,,
Instamart,party supplies open now,,10,,,
Instamart,party plates pink,,10,,,
Instamart,party supplies queanbeyan,,10,,,
Instamart,party supplies riverside,,10,,,
Instamart,party decorations shop near me,,10,,,
Instamart,party supplies tampa,,10,,,
Instamart,party supplies uni hill,,10,,,
Instamart,party supplies vineland nj,,10,,,
Instamart,party decorations walmart,,10,,,
Instamart,party supplies yishun,,10,,,
Instamart,party supplies zombies 4,,10,,,
Amazon Now,eco friendly plates,,1,,,
Amazon Now,eco friendly plates and bowls,,1,,,
Amazon Now,eco friendly plates manufacturing machine,,1,,,
Amazon Now,eco friendly plates wholesale,,1,,,
Amazon Now,eco friendly plates for wedding,,1,,,
Amazon Now,eco friendly plates business,,1,,,
Amazon Now,eco friendly plates near me,,1,,,
Amazon Now,biodegradable plates,,1,,,
Amazon Now,biodegradable plates and cups,,1,,,
Amazon Now,biodegradable plates making machine,,1,,,
Amazon Now,biodegradable plates price,,1,,,
Amazon Now,biodegradable plates near me,,1,,,
Amazon Now,biodegradable plates business,,1,,,
Amazon Now,disposable plates,,1,,,
Amazon Now,disposable plates near me,,1,,,
Amazon Now,disposable plates making machine,,1,,,
Amazon Now,disposable plates wholesale,,1,,,
Amazon Now,disposable plates price,,1,,,
Amazon Now,disposable plates in hindi,,1,,,
Amazon Now,bagasse plates,,1,,,
Amazon Now,bagasse plates manufacturing machine,,1,,,
Amazon Now,bagasse plates price,,1,,,
Amazon Now,bagasse plates wholesale,,1,,,
Amazon Now,disposable meal tray with lid,,1,,,
Amazon Now,disposable meal tray near me,,1,,,
Amazon Now,disposable meal tray manufacturers in india,,1,,,
Amazon Now,disposable meal tray price,,1,,,
Amazon Now,paper cups 250ml,,1,,,
Amazon Now,paper cups 250ml price,,1,,,
Amazon Now,disposable cups 250ml pack of 50,,1,,,
Amazon Now,disposable paper cups 250ml,,1,,,
Amazon Now,white paper cups 250ml,,1,,,
Amazon Now,bulk paper cups,,1,,,
Amazon Now,bulk paper cups with lids,,1,,,
Amazon Now,bulk paper cups near me,,1,,,
Amazon Now,bulk paper cups nz,,1,,,
Amazon Now,bulk coffee cups ceramic,,1,,,
Amazon Now,wooden cutlery set,,1,,,
Amazon Now,wooden cutlery set reusable,,1,,,
Amazon Now,wooden cutlery set disposable,,1,,,
Amazon Now,wooden cutlery set amazon,,1,,,
Amazon Now,wooden cutlery set price,,1,,,
Amazon Now,wooden cutlery set for kids,,1,,,
Amazon Now,wooden cutlery set woolworths,,1,,,
Amazon Now,wooden cutlery set near me,,1,,,
Amazon Now,wooden cutlery set kmart,,1,,,
Amazon Now,wooden cutlery set holder,,1,,,
Amazon Now,disposable cutlery,,1,,,
Amazon Now,disposable cutlery set,,1,,,
Amazon Now,disposable cutlery near me,,1,,,
Amazon Now,disposable cutlery pouch,,1,,,
Amazon Now,disposable cutlery meaning,,1,,,
Amazon Now,disposable cutlery kit,,1,,,
Amazon Now,disposable cutlery business,,1,,,
Amazon Now,sugarcane clamshell,,1,,,
Amazon Now,sugarcane clamshell food container,,1,,,
Amazon Now,sugarcane clamshell box,,1,,,
Amazon Now,sugarcane clamshell container,,1,,,
Amazon Now,biodegradable sugarcane clamshell takeaway box,,1,,,
Amazon Now,compostable containers,,1,,,
Amazon Now,compostable containers with lids,,1,,,
Amazon Now,compostable containers for food,,1,,,
Amazon Now,compostable containers near me,,1,,,
Amazon Now,compostable containers microwave,,1,,,
Amazon Now,compostable containers amazon,,1,,,
Amazon Now,compostable clamshell containers,,1,,,
Amazon Now,compostable straws,,1,,,
Amazon Now,compostable straws meaning,,1,,,
Amazon Now,compostable straws not paper,,1,,,
Amazon Now,compostable straws gluten free,,1,,,
Amazon Now,compostable straws amazon,,1,,,
Amazon Now,compostable straws target,,1,,,
Amazon Now,compostable straws bulk,,1,,,
Amazon Now,paper straws,,1,,,
Amazon Now,paper straws price,,1,,,
Amazon Now,paper straws near me,,1,,,
Amazon Now,paper straws manufacturer,,1,,,
Amazon Now,paper straws craft,,1,,,
Amazon Now,paper straws wholesale,,1,,,
Amazon Now,paper straws images,,1,,,
Amazon Now,paper straws gluten,,1,,,
Amazon Now,paper straws have gluten,,1,,,
Amazon Now,food packaging boxes,,1,,,
Amazon Now,food packaging materials near me,,1,,,
Amazon Now,food packaging company in noida,,1,,,
Amazon Now,food packaging envelope,,1,,,
Amazon Now,food packaging near me,,1,,,
Amazon Now,party tableware,,1,,,
Amazon Now,party tableware sets,,1,,,
Amazon Now,party tableware near me,,1,,,
Amazon Now,party tableware tesco,,1,,,
Amazon Now,party tableware uk,,1,,,
Amazon Now,eco friendly plates costco,,1,,,
Amazon Now,eco friendly plates disposable,,1,,,
Amazon Now,eco friendly eating plates,,1,,,
Amazon Now,eco friendly plates germany,,1,,,
Amazon Now,eco friendly plates hyderabad,,1,,,
Amazon Now,eco friendly plates india,,1,,,
Amazon Now,eco friendly plates kids,,1,,,
Amazon Now,eco friendly leaf plates,,1,,,
Amazon Now,eco friendly outdoor plates,,1,,,
Amazon Now,eco friendly paper plates,,1,,,
Amazon Now,eco friendly plates reusable,,1,,,
Amazon Now,eco friendly plates shop near me,,1,,,
Amazon Now,eco friendly plates target,,1,,,
Amazon Now,eco friendly plates uk,,1,,,
Amazon Now,verterra eco friendly palm plates,,1,,,
Amazon Now,biodegradable plates costco,,1,,,
Amazon Now,biodegradable plates disposable,,1,,,
Amazon Now,biodegradable plates exporters in india,,1,,,
Amazon Now,biodegradable plates from rice husk,,1,,,
Amazon Now,biodegradable plates gluten,,1,,,
Amazon Now,biodegradable plates hsn code,,1,,,
Amazon Now,biodegradable plates indiamart,,1,,,
Amazon Now,biodegradable plates kmart,,1,,,
Amazon Now,biodegradable leaf plates,,1,,,
Amazon Now,biodegradable plates nz,,1,,,
Amazon Now,biodegradable plates online,,1,,,
Amazon Now,biodegradable quarter plates,,1,,,
Amazon Now,biodegradable plates raw material,,1,,,
Amazon Now,biodegradable plates supplier,,1,,,
Amazon Now,biodegradable plates tesco,,1,,,
Amazon Now,biodegradable plates uk,,1,,,
Amazon Now,compostable plates vancouver,,1,,,
Amazon Now,biodegradable plates wholesale,,1,,,
Amazon Now,disposable plates and glass,,1,,,
Amazon Now,disposable plates blinkit,,1,,,
Amazon Now,disposable plates cost,,1,,,
Amazon Now,disposable plates design,,1,,,
Amazon Now,disposable plates eco friendly,,1,,,
Amazon Now,disposable plates for packing,,1,,,
Amazon Now,disposable plates good quality,,1,,,
Amazon Now,disposable plates hsn code,,1,,,
Amazon Now,disposable plates jiomart,,1,,,
Amazon Now,disposable plates kmart,,1,,,
Amazon Now,disposable plates leaf,,1,,,
Amazon Now,disposable plates online,,1,,,
Amazon Now,disposable plates qatar,,1,,,
Amazon Now,disposable plates rate,,1,,,
Amazon Now,disposable plate shop near me,,1,,,
Amazon Now,disposable plates thermocol,,1,,,
Amazon Now,disposable plates uk,,1,,,
Amazon Now,disposable plates vadodara,,1,,,
Amazon Now,disposable plates xmas,,1,,,
Amazon Now,disposable xmas tableware,,1,,,
Amazon Now,disposable plates yellow,,1,,,
Amazon Now,disposable plates zepto,,1,,,
Amazon Now,bagasse plates and bowls,,1,,,
Amazon Now,bagasse plates buyers,,1,,,
Amazon Now,bagasse plates costco,,1,,,
Amazon Now,bagasse plates hsn code,,1,,,
Amazon Now,bagasse plates dubai,,1,,,
Amazon Now,bagasse plates export from india,,1,,,
Amazon Now,bagasse plates factory,,1,,,
Amazon Now,bagasse plates gst rate,,1,,,
Amazon Now,bagasse plates indiamart,,1,,,
Amazon Now,bagasse plates manufacturers in karnataka,,1,,,
Amazon Now,bagasse plates with lid,,1,,,
Amazon Now,bagasse plates near me,,1,,,
Amazon Now,bagasse plates online,,1,,,
Amazon Now,bagasse quarter plates,,1,,,
Amazon Now,bagasse plates raw material,,1,,,
Amazon Now,bagasse plates supplier,,1,,,
Amazon Now,bagasse to plates,,1,,,
Amazon Now,bagasse plates uk,,1,,,
Amazon Now,bagasse plates vs areca plates,,1,,,
Amazon Now,disposable food tray aluminum,,1,,,
Amazon Now,disposable food tray boat,,1,,,
Amazon Now,disposable food tray costco,,1,,,
Amazon Now,disposable food trays dollar tree,,1,,,
Amazon Now,disposable food tray for party,,1,,,
Amazon Now,disposable serving trays gold,,1,,,
Amazon Now,disposable food heating trays,,1,,,
Amazon Now,disposable food tray kmart,,1,,,
Amazon Now,disposable food tray liners,,1,,,
Amazon Now,disposable serving trays round,,1,,,
Amazon Now,disposable food tray sizes,,1,,,
Amazon Now,disposable serving tray target,,1,,,
Amazon Now,paper cup 250 ml berapa oz,,1,,,
Amazon Now,250ml paper coffee cups,,1,,,
Amazon Now,paper cup with lid 250ml,,1,,,
Amazon Now,bulk paper cups and lids,,1,,,
Amazon Now,bulk disposable bar cups,,1,,,
Amazon Now,bulk disposable paper cups,,1,,,
Amazon Now,bulk coffee cups for sale,,1,,,
Amazon Now,bulk coffee cups glass,,1,,,
Amazon Now,bulk paper hot cups,,1,,,
Amazon Now,wholesale paper cup manufacturers in uae,,1,,,
Amazon Now,bulk coffee k cups,,1,,,
Amazon Now,bulk coffee cup lids,,1,,,
Amazon Now,wholesale paper cup manufacturers near me,,1,,,
Amazon Now,bulk coffee cups 16 oz,,1,,,
Amazon Now,bulk coffee cups plastic,,1,,,
Amazon Now,bulk coffee cups reusable,,1,,,
Amazon Now,bulk paper snack cups,,1,,,
Amazon Now,bulk paper tea cups,,1,,,
Amazon Now,yellow paper cups bulk,,1,,,
Amazon Now,wooden cutlery set box,,1,,,
Amazon Now,wooden cutlery set costco,,1,,,
Amazon Now,bamboo cutlery set gold,,1,,,
Amazon Now,wooden cutlery set mr price home,,1,,,
Amazon Now,wooden utensils set ikea,,1,,,
Amazon Now,japanese wooden cutlery set,,1,,,
Amazon Now,laguiole wooden cutlery set,,1,,,
Amazon Now,set of wooden cutlery,,1,,,
Amazon Now,wooden cutlery set sale,,1,,,
Amazon Now,wooden cutlery set toy,,1,,,
Amazon Now,wooden cutlery set uk,,1,,,
Amazon Now,vintage wooden cutlery set,,1,,,
Amazon Now,disposable cutlery and plates,,1,,,
Amazon Now,disposable cutlery costco,,1,,,
Amazon Now,disposable cutlery dispenser,,1,,,
Amazon Now,disposable cutlery eco friendly,,1,,,
Amazon Now,disposable cutlery for wedding,,1,,,
Amazon Now,disposable cutlery gold,,1,,,
Amazon Now,disposable cutlery holder,,1,,,
Amazon Now,disposable cutlery in chinese,,1,,,
Amazon Now,disposable cutlery lidl,,1,,,
Amazon Now,disposable cutlery organizer,,1,,,
Amazon Now,plastic cutlery qld,,1,,,
Amazon Now,disposable cutlery reject shop,,1,,,
Amazon Now,disposable cutlery tesco,,1,,,
Amazon Now,disposable cutlery uk,,1,,,
Amazon Now,plastic cutlery vs metal,,1,,,
Amazon Now,disposable cutlery wholesale,,1,,,
Amazon Now,plastic cutlery yellow,,1,,,
Amazon Now,compostable berry containers,,1,,,
Amazon Now,compostable deli containers,,1,,,
Amazon Now,compostable packaging examples,,1,,,
Amazon Now,compostable cups gluten,,1,,,
Amazon Now,compostable hinged containers,,1,,,
Amazon Now,compostable packaging india,,1,,,
Amazon Now,compostable juice bottles,,1,,,
Amazon Now,compostable k cups,,1,,,
Amazon Now,compostable lunch containers,,1,,,
Amazon Now,compostable packaging ontario,,1,,,
Amazon Now,compostable plastic containers,,1,,,
Amazon Now,compostable quart containers,,1,,,
Amazon Now,compostable round containers,,1,,,
Amazon Now,compostable soup containers,,1,,,
Amazon Now,compostable takeout containers,,1,,,
Amazon Now,compostable packaging uk,,1,,,
Amazon Now,compostable cups vancouver,,1,,,
Amazon Now,compostable yogurt containers,,1,,,
Amazon Now,compostable straws canada,,1,,,
Amazon Now,compostable drinking straws,,1,,,
Amazon Now,compostable straws for hot drinks,,1,,,
Amazon Now,are compostable straws edible,,1,,,
Amazon Now,compostable straws that feel like plastic,,1,,,
Amazon Now,compostable honey straws,,1,,,
Amazon Now,compostable straws india,,1,,,
Amazon Now,biodegradable jumbo straws,,1,,,
Amazon Now,karat compostable straws,,1,,,
Amazon Now,compostable straw options,,1,,,
Amazon Now,compostable straws plastic,,1,,,
Amazon Now,compostable straws reddit,,1,,,
Amazon Now,compostable straws starbucks,,1,,,
Amazon Now,biodegradable straws uk,,1,,,
Amazon Now,compostable straws vs paper straws,,1,,,
Amazon Now,compostable straws wholesale,,1,,,
Amazon Now,paper straws amazon,,1,,,
Amazon Now,paper straws bulk,,1,,,
Amazon Now,paper straws dollar tree,,1,,,
Amazon Now,paper straws environmental impact,,1,,,
Amazon Now,paper straws for crafts,,1,,,
Amazon Now,paper straws jumbo,,1,,,
Amazon Now,paper straws kmart,,1,,,
Amazon Now,paper straws london,,1,,,
Amazon Now,paper straws officeworks,,1,,,
Amazon Now,trump paper straws quote,,1,,,
Amazon Now,paper straws reddit,,1,,,
Amazon Now,paper straws suck,,1,,,
Amazon Now,paper straws tesco,,1,,,
Amazon Now,paper straws uk,,1,,,
Amazon Now,paper straws vs plastic straws,,1,,,
Amazon Now,xmas paper straws,,1,,,
Amazon Now,paper straws yellow,,1,,,
Amazon Now,food packaging and shelf life,,1,,,
Amazon Now,food packaging design,,1,,,
Amazon Now,food packaging foil,,1,,,
Amazon Now,food packaging gas,,1,,,
Amazon Now,food packaging hsn code,,1,,,
Amazon Now,food packaging industry,,1,,,
Amazon Now,food packaging job,,1,,,
Amazon Now,food packaging kya hota hai,,1,,,
Amazon Now,food packaging labels,,1,,,
Amazon Now,food packaging online,,1,,,
Amazon Now,food packaging pouch,,1,,,
Amazon Now,food packaging questions and answers,,1,,,
Amazon Now,food packaging roll,,1,,,
Amazon Now,food packaging shop near me,,1,,,
Amazon Now,food packaging tape,,1,,,
Amazon Now,food packaging unit,,1,,,
Amazon Now,food packaging vendors near me,,1,,,
Amazon Now,food packaging wrapper,,1,,,
Amazon Now,food container xxl,,1,,,
Amazon Now,food packaging youtube,,1,,,
Amazon Now,food packaging zip lock covers,,1,,,
Amazon Now,party plates and napkins,,1,,,
Amazon Now,party supplies brisbane,,1,,,
Amazon Now,party supplies canada,,1,,,
Amazon Now,party supplies dallas,,1,,,
Amazon Now,party supplies el paso,,1,,,
Amazon Now,party supplies fort worth,,1,,,
Amazon Now,party supplies gold coast,,1,,,
Amazon Now,party supplies houston,,1,,,
Amazon Now,party supplies india,,1,,,
Amazon Now,party supplies jacksonville nc,,1,,,
Amazon Now,party tableware kids,,1,,,
Amazon Now,party supplies lubbock,,1,,,
Amazon Now,party supplies melbourne,,1,,,
Amazon Now,party supplies online,,1,,,
Amazon Now,party supplies perth,,1,,,
Amazon Now,party supplies qatar,,1,,,
Amazon Now,party supplies rental,,1,,,
Amazon Now,party supplies vancouver,,1,,,
Amazon Now,party supplies wholesale,,1,,,
Amazon Now,party supplies yuma az,,1,,,
Amazon Now,party supplies zanesville ohio,,1,,,
Amazon Now,eco friendly plates and cups,,2,,,
Amazon Now,eco friendly plates manufacturing,,2,,,
Amazon Now,biodegradable plates manufacturers,,2,,,
Amazon Now,biodegradable plates and bowls,,2,,,
Amazon Now,disposable plates noida,,2,,,
Amazon Now,disposable plates with lids,,2,,,
Amazon Now,disposable plates machine,,2,,,
Amazon Now,bagasse plates manufacturing process,,2,,,
Amazon Now,disposable meal tray,,2,,,
Amazon Now,disposable meal tray with lid near me,,2,,,
Amazon Now,disposable cups 250ml price,,2,,,
Amazon Now,bulk coffee cups with lids,,2,,,
Amazon Now,disposable cutlery shop near me,,2,,,
Amazon Now,disposable cutlery manufacturers,,2,,,
Amazon Now,compostable containers nearby,,2,,,
Amazon Now,compostable containers for hot food,,2,,,
Amazon Now,compostable straws made of,,2,,,
Amazon Now,compostable straws near me,,2,,,
Amazon Now,paper straws walmart,,2,,,
Amazon Now,food packaging material,,2,,,
Amazon Now,food packaging container,,2,,,
Amazon Now,food packaging noida,,2,,,
Amazon Now,party tableware supplies,,2,,,
Amazon Now,eco friendly kids plates and bowls,,2,,,
Amazon Now,eco friendly plates bulk,,2,,,
Amazon Now,eco friendly plates cups,,2,,,
Amazon Now,eco friendly disposable plates manufacturing process,,2,,,
Amazon Now,elegant eco friendly disposable plates,,2,,,
Amazon Now,eco friendly plates for kids,,2,,,
Amazon Now,are eco-friendly products really eco-friendly,,2,,,
Amazon Now,eco friendly disposable plates hyderabad,,2,,,
Amazon Now,eco friendly plates in sri lanka,,2,,,
Amazon Now,eco friendly lunch plates,,2,,,
Amazon Now,eco friendly plates with lid,,2,,,
Amazon Now,eco friendly plates nearby,,2,,,
Amazon Now,eco friendly outdoor dinnerware,,2,,,
Amazon Now,eco friendly party plates,,2,,,
Amazon Now,eco friendly reusable plates and bowls,,2,,,
Amazon Now,eco friendly sugarcane plates,,2,,,
Amazon Now,eco friendly tiffin plates,,2,,,
Amazon Now,eco friendly unbreakable plates,,2,,,
Amazon Now,verterra eco friendly palm plates & wooden cutlery,,2,,,
Amazon Now,biodegradable plates bulk,,2,,,
Amazon Now,biodegradable plates cups,,2,,,
Amazon Now,biodegradable plates dubai,,2,,,
Amazon Now,biodegradable plates export,,2,,,
Amazon Now,biodegradable plates from sugarcane waste,,2,,,
Amazon Now,biodegradable plates gst rate,,2,,,
Amazon Now,biodegradable plates hsn code and gst rate,,2,,,
Amazon Now,biodegradable plates india,,2,,,
Amazon Now,biodegradable plates kenya,,2,,,
Amazon Now,is paper plate biodegradable,,2,,,
Amazon Now,biodegradable lunch plates,,2,,,
Amazon Now,biodegradable oval plates,,2,,,
Amazon Now,biodegradable plates party,,2,,,
Amazon Now,biodegradable plates raw material wholesale,,2,,,
Amazon Now,biodegradable plates singapore,,2,,,
Amazon Now,biodegradable plates target,,2,,,
Amazon Now,compostable plates uk,,2,,,
Amazon Now,compostable plates vs washing dishes,,2,,,
Amazon Now,biodegradable plates with compartment,,2,,,
Amazon Now,are all paper plates biodegradable,,2,,,
Amazon Now,disposable plates and bowls,,2,,,
Amazon Now,disposable plates big size,,2,,,
Amazon Now,disposable plates cheap,,2,,,
Amazon Now,disposable plates distributors,,2,,,
Amazon Now,disposable plates exports from india,,2,,,
Amazon Now,disposable plates for party,,2,,,
Amazon Now,disposable plates gst rate,,2,,,
Amazon Now,disposable plates hsn code and gst rate,,2,,,
Amazon Now,disposable plates indiamart,,2,,,
Amazon Now,disposable plates jamaica,,2,,,
Amazon Now,disposable plates kuwait,,2,,,
Amazon Now,disposable plates large size,,2,,,
Amazon Now,disposable plates of leaves,,2,,,
Amazon Now,disposable plates plastic,,2,,,
Amazon Now,disposable plates quality,,2,,,
Amazon Now,disposable plates rajkot,,2,,,
Amazon Now,disposable plates small,,2,,,
Amazon Now,disposable plates types,,2,,,
Amazon Now,disposable plates underwood,,2,,,
Amazon Now,disposable plates variety,,2,,,
Amazon Now,paper plates xmas,,2,,,
Amazon Now,paper plates yellow,,2,,,
Amazon Now,disposable plates zoo pals,,2,,,
Amazon Now,bagasse plates amazon,,2,,,
Amazon Now,bagasse plates bulk,,2,,,
Amazon Now,bagasse plates cost,,2,,,
Amazon Now,bagasse plates hs code,,2,,,
Amazon Now,bagasse plates disadvantages,,2,,,
Amazon Now,bagasse plates export,,2,,,
Amazon Now,bagasse fiber plates,,2,,,
Amazon Now,bagasse plates gst,,2,,,
Amazon Now,plates bagasse triple green 22cm 10s,,2,,,
Amazon Now,bagasse plates india,,2,,,
Amazon Now,what is bagasse plates,,2,,,
Amazon Now,bagasse vs palm leaf plates,,2,,,
Amazon Now,bagasse tableware near me,,2,,,
Amazon Now,bagasse oval plates,,2,,,
Amazon Now,bagasse plates pronunciation,,2,,,
Amazon Now,bagasse plates reusable,,2,,,
Amazon Now,bagasse plates square,,2,,,
Amazon Now,bagasse plates supplier uk,,2,,,
Amazon Now,bagasse plates vs paper plates,,2,,,
Amazon Now,disposable serving trays asda,,2,,,
Amazon Now,disposable food tray bulk,,2,,,
Amazon Now,disposable food tray containers,,2,,,
Amazon Now,disposable serving trays dollar tree,,2,,,
Amazon Now,disposable food tray foil,,2,,,
Amazon Now,disposable food packaging trays hsn code and gst rate,,2,,,
Amazon Now,disposable plastic meal tray indiamart,,2,,,
Amazon Now,disposable serving tray kmart,,2,,,
Amazon Now,disposable serving tray large,,2,,,
Amazon Now,plastic meal tray manufacturers,,2,,,
Amazon Now,disposable food tray nearby,,2,,,
Amazon Now,disposable food tray price,,2,,,
Amazon Now,disposable food tray small,,2,,,
Amazon Now,disposable food tray target,,2,,,
Amazon Now,paper tea cup capacity,,2,,,
Amazon Now,how many ml in paper cup,,2,,,
Amazon Now,disposable paper cups 250ml price,,2,,,
Amazon Now,paper cup 9 oz 250 ml,,2,,,
Amazon Now,bulk coffee cups and lids,,2,,,
Amazon Now,bulk coffee cups for business,,2,,,
Amazon Now,are paper cups bad for your health,,2,,,
Amazon Now,bulk coffee cups custom,,2,,,
Amazon Now,paper drinking cups bulk,,2,,,
Amazon Now,bulk coffee cups to go,,2,,,
Amazon Now,bulk disposable hot cups,,2,,,
Amazon Now,wholesale paper cup manufacturers in sri lanka,,2,,,
Amazon Now,paper cups kmart bulk,,2,,,
Amazon Now,bulk coffee cups nz,,2,,,
Amazon Now,bulk order paper cups,,2,,,
Amazon Now,bulk coffee cups personalized,,2,,,
Amazon Now,wholesale paper cup shop near me,,2,,,
Amazon Now,paper cup wholesale price,,2,,,
Amazon Now,wooden cutlery set asda,,2,,,
Amazon Now,wooden cutlery set baby,,2,,,
Amazon Now,wooden utensils set canada,,2,,,
Amazon Now,wooden cutlery set hs code,,2,,,
Amazon Now,bamboo cutlery set disposable,,2,,,
Amazon Now,cutlery set description,,2,,,
Amazon Now,cutlery set meaning,,2,,,
Amazon Now,wooden knife set for kitchen,,2,,,
Amazon Now,wooden utensils gift set,,2,,,
Amazon Now,wooden cooking utensils set ikea,,2,,,
Amazon Now,justenbois wooden cutlery set,,2,,,
Amazon Now,wooden cutlery set kids,,2,,,
Amazon Now,wooden utensils set myer,,2,,,
Amazon Now,wooden cutlery set nearby,,2,,,
Amazon Now,wooden cutlery play set,,2,,,
Amazon Now,bamboo cutlery set reusable,,2,,,
Amazon Now,bamboo cutlery set stainless steel,,2,,,
Amazon Now,wooden cutlery set tesco,,2,,,
Amazon Now,bamboo cutlery set uk,,2,,,
Amazon Now,viners wooden cutlery set,,2,,,
Amazon Now,wooden cutlery set with napkin,,2,,,
Amazon Now,disposable cutlery asda,,2,,,
Amazon Now,disposable cutlery bunnings,,2,,,
Amazon Now,disposable cutlery coles,,2,,,
Amazon Now,disposable cutlery dollarama,,2,,,
Amazon Now,disposable eco cutlery,,2,,,
Amazon Now,disposable cutlery for party,,2,,,
Amazon Now,disposable cutlery good quality,,2,,,
Amazon Now,disposable cutlery home bargains,,2,,,
Amazon Now,disposable cutlery ikea,,2,,,
Amazon Now,disposable cutlery kmart,,2,,,
Amazon Now,disposable cutlery luxury,,2,,,
Amazon Now,disposable cutlery nz,,2,,,
Amazon Now,disposable cutlery officeworks,,2,,,
Amazon Now,disposable cutlery packs,,2,,,
Amazon Now,disposable cutlery recyclable,,2,,,
Amazon Now,disposable cutlery trinidad,,2,,,
Amazon Now,plastic cutlery uk,,2,,,
Amazon Now,disposable tableware vector,,2,,,
Amazon Now,disposable cutlery wholesale near me,,2,,,
Amazon Now,single use cutlery x 뜻,,2,,,
Amazon Now,yellow disposable cutlery,,2,,,
Amazon Now,sugarcane bagasse clamshell,,2,,,
Amazon Now,sugar cane cast,,2,,,
Amazon Now,is sugarcane sugar free,,2,,,
Amazon Now,compostable cups amazon,,2,,,
Amazon Now,compostable bamboo containers,,2,,,
Amazon Now,compostable cupcake containers,,2,,,
Amazon Now,compostable deodorant containers,,2,,,
Amazon Now,compostable packaging europe,,2,,,
Amazon Now,compostable grease container,,2,,,
Amazon Now,compostable cups hot,,2,,,
Amazon Now,compostable packaging icon,,2,,,
Amazon Now,compostable jewelry packaging,,2,,,
Amazon Now,compostable k cups costco,,2,,,
Amazon Now,compostable leftover containers,,2,,,
Amazon Now,compostable containers with lids nearby,,2,,,
Amazon Now,compostable containers meaning,,2,,,
Amazon Now,compostable packaging options,,2,,,
Amazon Now,compostable plant containers,,2,,,
Amazon Now,que es packaging compostable,,2,,,
Amazon Now,compostable restaurant containers,,2,,,
Amazon Now,compostable salad containers,,2,,,
Amazon Now,compostable takeaway containers,,2,,,
Amazon Now,compostable cups uk,,2,,,
Amazon Now,compostable vegetable packaging,,2,,,
Amazon Now,compostable yogurt cups,,2,,,
Amazon Now,compostable agave straws,,2,,,
Amazon Now,compostable straws brown,,2,,,
Amazon Now,compostable straws costco,,2,,,
Amazon Now,compostable disposable straws,,2,,,
Amazon Now,biodegradable edible straws,,2,,,
Amazon Now,is straw compostable,,2,,,
Amazon Now,compostable flexible straws,,2,,,
Amazon Now,compostable straws gluten,,2,,,
Amazon Now,biodegradable straws hs code,,2,,,
Amazon Now,compostable straw ingredients,,2,,,
Amazon Now,jumbo compostable straws,,2,,,
Amazon Now,ktob compostable straws,,2,,,
Amazon Now,compostable plastic like straws,,2,,,
Amazon Now,compostable straws pha,,2,,,
Amazon Now,biodegradable straws reddit,,2,,,
Amazon Now,compostable smoothie straws,,2,,,
Amazon Now,compostable straws tesco,,2,,,
Amazon Now,biodegradable straws uae,,2,,,
Amazon Now,compostable straws walmart,,2,,,
Amazon Now,paper straws asda,,2,,,
Amazon Now,paper straws b&m,,2,,,
Amazon Now,paper straws coles,,2,,,
Amazon Now,paper straws dollarama,,2,,,
Amazon Now,paper straws executive order,,2,,,
Amazon Now,paper straws for sale,,2,,,
Amazon Now,paper straws gluten free,,2,,,
Amazon Now,paper straws hobby lobby,,2,,,
Amazon Now,paper straws individually wrapped,,2,,,
Amazon Now,paper straws japan,,2,,,
Amazon Now,paper straws kroger,,2,,,
Amazon Now,paper straws law,,2,,,
Amazon Now,paper straws michaels,,2,,,
Amazon Now,paper straws nearby,,2,,,
Amazon Now,paper straws orange,,2,,,
Amazon Now,paper straws pfas,,2,,,
Amazon Now,quality paper straws,,2,,,
Amazon Now,paper straws recyclable,,2,,,
Amazon Now,paper straws sainsbury's,,2,,,
Amazon Now,paper straws target,,2,,,
Amazon Now,paper straws usa,,2,,,
Amazon Now,paper straws vs plastic straws environmental impact,,2,,,
Amazon Now,are paper straws dangerous,,2,,,
Amazon Now,striped straws yellow,,2,,,
Amazon Now,food packaging and shelf life impact factor,,2,,,
Amazon Now,food packaging boxes wholesale near me,,2,,,
Amazon Now,food packaging disposable,,2,,,
Amazon Now,food packaging exhibition,,2,,,
Amazon Now,food packaging factory near me,,2,,,
Amazon Now,food packaging gloves,,2,,,
Amazon Now,food packaging hyderabad,,2,,,
Amazon Now,food packaging items,,2,,,
Amazon Now,food packaging job in canada,,2,,,
Amazon Now,food packaging karachi,,2,,,
Amazon Now,food packaging license,,2,,,
Amazon Now,food packaging options,,2,,,
Amazon Now,food packaging paper,,2,,,
Amazon Now,food packaging qatar,,2,,,
Amazon Now,food packaging regulations,,2,,,
Amazon Now,food packaging solutions,,2,,,
Amazon Now,food packaging thali,,2,,,
Amazon Now,food packaging uae,,2,,,
Amazon Now,food packaging vendors,,2,,,
Amazon Now,food packaging wholesale,,2,,,
Amazon Now,food container xl,,2,,,
Amazon Now,food packaging yellow,,2,,,
Amazon Now,food packaging ziplock bag,,2,,,
Amazon Now,party supplies adelaide,,2,,,
Amazon Now,party supplies bulk,,2,,,
Amazon Now,party supplies christchurch,,2,,,
Amazon Now,party supplies dublin,,2,,,
Amazon Now,party supplies edmonton,,2,,,
Amazon Now,party decorations for adults,,2,,,
Amazon Now,party supplies geelong,,2,,,
Amazon Now,party supplies hamilton,,2,,,
Amazon Now,party decorations ideas,,2,,,
Amazon Now,party supplies jacksonville fl,,2,,,
Amazon Now,party tableware kmart,,2,,,
Amazon Now,party supplies los angeles,,2,,,
Amazon Now,party supplies miami,,2,,,
Amazon Now,party supplies near me,,2,,,
Amazon Now,party supplies omaha,,2,,,
Amazon Now,party supplies penrith,,2,,,
Amazon Now,party decorations qatar,,2,,,
Amazon Now,party supplies rental near me,,2,,,
Amazon Now,party supplies tulsa,,2,,,
Amazon Now,party supplies uk,,2,,,
Amazon Now,party supplies victoria,,2,,,
Amazon Now,party supplies wilmington nc,,2,,,
Amazon Now,xmas party tableware,,2,,,
Amazon Now,party supplies york pa,,2,,,
Amazon Now,party supplies zapata hwy,,2,,,
Amazon Now,eco friendly plates manufacturers in india,,3,,,
Amazon Now,biodegradable plates machine,,3,,,
Amazon Now,biodegradable plates and cups manufacturers,,3,,,
Amazon Now,disposable plates wholesale near me,,3,,,
Amazon Now,bagasse plates manufacturers,,3,,,
Amazon Now,disposable cups 250ml,,3,,,
Amazon Now,wholesale paper cups near me,,3,,,
Amazon Now,disposable cutlery meaning in hindi,,3,,,
Amazon Now,sugarcane bagasse clamshell boxes,,3,,,
Amazon Now,compostable straws nearby,,3,,,
Amazon Now,food packaging,,3,,,
Amazon Now,food packaging manufacturers in delhi,,3,,,
Amazon Now,party tablecloths near me,,3,,,
Amazon Now,eco friendly plates and utensils,,3,,,
Amazon Now,eco friendly plates bowls,,3,,,
Amazon Now,eco friendly compartment plates,,3,,,
Amazon Now,eco friendly disposable plates wholesale,,3,,,
Amazon Now,eco friendly disposable plates uk,,3,,,
Amazon Now,eco friendly plates for party,,3,,,
Amazon Now,eco friendly plates for restaurant,,3,,,
Amazon Now,eco friendly disposable plates hsn code,,3,,,
Amazon Now,eco friendly kids dinnerware,,3,,,
Amazon Now,eco friendly leaf plates near me,,3,,,
Amazon Now,eco friendly paper plates manufacturers,,3,,,
Amazon Now,eco friendly plates made of,,3,,,
Amazon Now,eco friendly small plates,,3,,,
Amazon Now,eco friendly toddler plates and bowls,,3,,,
Amazon Now,eco friendly plates with compartments,,3,,,
Amazon Now,biodegradable plates bowls,,3,,,
Amazon Now,biodegradable plates company,,3,,,
Amazon Now,biodegradable disposable plates manufacturers in india,,3,,,
Amazon Now,biodegradable eating plates,,3,,,
Amazon Now,biodegradable plates for wedding,,3,,,
Amazon Now,biodegradable plates in germany,,3,,,
Amazon Now,biodegradable plates in hyderabad,,3,,,
Amazon Now,biodegradable plates in usa,,3,,,
Amazon Now,biodegradable kids plates,,3,,,
Amazon Now,biodegradable plates with lids,,3,,,
Amazon Now,biodegradable plates ntuc,,3,,,
Amazon Now,compostable plates oval,,3,,,
Amazon Now,biodegradable paper plates,,3,,,
Amazon Now,biodegradable reusable plates,,3,,,
Amazon Now,biodegradable plates shop near me,,3,,,
Amazon Now,biodegradable tiffin plates,,3,,,
Amazon Now,verka biodegradable plates,,3,,,
Amazon Now,biodegradable plates wholesale near me,,3,,,
Amazon Now,disposable plates and cups,,3,,,
Amazon Now,disposable plates business,,3,,,
Amazon Now,disposable plates colorful,,3,,,
Amazon Now,disposable plates decoration,,3,,,
Amazon Now,disposable plates ebay,,3,,,
Amazon Now,disposable plates for lunch,,3,,,
Amazon Now,disposable plates glass,,3,,,
Amazon Now,disposable plates hard,,3,,,
Amazon Now,disposable plates images,,3,,,
Amazon Now,disposable plates jiji,,3,,,
Amazon Now,disposable plates karachi,,3,,,
Amazon Now,disposable plates leaves,,3,,,
Amazon Now,disposable plates manufacturer,,3,,,
Amazon Now,disposable plates near me wholesale,,3,,,
Amazon Now,disposable plates online delivery,,3,,,
Amazon Now,disposable plates paper,,3,,,
Amazon Now,disposable plates quarter,,3,,,
Amazon Now,disposable plates reject shop,,3,,,
Amazon Now,disposable plates shop,,3,,,
Amazon Now,disposable plates trademark class,,3,,,
Amazon Now,disposable plates usa,,3,,,
Amazon Now,disposable plates vendor near me,,3,,,
Amazon Now,plastic plates xmas,,3,,,
Amazon Now,plastic plates yellow,,3,,,
Amazon Now,paper plates zepto,,3,,,
Amazon Now,bagasse plates are made of,,3,,,
Amazon Now,bagasse plates bowls,,3,,,
Amazon Now,bagasse plates company,,3,,,
Amazon Now,bagasse plates disposable,,3,,,
Amazon Now,bagasse tableware eco friendly,,3,,,
Amazon Now,bagasse food plate,,3,,,
Amazon Now,bagasse plates good or bad,,3,,,
Amazon Now,plates bagasse triple green,,3,,,
Amazon Now,bagasse plates hyderabad,,3,,,
Amazon Now,bagasse plates images,,3,,,
Amazon Now,bagasse natural plate,,3,,,
Amazon Now,bagasse plates wholesale near me,,3,,,
Amazon Now,bagasse plates made of,,3,,,
Amazon Now,bagasse plates production,,3,,,
Amazon Now,bagasse plates review,,3,,,
Amazon Now,bagasse plates wholesale uk,,3,,,
Amazon Now,bagasse plates vs cornstarch plates,,3,,,
Amazon Now,disposable serving trays and bowls,,3,,,
Amazon Now,disposable tray sizes,,3,,,
Amazon Now,disposable serving trays bulk,,3,,,
Amazon Now,disposable food tray covers,,3,,,
Amazon Now,disposable food display trays,,3,,,
Amazon Now,disposable serving trays for parties,,3,,,
Amazon Now,disposable food trays for kids,,3,,,
Amazon Now,disposable food tray large,,3,,,
Amazon Now,plastic meal tray with lid,,3,,,
Amazon Now,plastic meal tray making machine,,3,,,
Amazon Now,disposable serving tray near me,,3,,,
Amazon Now,plastic meal tray shop near me,,3,,,
Amazon Now,disposable food tray paper,,3,,,
Amazon Now,disposable serving trays tesco,,3,,,
Amazon Now,250 ml paper cup price,,3,,,
Amazon Now,wholesale paper cups and plates,,3,,,
Amazon Now,bulk buy paper cups,,3,,,
Amazon Now,paper cups wholesale near me,,3,,,
Amazon Now,bulk coffee cups costco,,3,,,
Amazon Now,bulk disposable cups for wedding,,3,,,
Amazon Now,wholesale paper cups for hot drinks,,3,,,
Amazon Now,bulk iced coffee cups glass,,3,,,
Amazon Now,wholesale paper cup manufacturers in delhi,,3,,,
Amazon Now,bulk coffee cups with logo,,3,,,
Amazon Now,bulk 3 oz paper cups,,3,,,
Amazon Now,wholesale paper cup price,,3,,,
Amazon Now,bulk coffee cup sleeves,,3,,,
Amazon Now,bulk disposable tea cups,,3,,,
Amazon Now,are paper cups cheaper than plastic,,3,,,
Amazon Now,wooden cutlery set australia,,3,,,
Amazon Now,bamboo cutlery set baby,,3,,,
Amazon Now,wooden utensils set canadian tire,,3,,,
Amazon Now,wooden cutlery set hsn code,,3,,,
Amazon Now,wooden cutlery set with chopsticks,,3,,,
Amazon Now,bamboo cutlery set dishwasher safe,,3,,,
Amazon Now,cutlery set and their uses,,3,,,
Amazon Now,wooden utensils set for cooking,,3,,,
Amazon Now,gold wooden cutlery set,,3,,,
Amazon Now,wooden utensils set made in canada,,3,,,
Amazon Now,jysk wooden cutlery set,,3,,,
Amazon Now,bamboo cutlery set kids,,3,,,
Amazon Now,wooden cutlery set nz,,3,,,
Amazon Now,bamboo cutlery set price,,3,,,
Amazon Now,wooden utensils set reddit,,3,,,
Amazon Now,wooden utensils set south africa,,3,,,
Amazon Now,wooden cutlery set travel,,3,,,
Amazon Now,wooden utensils set uk,,3,,,
Amazon Now,vintage wooden handle cutlery set,,3,,,
Amazon Now,disposable cutlery and crockery,,3,,,
Amazon Now,disposable cutlery brands,,3,,,
Amazon Now,disposable cutlery costco australia,,3,,,
Amazon Now,disposable cutlery dunelm,,3,,,
Amazon Now,plastic cutlery edmonton,,3,,,
Amazon Now,disposable cutlery for restaurant,,3,,,
Amazon Now,disposable cutlery green,,3,,,
Amazon Now,disposable cutlery hs code,,3,,,
Amazon Now,disposable cutlery in french,,3,,,
Amazon Now,disposable cutlery karachi,,3,,,
Amazon Now,disposable cutlery london,,3,,,
Amazon Now,disposable cutlery nearby,,3,,,
Amazon Now,disposable cutlery online,,3,,,
Amazon Now,disposable cutlery plastic,,3,,,
Amazon Now,disposable cutlery range,,3,,,
Amazon Now,disposable cutlery set with napkin,,3,,,
Amazon Now,disposable cutlery target,,3,,,
Amazon Now,disposable tableware uk,,3,,,
Amazon Now,vintage disposable cutlery,,3,,,
Amazon Now,disposable cutlery woolworths,,3,,,
Amazon Now,single use cutlery x,,3,,,
Amazon Now,compostable packaging australia,,3,,,
Amazon Now,compostable bagasse containers,,3,,,
Amazon Now,compostable clear containers,,3,,,
Amazon Now,compostable dessert containers,,3,,,
Amazon Now,compostable packaging eu,,3,,,
Amazon Now,can compostable containers be recycled,,3,,,
Amazon Now,are biopak containers compostable,,3,,,
Amazon Now,compostable food containers with lids,,3,,,
Amazon Now,can compostable containers go in green bin,,3,,,
Amazon Now,compostable cups how to dispose,,3,,,
Amazon Now,compostable packaging ireland,,3,,,
Amazon Now,compostable juice cups,,3,,,
Amazon Now,compostable keurig cups,,3,,,
Amazon Now,compostable liquid containers,,3,,,
Amazon Now,compostable container microwave safe,,3,,,
Amazon Now,compostable containers nz,,3,,,
Amazon Now,are compostable containers oven safe,,3,,,
Amazon Now,compostable paper containers,,3,,,
Amazon Now,compostable to go food containers,,3,,,
Amazon Now,compostable cups recycling,,3,,,
Amazon Now,compostable storage containers,,3,,,
Amazon Now,compostable togo containers,,3,,,
Amazon Now,compostable single use containers,,3,,,
Amazon Now,compostable cups with lids,,3,,,
Amazon Now,amazon biodegradable straws,,3,,,
Amazon Now,compostable straws blue,,3,,,
Amazon Now,compostable straws clear,,3,,,
Amazon Now,biodegradable straws dischem,,3,,,
Amazon Now,ecosystems compostable straws,,3,,,
Amazon Now,are paper straws compostable,,3,,,
Amazon Now,biodegradable straws factory,,3,,,
Amazon Now,compostable straws made from plants,,3,,,
Amazon Now,compostable straws whole foods,,3,,,
Amazon Now,compostable green straws,,3,,,
Amazon Now,biodegradable straws how long does it take,,3,,,
Amazon Now,biodegradable straws individually wrapped,,3,,,
Amazon Now,long compostable straws,,3,,,
Amazon Now,compostable paper straws,,3,,,
Amazon Now,compostable reed straw,,3,,,
Amazon Now,compostable sugarcane straws,,3,,,
Amazon Now,unwrapped compostable straws,,3,,,
Amazon Now,paper straws are the worst,,3,,,
Amazon Now,paper straws black,,3,,,
Amazon Now,paper straws contain gluten,,3,,,
Amazon Now,paper straws dollar general,,3,,,
Amazon Now,paper straws eu,,3,,,
Amazon Now,paper straws florida,,3,,,
Amazon Now,paper straws gluten uk,,3,,,
Amazon Now,paper straws home bargains,,3,,,
Amazon Now,paper straws ingredients,,3,,,
Amazon Now,are paper straws just as bad as plastic,,3,,,
Amazon Now,paper straws kenya,,3,,,
Amazon Now,paper straws large,,3,,,
Amazon Now,paper straws meaning,,3,,,
Amazon Now,paper straws nz,,3,,,
Amazon Now,paper straws outlawed,,3,,,
Amazon Now,paper straws pakistan,,3,,,
Amazon Now,que es paper straws,,3,,,
Amazon Now,paper straws reaction with coke,,3,,,
Amazon Now,paper straws should be banned,,3,,,
Amazon Now,paper straws toxic,,3,,,
Amazon Now,paper straws uk law,,3,,,
Amazon Now,paper straws valentines,,3,,,
Amazon Now,paper straws woolworths,,3,,,
Amazon Now,what are paper straws made of,,3,,,
Amazon Now,paper straws 9 year old,,3,,,
Amazon Now,food packaging aluminium foil,,3,,,
Amazon Now,food packaging boxes wholesale,,3,,,
Amazon Now,food packaging company,,3,,,
Amazon Now,food packaging definition,,3,,,
Amazon Now,food packaging expo 2026,,3,,,
Amazon Now,food packaging for cloud kitchen,,3,,,
Amazon Now,food packaging gst rate,,3,,,
Amazon Now,food packaging harare,,3,,,
Amazon Now,food packaging ideas,,3,,,
Amazon Now,food packaging jobs near me,,3,,,
Amazon Now,food packaging kmart,,3,,,
Amazon Now,food packaging logo,,3,,,
Amazon Now,food packaging delhi,,3,,,
Amazon Now,food packaging operator,,3,,,
Amazon Now,food packaging plastic,,3,,,
Amazon Now,food packaging qr code,,3,,,
Amazon Now,food packaging research paper,,3,,,
Amazon Now,food packaging sealing machine,,3,,,
Amazon Now,food packaging technology,,3,,,
Amazon Now,food packaging use and throw,,3,,,
Amazon Now,food packaging vacuum machine,,3,,,
Amazon Now,food packaging wholesale near me,,3,,,
Amazon Now,food container xenos,,3,,,
Amazon Now,food packaging to you,,3,,,
Amazon Now,food packaging zipper,,3,,,
Amazon Now,party plates and cups,,3,,,
Amazon Now,party supplies brownsville tx,,3,,,
Amazon Now,party supplies chicago,,3,,,
Amazon Now,party supplies denver,,3,,,
Amazon Now,party supplies evansville,,3,,,
Amazon Now,party supplies fort wayne,,3,,,
Amazon Now,party supplies guam,,3,,,
Amazon Now,party decorations hire,,3,,,
Amazon Now,party supplies ireland,,3,,,
Amazon Now,party supplies joondalup,,3,,,
Amazon Now,party decorations kmart,,3,,,
Amazon Now,party supplies las vegas,,3,,,
Amazon Now,party supplies malta,,3,,,
Amazon Now,party decorations near me,,3,,,
Amazon Now,party plates ohio,,3,,,
Amazon Now,party decorations perth,,3,,,
Amazon Now,party supplies quezon city,,3,,,
Amazon Now,party supplies rochester ny,,3,,,
Amazon Now,party supplies store,,3,,,
Amazon Now,party supplies trinidad,,3,,,
Amazon Now,party decorations uk,,3,,,
Amazon Now,party supplies vancouver wa,,3,,,
Amazon Now,party supplies wichita ks,,3,,,
Amazon Now,party supplies yonkers,,3,,,
Amazon Now,party decorations zurich,,3,,,
Amazon Now,bagasse plates manufacturers in india,,4,,,
Amazon Now,coffee cups 250ml,,4,,,
Amazon Now,sugarcane burger clamshell,,4,,,
Amazon Now,sugar cane products list,,4,,,
Amazon Now,party tables near me,,4,,,
Amazon Now,eco friendly plates and cutlery,,4,,,
Amazon Now,eco friendly disposable plates near me,,4,,,
Amazon Now,eco friendly bamboo plates,,4,,,
Amazon Now,eco friendly camping plates,,4,,,
Amazon Now,eco friendly disposable plates wedding,,4,,,
Amazon Now,eco friendly plates for food,,4,,,
Amazon Now,how to make eco friendly plates,,4,,,
Amazon Now,eco friendly kids dishes,,4,,,
Amazon Now,eco friendly plate machine,,4,,,
Amazon Now,eco friendly plastic plates,,4,,,
Amazon Now,eco friendly reusable dinnerware,,4,,,
Amazon Now,eco friendly dinnerware set,,4,,,
Amazon Now,eco friendly toddler plates,,4,,,
Amazon Now,eco friendly plates walmart,,4,,,
Amazon Now,biodegradable plates and cups manufacturers near me,,4,,,
Amazon Now,biodegradable plates buyers,,4,,,
Amazon Now,biodegradable plates coles,,4,,,
Amazon Now,biodegradable dinner plates,,4,,,
Amazon Now,biodegradable edible plates,,4,,,
Amazon Now,biodegradable plates from banana leaves,,4,,,
Amazon Now,biodegradable glass plates,,4,,,
Amazon Now,biodegradable plates hs code,,4,,,
Amazon Now,biodegradable plates images,,4,,,
Amazon Now,compostable plates kmart,,4,,,
Amazon Now,biodegradable plates manufacturing business,,4,,,
Amazon Now,compostable plates near me,,4,,,
Amazon Now,biodegradable plates made of,,4,,,
Amazon Now,biodegradable plastic plates,,4,,,
Amazon Now,biodegradable round plates,,4,,,
Amazon Now,biodegradable plates square,,4,,,
Amazon Now,biodegradable thali plates,,4,,,
Amazon Now,biodegradable plates woolworths,,4,,,
Amazon Now,disposable plates and spoons,,4,,,
Amazon Now,disposable plates black,,4,,,
Amazon Now,disposable plates company,,4,,,
Amazon Now,disposable plates dmart,,4,,,
Amazon Now,disposable plates egypt,,4,,,
Amazon Now,disposable plates for snacks,,4,,,
Amazon Now,disposable plates green,,4,,,
Amazon Now,disposable plates hindi,,4,,,
Amazon Now,disposable plates instamart,,4,,,
Amazon Now,disposable plates jumbo,,4,,,
Amazon Now,disposable plates kroger,,4,,,
Amazon Now,disposable plates lidl,,4,,,
Amazon Now,disposable plates making machine price,,4,,,
Amazon Now,disposable plates nearby,,4,,,
Amazon Now,disposable plates on sale,,4,,,
Amazon Now,disposable plates price in india,,4,,,
Amazon Now,disposable plates quick delivery,,4,,,
Amazon Now,disposable plates rectangle,,4,,,
Amazon Now,disposable plates size,,4,,,
Amazon Now,disposable plates tesco,,4,,,
Amazon Now,disposable plates uganda,,4,,,
Amazon Now,disposable plates vintage,,4,,,
Amazon Now,disposable plates wholesale delhi,,4,,,
Amazon Now,paper plates xmas crafts,,4,,,
Amazon Now,plastic plates you can draw on,,4,,,
Amazon Now,plastic plates zepto,,4,,,
Amazon Now,bagasse plates and cups,,4,,,
Amazon Now,bagasse plates bangalore,,4,,,
Amazon Now,bagasse plates compartment,,4,,,
Amazon Now,bagasse dinner plates,,4,,,
Amazon Now,bagasse tableware export from india,,4,,,
Amazon Now,sugarcane bagasse plates gst rate,,4,,,
Amazon Now,plates bagasse triple grn 25cm 10s,,4,,,
Amazon Now,bagasse tableware hsn code,,4,,,
Amazon Now,bagasse plates in coimbatore,,4,,,
Amazon Now,how to make bagasse plates,,4,,,
Amazon Now,bagasse plate shop near me,,4,,,
Amazon Now,bagasse plate photo,,4,,,
Amazon Now,bagasse plates round,,4,,,
Amazon Now,unbleached bagasse plates,,4,,,
Amazon Now,bagasse plates wholesale price,,4,,,
Amazon Now,disposable food trays amazon,,4,,,
Amazon Now,disposable food trays black,,4,,,
Amazon Now,disposable tray price,,4,,,
Amazon Now,disposable food trays canada,,4,,,
Amazon Now,disposable food tray with dividers,,4,,,
Amazon Now,disposable serving trays foil,,4,,,
Amazon Now,disposable serving tray with lid,,4,,,
Amazon Now,disposable food trays metal,,4,,,
Amazon Now,disposable serving tray nearby,,4,,,
Amazon Now,disposable food tray plates,,4,,,
Amazon Now,disposable serving tray set,,4,,,
Amazon Now,disposable food trays tesco,,4,,,
Amazon Now,paper cup rate,,4,,,
Amazon Now,wholesale paper cups and plates near me,,4,,,
Amazon Now,paper coffee cups bulk buy,,4,,,
Amazon Now,bulk coffee cups canada,,4,,,
Amazon Now,disposable paper cup sizes,,4,,,
Amazon Now,bulk green paper cups,,4,,,
Amazon Now,halloween paper cups bulk,,4,,,
Amazon Now,wholesale paper cup manufacturers in coimbatore,,4,,,
Amazon Now,bulk disposable cups with lids,,4,,,
Amazon Now,bulk coffee cups near me,,4,,,
Amazon Now,bulk 12 oz paper cups,,4,,,
Amazon Now,wholesale paper cup printing sri lanka,,4,,,
Amazon Now,bulk coffee cup stickers,,4,,,
Amazon Now,wholesale paper tea cups,,4,,,
Amazon Now,paper tea cups wholesale near me,,4,,,
Amazon Now,wooden utensils set australia,,4,,,
Amazon Now,wooden knife set block,,4,,,
Amazon Now,wooden handle cutlery set dishwasher safe,,4,,,
Amazon Now,wooden knife set for kids,,4,,,
Amazon Now,george wooden cutlery set,,4,,,
Amazon Now,is wooden cutlery better than plastic,,4,,,
Amazon Now,wooden knife set holder,,4,,,
Amazon Now,wooden handle cutlery set uk,,4,,,
Amazon Now,wooden utensils set manufacturers in india,,4,,,
Amazon Now,wooden knife set kids,,4,,,
Amazon Now,wooden utensils set nz,,4,,,
Amazon Now,remi wooden cutlery set,,4,,,
Amazon Now,wooden cutlery spoon set,,4,,,
Amazon Now,bamboo cutlery set travel,,4,,,
Amazon Now,wooden knife set with block,,4,,,
Amazon Now,disposable cutlery aldi,,4,,,
Amazon Now,disposable cutlery b&m,,4,,,
Amazon Now,disposable cutlery canada,,4,,,
Amazon Now,disposable cutlery dollar tree,,4,,,
Amazon Now,plastic cutlery environmental impact,,4,,,
Amazon Now,disposable cutlery fancy,,4,,,
Amazon Now,disposable gold cutlery set,,4,,,
Amazon Now,disposable cutlery heavy duty,,4,,,
Amazon Now,disposable cutlery individually wrapped,,4,,,
Amazon Now,disposable kids cutlery,,4,,,
Amazon Now,disposable cutlery lebanon,,4,,,
Amazon Now,disposable cutlery making machine,,4,,,
Amazon Now,disposable cutlery napkins,,4,,,
Amazon Now,plastic cutlery organizer,,4,,,
Amazon Now,disposable cutlery poundland,,4,,,
Amazon Now,what is disposable cutlery,,4,,,
Amazon Now,disposable cutlery reddit,,4,,,
Amazon Now,disposable cutlery silver,,4,,,
Amazon Now,disposable cutlery the range,,4,,,
Amazon Now,disposable tableware usa,,4,,,
Amazon Now,disposable cutlery walmart,,4,,,
Amazon Now,single use cutlery x 意味,,4,,,
Amazon Now,compostable cups and lids,,4,,,
Amazon Now,compostable packaging bags,,4,,,
Amazon Now,compostable cardboard containers,,4,,,
Amazon Now,compostable disposable containers,,4,,,
Amazon Now,biodegradable egg containers crossword,,4,,,
Amazon Now,compostable freezer containers,,4,,,
Amazon Now,can compostable containers go in the microwave,,4,,,
Amazon Now,compostable packaging how to dispose,,4,,,
Amazon Now,compostable cups ireland,,4,,,
Amazon Now,compostable k cups canada,,4,,,
Amazon Now,compostable packaging logo,,4,,,
Amazon Now,compostable meal containers,,4,,,
Amazon Now,compostable cups near me,,4,,,
Amazon Now,compostable take out containers,,4,,,
Amazon Now,compostable pint containers,,4,,,
Amazon Now,compostable cups reddit,,4,,,
Amazon Now,compostable sauce containers,,4,,,
Amazon Now,compostable takeout containers near me,,4,,,
Amazon Now,biodegradable containers with lids in india,,4,,,
Amazon Now,biodegradable straws australia,,4,,,
Amazon Now,compostable boba straws,,4,,,
Amazon Now,compostable cocktail straws,,4,,,
Amazon Now,biodegradable drinking straws,,4,,,
Amazon Now,do compostable straws have gluten,,4,,,
Amazon Now,eco compostable straws,,4,,,
Amazon Now,biodegradable straws for honey sticks,,4,,,
Amazon Now,biodegradable straws gluten free,,4,,,
Amazon Now,biodegradable straws india,,4,,,
Amazon Now,lifemade compostable straws,,4,,,
Amazon Now,compostable straws material,,4,,,
Amazon Now,biodegradable straws not paper,,4,,,
Amazon Now,compostable pla straws,,4,,,
Amazon Now,compostable rice straw,,4,,,
Amazon Now,compostable spoon straws,,4,,,
Amazon Now,biodegradable straws target,,4,,,
Amazon Now,compostable wrapped straws,,4,,,
Amazon Now,paper straws and gluten,,4,,,
Amazon Now,paper straws banned,,4,,,
Amazon Now,paper straws canada,,4,,,
Amazon Now,paper straws donald trump,,4,,,
Amazon Now,paper straws ebay,,4,,,
Amazon Now,paper straws for mason bees,,4,,,
Amazon Now,paper straws green,,4,,,
Amazon Now,paper straws hs code,,4,,,
Amazon Now,paper straws in bulk,,4,,,
Amazon Now,paper straws new jersey,,4,,,
Amazon Now,paper straws kids,,4,,,
Amazon Now,paper straws long,,4,,,
Amazon Now,paper straws morrisons,,4,,,
Amazon Now,paper straws not gluten free,,4,,,
Amazon Now,paper straws origin,,4,,,
Amazon Now,paper straws poundland,,4,,,
Amazon Now,paper straws red and white,,4,,,
Amazon Now,paper straws spotlight,,4,,,
Amazon Now,paper straws trump,,4,,,
Amazon Now,paper straws useless,,4,,,
Amazon Now,paper straws vancouver,,4,,,
Amazon Now,paper straws white,,4,,,
Amazon Now,are paper straws safe,,4,,,
Amazon Now,paper straws nine year old,,4,,,
Amazon Now,food packaging and shelf life journal,,4,,,
Amazon Now,food packaging bags,,4,,,
Amazon Now,food packaging covers,,4,,,
Amazon Now,food packaging design agency,,4,,,
Amazon Now,food packaging expo,,4,,,
Amazon Now,food packaging films,,4,,,
Amazon Now,food packaging gurgaon,,4,,,
Amazon Now,food packaging heat sealer,,4,,,
Amazon Now,food packaging in delhi,,4,,,
Amazon Now,food packaging journals,,4,,,
Amazon Now,food packaging kenya,,4,,,
Amazon Now,food packaging label design,,4,,,
Amazon Now,food packaging machine,,4,,,
Amazon Now,food packaging notes,,4,,,
Amazon Now,food packaging operator job description,,4,,,
Amazon Now,food packaging plates,,4,,,
Amazon Now,food packaging quotes,,4,,,
Amazon Now,food packaging requirements,,4,,,
Amazon Now,food packaging store near me,,4,,,
Amazon Now,food packaging tray,,4,,,
Amazon Now,food packaging uk,,4,,,
Amazon Now,food packaging volunteer,,4,,,
Amazon Now,food packaging work near me,,4,,,
Amazon Now,xps food packaging,,4,,,
Amazon Now,food packaging new york,,4,,,
Amazon Now,food packaging ziplock,,4,,,
Amazon Now,party supplies australia,,4,,,
Amazon Now,party supplies brooklyn,,4,,,
Amazon Now,party supplies columbus ohio,,4,,,
Amazon Now,party supplies dubai,,4,,,
Amazon Now,party supplies epping,,4,,,
Amazon Now,party decorations for kids,,4,,,
Amazon Now,party supplies greenville sc,,4,,,
Amazon Now,party decorations hire near me,,4,,,
Amazon Now,party decorations ideas for adults,,4,,,
Amazon Now,party supplies jamaica,,4,,,
Amazon Now,party plates kmart,,4,,,
Amazon Now,party supplies list,,4,,,
Amazon Now,party supplies mcallen tx,,4,,,
Amazon Now,party supplies nearby,,4,,,
Amazon Now,party supplies okc,,4,,,
Amazon Now,party plates plastic,,4,,,
Amazon Now,party supplies qormi,,4,,,
Amazon Now,party supplies raleigh nc,,4,,,
Amazon Now,party supplies store near me,,4,,,
Amazon Now,party supplies tucson,,4,,,
Amazon Now,party supplies usa,,4,,,
Amazon Now,party supplies virginia beach,,4,,,
Amazon Now,party supplies walmart,,4,,,
Amazon Now,party supplies yakima,,4,,,
Amazon Now,party supplies zurich,,4,,,
Amazon Now,bagasse plates manufacturing plant cost,,5,,,
Amazon Now,disposable cups 250ml 1000s,,5,,,
Amazon Now,disposable cups 250ml 1000 per box,,5,,,
Amazon Now,bulk coffee cups,,5,,,
Amazon Now,clamshell sugarcane bagasse,,5,,,
Amazon Now,compostable containers with lids wholesale,,5,,,
Amazon Now,eco friendly party plates and cutlery,,5,,,
Amazon Now,eco friendly buffet plates,,5,,,
Amazon Now,eco friendly children's plates,,5,,,
Amazon Now,eco friendly dinner plates,,5,,,
Amazon Now,eco friendly examples,,5,,,
Amazon Now,are bamboo plates eco friendly,,5,,,
Amazon Now,best eco friendly kids plates,,5,,,
Amazon Now,eco friendly banana leaf plates,,5,,,
Amazon Now,eco friendly plates manufacturing near me,,5,,,
Amazon Now,eco friendly serving plates,,5,,,
Amazon Now,eco friendly thanksgiving plates,,5,,,
Amazon Now,eco friendly single use plates,,5,,,
Amazon Now,eco friendly plates wedding,,5,,,
Amazon Now,biodegradable plates and cups machine,,5,,,
Amazon Now,biodegradable plates big size,,5,,,
Amazon Now,biodegradable plates cost,,5,,,
Amazon Now,biodegradable disposable plates machine,,5,,,
Amazon Now,biodegradable tableware export from india,,5,,,
Amazon Now,biodegradable plates for parties,,5,,,
Amazon Now,biodegradable green plates,,5,,,
Amazon Now,biodegradable plates have gluten,,5,,,
Amazon Now,biodegradable plates manufacturers in gujarat,,5,,,
Amazon Now,biodegradable paper plates and cups,,5,,,
Amazon Now,biodegradable utensils research,,5,,,
Amazon Now,biodegradable plates small,,5,,,
Amazon Now,biodegradable thanksgiving plates,,5,,,
Amazon Now,disposable plates and glass making machine price,,5,,,
Amazon Now,disposable plates box,,5,,,
Amazon Now,disposable plates compartments,,5,,,
Amazon Now,disposable plates dinner,,5,,,
Amazon Now,disposable plates elegant,,5,,,
Amazon Now,disposable plates for dinner,,5,,,
Amazon Now,disposable plates glasses and cutlery,,5,,,
Amazon Now,disposable plates high quality,,5,,,
Amazon Now,disposable plates in bulk,,5,,,
Amazon Now,disposable plates jalandhar,,5,,,
Amazon Now,disposable plates kids,,5,,,
Amazon Now,disposable plates large,,5,,,
Amazon Now,disposable plates meesho,,5,,,
Amazon Now,disposable plates natural,,5,,,
Amazon Now,disposable plates organizer,,5,,,
Amazon Now,disposable plates pronunciation,,5,,,
Amazon Now,paper plates qatar,,5,,,
Amazon Now,disposable plates red dot,,5,,,
Amazon Now,disposable plates small size,,5,,,
Amazon Now,disposable plates that look like china,,5,,,
Amazon Now,disposable plates utensils,,5,,,
Amazon Now,disposable plates verka,,5,,,
Amazon Now,disposable plates wholesale price,,5,,,
Amazon Now,paper plates xl,,5,,,
Amazon Now,paper plates you can microwave,,5,,,
Amazon Now,paper plates zoo animals,,5,,,
Amazon Now,bagasse plates asda,,5,,,
Amazon Now,bagasse plates business,,5,,,
Amazon Now,bagasse compostable plates,,5,,,
Amazon Now,bagasse disposable plates near me,,5,,,
Amazon Now,bagasse tableware exporter,,5,,,
Amazon Now,bagasse sugarcane fiber plates,,5,,,
Amazon Now,are bagasse plates gluten free,,5,,,
Amazon Now,bagasse tableware hs code,,5,,,
Amazon Now,bagasse plates in uk,,5,,,
Amazon Now,bagasse plates in usa,,5,,,
Amazon Now,sugarcane bagasse plates price,,5,,,
Amazon Now,origami bagasse plates,,5,,,
Amazon Now,bagasse paper plates,,5,,,
Amazon Now,bagasse plate rate,,5,,,
Amazon Now,bagasse sugarcane plates,,5,,,
Amazon Now,bagasse plates manufacturers in tamilnadu,,5,,,
Amazon Now,disposable serving trays amazon,,5,,,
Amazon Now,disposable serving trays b&m,,5,,,
Amazon Now,disposable serving trays costco,,5,,,
Amazon Now,disposable food tray with drink holder,,5,,,
Amazon Now,disposable food tray with lid,,5,,,
Amazon Now,plastic meal tray near me,,5,,,
Amazon Now,plastic meal tray price,,5,,,
Amazon Now,how much ml is a paper cup,,5,,,
Amazon Now,paper cup 200ml price,,5,,,
Amazon Now,bulk coffee cups and saucers,,5,,,
Amazon Now,black paper cups bulk,,5,,,
Amazon Now,bulk coffee cups cheap,,5,,,
Amazon Now,bulk coffee cups for cafe,,5,,,
Amazon Now,wholesale paper cup manufacturers in madurai,,5,,,
Amazon Now,wholesale paper cups with lids,,5,,,
Amazon Now,bulk disposable cups near me,,5,,,
Amazon Now,bulk disposable plastic cups,,5,,,
Amazon Now,wholesale paper cup supplier malaysia,,5,,,
Amazon Now,bulk coffee travel cups,,5,,,
Amazon Now,wooden utensils set amazon,,5,,,
Amazon Now,wooden knife block set with sharpener,,5,,,
Amazon Now,wooden utensils cooking set,,5,,,
Amazon Now,wooden cooking utensils set dishwasher safe,,5,,,
Amazon Now,wooden utensils set for kids,,5,,,
Amazon Now,george home wooden cutlery set,,5,,,
Amazon Now,wooden utensils set house,,5,,,
Amazon Now,cutlery set in wooden box,,5,,,
Amazon Now,wooden utensils set kids,,5,,,
Amazon Now,wooden utensils set near me,,5,,,
Amazon Now,bamboo cutlery set with pouch,,5,,,
Amazon Now,wooden utensils set sale,,5,,,
Amazon Now,wooden knife set with sharpener,,5,,,
Amazon Now,wooden knife set toddler,,5,,,
Amazon Now,wooden kitchen utensils set uk,,5,,,
Amazon Now,disposable cutlery amazon,,5,,,
Amazon Now,disposable cutlery bulk,,5,,,
Amazon Now,disposable cutlery canadian tire,,5,,,
Amazon Now,disposable cutlery display,,5,,,
Amazon Now,plastic cutlery ebay,,5,,,
Amazon Now,disposable cutlery factory,,5,,,
Amazon Now,disposable gold cutlery wholesale,,5,,,
Amazon Now,disposable cutlery hsn code,,5,,,
Amazon Now,disposable cutlery in spanish,,5,,,
Amazon Now,plastic cutlery kmart,,5,,,
Amazon Now,plastic cutlery lidl,,5,,,
Amazon Now,disposable cutlery market size in india,,5,,,
Amazon Now,disposable cutlery nice,,5,,,
Amazon Now,plastic cutlery organizer with lid,,5,,,
Amazon Now,disposable cutlery pronunciation,,5,,,
Amazon Now,is disposable cutlery recyclable,,5,,,
Amazon Now,plastic cutlery reusable,,5,,,
Amazon Now,disposable cutlery sainsbury's,,5,,,
Amazon Now,disposable cutlery tray,,5,,,
Amazon Now,plastic cutlery usa,,5,,,
Amazon Now,disposable cutlery wooden,,5,,,
Amazon Now,compostable cups and plates,,5,,,
Amazon Now,compostable cups bulk,,5,,,
Amazon Now,compostable carryout containers,,5,,,
Amazon Now,compostable drink containers,,5,,,
Amazon Now,biodegradable egg containers,,5,,,
Amazon Now,compostable food containers nearby,,5,,,
Amazon Now,can compostable containers go in oven,,5,,,
Amazon Now,compostable cups in bulk,,5,,,
Amazon Now,compostable k cups not working,,5,,,
Amazon Now,compostable packaging label,,5,,,
Amazon Now,compostable microgreen containers,,5,,,
Amazon Now,compostable cups nearby,,5,,,
Amazon Now,compostable take out containers microwave safe,,5,,,
Amazon Now,compostable produce containers,,5,,,
Amazon Now,compostable cups restaurant depot,,5,,,
Amazon Now,compostable sushi containers,,5,,,
Amazon Now,compostable tupperware containers,,5,,,
Amazon Now,is compostable plastic really compostable,,5,,,
Amazon Now,biodegradable containers with lids,,5,,,
Amazon Now,biodegradable straws agave,,5,,,
Amazon Now,compostable bendy straws,,5,,,
Amazon Now,compostable crazy straws,,5,,,
Amazon Now,biodegradable disposable straws,,5,,,
Amazon Now,do compostable straws have microplastics,,5,,,
Amazon Now,are compostable rice straws edible,,5,,,
Amazon Now,biodegradable straws fiji,,5,,,
Amazon Now,biodegradable straws gluten,,5,,,
Amazon Now,compostable straw manufacturers in india,,5,,,
Amazon Now,biodegradable straws near me,,5,,,
Amazon Now,biodegradable straws plastic,,5,,,
Amazon Now,are compostable straws recyclable,,5,,,
Amazon Now,biodegradable straws south africa,,5,,,
Amazon Now,compostable bubble tea straws,,5,,,
Amazon Now,biodegradable straws wholesale,,5,,,
Amazon Now,paper straws are bad,,5,,,
Amazon Now,paper straws blue,,5,,,
Amazon Now,paper straws california,,5,,,
Amazon Now,paper straws delaware,,5,,,
Amazon Now,paper straws environment,,5,,,
Amazon Now,paper straws for cake pops,,5,,,
Amazon Now,paper straws glue,,5,,,
Amazon Now,paper straws have wheat,,5,,,
Amazon Now,paper straws invented,,5,,,
Amazon Now,paper wrapped jumbo straws,,5,,,
Amazon Now,do paper straws kill turtles,,5,,,
Amazon Now,paper straws lidl,,5,,,
Amazon Now,paper straws meme,,5,,,
Amazon Now,paper straws new world,,5,,,
Amazon Now,paper straws online,,5,,,
Amazon Now,paper straws pack,,5,,,
Amazon Now,paper straws red,,5,,,
Amazon Now,paper straws study,,5,,,
Amazon Now,paper straws that don't get soggy,,5,,,
Amazon Now,paper straws usa trump,,5,,,
Amazon Now,paper straws vs plastic cost,,5,,,
Amazon Now,paper straws worse than plastic,,5,,,
Amazon Now,why are paper straws so bad,,5,,,
Amazon Now,paper straws new york,,5,,,
Amazon Now,food packaging and shelf life abbreviation,,5,,,
Amazon Now,food packaging boxes near me,,5,,,
Amazon Now,food packaging container near me,,5,,,
Amazon Now,food packaging drawing easy,,5,,,
Amazon Now,food packaging expo 2026 india,,5,,,
Amazon Now,food packaging fonts,,5,,,
Amazon Now,food packaging gas name,,5,,,
Amazon Now,food packaging hs code,,5,,,
Amazon Now,food packaging industry near me,,5,,,
Amazon Now,food packaging job in europe,,5,,,
Amazon Now,food packaging kraft paper,,5,,,
Amazon Now,food packaging license india,,5,,,
Amazon Now,food packaging manufacturers,,5,,,
Amazon Now,food packaging notes pdf,,5,,,
Amazon Now,food packaging ottawa,,5,,,
Amazon Now,food packaging polythene,,5,,,
Amazon Now,food packaging quality control,,5,,,
Amazon Now,food packaging responsibilities,,5,,,
Amazon Now,food packaging silver pouch,,5,,,
Amazon Now,food packaging technology pdf,,5,,,
Amazon Now,food packaging usa,,5,,,
Amazon Now,food packaging video,,5,,,
Amazon Now,food packaging work,,5,,,
Amazon Now,xmas food packaging,,5,,,
Amazon Now,food with yellow packaging uk,,5,,,
Amazon Now,food packaging zip bags,,5,,,
Amazon Now,party supplies albuquerque,,5,,,
Amazon Now,party decorations brisbane,,5,,,
Amazon Now,party supplies colorado springs,,5,,,
Amazon Now,party supplies des moines,,5,,,
Amazon Now,party supplies erie pa,,5,,,
Amazon Now,party supplies fresno,,5,,,
Amazon Now,party supplies greenville nc,,5,,,
Amazon Now,party supplies huntsville al,,5,,,
Amazon Now,party decorations ireland,,5,,,
Amazon Now,party supplies jackson tn,,5,,,
Amazon Now,party supplies kingston,,5,,,
Amazon Now,party supplies lexington ky,,5,,,
Amazon Now,party supplies minneapolis,,5,,,
Amazon Now,party decorations nearby,,5,,,
Amazon Now,party supplies orlando,,5,,,
Amazon Now,party decorations pink,,5,,,
Amazon Now,party supplies queens,,5,,,
Amazon Now,party supplies reno,,5,,,
Amazon Now,party decorations store,,5,,,
Amazon Now,party supplies toronto,,5,,,
Amazon Now,party supplies underwood,,5,,,
Amazon Now,party supplies visalia,,5,,,
Amazon Now,party supplies winnipeg,,5,,,
Amazon Now,party supplies yuba city,,5,,,
Amazon Now,party supplies zabbar,,5,,,
Amazon Now,bagasse plates meaning,,6,,,
Amazon Now,disposable meal tray with lid wholesale,,6,,,
Amazon Now,eco friendly use and throw plates,,6,,,
Amazon Now,eco friendly baby plates,,6,,,
Amazon Now,eco friendly christmas plates,,6,,,
Amazon Now,eco friendly plates from banana leaves,,6,,,
Amazon Now,eco friendly kids party plates,,6,,,
Amazon Now,eco friendly palm leaf plates,,6,,,
Amazon Now,eco friendly plates material,,6,,,
Amazon Now,best eco friendly paper plates,,6,,,
Amazon Now,is eco friendly the same as environmentally friendly,,6,,,
Amazon Now,eco friendly square plates,,6,,,
Amazon Now,eco friendly disposable plates and utensils,,6,,,
Amazon Now,eco friendly wooden plates,,6,,,
Amazon Now,biodegradable plates and glasses,,6,,,
Amazon Now,biodegradable bamboo plates,,6,,,
Amazon Now,biodegradable plates canada,,6,,,
Amazon Now,biodegradable dessert plates,,6,,,
Amazon Now,biodegradable disposable plates exporters in gujarat,,6,,,
Amazon Now,biodegradable plates for surgery,,6,,,
Amazon Now,biodegradable holiday plates,,6,,,
Amazon Now,biodegradable plates in uk,,6,,,
Amazon Now,compostable leaf plates,,6,,,
Amazon Now,biodegradable plates material,,6,,,
Amazon Now,compostable plates nearby,,6,,,
Amazon Now,paper plates biodegradable or nonbiodegradable,,6,,,
Amazon Now,biodegradable partition plates,,6,,,
Amazon Now,biodegradable plates set,,6,,,
Amazon Now,compostable plates target,,6,,,
Amazon Now,compostable ultra plates,,6,,,
Amazon Now,biodegradable plates wedding,,6,,,
Amazon Now,disposable plates and glass making machine,,6,,,
Amazon Now,disposable plates business in india,,6,,,
Amazon Now,disposable plates comes under which category,,6,,,
Amazon Now,disposable plates decoration ideas,,6,,,
Amazon Now,disposable plates etc,,6,,,
Amazon Now,disposable plates for momos,,6,,,
Amazon Now,disposable plates glass machine,,6,,,
Amazon Now,disposable plates heavy duty,,6,,,
Amazon Now,disposable plates in chandigarh,,6,,,
Amazon Now,disposable plates jaipur,,6,,,
Amazon Now,disposable plates kaufland,,6,,,
Amazon Now,disposable plates luxury,,6,,,
Amazon Now,disposable plates manufacturers near me,,6,,,
Amazon Now,disposable plates near me within 800m,,6,,,
Amazon Now,disposable plates on amazon,,6,,,
Amazon Now,disposable plates png,,6,,,
Amazon Now,plastic plates qatar,,6,,,
Amazon Now,disposable plates restaurant depot,,6,,,
Amazon Now,disposable plates square,,6,,,
Amazon Now,disposable plates target,,6,,,
Amazon Now,disposable plates uae,,6,,,
Amazon Now,disposable plates visiting card,,6,,,
Amazon Now,disposable plates with cover,,6,,,
Amazon Now,paper plates x100,,6,,,
Amazon Now,paper plates youtube,,6,,,
Amazon Now,paper plates zehrs,,6,,,
Amazon Now,sugarcane bagasse plates & bowls,,6,,,
Amazon Now,bagasse plates buy,,6,,,
Amazon Now,bagasse tableware china,,6,,,
Amazon Now,bagasse tableware distributor,,6,,,
Amazon Now,sugarcane bagasse plates export from india,,6,,,
Amazon Now,bagasse plates manufacturers in gujarat,,6,,,
Amazon Now,sugarcane bagasse plates hsn code,,6,,,
Amazon Now,bagasse pizza plates,,6,,,
Amazon Now,bagasse rectangular plate,,6,,,
Amazon Now,bagasse small plates,,6,,,
Amazon Now,sugarcane bagasse to plates,,6,,,
Amazon Now,bagasse plate weight,,6,,,
Amazon Now,disposable serving trays aluminum,,6,,,
Amazon Now,disposable serving trays christmas,,6,,,
Amazon Now,disposable serving trays for desserts,,6,,,
Amazon Now,plastic ready meal tray melted in oven,,6,,,
Amazon Now,disposable lunch trays nearby,,6,,,
Amazon Now,disposable meal prep tray,,6,,,
Amazon Now,disposable food tray with cover,,6,,,
Amazon Now,polystyrene paper cups 250ml,,6,,,
Amazon Now,bulk coffee cups amazon,,6,,,
Amazon Now,bulk disposable tea cups and saucers,,6,,,
Amazon Now,brown paper cups bulk,,6,,,
Amazon Now,bulk paper cone cups,,6,,,
Amazon Now,bulk coffee cups for coffee shop,,6,,,
Amazon Now,wholesale paper cup manufacturers in kerala,,6,,,
Amazon Now,bulk coffee cups with lids and sleeves,,6,,,
Amazon Now,bulk coffee cups nearby,,6,,,
Amazon Now,bulk disposable shot cups,,6,,,
Amazon Now,bamboo cutlery set amazon,,6,,,
Amazon Now,wooden knife block set uk,,6,,,
Amazon Now,wooden knife set for toddlers,,6,,,
Amazon Now,wooden knife handle set,,6,,,
Amazon Now,cutlery set in wooden case,,6,,,
Amazon Now,wooden utensils set kmart,,6,,,
Amazon Now,wooden utensils set non toxic,,6,,,
Amazon Now,wooden picnic cutlery set,,6,,,
Amazon Now,bamboo cutlery set silver,,6,,,
Amazon Now,wooden knife set with stand,,6,,,
Amazon Now,wooden utensils set teak,,6,,,
Amazon Now,bamboo handle cutlery set uk,,6,,,
Amazon Now,disposable cutlery argos,,6,,,
Amazon Now,disposable cutlery big w,,6,,,
Amazon Now,disposable cutlery compostable,,6,,,
Amazon Now,plastic cutlery drainer,,6,,,
Amazon Now,disposable forks eco,,6,,,
Amazon Now,disposable cutlery for kids,,6,,,
Amazon Now,plastic cutlery gold,,6,,,
Amazon Now,disposable cutlery holder for party,,6,,,
Amazon Now,disposable cutlery items,,6,,,
Amazon Now,disposable forks kmart,,6,,,
Amazon Now,plastic cutlery lunch set,,6,,,
Amazon Now,disposable cutlery morrisons,,6,,,
Amazon Now,disposable cutlery ntuc,,6,,,
Amazon Now,plastic cutlery on plane,,6,,,
Amazon Now,disposable cutlery price,,6,,,
Amazon Now,plastic cutlery reject shop,,6,,,
Amazon Now,disposable cutlery singapore,,6,,,
Amazon Now,disposable cutlery that looks real,,6,,,
Amazon Now,plastic cutlery uk ban,,6,,,
Amazon Now,disposable cutlery wholesale singapore,,6,,,
Amazon Now,sugar cane bar reviews,,6,,,
Amazon Now,compostable cups and straws,,6,,,
Amazon Now,compostable packaging boxes,,6,,,
Amazon Now,compostable cosmetic containers,,6,,,
Amazon Now,compostable deli containers with lids,,6,,,
Amazon Now,compostable espresso cups,,6,,,
Amazon Now,compostable food containers near me,,6,,,
Amazon Now,can compostable containers go in fogo,,6,,,
Amazon Now,compostable hot cups with lids,,6,,,
Amazon Now,compostable insulated packaging,,6,,,
Amazon Now,compostable k cups nearby,,6,,,
Amazon Now,compostable cups lids,,6,,,
Amazon Now,compostable muffin containers,,6,,,
Amazon Now,compostable packaging nz,,6,,,
Amazon Now,compostable take out containers canada,,6,,,
Amazon Now,compostable pla containers,,6,,,
Amazon Now,are egg containers compostable,,6,,,
Amazon Now,are compostable containers recyclable,,6,,,
Amazon Now,compostable snack containers,,6,,,
Amazon Now,compostable cups target,,6,,,
Amazon Now,compostable cups walmart,,6,,,
Amazon Now,compostable black straws,,6,,,
Amazon Now,compostable coffee straws,,6,,,
Amazon Now,are compostable straws more expensive,,6,,,
Amazon Now,biodegradable straws for restaurants,,6,,,
Amazon Now,biodegradable straws green,,6,,,
Amazon Now,bpi compostable straw ingredients,,6,,,
Amazon Now,compostable straw manufacturer,,6,,,
Amazon Now,biodegradable straws nz,,6,,,
Amazon Now,biodegradable straws price,,6,,,
Amazon Now,biodegradable rice straws,,6,,,
Amazon Now,biodegradable straws starbucks,,6,,,
Amazon Now,tuv compostable straws,,6,,,
Amazon Now,biodegradable straws walmart,,6,,,
Amazon Now,paper straws are terrible,,6,,,
Amazon Now,paper straws bad for you,,6,,,
Amazon Now,paper straws crazy store,,6,,,
Amazon Now,paper straws don t work,,6,,,
Amazon Now,paper straws in europe,,6,,,
Amazon Now,paper straws for bee house,,6,,,
Amazon Now,paper straws gold,,6,,,
Amazon Now,paper straws health risk,,6,,,
Amazon Now,paper straws in canada,,6,,,
Amazon Now,paper straws are a joke,,6,,,
Amazon Now,paper straws burger king,,6,,,
Amazon Now,paper straws lebanon,,6,,,
Amazon Now,paper straws made in usa,,6,,,
Amazon Now,paper straws news,,6,,,
Amazon Now,paper straws on amazon,,6,,,
Amazon Now,paper straws pfas study,,6,,,
Amazon Now,paper straws reject shop,,6,,,
Amazon Now,paper straws soggy,,6,,,
Amazon Now,paper straws the range,,6,,,
Amazon Now,paper straws urban dictionary,,6,,,
Amazon Now,paper straws video,,6,,,
Amazon Now,paper straws wrapped in plastic,,6,,,
Amazon Now,9 year old study paper straws,,6,,,
Amazon Now,food packaging and labelling,,6,,,
Amazon Now,food packaging box manufacturers,,6,,,
Amazon Now,food packaging company near me,,6,,,
Amazon Now,food packaging design ideas,,6,,,
Amazon Now,food packaging experience certificate,,6,,,
Amazon Now,food packaging factory,,6,,,
Amazon Now,food packaging guidelines,,6,,,
Amazon Now,food packaging hiring near me,,6,,,
Amazon Now,food packaging images,,6,,,
Amazon Now,food packaging jobs in russia,,6,,,
Amazon Now,food packaging kota kinabalu,,6,,,
Amazon Now,food packaging laws and regulations,,6,,,
Amazon Now,food packaging material shop near me,,6,,,
Amazon Now,food packaging network,,6,,,
Amazon Now,food packaging online australia,,6,,,
Amazon Now,food packaging paper bags,,6,,,
Amazon Now,food packaging quiz,,6,,,
Amazon Now,food packaging regulations fssai,,6,,,
Amazon Now,food packaging suppliers near me,,6,,,
Amazon Now,food packaging technology nptel,,6,,,
Amazon Now,food packaging unit near me,,6,,,
Amazon Now,food packaging volunteer near me,,6,,,
Amazon Now,food packaging work from home,,6,,,
Amazon Now,purpose of food packaging,,6,,,
Amazon Now,cat food yellow packaging,,6,,,
Amazon Now,food packaging zipper bag,,6,,,
Amazon Now,party decorations amazon,,6,,,
Amazon Now,party supplies bangalore,,6,,,
Amazon Now,party supplies calgary,,6,,,
Amazon Now,party supplies downtown la,,6,,,
Amazon Now,party supplies el paso tx,,6,,,
Amazon Now,party supplies fayetteville nc,,6,,,
Amazon Now,party supplies glasgow,,6,,,
Amazon Now,party supplies hoppers crossing,,6,,,
Amazon Now,party supplies in bulk,,6,,,
Amazon Now,party supplies joplin mo,,6,,,
Amazon Now,party supplies kmart,,6,,,
Amazon Now,party supplies louisville ky,,6,,,
Amazon Now,party supplies manchester,,6,,,
Amazon Now,party supplies nyc,,6,,,
Amazon Now,party supplies ottawa,,6,,,
Amazon Now,party decorations paper,,6,,,
Amazon Now,party favors quinceanera,,6,,,
Amazon Now,party decorations rental,,6,,,
Amazon Now,party decorations store near me,,6,,,
Amazon Now,party supplies tyler tx,,6,,,
Amazon Now,party supplies upper hutt,,6,,,
Amazon Now,party supplies victoria tx,,6,,,
Amazon Now,party supplies wellington,,6,,,
Amazon Now,party supplies york,,6,,,
Amazon Now,party supplies zurrieq,,6,,,
Amazon Now,bagasse plates manufacturing machine cost,,7,,,
Amazon Now,bulk disposable cups,,7,,,
Amazon Now,eco friendly disposable plates and bowls,,7,,,
Amazon Now,eco friendly bagasse plates,,7,,,
Amazon Now,eco friendly charger plates,,7,,,
Amazon Now,eco friendly disposable plates machine,,7,,,
Amazon Now,eco friendly disposable plates for wedding,,7,,,
Amazon Now,eco friendly microwavable plates,,7,,,
Amazon Now,eco friendly plates and glasses,,7,,,
Amazon Now,eco friendly snack plates,,7,,,
Amazon Now,eco friendly to go plates,,7,,,
Amazon Now,biodegradable plates and cups making machine,,7,,,
Amazon Now,biodegradable bagasse plates,,7,,,
Amazon Now,biodegradable plates china,,7,,,
Amazon Now,biodegradable disposable plates near me,,7,,,
Amazon Now,plates compostable except in ca,,7,,,
Amazon Now,biodegradable plates from leaves,,7,,,
Amazon Now,compostable plates gluten free,,7,,,
Amazon Now,biodegradable tableware hs code,,7,,,
Amazon Now,biodegradable kitchen utensils,,7,,,
Amazon Now,compostable lunch plates,,7,,,
Amazon Now,biodegradable plates manufacturers in hyderabad,,7,,,
Amazon Now,oracle biodegradable plates,,7,,,
Amazon Now,biodegradable paper plates near me,,7,,,
Amazon Now,compostable plates reddit,,7,,,
Amazon Now,biodegradable plates south africa,,7,,,
Amazon Now,biodegradable single use plates,,7,,,
Amazon Now,biodegradable plates walmart,,7,,,
Amazon Now,disposable plates and glass shop near me,,7,,,
Amazon Now,disposable plates biodegradable,,7,,,
Amazon Now,disposable plates chickpet,,7,,,
Amazon Now,disposable plates diy,,7,,,
Amazon Now,disposable plates eco,,7,,,
Amazon Now,disposable plates factory near me,,7,,,
Amazon Now,disposable plates gold,,7,,,
Amazon Now,disposable plates home bargains,,7,,,
Amazon Now,disposable plates in sadar bazar,,7,,,
Amazon Now,disposable plates jumia,,7,,,
Amazon Now,disposable plates kenya,,7,,,
Amazon Now,disposable plates lebanon,,7,,,
Amazon Now,disposable plates meaning,,7,,,
Amazon Now,disposable plates near me open now,,7,,,
Amazon Now,disposable plates officeworks,,7,,,
Amazon Now,disposable plates pack,,7,,,
Amazon Now,paper plates quality,,7,,,
Amazon Now,disposable plates round,,7,,,
Amazon Now,disposable plates silver,,7,,,
Amazon Now,disposable plates that look real,,7,,,
Amazon Now,disposable plates under ₹ 1000,,7,,,
Amazon Now,disposable plates viva,,7,,,
Amazon Now,disposable plates with compartments,,7,,,
Amazon Now,paper plates xmas tree,,7,,,
Amazon Now,paper plates yakuza kiwami,,7,,,
Amazon Now,paper plates zazzle,,7,,,
Amazon Now,bagasse plates hsn code and gst rate,,7,,,
Amazon Now,bagasse plates benefits,,7,,,
Amazon Now,bagasse disposable plate hsn code,,7,,,
Amazon Now,eco bagasse plates,,7,,,
Amazon Now,plates from bagasse,,7,,,
Amazon Now,disposable bagasse plates hsn code,,7,,,
Amazon Now,bagasse tableware importers in usa,,7,,,
Amazon Now,bagasse plate manufacturers near me,,7,,,
Amazon Now,bagasse party plates,,7,,,
Amazon Now,bagasse round plate 7,,7,,,
Amazon Now,bagasse tableware supplier,,7,,,
Amazon Now,bagasse use and throw plates,,7,,,
Amazon Now,bagasse plate water resistant,,7,,,
Amazon Now,disposable food trays asda,,7,,,
Amazon Now,disposable serving trays coles,,7,,,
Amazon Now,disposable serving trays for food,,7,,,
Amazon Now,disposable food trays nz,,7,,,
Amazon Now,disposable food tray party,,7,,,
Amazon Now,8cp meal tray takeaway disposable thali with lid,,7,,,
Amazon Now,disposable food tray warmers,,7,,,
Amazon Now,bulk disposable cups and lids,,7,,,
Amazon Now,bulk coffee cups cute,,7,,,
Amazon Now,paper cups for coffee bulk,,7,,,
Amazon Now,wholesale paper cup manufacturers in ahmedabad,,7,,,
Amazon Now,bulk disposable cups with lids and straws,,7,,,
Amazon Now,wholesale paper cup manufacturers south africa,,7,,,
Amazon Now,bulk coffee shop cups,,7,,,
Amazon Now,bulk coffee takeaway cups,,7,,,
Amazon Now,bamboo cutlery set australia,,7,,,
Amazon Now,wooden knife box set,,7,,,
Amazon Now,bamboo cutlery set for kids,,7,,,
Amazon Now,cutlery wooden handle set,,7,,,
Amazon Now,wooden utensils set with holder,,7,,,
Amazon Now,ikea wooden cutlery set,,7,,,
Amazon Now,bamboo cutlery set kmart,,7,,,
Amazon Now,wooden cooking utensils set made in usa,,7,,,
Amazon Now,wooden utensils set nearby,,7,,,
Amazon Now,premium wooden cutlery set,,7,,,
Amazon Now,wooden handle cutlery set sale,,7,,,
Amazon Now,disposable cutlery at costco,,7,,,
Amazon Now,disposable cutlery bamboo,,7,,,
Amazon Now,disposable cutlery caddy,,7,,,
Amazon Now,plastic cutlery dispenser,,7,,,
Amazon Now,disposable tableware eco friendly,,7,,,
Amazon Now,disposable cutlery for cafe,,7,,,
Amazon Now,disposable utensils gold,,7,,,
Amazon Now,disposable cutlery hk,,7,,,
Amazon Now,disposable cutlery in bulk,,7,,,
Amazon Now,plastic cutlery kids,,7,,,
Amazon Now,plastic cutlery lebanon,,7,,,
Amazon Now,disposable cutlery machine,,7,,,
Amazon Now,plastic cutlery near me,,7,,,
Amazon Now,disposable utensils organizer,,7,,,
Amazon Now,disposable cutlery plates,,7,,,
Amazon Now,plastic cutlery recyclable,,7,,,
Amazon Now,disposable cutlery set costco,,7,,,
Amazon Now,disposable cutlery tm class,,7,,,
Amazon Now,disposable utility knife,,7,,,
Amazon Now,disposable cutlery wedding,,7,,,
Amazon Now,parts of a sugarcane stem,,7,,,
Amazon Now,biodegradable containers amazon,,7,,,
Amazon Now,compostable packaging brands,,7,,,
Amazon Now,compostable cups costco,,7,,,
Amazon Now,compostable packaging disposal,,7,,,
Amazon Now,compostable eco cups,,7,,,
Amazon Now,compostable food containers wholesale,,7,,,
Amazon Now,compostable grease cups,,7,,,
Amazon Now,compostable hot cups near me,,7,,,
Amazon Now,compostable iced cups,,7,,,
Amazon Now,compostable k cups coffee,,7,,,
Amazon Now,compostable packaging materials,,7,,,
Amazon Now,biodegradable containers near me,,7,,,
Amazon Now,compostable take out containers nearby,,7,,,
Amazon Now,compostable packaging products,,7,,,
Amazon Now,compostable reusable cups,,7,,,
Amazon Now,compostable sandwich containers,,7,,,
Amazon Now,compostable packaging toronto,,7,,,
Amazon Now,compostable cups with lids and straws,,7,,,
Amazon Now,are compostable straws gluten free,,7,,,
Amazon Now,compostable bamboo straws,,7,,,
Amazon Now,biodegradable straws canada,,7,,,
Amazon Now,ecosystems compostable straws gluten free,,7,,,
Amazon Now,bpi compostable straws gluten free,,7,,,
Amazon Now,do compostable straws have wheat,,7,,,
Amazon Now,ingeo compostable straws,,7,,,
Amazon Now,biodegradable straws made of,,7,,,
Amazon Now,compostable super smoothie natural straws,,7,,,
Amazon Now,compostable pasta straw,,7,,,
Amazon Now,biodegradable reusable straws,,7,,,
Amazon Now,biodegradable straws sugarcane,,7,,,
Amazon Now,biodegradable straws wrapped,,7,,,
Amazon Now,paper straws aldi,,7,,,
Amazon Now,paper straws bad,,7,,,
Amazon Now,paper straws chemicals,,7,,,
Amazon Now,paper straws disadvantages,,7,,,
Amazon Now,paper straws explode meme,,7,,,
Amazon Now,paper straws for drinking,,7,,,
Amazon Now,paper straws gf,,7,,,
Amazon Now,paper straws harmful chemicals,,7,,,
Amazon Now,paper straws in florida,,7,,,
Amazon Now,jumbo paper straws near me,,7,,,
Amazon Now,go green paper straws kochi,,7,,,
Amazon Now,paper straws light blue,,7,,,
Amazon Now,paper straws mcdonald's,,7,,,
Amazon Now,paper straws nj,,7,,,
Amazon Now,paper straws on capri suns,,7,,,
Amazon Now,paper straws pink,,7,,,
Amazon Now,paper straws restaurant,,7,,,
Amazon Now,paper straws starbucks,,7,,,
Amazon Now,paper straws toxic study,,7,,,
Amazon Now,paper u straws,,7,,,
Amazon Now,are paper straws vegan,,7,,,
Amazon Now,paper straws with gluten,,7,,,
Amazon Now,food packaging and shelf life journal abbreviation,,7,,,
Amazon Now,food packaging business,,7,,,
Amazon Now,food packaging container wholesale,,7,,,
Amazon Now,food packaging design templates,,7,,,
Amazon Now,food packaging eco friendly,,7,,,
Amazon Now,food packaging for travel,,7,,,
Amazon Now,food packaging glasgow,,7,,,
Amazon Now,food packaging hamilton,,7,,,
Amazon Now,food packaging items shop near me,,7,,,
Amazon Now,food packaging jobs in luxembourg with visa sponsorship,,7,,,
Amazon Now,food packaging kraft box,,7,,,
Amazon Now,food packaging logo design,,7,,,
Amazon Now,food packaging mockup,,7,,,
Amazon Now,food packaging near me wholesale,,7,,,
Amazon Now,food packaging ontario,,7,,,
Amazon Now,food packaging packet,,7,,,
Amazon Now,food packaging qld,,7,,,
Amazon Now,food packaging rules,,7,,,
Amazon Now,food packaging suppliers,,7,,,
Amazon Now,food packaging types,,7,,,
Amazon Now,food packaging using banana leaves,,7,,,
Amazon Now,food packaging vacuum sealer,,7,,,
Amazon Now,food packaging wholesale shop near me,,7,,,
Amazon Now,food packaging facts,,7,,,
Amazon Now,dog food yellow packaging,,7,,,
Amazon Now,food packaging zimbabwe,,7,,,
Amazon Now,party supplies auckland,,7,,,
Amazon Now,party supplies birmingham al,,7,,,
Amazon Now,party supplies canberra,,7,,,
Amazon Now,party supplies dollar tree,,7,,,
Amazon Now,party supplies eugene,,7,,,
Amazon Now,party supplies fort collins,,7,,,
Amazon Now,party supplies greensboro nc,,7,,,
Amazon Now,party supplies hobart,,7,,,
Amazon Now,party supplies in los angeles,,7,,,
Amazon Now,party supplies jonesboro ar,,7,,,
Amazon Now,party supplies knoxville tn,,7,,,
Amazon Now,party decorations list,,7,,,
Amazon Now,party supplies mackay,,7,,,
Amazon Now,party plates near me,,7,,,
Amazon Now,party decorations online,,7,,,
Amazon Now,party decorations personalised,,7,,,
Amazon Now,party supplies quincy il,,7,,,
Amazon Now,party supplies richmond va,,7,,,
Amazon Now,party supplies sydney,,7,,,
Amazon Now,party supplies target,,7,,,
Amazon Now,party supplies upper east side,,7,,,
Amazon Now,party supplies victoria bc,,7,,,
Amazon Now,party supplies wholesale distributors usa,,7,,,
Amazon Now,party supplies yuma,,7,,,
Amazon Now,party supplies zejtun,,7,,,
Amazon Now,disposable serving trays,,8,,,
Amazon Now,wholesale paper cups,,8,,,
Amazon Now,what are eco friendly plates,,8,,,
Amazon Now,eco friendly birthday plates,,8,,,
Amazon Now,eco friendly ceramic plates,,8,,,
Amazon Now,eco friendly food dishes,,8,,,
Amazon Now,eco friendly areca leaf plates,,8,,,
Amazon Now,eco friendly plates and spoons,,8,,,
Amazon Now,eco friendly scrubber dishes,,8,,,
Amazon Now,biodegradable plates and utensils,,8,,,
Amazon Now,biodegradable bone plates,,8,,,
Amazon Now,biodegradable plates cutlery,,8,,,
Amazon Now,biodegradable dinner plates bulk,,8,,,
Amazon Now,biodegradable eating utensils,,8,,,
Amazon Now,biodegradable plates from rice straw,,8,,,
Amazon Now,gluten in.compostable.plates,,8,,,
Amazon Now,biodegradable tableware hsn code,,8,,,
Amazon Now,compostable kids plates,,8,,,
Amazon Now,biodegradable plates manufacturing machine in india,,8,,,
Amazon Now,biodegradable utensils near me,,8,,,
Amazon Now,organic biodegradable plates,,8,,,
Amazon Now,biodegradable plastic plates and cutlery,,8,,,
Amazon Now,compostable plates restaurant depot,,8,,,
Amazon Now,biodegradable sugarcane plates,,8,,,
Amazon Now,compostable plates tesco,,8,,,
Amazon Now,biodegradable plates wholesale price,,8,,,
Amazon Now,disposable plates and cups making machine price,,8,,,
Amazon Now,disposable plates business plan,,8,,,
Amazon Now,disposable plates costco,,8,,,
Amazon Now,disposable plates drawing,,8,,,
Amazon Now,disposable plates edeka,,8,,,
Amazon Now,disposable plates for wedding,,8,,,
Amazon Now,disposable plates gold rim,,8,,,
Amazon Now,disposable plates holder,,8,,,
Amazon Now,disposable plates ikea,,8,,,
Amazon Now,disposable plates john lewis,,8,,,
Amazon Now,disposable plates katori,,8,,,
Amazon Now,disposable plates looksharp,,8,,,
Amazon Now,disposable plates material,,8,,,
Amazon Now,disposable plates near me shop,,8,,,
Amazon Now,disposable plates oval,,8,,,
Amazon Now,disposable plates paper banana leaf,,8,,,
Amazon Now,plastic plates quality,,8,,,
Amazon Now,disposable plates red,,8,,,
Amazon Now,disposable plates sugarcane,,8,,,
Amazon Now,disposable plates the range,,8,,,
Amazon Now,disposable plates use and throw,,8,,,
Amazon Now,disposable plates vyapar kendra,,8,,,
Amazon Now,disposable plates with compartments and lid,,8,,,
Amazon Now,paper plates x50,,8,,,
Amazon Now,disposable yusheng plate,,8,,,
Amazon Now,paper plates zimbabwe,,8,,,
Amazon Now,bagasse plates manufacturers in ahmedabad,,8,,,
Amazon Now,bagasse biodegradable plates,,8,,,
Amazon Now,bagasse disposable plate manufacturers,,8,,,
Amazon Now,ezee bagasse plates,,8,,,
Amazon Now,fresh bagasse plates,,8,,,
Amazon Now,sugarcane bagasse plates hs code,,8,,,
Amazon Now,bagasse tableware importers in uk,,8,,,
Amazon Now,bagasse plates machine,,8,,,
Amazon Now,sugarcane bagasse plates near me,,8,,,
Amazon Now,bagasse tableware products,,8,,,
Amazon Now,bagasse snack plate,,8,,,
Amazon Now,tesco bagasse plates,,8,,,
Amazon Now,is bagasse compostable,,8,,,
Amazon Now,bagasse plate with food,,8,,,
Amazon Now,disposable serving trays and platters,,8,,,
Amazon Now,disposable serving tray with compartments,,8,,,
Amazon Now,disposable serving trays poundland,,8,,,
Amazon Now,disposable lunch tray with lid,,8,,,
Amazon Now,bulk paper plates and cups,,8,,,
Amazon Now,bulk coffee creamer cups,,8,,,
Amazon Now,paper cups for hot drinks bulk,,8,,,
Amazon Now,wholesale paper cup manufacturers in chennai,,8,,,
Amazon Now,bulk coffee cups with lids plastic,,8,,,
Amazon Now,paper cups bulk price,,8,,,
Amazon Now,where to buy bulk paper cups,,8,,,
Amazon Now,bulk coffee cups with saucers,,8,,,
Amazon Now,wooden utensils set acacia,,8,,,
Amazon Now,biopak wooden cutlery set,,8,,,
Amazon Now,bamboo cutlery set with case,,8,,,
Amazon Now,wooden utensils set for kitchen,,8,,,
Amazon Now,silver cutlery set in wooden box,,8,,,
Amazon Now,wooden utensils kitchen set,,8,,,
Amazon Now,bamboo cutlery set near me,,8,,,
Amazon Now,pre packed wooden cutlery set,,8,,,
Amazon Now,kitchen cutlery set price,,8,,,
Amazon Now,bamboo cutlery set for toddlers,,8,,,
Amazon Now,cutlery collections wooden utensil set,,8,,,
Amazon Now,bamboo cutlery set wholesale,,8,,,
Amazon Now,disposable cutlery and plates near me,,8,,,
Amazon Now,disposable cutlery bags,,8,,,
Amazon Now,disposable cutlery container,,8,,,
Amazon Now,plastic cutlery drawer inserts,,8,,,
Amazon Now,disposable tableware exhibition,,8,,,
Amazon Now,disposable cutlery fork,,8,,,
Amazon Now,disposable forks gold,,8,,,
Amazon Now,plastic cutlery holder,,8,,,
Amazon Now,plastic cutlery ikea,,8,,,
Amazon Now,plastic cutlery kit,,8,,,
Amazon Now,plastic cutlery law,,8,,,
Amazon Now,disposable cutlery malta,,8,,,
Amazon Now,disposable utensils near me,,8,,,
Amazon Now,disposable silverware organizer,,8,,,
Amazon Now,disposable cutlery packets,,8,,,
Amazon Now,plastic cutlery rack,,8,,,
Amazon Now,disposable cutlery supplier,,8,,,
Amazon Now,disposable cutlery temu,,8,,,
Amazon Now,disposable utility knife blades,,8,,,
Amazon Now,disposable cutlery waitrose,,8,,,
Amazon Now,compostable packaging amazon,,8,,,
Amazon Now,compostable cups branded,,8,,,
Amazon Now,compostable packaging canada,,8,,,
Amazon Now,compostable packaging definition,,8,,,
Amazon Now,biodegradable egg containers ( clue),,8,,,
Amazon Now,compostable food containers costco,,8,,,
Amazon Now,compostable to go containers,,8,,,
Amazon Now,compostable herb packaging,,8,,,
Amazon Now,compostable k cups walmart,,8,,,
Amazon Now,compostable packaging meaning,,8,,,
Amazon Now,compostable cups nz,,8,,,
Amazon Now,compostable take out containers near me,,8,,,
Amazon Now,compostable cups plastic,,8,,,
Amazon Now,compostable red cups,,8,,,
Amazon Now,compostable small containers,,8,,,
Amazon Now,compostable packaging tape,,8,,,
Amazon Now,compostable cups wedding,,8,,,
Amazon Now,are compostable straws safe,,8,,,
Amazon Now,compostable bendable straws,,8,,,
Amazon Now,biodegradable straws clear,,8,,,
Amazon Now,starbucks compostable straws gluten free,,8,,,
Amazon Now,biodegradable honey straws,,8,,,
Amazon Now,biodegradable straws material,,8,,,
Amazon Now,biodegradable straws singapore,,8,,,
Amazon Now,biodegradable straws what are they made of,,8,,,
Amazon Now,paper straws are stupid,,8,,,
Amazon Now,paper straws biodegradable,,8,,,
Amazon Now,paper straws celiac,,8,,,
Amazon Now,paper straws disney,,8,,,
Amazon Now,trump paper straws.explode,,8,,,
Amazon Now,paper straws forever chemicals study,,8,,,
Amazon Now,paper straws gary owen,,8,,,
Amazon Now,paper straws hobbycraft,,8,,,
Amazon Now,paper straws in store,,8,,,
Amazon Now,jacent paper straws,,8,,,
Amazon Now,kraft paper straws,,8,,,
Amazon Now,paper straws length,,8,,,
Amazon Now,paper straws microplastics,,8,,,
Amazon Now,paper straws not recyclable,,8,,,
Amazon Now,paper straws or plastic,,8,,,
Amazon Now,paper straws problem,,8,,,
Amazon Now,paper straws research,,8,,,
Amazon Now,paper straws sri lanka,,8,,,
Amazon Now,paper straws thick,,8,,,
Amazon Now,paper umbrella straws,,8,,,
Amazon Now,trump paper straws video,,8,,,
Amazon Now,paper straws wheat,,8,,,
Amazon Now,paper straws bad for your health,,8,,,
Amazon Now,food packaging and preservation,,8,,,
Amazon Now,food packaging boxes 1000ml,,8,,,
Amazon Now,food packaging companies in india,,8,,,
Amazon Now,food packaging dealers near me,,8,,,
Amazon Now,food packaging equipment,,8,,,
Amazon Now,food packaging for delivery,,8,,,
Amazon Now,food packaging glue,,8,,,
Amazon Now,food packaging hiring abroad,,8,,,
Amazon Now,food packaging india,,8,,,
Amazon Now,food packaging jobs in luxembourg,,8,,,
Amazon Now,food packaging kz,,8,,,
Amazon Now,food packaging laws and regulations in india,,8,,,
Amazon Now,food packaging material wholesale near me,,8,,,
Amazon Now,food packaging nitrogen,,8,,,
Amazon Now,food packaging officeworks,,8,,,
Amazon Now,food packaging plastic box,,8,,,
Amazon Now,food packaging questions,,8,,,
Amazon Now,food packaging resume,,8,,,
Amazon Now,food packaging sticker design,,8,,,
Amazon Now,food packaging thali near me,,8,,,
Amazon Now,food packaging us,,8,,,
Amazon Now,food packaging vector,,8,,,
Amazon Now,food packaging website,,8,,,
Amazon Now,food packaging over the years,,8,,,
Amazon Now,food packaging zambia,,8,,,
Amazon Now,party supplies amarillo,,8,,,
Amazon Now,party supplies ballarat,,8,,,
Amazon Now,party supplies charlotte nc,,8,,,
Amazon Now,party decorations diy,,8,,,
Amazon Now,party supplies egypt,,8,,,
Amazon Now,party decorations for birthday,,8,,,
Amazon Now,party supplies grand rapids,,8,,,
Amazon Now,party supplies hobby lobby,,8,,,
Amazon Now,party decorations in store,,8,,,
Amazon Now,party supplies johnson city tn,,8,,,
Amazon Now,party supplies katy,,8,,,
Amazon Now,party supplies lebanon,,8,,,
Amazon Now,party supplies midland tx,,8,,,
Amazon Now,party supplies nz,,8,,,
Amazon Now,party supplies overland park,,8,,,
Amazon Now,party supplies paw patrol,,8,,,
Amazon Now,party balloons quezon city,,8,,,
Amazon Now,party supplies roanoke va,,8,,,
Amazon Now,party supplies san antonio,,8,,,
Amazon Now,party supplies toowoomba,,8,,,
Amazon Now,party supplies victorville,,8,,,
Amazon Now,party supplies warehouse,,8,,,
Amazon Now,party supplies youngstown ohio,,8,,,
Amazon Now,party supplies zebbug,,8,,,
Amazon Now,disposable food trays,,9,,,
Amazon Now,what is a party platter,,9,,,
Amazon Now,eco friendly banana plates,,9,,,
Amazon Now,eco friendly disposable plates business,,9,,,
Amazon Now,eco friendly fancy disposable plates,,9,,,
Amazon Now,eco friendly disposable plates with lid,,9,,,
Amazon Now,banana leaves to eco friendly plates,,9,,,
Amazon Now,biodegradable plates and cutlery,,9,,,
Amazon Now,biodegradable buffet plates,,9,,,
Amazon Now,biodegradable compartment plates,,9,,,
Amazon Now,biodegradable plates fractures,,9,,,
Amazon Now,biodegradable paper plates gluten,,9,,,
Amazon Now,compostable large plates,,9,,,
Amazon Now,biodegradable plates manufacturers in india,,9,,,
Amazon Now,compostable plates nz,,9,,,
Amazon Now,oracle biodegradable plates price,,9,,,
Amazon Now,biodegradable party plates and cups,,9,,,
Amazon Now,biodegradable serving plates,,9,,,
Amazon Now,compostable plates to go,,9,,,
Amazon Now,biodegradable plates with cover,,9,,,
Amazon Now,disposable plates and cups near me,,9,,,
Amazon Now,disposable plates bowls and cutlery,,9,,,
Amazon Now,disposable plates coles,,9,,,
Amazon Now,disposable plates dollarama,,9,,,
Amazon Now,disposable plates easter,,9,,,
Amazon Now,disposable plates for cake,,9,,,
Amazon Now,disposable plates gandhinagar,,9,,,
Amazon Now,disposable plates hs code,,9,,,
Amazon Now,disposable plates in spanish,,9,,,
Amazon Now,disposable japanese plates,,9,,,
Amazon Now,disposable plates kmart bulk,,9,,,
Amazon Now,disposable plates leicester,,9,,,
Amazon Now,disposable plates making business,,9,,,
Amazon Now,disposable plates near me within 1.6 km,,9,,,
Amazon Now,disposable plates on blinkit,,9,,,
Amazon Now,disposable plates photo,,9,,,
Amazon Now,paper plates qfc,,9,,,
Amazon Now,disposable plates recyclable,,9,,,
Amazon Now,disposable plates supplier,,9,,,
Amazon Now,disposable plates trinidad,,9,,,
Amazon Now,disposable plates unique,,9,,,
Amazon Now,disposable plates video,,9,,,
Amazon Now,disposable plates with lid wholesale,,9,,,
Amazon Now,disposable plates new year,,9,,,
Amazon Now,disposable plates nz,,9,,,
Amazon Now,are bagasse plates microwave safe,,9,,,
Amazon Now,are bagasse plates strong,,9,,,
Amazon Now,bagasse based plates,,9,,,
Amazon Now,ieco bagasse plates costco,,9,,,
Amazon Now,bagasse disposable tableware,,9,,,
Amazon Now,ecosoul bagasse plates,,9,,,
Amazon Now,bagasse plates meaning in hindi,,9,,,
Amazon Now,bagasse tableware importers,,9,,,
Amazon Now,bagasse plates manufacturing project report,,9,,,
Amazon Now,bagasse tableware products market,,9,,,
Amazon Now,sugarcane bagasse plates raw material,,9,,,
Amazon Now,bagasse plate white,,9,,,
Amazon Now,disposable food tray with compartments,,9,,,
Amazon Now,plastic ready meal tray melted in oven tesco,,9,,,
Amazon Now,disposable paper food tray near me,,9,,,
Amazon Now,disposable food trays pink,,9,,,
Amazon Now,bulk disposable cocktail cups,,9,,,
Amazon Now,floral paper cups bulk,,9,,,
Amazon Now,wholesale paper cup manufacturers in ajman,,9,,,
Amazon Now,bulk paper coffee cups with lids,,9,,,
Amazon Now,bulk coffee cups white,,9,,,
Amazon Now,wooden knife set amazon,,9,,,
Amazon Now,best wooden cutlery set,,9,,,
Amazon Now,wooden camping cutlery set,,9,,,
Amazon Now,best wooden utensils set for cooking,,9,,,
Amazon Now,where to buy cutlery sets,,9,,,
Amazon Now,vintage cutlery set in wooden box,,9,,,
Amazon Now,wooden knife kitchen set,,9,,,
Amazon Now,bamboo cutlery set nearby,,9,,,
Amazon Now,wooden plate and cutlery set,,9,,,
Amazon Now,disposable cutlery and napkin set,,9,,,
Amazon Now,disposable cutlery black,,9,,,
Amazon Now,disposable cutlery clear,,9,,,
Amazon Now,plastic cutlery drawer,,9,,,
Amazon Now,disposable utensils edible cutlery,,9,,,
Amazon Now,disposable cutlery for events,,9,,,
Amazon Now,plastic cutlery good quality,,9,,,
Amazon Now,plastic cutlery home bargains,,9,,,
Amazon Now,plastic cutlery insert,,9,,,
Amazon Now,plastic cutlery kroger,,9,,,
Amazon Now,disposable tableware logo,,9,,,
Amazon Now,disposable cutlery manufacturers in india,,9,,,
Amazon Now,plastic cutlery nz,,9,,,
Amazon Now,plastic cutlery organizer drawer,,9,,,
Amazon Now,disposable cutlery packaging,,9,,,
Amazon Now,plastic cutlery range,,9,,,
Amazon Now,disposable cutlery storage,,9,,,
Amazon Now,disposable toddler cutlery,,9,,,
Amazon Now,disposable utensils cutlery,,9,,,
Amazon Now,disposable cutlery warehouse,,9,,,
Amazon Now,compostable cups and cutlery,,9,,,
Amazon Now,biodegradable containers bulk,,9,,,
Amazon Now,compostable cups canada,,9,,,
Amazon Now,compostable disposable cups,,9,,,
Amazon Now,compostable food containers canada,,9,,,
Amazon Now,compostable to go containers near me,,9,,,
Amazon Now,compostable holiday cups,,9,,,
Amazon Now,is compostable containers microwavable,,9,,,
Amazon Now,compostable k cups amazon,,9,,,
Amazon Now,compostable cups meaning,,9,,,
Amazon Now,compostable packaging near me,,9,,,
Amazon Now,compostable food take out containers,,9,,,
Amazon Now,compostable packaging ppwr,,9,,,
Amazon Now,compostable round cups,,9,,,
Amazon Now,compostable soup containers with lids,,9,,,
Amazon Now,biodegradable containers trinidad,,9,,,
Amazon Now,biodegradable containers wholesale,,9,,,
Amazon Now,are compostable straws paper,,9,,,
Amazon Now,compostable bar straws,,9,,,
Amazon Now,do compostable straws contain gluten,,9,,,
Amazon Now,dunkin compostable straws,,9,,,
Amazon Now,resource compostable straws gluten free,,9,,,
Amazon Now,biodegradable hard straws,,9,,,
Amazon Now,biodegradable straws manufacturers in india,,9,,,
Amazon Now,biodegradable paper straws,,9,,,
Amazon Now,repurpose compostable straws,,9,,,
Amazon Now,compostable wheat straw,,9,,,
Amazon Now,paper straws argos,,9,,,
Amazon Now,paper straws bad for health,,9,,,
Amazon Now,paper straws costco,,9,,,
Amazon Now,paper straws disintegrate,,9,,,
Amazon Now,paper straws extra long,,9,,,
Amazon Now,paper straws for cotton candy,,9,,,
Amazon Now,paper straws good or bad,,9,,,
Amazon Now,paper straws history,,9,,,
Amazon Now,paper straws ikea,,9,,,
Amazon Now,jumbo paper straws coles,,9,,,
Amazon Now,kikkerland paper straws,,9,,,
Amazon Now,paper straws lead,,9,,,
Amazon Now,paper straws malta,,9,,,
Amazon Now,paper straws not good,,9,,,
Amazon Now,paper straws ontario,,9,,,
Amazon Now,paper straws pak n save,,9,,,
Amazon Now,paper straws range,,9,,,
Amazon Now,paper straws supplier,,9,,,
Amazon Now,paper straws that bend,,9,,,
Amazon Now,are paper straws vatable,,9,,,
Amazon Now,paper straws wrapped,,9,,,
Amazon Now,yellow paper straws nearby,,9,,,
Amazon Now,food packaging and labelling ppt,,9,,,
Amazon Now,food packaging boxes plastic,,9,,,
Amazon Now,food packaging course,,9,,,
Amazon Now,food packaging drawing,,9,,,
Amazon Now,food packaging europe,,9,,,
Amazon Now,food packaging foil box,,9,,,
Amazon Now,food packaging gold coast,,9,,,
Amazon Now,food packaging has expanded,,9,,,
Amazon Now,food packaging ideas for cloud kitchen,,9,,,
Amazon Now,food packaging job in australia,,9,,,
Amazon Now,food packaging kuwait,,9,,,
Amazon Now,food packaging laws,,9,,,
Amazon Now,food packaging materials wholesale,,9,,,
Amazon Now,food packaging news,,9,,,
Amazon Now,food packaging oxygen absorber,,9,,,
Amazon Now,food packaging paper box,,9,,,
Amazon Now,food packaging quality,,9,,,
Amazon Now,food packaging resume skills,,9,,,
Amazon Now,food packaging sleeves,,9,,,
Amazon Now,food packaging techniques,,9,,,
Amazon Now,food packaging unique,,9,,,
Amazon Now,food packaging volunteer opportunities,,9,,,
Amazon Now,food packaging without plastic,,9,,,
Amazon Now,yummy food packaging centre,,9,,,
Amazon Now,food packaging zipper pouch,,9,,,
Amazon Now,party supplies atlanta,,9,,,
Amazon Now,party decorations big w,,9,,,
Amazon Now,party supplies corpus christi,,9,,,
Amazon Now,party supplies decoration for birthday,,9,,,
Amazon Now,party supplies eau claire,,9,,,
Amazon Now,party supplies fargo,,9,,,
Amazon Now,party supplies green bay,,9,,,
Amazon Now,party supplies harlingen,,9,,,
Amazon Now,party supplies in store,,9,,,
Amazon Now,party supplies johannesburg,,9,,,
Amazon Now,party supplies kansas city,,9,,,
Amazon Now,party supplies laredo tx,,9,,,
Amazon Now,party supplies modesto,,9,,,
Amazon Now,party decorations nz,,9,,,
Amazon Now,party supplies odessa tx,,9,,,
Amazon Now,party supplies pokemon,,9,,,
Amazon Now,party supplies queenstown,,9,,,
Amazon Now,party supplies reynella,,9,,,
Amazon Now,party supplies singapore,,9,,,
Amazon Now,party supplies townsville,,9,,,
Amazon Now,party supplies upper west side,,9,,,
Amazon Now,party decorations vancouver,,9,,,
Amazon Now,party plates walmart,,9,,,
Amazon Now,party decorations york,,9,,,
Amazon Now,party supplies zootopia,,9,,,
Amazon Now,disposable serving trays with lids,,10,,,
Amazon Now,party table food ideas,,10,,,
Amazon Now,eco friendly camping dinnerware,,10,,,
Amazon Now,eco friendly bamboo dinnerware for kids,,10,,,
Amazon Now,lillian eco friendly plates,,10,,,
Amazon Now,eco friendly paper plates near me,,10,,,
Amazon Now,eco friendly sponge dishes,,10,,,
Amazon Now,banana leaves to eco friendly plate machine,,10,,,
Amazon Now,eco friendly disposable plates wholesale near me,,10,,,
Amazon Now,biodegradable plates amazon,,10,,,
Amazon Now,biodegradable brown plates,,10,,,
Amazon Now,biodegradable cups & plates from sugarcane bagasse,,10,,,
Amazon Now,biodegradable disposable plates wholesale,,10,,,
Amazon Now,compostable event plates,,10,,,
Amazon Now,biodegradable plates for food,,10,,,
Amazon Now,are biodegradable plates gluten free,,10,,,
Amazon Now,compostable plates heb,,10,,,
Amazon Now,compostable plates in bulk,,10,,,
Amazon Now,biodegradable banana leaf plates,,10,,,
Amazon Now,biodegradable plates manufacturing near me,,10,,,
Amazon Now,biodegradable utensils nearby,,10,,,
Amazon Now,biodegradable picnic plates,,10,,,
Amazon Now,biodegradable section plates,,10,,,
Amazon Now,compostable plates that look nice,,10,,,
Amazon Now,biodegradable plates with seeds,,10,,,
Amazon Now,disposable plates and cups wholesale near me,,10,,,
Amazon Now,disposable plates bulk,,10,,,
Amazon Now,disposable plates costco canada,,10,,,
Amazon Now,disposable plates dollar tree,,10,,,
Amazon Now,disposable plates eco soul,,10,,,
Amazon Now,disposable plates factory,,10,,,
Amazon Now,disposable plates gurgaon,,10,,,
Amazon Now,disposable plates hobby lobby,,10,,,
Amazon Now,disposable plates in india,,10,,,
Amazon Now,paper plates john lewis,,10,,,
Amazon Now,disposable plates knives and forks,,10,,,
Amazon Now,disposable plates lulu,,10,,,
Amazon Now,disposable plates medium size,,10,,,
Amazon Now,disposable plates nic code udyam registration,,10,,,
Amazon Now,disposable plates oval shape,,10,,,
Amazon Now,disposable plates packaging,,10,,,
Amazon Now,paper plates quotes,,10,,,
Amazon Now,disposable plates reusable,,10,,,
Amazon Now,disposable plate store near me,,10,,,
Amazon Now,disposable plates trinidad wholesale,,10,,,
Amazon Now,disposable under plates,,10,,,
Amazon Now,disposable valentines plates,,10,,,
Amazon Now,disposable plates wooden,,10,,,
Amazon Now,plastic xmas plates kmart,,10,,,
Amazon Now,plastic disposable plates yellow,,10,,,
Amazon Now,disposable plates nz wholesale,,10,,,
Amazon Now,can bagasse plates be microwaved,,10,,,
Amazon Now,sugarcane bagasse disposable plates,,10,,,
Amazon Now,evaara bagasse plates,,10,,,
Amazon Now,bagasse tableware factory,,10,,,
Amazon Now,bagasse plates manufacturers in hyderabad,,10,,,
Amazon Now,bagasse tableware item,,10,,,
Amazon Now,bagasse tableware project report,,10,,,
Amazon Now,are bagasse plates recyclable,,10,,,
Amazon Now,are bagasse plates safe,,10,,,
Amazon Now,bagasse tableware wholesalers,,10,,,
Amazon Now,disposable serving tray with cover,,10,,,
Amazon Now,plastic meal tray with lid wholesale,,10,,,
Amazon Now,disposable food packaging tray,,10,,,
Amazon Now,amazon bulk paper cups,,10,,,
Amazon Now,bulk paper ice cream cups,,10,,,
Amazon Now,wholesale paper cup manufacturers in tamilnadu,,10,,,
Amazon Now,wholesale paper cup manufacturers,,10,,,
Amazon Now,bulk neoprene coffee cup sleeve,,10,,,
Amazon Now,paper cups near me,,10,,,
Amazon Now,wooden utensils set and holder,,10,,,
Amazon Now,wooden bamboo cutlery set,,10,,,
Amazon Now,wooden cooking cutlery set,,10,,,
Amazon Now,wooden kitchen utensils set for kids,,10,,,
Amazon Now,viners cutlery set in wooden box,,10,,,
Amazon Now,wooden kitchen cutlery set,,10,,,
Amazon Now,bamboo cutlery set nz,,10,,,
Amazon Now,150 piece wooden cutlery set,,10,,,
Amazon Now,wooden cooking utensils set target,,10,,,
Amazon Now,disposable cutlery and plate set,,10,,,
Amazon Now,disposable cutlery biodegradable,,10,,,
Amazon Now,disposable cutlery cheap,,10,,,
Amazon Now,plastic cutlery drawer organiser,,10,,,
Amazon Now,disposable cutlery for steak,,10,,,
Amazon Now,plastic cutlery green,,10,,,
Amazon Now,plastic cutlery hs code,,10,,,
Amazon Now,plastic cutlery in spanish,,10,,,
Amazon Now,disposable utensils kmart,,10,,,
Amazon Now,plastic cutlery lunch box,,10,,,
Amazon Now,disposable cutlery manufacturing business,,10,,,
Amazon Now,disposable tableware nz,,10,,,
Amazon Now,plastic cutlery officeworks,,10,,,
Amazon Now,disposable cutlery pink,,10,,,
Amazon Now,plastic cutlery red,,10,,,
Amazon Now,disposable cutlery superstore,,10,,,
Amazon Now,disposable table cutlery,,10,,,
Amazon Now,disposable cutlery meaning in urdu,,10,,,
Amazon Now,disposable cutlery wrapped,,10,,,
Amazon Now,biodegradable ashes containers,,10,,,
Amazon Now,can compostable containers be microwaved,,10,,,
Amazon Now,compostable packaging companies,,10,,,
Amazon Now,compostable drink cups,,10,,,
Amazon Now,compostable fruit containers,,10,,,
Amazon Now,compostable to go containers microwave safe,,10,,,
Amazon Now,compostable halloween cups,,10,,,
Amazon Now,can you put compostable containers in the microwave,,10,,,
Amazon Now,compostable k cups near me,,10,,,
Amazon Now,biodegradable lunch containers,,10,,,
Amazon Now,compostable packaging market,,10,,,
Amazon Now,biodegradable containers nearby,,10,,,
Amazon Now,compostable cups party,,10,,,
Amazon Now,compostable ripple cups,,10,,,
Amazon Now,compostable square containers,,10,,,
Amazon Now,biodegradable takeaway containers,,10,,,
Amazon Now,compostable cups wholesale,,10,,,
Amazon Now,are compostable straws plastic,,10,,,
Amazon Now,biodegradable straws bulk,,10,,,
Amazon Now,biodegradable cocktail straws,,10,,,
Amazon Now,do compostable straws break down,,10,,,
Amazon Now,are compostable straws gf,,10,,,
Amazon Now,home compostable straws,,10,,,
Amazon Now,biodegradable straws meaning,,10,,,
Amazon Now,biodegradable plastic straws uk,,10,,,
Amazon Now,are compostable straws really compostable,,10,,,
Amazon Now,biodegradable smoothie straws,,10,,,
Amazon Now,biodegradable wheat straws,,10,,,
Amazon Now,paper straws are useless,,10,,,
Amazon Now,paper straws bridge,,10,,,
Amazon Now,paper straws canada law,,10,,,
Amazon Now,paper straws diy,,10,,,
Amazon Now,paper straws eco friendly,,10,,,
Amazon Now,paper straws factory,,10,,,
Amazon Now,paper straws get soggy,,10,,,
Amazon Now,paper straws health issues,,10,,,
Amazon Now,paper straws illegal,,10,,,
Amazon Now,do paper straws make a difference,,10,,,
Amazon Now,koolaid paper straws,,10,,,
Amazon Now,paper straws lyrics,,10,,,
Amazon Now,paper straws making machine,,10,,,
Amazon Now,paper straws nyc,,10,,,
Amazon Now,paper straws order,,10,,,
Amazon Now,paper straws picture,,10,,,
Amazon Now,paper straws reel,,10,,,
Amazon Now,paper straws south africa,,10,,,
Amazon Now,paper straws taste bad,,10,,,
Amazon Now,paper straws amazon uk,,10,,,
Amazon Now,paper straws vs bamboo straws,,10,,,
Amazon Now,paper straws wiki,,10,,,
Amazon Now,yellow paper straws near me,,10,,,
Amazon Now,food packaging and shelf life publication fee,,10,,,
Amazon Now,food packaging boxes for restaurants,,10,,,
Amazon Now,food packaging containers wholesale near me,,10,,,
Amazon Now,food packaging diagram,,10,,,
Amazon Now,food packaging expo india,,10,,,
Amazon Now,food packaging foil cover,,10,,,
Amazon Now,food packaging gujranwala,,10,,,
Amazon Now,food packaging hiring,,10,,,
Amazon Now,food packaging in hindi,,10,,,
Amazon Now,food packaging jobs in spain,,10,,,
Amazon Now,food packaging kolkata,,10,,,
Amazon Now,food packaging label maker,,10,,,
Amazon Now,food packaging machine price,,10,,,
Amazon Now,food packaging nptel,,10,,,
Amazon Now,food packaging objectives,,10,,,
Amazon Now,food packaging plastic bags,,10,,,
Amazon Now,food packaging quebec,,10,,,
Amazon Now,food packaging rules and regulations,,10,,,
Amazon Now,food packaging stickers,,10,,,
Amazon Now,food packaging tray price,,10,,,
Amazon Now,food packaging unique ideas,,10,,,
Amazon Now,food packaging vancouver,,10,,,
Amazon Now,food packaging work from home without investment,,10,,,
Amazon Now,youquan food packaging jiangsu co ltd,,10,,,
Amazon Now,food packaging zurich,,10,,,
Amazon Now,party supplies abilene tx,,10,,,
Amazon Now,party supplies big w,,10,,,
Amazon Now,party supplies cheap,,10,,,
Amazon Now,party decorations dollar tree,,10,,,
Amazon Now,party supplies edinburgh,,10,,,
Amazon Now,party supplies fort lauderdale,,10,,,
Amazon Now,party decorations glasgow,,10,,,
Amazon Now,party supplies hong kong,,10,,,
Amazon Now,party supplies in houston,,10,,,
Amazon Now,party supplies jackson ms,,10,,,
Amazon Now,party supplies kuwait,,10,,,
Amazon Now,party supplies london,,10,,,
Amazon Now,party decorations malta,,10,,,
Amazon Now,party supplies near me open now,,10,,,
Amazon Now,party supplies open now,,10,,,
Amazon Now,party plates pink,,10,,,
Amazon Now,party supplies queanbeyan,,10,,,
Amazon Now,party supplies riverside,,10,,,
Amazon Now,party decorations shop near me,,10,,,
Amazon Now,party supplies tampa,,10,,,
Amazon Now,party supplies uni hill,,10,,,
Amazon Now,party supplies vineland nj,,10,,,
Amazon Now,party decorations walmart,,10,,,
Amazon Now,party supplies yishun,,10,,,
Amazon Now,party supplies zombies 4,,10,,,
BigBasket,eco friendly plates,,1,,,
BigBasket,eco friendly plates and bowls,,1,,,
BigBasket,eco friendly plates manufacturing machine,,1,,,
BigBasket,eco friendly plates wholesale,,1,,,
BigBasket,eco friendly plates for wedding,,1,,,
BigBasket,eco friendly plates business,,1,,,
BigBasket,eco friendly plates near me,,1,,,
BigBasket,biodegradable plates,,1,,,
BigBasket,biodegradable plates and cups,,1,,,
BigBasket,biodegradable plates making machine,,1,,,
BigBasket,biodegradable plates price,,1,,,
BigBasket,biodegradable plates near me,,1,,,
BigBasket,biodegradable plates business,,1,,,
BigBasket,disposable plates,,1,,,
BigBasket,disposable plates near me,,1,,,
BigBasket,disposable plates making machine,,1,,,
BigBasket,disposable plates wholesale,,1,,,
BigBasket,disposable plates price,,1,,,
BigBasket,disposable plates in hindi,,1,,,
BigBasket,bagasse plates,,1,,,
BigBasket,bagasse plates manufacturing machine,,1,,,
BigBasket,bagasse plates price,,1,,,
BigBasket,bagasse plates wholesale,,1,,,
BigBasket,disposable meal tray with lid,,1,,,
BigBasket,disposable meal tray near me,,1,,,
BigBasket,disposable meal tray manufacturers in india,,1,,,
BigBasket,disposable meal tray price,,1,,,
BigBasket,paper cups 250ml,,1,,,
BigBasket,paper cups 250ml price,,1,,,
BigBasket,disposable cups 250ml pack of 50,,1,,,
BigBasket,disposable paper cups 250ml,,1,,,
BigBasket,white paper cups 250ml,,1,,,
BigBasket,bulk paper cups,,1,,,
BigBasket,bulk paper cups with lids,,1,,,
BigBasket,bulk paper cups near me,,1,,,
BigBasket,bulk paper cups nz,,1,,,
BigBasket,bulk coffee cups ceramic,,1,,,
BigBasket,wooden cutlery set,,1,,,
BigBasket,wooden cutlery set reusable,,1,,,
BigBasket,wooden cutlery set disposable,,1,,,
BigBasket,wooden cutlery set amazon,,1,,,
BigBasket,wooden cutlery set price,,1,,,
BigBasket,wooden cutlery set for kids,,1,,,
BigBasket,wooden cutlery set woolworths,,1,,,
BigBasket,wooden cutlery set near me,,1,,,
BigBasket,wooden cutlery set kmart,,1,,,
BigBasket,wooden cutlery set holder,,1,,,
BigBasket,disposable cutlery,,1,,,
BigBasket,disposable cutlery set,,1,,,
BigBasket,disposable cutlery near me,,1,,,
BigBasket,disposable cutlery pouch,,1,,,
BigBasket,disposable cutlery meaning,,1,,,
BigBasket,disposable cutlery kit,,1,,,
BigBasket,disposable cutlery business,,1,,,
BigBasket,sugarcane clamshell,,1,,,
BigBasket,sugarcane clamshell food container,,1,,,
BigBasket,sugarcane clamshell box,,1,,,
BigBasket,sugarcane clamshell container,,1,,,
BigBasket,biodegradable sugarcane clamshell takeaway box,,1,,,
BigBasket,compostable containers,,1,,,
BigBasket,compostable containers with lids,,1,,,
BigBasket,compostable containers for food,,1,,,
BigBasket,compostable containers near me,,1,,,
BigBasket,compostable containers microwave,,1,,,
BigBasket,compostable containers amazon,,1,,,
BigBasket,compostable clamshell containers,,1,,,
BigBasket,compostable straws,,1,,,
BigBasket,compostable straws meaning,,1,,,
BigBasket,compostable straws not paper,,1,,,
BigBasket,compostable straws gluten free,,1,,,
BigBasket,compostable straws amazon,,1,,,
BigBasket,compostable straws target,,1,,,
BigBasket,compostable straws bulk,,1,,,
BigBasket,paper straws,,1,,,
BigBasket,paper straws price,,1,,,
BigBasket,paper straws near me,,1,,,
BigBasket,paper straws manufacturer,,1,,,
BigBasket,paper straws craft,,1,,,
BigBasket,paper straws wholesale,,1,,,
BigBasket,paper straws images,,1,,,
BigBasket,paper straws gluten,,1,,,
BigBasket,paper straws have gluten,,1,,,
BigBasket,food packaging boxes,,1,,,
BigBasket,food packaging materials near me,,1,,,
BigBasket,food packaging company in noida,,1,,,
BigBasket,food packaging envelope,,1,,,
BigBasket,food packaging near me,,1,,,
BigBasket,party tableware,,1,,,
BigBasket,party tableware sets,,1,,,
BigBasket,party tableware near me,,1,,,
BigBasket,party tableware tesco,,1,,,
BigBasket,party tableware uk,,1,,,
BigBasket,eco friendly plates costco,,1,,,
BigBasket,eco friendly plates disposable,,1,,,
BigBasket,eco friendly eating plates,,1,,,
BigBasket,eco friendly plates germany,,1,,,
BigBasket,eco friendly plates hyderabad,,1,,,
BigBasket,eco friendly plates india,,1,,,
BigBasket,eco friendly plates kids,,1,,,
BigBasket,eco friendly leaf plates,,1,,,
BigBasket,eco friendly outdoor plates,,1,,,
BigBasket,eco friendly paper plates,,1,,,
BigBasket,eco friendly plates reusable,,1,,,
BigBasket,eco friendly plates shop near me,,1,,,
BigBasket,eco friendly plates target,,1,,,
BigBasket,eco friendly plates uk,,1,,,
BigBasket,verterra eco friendly palm plates,,1,,,
BigBasket,biodegradable plates costco,,1,,,
BigBasket,biodegradable plates disposable,,1,,,
BigBasket,biodegradable plates exporters in india,,1,,,
BigBasket,biodegradable plates from rice husk,,1,,,
BigBasket,biodegradable plates gluten,,1,,,
BigBasket,biodegradable plates hsn code,,1,,,
BigBasket,biodegradable plates indiamart,,1,,,
BigBasket,biodegradable plates kmart,,1,,,
BigBasket,biodegradable leaf plates,,1,,,
BigBasket,biodegradable plates nz,,1,,,
BigBasket,biodegradable plates online,,1,,,
BigBasket,biodegradable quarter plates,,1,,,
BigBasket,biodegradable plates raw material,,1,,,
BigBasket,biodegradable plates supplier,,1,,,
BigBasket,biodegradable plates tesco,,1,,,
BigBasket,biodegradable plates uk,,1,,,
BigBasket,compostable plates vancouver,,1,,,
BigBasket,biodegradable plates wholesale,,1,,,
BigBasket,disposable plates and glass,,1,,,
BigBasket,disposable plates blinkit,,1,,,
BigBasket,disposable plates cost,,1,,,
BigBasket,disposable plates design,,1,,,
BigBasket,disposable plates eco friendly,,1,,,
BigBasket,disposable plates for packing,,1,,,
BigBasket,disposable plates good quality,,1,,,
BigBasket,disposable plates hsn code,,1,,,
BigBasket,disposable plates jiomart,,1,,,
BigBasket,disposable plates kmart,,1,,,
BigBasket,disposable plates leaf,,1,,,
BigBasket,disposable plates online,,1,,,
BigBasket,disposable plates qatar,,1,,,
BigBasket,disposable plates rate,,1,,,
BigBasket,disposable plate shop near me,,1,,,
BigBasket,disposable plates thermocol,,1,,,
BigBasket,disposable plates uk,,1,,,
BigBasket,disposable plates vadodara,,1,,,
BigBasket,disposable plates xmas,,1,,,
BigBasket,disposable xmas tableware,,1,,,
BigBasket,disposable plates yellow,,1,,,
BigBasket,disposable plates zepto,,1,,,
BigBasket,bagasse plates and bowls,,1,,,
BigBasket,bagasse plates buyers,,1,,,
BigBasket,bagasse plates costco,,1,,,
BigBasket,bagasse plates hsn code,,1,,,
BigBasket,bagasse plates dubai,,1,,,
BigBasket,bagasse plates export from india,,1,,,
BigBasket,bagasse plates factory,,1,,,
BigBasket,bagasse plates gst rate,,1,,,
BigBasket,bagasse plates indiamart,,1,,,
BigBasket,bagasse plates manufacturers in karnataka,,1,,,
BigBasket,bagasse plates with lid,,1,,,
BigBasket,bagasse plates near me,,1,,,
BigBasket,bagasse plates online,,1,,,
BigBasket,bagasse quarter plates,,1,,,
BigBasket,bagasse plates raw material,,1,,,
BigBasket,bagasse plates supplier,,1,,,
BigBasket,bagasse to plates,,1,,,
BigBasket,bagasse plates uk,,1,,,
BigBasket,bagasse plates vs areca plates,,1,,,
BigBasket,disposable food tray aluminum,,1,,,
BigBasket,disposable food tray boat,,1,,,
BigBasket,disposable food tray costco,,1,,,
BigBasket,disposable food trays dollar tree,,1,,,
BigBasket,disposable food tray for party,,1,,,
BigBasket,disposable serving trays gold,,1,,,
BigBasket,disposable food heating trays,,1,,,
BigBasket,disposable food tray kmart,,1,,,
BigBasket,disposable food tray liners,,1,,,
BigBasket,disposable serving trays round,,1,,,
BigBasket,disposable food tray sizes,,1,,,
BigBasket,disposable serving tray target,,1,,,
BigBasket,paper cup 250 ml berapa oz,,1,,,
BigBasket,250ml paper coffee cups,,1,,,
BigBasket,paper cup with lid 250ml,,1,,,
BigBasket,bulk paper cups and lids,,1,,,
BigBasket,bulk disposable bar cups,,1,,,
BigBasket,bulk disposable paper cups,,1,,,
BigBasket,bulk coffee cups for sale,,1,,,
BigBasket,bulk coffee cups glass,,1,,,
BigBasket,bulk paper hot cups,,1,,,
BigBasket,wholesale paper cup manufacturers in uae,,1,,,
BigBasket,bulk coffee k cups,,1,,,
BigBasket,bulk coffee cup lids,,1,,,
BigBasket,wholesale paper cup manufacturers near me,,1,,,
BigBasket,bulk coffee cups 16 oz,,1,,,
BigBasket,bulk coffee cups plastic,,1,,,
BigBasket,bulk coffee cups reusable,,1,,,
BigBasket,bulk paper snack cups,,1,,,
BigBasket,bulk paper tea cups,,1,,,
BigBasket,yellow paper cups bulk,,1,,,
BigBasket,wooden cutlery set box,,1,,,
BigBasket,wooden cutlery set costco,,1,,,
BigBasket,bamboo cutlery set gold,,1,,,
BigBasket,wooden cutlery set mr price home,,1,,,
BigBasket,wooden utensils set ikea,,1,,,
BigBasket,japanese wooden cutlery set,,1,,,
BigBasket,laguiole wooden cutlery set,,1,,,
BigBasket,set of wooden cutlery,,1,,,
BigBasket,wooden cutlery set sale,,1,,,
BigBasket,wooden cutlery set toy,,1,,,
BigBasket,wooden cutlery set uk,,1,,,
BigBasket,vintage wooden cutlery set,,1,,,
BigBasket,disposable cutlery and plates,,1,,,
BigBasket,disposable cutlery costco,,1,,,
BigBasket,disposable cutlery dispenser,,1,,,
BigBasket,disposable cutlery eco friendly,,1,,,
BigBasket,disposable cutlery for wedding,,1,,,
BigBasket,disposable cutlery gold,,1,,,
BigBasket,disposable cutlery holder,,1,,,
BigBasket,disposable cutlery in chinese,,1,,,
BigBasket,disposable cutlery lidl,,1,,,
BigBasket,disposable cutlery organizer,,1,,,
BigBasket,plastic cutlery qld,,1,,,
BigBasket,disposable cutlery reject shop,,1,,,
BigBasket,disposable cutlery tesco,,1,,,
BigBasket,disposable cutlery uk,,1,,,
BigBasket,plastic cutlery vs metal,,1,,,
BigBasket,disposable cutlery wholesale,,1,,,
BigBasket,plastic cutlery yellow,,1,,,
BigBasket,compostable berry containers,,1,,,
BigBasket,compostable deli containers,,1,,,
BigBasket,compostable packaging examples,,1,,,
BigBasket,compostable cups gluten,,1,,,
BigBasket,compostable hinged containers,,1,,,
BigBasket,compostable packaging india,,1,,,
BigBasket,compostable juice bottles,,1,,,
BigBasket,compostable k cups,,1,,,
BigBasket,compostable lunch containers,,1,,,
BigBasket,compostable packaging ontario,,1,,,
BigBasket,compostable plastic containers,,1,,,
BigBasket,compostable quart containers,,1,,,
BigBasket,compostable round containers,,1,,,
BigBasket,compostable soup containers,,1,,,
BigBasket,compostable takeout containers,,1,,,
BigBasket,compostable packaging uk,,1,,,
BigBasket,compostable cups vancouver,,1,,,
BigBasket,compostable yogurt containers,,1,,,
BigBasket,compostable straws canada,,1,,,
BigBasket,compostable drinking straws,,1,,,
BigBasket,compostable straws for hot drinks,,1,,,
BigBasket,are compostable straws edible,,1,,,
BigBasket,compostable straws that feel like plastic,,1,,,
BigBasket,compostable honey straws,,1,,,
BigBasket,compostable straws india,,1,,,
BigBasket,biodegradable jumbo straws,,1,,,
BigBasket,karat compostable straws,,1,,,
BigBasket,compostable straw options,,1,,,
BigBasket,compostable straws plastic,,1,,,
BigBasket,compostable straws reddit,,1,,,
BigBasket,compostable straws starbucks,,1,,,
BigBasket,biodegradable straws uk,,1,,,
BigBasket,compostable straws vs paper straws,,1,,,
BigBasket,compostable straws wholesale,,1,,,
BigBasket,paper straws amazon,,1,,,
BigBasket,paper straws bulk,,1,,,
BigBasket,paper straws dollar tree,,1,,,
BigBasket,paper straws environmental impact,,1,,,
BigBasket,paper straws for crafts,,1,,,
BigBasket,paper straws jumbo,,1,,,
BigBasket,paper straws kmart,,1,,,
BigBasket,paper straws london,,1,,,
BigBasket,paper straws officeworks,,1,,,
BigBasket,trump paper straws quote,,1,,,
BigBasket,paper straws reddit,,1,,,
BigBasket,paper straws suck,,1,,,
BigBasket,paper straws tesco,,1,,,
BigBasket,paper straws uk,,1,,,
BigBasket,paper straws vs plastic straws,,1,,,
BigBasket,xmas paper straws,,1,,,
BigBasket,paper straws yellow,,1,,,
BigBasket,food packaging and shelf life,,1,,,
BigBasket,food packaging design,,1,,,
BigBasket,food packaging foil,,1,,,
BigBasket,food packaging gas,,1,,,
BigBasket,food packaging hsn code,,1,,,
BigBasket,food packaging industry,,1,,,
BigBasket,food packaging job,,1,,,
BigBasket,food packaging kya hota hai,,1,,,
BigBasket,food packaging labels,,1,,,
BigBasket,food packaging online,,1,,,
BigBasket,food packaging pouch,,1,,,
BigBasket,food packaging questions and answers,,1,,,
BigBasket,food packaging roll,,1,,,
BigBasket,food packaging shop near me,,1,,,
BigBasket,food packaging tape,,1,,,
BigBasket,food packaging unit,,1,,,
BigBasket,food packaging vendors near me,,1,,,
BigBasket,food packaging wrapper,,1,,,
BigBasket,food container xxl,,1,,,
BigBasket,food packaging youtube,,1,,,
BigBasket,food packaging zip lock covers,,1,,,
BigBasket,party plates and napkins,,1,,,
BigBasket,party supplies brisbane,,1,,,
BigBasket,party supplies canada,,1,,,
BigBasket,party supplies dallas,,1,,,
BigBasket,party supplies el paso,,1,,,
BigBasket,party supplies fort worth,,1,,,
BigBasket,party supplies gold coast,,1,,,
BigBasket,party supplies houston,,1,,,
BigBasket,party supplies india,,1,,,
BigBasket,party supplies jacksonville nc,,1,,,
BigBasket,party tableware kids,,1,,,
BigBasket,party supplies lubbock,,1,,,
BigBasket,party supplies melbourne,,1,,,
BigBasket,party supplies online,,1,,,
BigBasket,party supplies perth,,1,,,
BigBasket,party supplies qatar,,1,,,
BigBasket,party supplies rental,,1,,,
BigBasket,party supplies vancouver,,1,,,
BigBasket,party supplies wholesale,,1,,,
BigBasket,party supplies yuma az,,1,,,
BigBasket,party supplies zanesville ohio,,1,,,
BigBasket,eco friendly plates and cups,,2,,,
BigBasket,eco friendly plates manufacturing,,2,,,
BigBasket,biodegradable plates manufacturers,,2,,,
BigBasket,biodegradable plates and bowls,,2,,,
BigBasket,disposable plates noida,,2,,,
BigBasket,disposable plates with lids,,2,,,
BigBasket,disposable plates machine,,2,,,
BigBasket,bagasse plates manufacturing process,,2,,,
BigBasket,disposable meal tray,,2,,,
BigBasket,disposable meal tray with lid near me,,2,,,
BigBasket,disposable cups 250ml price,,2,,,
BigBasket,bulk coffee cups with lids,,2,,,
BigBasket,disposable cutlery shop near me,,2,,,
BigBasket,disposable cutlery manufacturers,,2,,,
BigBasket,compostable containers nearby,,2,,,
BigBasket,compostable containers for hot food,,2,,,
BigBasket,compostable straws made of,,2,,,
BigBasket,compostable straws near me,,2,,,
BigBasket,paper straws walmart,,2,,,
BigBasket,food packaging material,,2,,,
BigBasket,food packaging container,,2,,,
BigBasket,food packaging noida,,2,,,
BigBasket,party tableware supplies,,2,,,
BigBasket,eco friendly kids plates and bowls,,2,,,
BigBasket,eco friendly plates bulk,,2,,,
BigBasket,eco friendly plates cups,,2,,,
BigBasket,eco friendly disposable plates manufacturing process,,2,,,
BigBasket,elegant eco friendly disposable plates,,2,,,
BigBasket,eco friendly plates for kids,,2,,,
BigBasket,are eco-friendly products really eco-friendly,,2,,,
BigBasket,eco friendly disposable plates hyderabad,,2,,,
BigBasket,eco friendly plates in sri lanka,,2,,,
BigBasket,eco friendly lunch plates,,2,,,
BigBasket,eco friendly plates with lid,,2,,,
BigBasket,eco friendly plates nearby,,2,,,
BigBasket,eco friendly outdoor dinnerware,,2,,,
BigBasket,eco friendly party plates,,2,,,
BigBasket,eco friendly reusable plates and bowls,,2,,,
BigBasket,eco friendly sugarcane plates,,2,,,
BigBasket,eco friendly tiffin plates,,2,,,
BigBasket,eco friendly unbreakable plates,,2,,,
BigBasket,verterra eco friendly palm plates & wooden cutlery,,2,,,
BigBasket,biodegradable plates bulk,,2,,,
BigBasket,biodegradable plates cups,,2,,,
BigBasket,biodegradable plates dubai,,2,,,
BigBasket,biodegradable plates export,,2,,,
BigBasket,biodegradable plates from sugarcane waste,,2,,,
BigBasket,biodegradable plates gst rate,,2,,,
BigBasket,biodegradable plates hsn code and gst rate,,2,,,
BigBasket,biodegradable plates india,,2,,,
BigBasket,biodegradable plates kenya,,2,,,
BigBasket,is paper plate biodegradable,,2,,,
BigBasket,biodegradable lunch plates,,2,,,
BigBasket,biodegradable oval plates,,2,,,
BigBasket,biodegradable plates party,,2,,,
BigBasket,biodegradable plates raw material wholesale,,2,,,
BigBasket,biodegradable plates singapore,,2,,,
BigBasket,biodegradable plates target,,2,,,
BigBasket,compostable plates uk,,2,,,
BigBasket,compostable plates vs washing dishes,,2,,,
BigBasket,biodegradable plates with compartment,,2,,,
BigBasket,are all paper plates biodegradable,,2,,,
BigBasket,disposable plates and bowls,,2,,,
BigBasket,disposable plates big size,,2,,,
BigBasket,disposable plates cheap,,2,,,
BigBasket,disposable plates distributors,,2,,,
BigBasket,disposable plates exports from india,,2,,,
BigBasket,disposable plates for party,,2,,,
BigBasket,disposable plates gst rate,,2,,,
BigBasket,disposable plates hsn code and gst rate,,2,,,
BigBasket,disposable plates indiamart,,2,,,
BigBasket,disposable plates jamaica,,2,,,
BigBasket,disposable plates kuwait,,2,,,
BigBasket,disposable plates large size,,2,,,
BigBasket,disposable plates of leaves,,2,,,
BigBasket,disposable plates plastic,,2,,,
BigBasket,disposable plates quality,,2,,,
BigBasket,disposable plates rajkot,,2,,,
BigBasket,disposable plates small,,2,,,
BigBasket,disposable plates types,,2,,,
BigBasket,disposable plates underwood,,2,,,
BigBasket,disposable plates variety,,2,,,
BigBasket,paper plates xmas,,2,,,
BigBasket,paper plates yellow,,2,,,
BigBasket,disposable plates zoo pals,,2,,,
BigBasket,bagasse plates amazon,,2,,,
BigBasket,bagasse plates bulk,,2,,,
BigBasket,bagasse plates cost,,2,,,
BigBasket,bagasse plates hs code,,2,,,
BigBasket,bagasse plates disadvantages,,2,,,
BigBasket,bagasse plates export,,2,,,
BigBasket,bagasse fiber plates,,2,,,
BigBasket,bagasse plates gst,,2,,,
BigBasket,plates bagasse triple green 22cm 10s,,2,,,
BigBasket,bagasse plates india,,2,,,
BigBasket,what is bagasse plates,,2,,,
BigBasket,bagasse vs palm leaf plates,,2,,,
BigBasket,bagasse tableware near me,,2,,,
BigBasket,bagasse oval plates,,2,,,
BigBasket,bagasse plates pronunciation,,2,,,
BigBasket,bagasse plates reusable,,2,,,
BigBasket,bagasse plates square,,2,,,
BigBasket,bagasse plates supplier uk,,2,,,
BigBasket,bagasse plates vs paper plates,,2,,,
BigBasket,disposable serving trays asda,,2,,,
BigBasket,disposable food tray bulk,,2,,,
BigBasket,disposable food tray containers,,2,,,
BigBasket,disposable serving trays dollar tree,,2,,,
BigBasket,disposable food tray foil,,2,,,
BigBasket,disposable food packaging trays hsn code and gst rate,,2,,,
BigBasket,disposable plastic meal tray indiamart,,2,,,
BigBasket,disposable serving tray kmart,,2,,,
BigBasket,disposable serving tray large,,2,,,
BigBasket,plastic meal tray manufacturers,,2,,,
BigBasket,disposable food tray nearby,,2,,,
BigBasket,disposable food tray price,,2,,,
BigBasket,disposable food tray small,,2,,,
BigBasket,disposable food tray target,,2,,,
BigBasket,paper tea cup capacity,,2,,,
BigBasket,how many ml in paper cup,,2,,,
BigBasket,disposable paper cups 250ml price,,2,,,
BigBasket,paper cup 9 oz 250 ml,,2,,,
BigBasket,bulk coffee cups and lids,,2,,,
BigBasket,bulk coffee cups for business,,2,,,
BigBasket,are paper cups bad for your health,,2,,,
BigBasket,bulk coffee cups custom,,2,,,
BigBasket,paper drinking cups bulk,,2,,,
BigBasket,bulk coffee cups to go,,2,,,
BigBasket,bulk disposable hot cups,,2,,,
BigBasket,wholesale paper cup manufacturers in sri lanka,,2,,,
BigBasket,paper cups kmart bulk,,2,,,
BigBasket,bulk coffee cups nz,,2,,,
BigBasket,bulk order paper cups,,2,,,
BigBasket,bulk coffee cups personalized,,2,,,
BigBasket,wholesale paper cup shop near me,,2,,,
BigBasket,paper cup wholesale price,,2,,,
BigBasket,wooden cutlery set asda,,2,,,
BigBasket,wooden cutlery set baby,,2,,,
BigBasket,wooden utensils set canada,,2,,,
BigBasket,wooden cutlery set hs code,,2,,,
BigBasket,bamboo cutlery set disposable,,2,,,
BigBasket,cutlery set description,,2,,,
BigBasket,cutlery set meaning,,2,,,
BigBasket,wooden knife set for kitchen,,2,,,
BigBasket,wooden utensils gift set,,2,,,
BigBasket,wooden cooking utensils set ikea,,2,,,
BigBasket,justenbois wooden cutlery set,,2,,,
BigBasket,wooden cutlery set kids,,2,,,
BigBasket,wooden utensils set myer,,2,,,
BigBasket,wooden cutlery set nearby,,2,,,
BigBasket,wooden cutlery play set,,2,,,
BigBasket,bamboo cutlery set reusable,,2,,,
BigBasket,bamboo cutlery set stainless steel,,2,,,
BigBasket,wooden cutlery set tesco,,2,,,
BigBasket,bamboo cutlery set uk,,2,,,
BigBasket,viners wooden cutlery set,,2,,,
BigBasket,wooden cutlery set with napkin,,2,,,
BigBasket,disposable cutlery asda,,2,,,
BigBasket,disposable cutlery bunnings,,2,,,
BigBasket,disposable cutlery coles,,2,,,
BigBasket,disposable cutlery dollarama,,2,,,
BigBasket,disposable eco cutlery,,2,,,
BigBasket,disposable cutlery for party,,2,,,
BigBasket,disposable cutlery good quality,,2,,,
BigBasket,disposable cutlery home bargains,,2,,,
BigBasket,disposable cutlery ikea,,2,,,
BigBasket,disposable cutlery kmart,,2,,,
BigBasket,disposable cutlery luxury,,2,,,
BigBasket,disposable cutlery nz,,2,,,
BigBasket,disposable cutlery officeworks,,2,,,
BigBasket,disposable cutlery packs,,2,,,
BigBasket,disposable cutlery recyclable,,2,,,
BigBasket,disposable cutlery trinidad,,2,,,
BigBasket,plastic cutlery uk,,2,,,
BigBasket,disposable tableware vector,,2,,,
BigBasket,disposable cutlery wholesale near me,,2,,,
BigBasket,single use cutlery x 뜻,,2,,,
BigBasket,yellow disposable cutlery,,2,,,
BigBasket,sugarcane bagasse clamshell,,2,,,
BigBasket,sugar cane cast,,2,,,
BigBasket,is sugarcane sugar free,,2,,,
BigBasket,compostable cups amazon,,2,,,
BigBasket,compostable bamboo containers,,2,,,
BigBasket,compostable cupcake containers,,2,,,
BigBasket,compostable deodorant containers,,2,,,
BigBasket,compostable packaging europe,,2,,,
BigBasket,compostable grease container,,2,,,
BigBasket,compostable cups hot,,2,,,
BigBasket,compostable packaging icon,,2,,,
BigBasket,compostable jewelry packaging,,2,,,
BigBasket,compostable k cups costco,,2,,,
BigBasket,compostable leftover containers,,2,,,
BigBasket,compostable containers with lids nearby,,2,,,
BigBasket,compostable containers meaning,,2,,,
BigBasket,compostable packaging options,,2,,,
BigBasket,compostable plant containers,,2,,,
BigBasket,que es packaging compostable,,2,,,
BigBasket,compostable restaurant containers,,2,,,
BigBasket,compostable salad containers,,2,,,
BigBasket,compostable takeaway containers,,2,,,
BigBasket,compostable cups uk,,2,,,
BigBasket,compostable vegetable packaging,,2,,,
BigBasket,compostable yogurt cups,,2,,,
BigBasket,compostable agave straws,,2,,,
BigBasket,compostable straws brown,,2,,,
BigBasket,compostable straws costco,,2,,,
BigBasket,compostable disposable straws,,2,,,
BigBasket,biodegradable edible straws,,2,,,
BigBasket,is straw compostable,,2,,,
BigBasket,compostable flexible straws,,2,,,
BigBasket,compostable straws gluten,,2,,,
BigBasket,biodegradable straws hs code,,2,,,
BigBasket,compostable straw ingredients,,2,,,
BigBasket,jumbo compostable straws,,2,,,
BigBasket,ktob compostable straws,,2,,,
BigBasket,compostable plastic like straws,,2,,,
BigBasket,compostable straws pha,,2,,,
BigBasket,biodegradable straws reddit,,2,,,
BigBasket,compostable smoothie straws,,2,,,
BigBasket,compostable straws tesco,,2,,,
BigBasket,biodegradable straws uae,,2,,,
BigBasket,compostable straws walmart,,2,,,
BigBasket,paper straws asda,,2,,,
BigBasket,paper straws b&m,,2,,,
BigBasket,paper straws coles,,2,,,
BigBasket,paper straws dollarama,,2,,,
BigBasket,paper straws executive order,,2,,,
BigBasket,paper straws for sale,,2,,,
BigBasket,paper straws gluten free,,2,,,
BigBasket,paper straws hobby lobby,,2,,,
BigBasket,paper straws individually wrapped,,2,,,
BigBasket,paper straws japan,,2,,,
BigBasket,paper straws kroger,,2,,,
BigBasket,paper straws law,,2,,,
BigBasket,paper straws michaels,,2,,,
BigBasket,paper straws nearby,,2,,,
BigBasket,paper straws orange,,2,,,
BigBasket,paper straws pfas,,2,,,
BigBasket,quality paper straws,,2,,,
BigBasket,paper straws recyclable,,2,,,
BigBasket,paper straws sainsbury's,,2,,,
BigBasket,paper straws target,,2,,,
BigBasket,paper straws usa,,2,,,
BigBasket,paper straws vs plastic straws environmental impact,,2,,,
BigBasket,are paper straws dangerous,,2,,,
BigBasket,striped straws yellow,,2,,,
BigBasket,food packaging and shelf life impact factor,,2,,,
BigBasket,food packaging boxes wholesale near me,,2,,,
BigBasket,food packaging disposable,,2,,,
BigBasket,food packaging exhibition,,2,,,
BigBasket,food packaging factory near me,,2,,,
BigBasket,food packaging gloves,,2,,,
BigBasket,food packaging hyderabad,,2,,,
BigBasket,food packaging items,,2,,,
BigBasket,food packaging job in canada,,2,,,
BigBasket,food packaging karachi,,2,,,
BigBasket,food packaging license,,2,,,
BigBasket,food packaging options,,2,,,
BigBasket,food packaging paper,,2,,,
BigBasket,food packaging qatar,,2,,,
BigBasket,food packaging regulations,,2,,,
BigBasket,food packaging solutions,,2,,,
BigBasket,food packaging thali,,2,,,
BigBasket,food packaging uae,,2,,,
BigBasket,food packaging vendors,,2,,,
BigBasket,food packaging wholesale,,2,,,
BigBasket,food container xl,,2,,,
BigBasket,food packaging yellow,,2,,,
BigBasket,food packaging ziplock bag,,2,,,
BigBasket,party supplies adelaide,,2,,,
BigBasket,party supplies bulk,,2,,,
BigBasket,party supplies christchurch,,2,,,
BigBasket,party supplies dublin,,2,,,
BigBasket,party supplies edmonton,,2,,,
BigBasket,party decorations for adults,,2,,,
BigBasket,party supplies geelong,,2,,,
BigBasket,party supplies hamilton,,2,,,
BigBasket,party decorations ideas,,2,,,
BigBasket,party supplies jacksonville fl,,2,,,
BigBasket,party tableware kmart,,2,,,
BigBasket,party supplies los angeles,,2,,,
BigBasket,party supplies miami,,2,,,
BigBasket,party supplies near me,,2,,,
BigBasket,party supplies omaha,,2,,,
BigBasket,party supplies penrith,,2,,,
BigBasket,party decorations qatar,,2,,,
BigBasket,party supplies rental near me,,2,,,
BigBasket,party supplies tulsa,,2,,,
BigBasket,party supplies uk,,2,,,
BigBasket,party supplies victoria,,2,,,
BigBasket,party supplies wilmington nc,,2,,,
BigBasket,xmas party tableware,,2,,,
BigBasket,party supplies york pa,,2,,,
BigBasket,party supplies zapata hwy,,2,,,
BigBasket,eco friendly plates manufacturers in india,,3,,,
BigBasket,biodegradable plates machine,,3,,,
BigBasket,biodegradable plates and cups manufacturers,,3,,,
BigBasket,disposable plates wholesale near me,,3,,,
BigBasket,bagasse plates manufacturers,,3,,,
BigBasket,disposable cups 250ml,,3,,,
BigBasket,wholesale paper cups near me,,3,,,
BigBasket,disposable cutlery meaning in hindi,,3,,,
BigBasket,sugarcane bagasse clamshell boxes,,3,,,
BigBasket,compostable straws nearby,,3,,,
BigBasket,food packaging,,3,,,
BigBasket,food packaging manufacturers in delhi,,3,,,
BigBasket,party tablecloths near me,,3,,,
BigBasket,eco friendly plates and utensils,,3,,,
BigBasket,eco friendly plates bowls,,3,,,
BigBasket,eco friendly compartment plates,,3,,,
BigBasket,eco friendly disposable plates wholesale,,3,,,
BigBasket,eco friendly disposable plates uk,,3,,,
BigBasket,eco friendly plates for party,,3,,,
BigBasket,eco friendly plates for restaurant,,3,,,
BigBasket,eco friendly disposable plates hsn code,,3,,,
BigBasket,eco friendly kids dinnerware,,3,,,
BigBasket,eco friendly leaf plates near me,,3,,,
BigBasket,eco friendly paper plates manufacturers,,3,,,
BigBasket,eco friendly plates made of,,3,,,
BigBasket,eco friendly small plates,,3,,,
BigBasket,eco friendly toddler plates and bowls,,3,,,
BigBasket,eco friendly plates with compartments,,3,,,
BigBasket,biodegradable plates bowls,,3,,,
BigBasket,biodegradable plates company,,3,,,
BigBasket,biodegradable disposable plates manufacturers in india,,3,,,
BigBasket,biodegradable eating plates,,3,,,
BigBasket,biodegradable plates for wedding,,3,,,
BigBasket,biodegradable plates in germany,,3,,,
BigBasket,biodegradable plates in hyderabad,,3,,,
BigBasket,biodegradable plates in usa,,3,,,
BigBasket,biodegradable kids plates,,3,,,
BigBasket,biodegradable plates with lids,,3,,,
BigBasket,biodegradable plates ntuc,,3,,,
BigBasket,compostable plates oval,,3,,,
BigBasket,biodegradable paper plates,,3,,,
BigBasket,biodegradable reusable plates,,3,,,
BigBasket,biodegradable plates shop near me,,3,,,
BigBasket,biodegradable tiffin plates,,3,,,
BigBasket,verka biodegradable plates,,3,,,
BigBasket,biodegradable plates wholesale near me,,3,,,
BigBasket,disposable plates and cups,,3,,,
BigBasket,disposable plates business,,3,,,
BigBasket,disposable plates colorful,,3,,,
BigBasket,disposable plates decoration,,3,,,
BigBasket,disposable plates ebay,,3,,,
BigBasket,disposable plates for lunch,,3,,,
BigBasket,disposable plates glass,,3,,,
BigBasket,disposable plates hard,,3,,,
BigBasket,disposable plates images,,3,,,
BigBasket,disposable plates jiji,,3,,,
BigBasket,disposable plates karachi,,3,,,
BigBasket,disposable plates leaves,,3,,,
BigBasket,disposable plates manufacturer,,3,,,
BigBasket,disposable plates near me wholesale,,3,,,
BigBasket,disposable plates online delivery,,3,,,
BigBasket,disposable plates paper,,3,,,
BigBasket,disposable plates quarter,,3,,,
BigBasket,disposable plates reject shop,,3,,,
BigBasket,disposable plates shop,,3,,,
BigBasket,disposable plates trademark class,,3,,,
BigBasket,disposable plates usa,,3,,,
BigBasket,disposable plates vendor near me,,3,,,
BigBasket,plastic plates xmas,,3,,,
BigBasket,plastic plates yellow,,3,,,
BigBasket,paper plates zepto,,3,,,
BigBasket,bagasse plates are made of,,3,,,
BigBasket,bagasse plates bowls,,3,,,
BigBasket,bagasse plates company,,3,,,
BigBasket,bagasse plates disposable,,3,,,
BigBasket,bagasse tableware eco friendly,,3,,,
BigBasket,bagasse food plate,,3,,,
BigBasket,bagasse plates good or bad,,3,,,
BigBasket,plates bagasse triple green,,3,,,
BigBasket,bagasse plates hyderabad,,3,,,
BigBasket,bagasse plates images,,3,,,
BigBasket,bagasse natural plate,,3,,,
BigBasket,bagasse plates wholesale near me,,3,,,
BigBasket,bagasse plates made of,,3,,,
BigBasket,bagasse plates production,,3,,,
BigBasket,bagasse plates review,,3,,,
BigBasket,bagasse plates wholesale uk,,3,,,
BigBasket,bagasse plates vs cornstarch plates,,3,,,
BigBasket,disposable serving trays and bowls,,3,,,
BigBasket,disposable tray sizes,,3,,,
BigBasket,disposable serving trays bulk,,3,,,
BigBasket,disposable food tray covers,,3,,,
BigBasket,disposable food display trays,,3,,,
BigBasket,disposable serving trays for parties,,3,,,
BigBasket,disposable food trays for kids,,3,,,
BigBasket,disposable food tray large,,3,,,
BigBasket,plastic meal tray with lid,,3,,,
BigBasket,plastic meal tray making machine,,3,,,
BigBasket,disposable serving tray near me,,3,,,
BigBasket,plastic meal tray shop near me,,3,,,
BigBasket,disposable food tray paper,,3,,,
BigBasket,disposable serving trays tesco,,3,,,
BigBasket,250 ml paper cup price,,3,,,
BigBasket,wholesale paper cups and plates,,3,,,
BigBasket,bulk buy paper cups,,3,,,
BigBasket,paper cups wholesale near me,,3,,,
BigBasket,bulk coffee cups costco,,3,,,
BigBasket,bulk disposable cups for wedding,,3,,,
BigBasket,wholesale paper cups for hot drinks,,3,,,
BigBasket,bulk iced coffee cups glass,,3,,,
BigBasket,wholesale paper cup manufacturers in delhi,,3,,,
BigBasket,bulk coffee cups with logo,,3,,,
BigBasket,bulk 3 oz paper cups,,3,,,
BigBasket,wholesale paper cup price,,3,,,
BigBasket,bulk coffee cup sleeves,,3,,,
BigBasket,bulk disposable tea cups,,3,,,
BigBasket,are paper cups cheaper than plastic,,3,,,
BigBasket,wooden cutlery set australia,,3,,,
BigBasket,bamboo cutlery set baby,,3,,,
BigBasket,wooden utensils set canadian tire,,3,,,
BigBasket,wooden cutlery set hsn code,,3,,,
BigBasket,wooden cutlery set with chopsticks,,3,,,
BigBasket,bamboo cutlery set dishwasher safe,,3,,,
BigBasket,cutlery set and their uses,,3,,,
BigBasket,wooden utensils set for cooking,,3,,,
BigBasket,gold wooden cutlery set,,3,,,
BigBasket,wooden utensils set made in canada,,3,,,
BigBasket,jysk wooden cutlery set,,3,,,
BigBasket,bamboo cutlery set kids,,3,,,
BigBasket,wooden cutlery set nz,,3,,,
BigBasket,bamboo cutlery set price,,3,,,
BigBasket,wooden utensils set reddit,,3,,,
BigBasket,wooden utensils set south africa,,3,,,
BigBasket,wooden cutlery set travel,,3,,,
BigBasket,wooden utensils set uk,,3,,,
BigBasket,vintage wooden handle cutlery set,,3,,,
BigBasket,disposable cutlery and crockery,,3,,,
BigBasket,disposable cutlery brands,,3,,,
BigBasket,disposable cutlery costco australia,,3,,,
BigBasket,disposable cutlery dunelm,,3,,,
BigBasket,plastic cutlery edmonton,,3,,,
BigBasket,disposable cutlery for restaurant,,3,,,
BigBasket,disposable cutlery green,,3,,,
BigBasket,disposable cutlery hs code,,3,,,
BigBasket,disposable cutlery in french,,3,,,
BigBasket,disposable cutlery karachi,,3,,,
BigBasket,disposable cutlery london,,3,,,
BigBasket,disposable cutlery nearby,,3,,,
BigBasket,disposable cutlery online,,3,,,
BigBasket,disposable cutlery plastic,,3,,,
BigBasket,disposable cutlery range,,3,,,
BigBasket,disposable cutlery set with napkin,,3,,,
BigBasket,disposable cutlery target,,3,,,
BigBasket,disposable tableware uk,,3,,,
BigBasket,vintage disposable cutlery,,3,,,
BigBasket,disposable cutlery woolworths,,3,,,
BigBasket,single use cutlery x,,3,,,
BigBasket,compostable packaging australia,,3,,,
BigBasket,compostable bagasse containers,,3,,,
BigBasket,compostable clear containers,,3,,,
BigBasket,compostable dessert containers,,3,,,
BigBasket,compostable packaging eu,,3,,,
BigBasket,can compostable containers be recycled,,3,,,
BigBasket,are biopak containers compostable,,3,,,
BigBasket,compostable food containers with lids,,3,,,
BigBasket,can compostable containers go in green bin,,3,,,
BigBasket,compostable cups how to dispose,,3,,,
BigBasket,compostable packaging ireland,,3,,,
BigBasket,compostable juice cups,,3,,,
BigBasket,compostable keurig cups,,3,,,
BigBasket,compostable liquid containers,,3,,,
BigBasket,compostable container microwave safe,,3,,,
BigBasket,compostable containers nz,,3,,,
BigBasket,are compostable containers oven safe,,3,,,
BigBasket,compostable paper containers,,3,,,
BigBasket,compostable to go food containers,,3,,,
BigBasket,compostable cups recycling,,3,,,
BigBasket,compostable storage containers,,3,,,
BigBasket,compostable togo containers,,3,,,
BigBasket,compostable single use containers,,3,,,
BigBasket,compostable cups with lids,,3,,,
BigBasket,amazon biodegradable straws,,3,,,
BigBasket,compostable straws blue,,3,,,
BigBasket,compostable straws clear,,3,,,
BigBasket,biodegradable straws dischem,,3,,,
BigBasket,ecosystems compostable straws,,3,,,
BigBasket,are paper straws compostable,,3,,,
BigBasket,biodegradable straws factory,,3,,,
BigBasket,compostable straws made from plants,,3,,,
BigBasket,compostable straws whole foods,,3,,,
BigBasket,compostable green straws,,3,,,
BigBasket,biodegradable straws how long does it take,,3,,,
BigBasket,biodegradable straws individually wrapped,,3,,,
BigBasket,long compostable straws,,3,,,
BigBasket,compostable paper straws,,3,,,
BigBasket,compostable reed straw,,3,,,
BigBasket,compostable sugarcane straws,,3,,,
BigBasket,unwrapped compostable straws,,3,,,
BigBasket,paper straws are the worst,,3,,,
BigBasket,paper straws black,,3,,,
BigBasket,paper straws contain gluten,,3,,,
BigBasket,paper straws dollar general,,3,,,
BigBasket,paper straws eu,,3,,,
BigBasket,paper straws florida,,3,,,
BigBasket,paper straws gluten uk,,3,,,
BigBasket,paper straws home bargains,,3,,,
BigBasket,paper straws ingredients,,3,,,
BigBasket,are paper straws just as bad as plastic,,3,,,
BigBasket,paper straws kenya,,3,,,
BigBasket,paper straws large,,3,,,
BigBasket,paper straws meaning,,3,,,
BigBasket,paper straws nz,,3,,,
BigBasket,paper straws outlawed,,3,,,
BigBasket,paper straws pakistan,,3,,,
BigBasket,que es paper straws,,3,,,
BigBasket,paper straws reaction with coke,,3,,,
BigBasket,paper straws should be banned,,3,,,
BigBasket,paper straws toxic,,3,,,
BigBasket,paper straws uk law,,3,,,
BigBasket,paper straws valentines,,3,,,
BigBasket,paper straws woolworths,,3,,,
BigBasket,what are paper straws made of,,3,,,
BigBasket,paper straws 9 year old,,3,,,
BigBasket,food packaging aluminium foil,,3,,,
BigBasket,food packaging boxes wholesale,,3,,,
BigBasket,food packaging company,,3,,,
BigBasket,food packaging definition,,3,,,
BigBasket,food packaging expo 2026,,3,,,
BigBasket,food packaging for cloud kitchen,,3,,,
BigBasket,food packaging gst rate,,3,,,
BigBasket,food packaging harare,,3,,,
BigBasket,food packaging ideas,,3,,,
BigBasket,food packaging jobs near me,,3,,,
BigBasket,food packaging kmart,,3,,,
BigBasket,food packaging logo,,3,,,
BigBasket,food packaging delhi,,3,,,
BigBasket,food packaging operator,,3,,,
BigBasket,food packaging plastic,,3,,,
BigBasket,food packaging qr code,,3,,,
BigBasket,food packaging research paper,,3,,,
BigBasket,food packaging sealing machine,,3,,,
BigBasket,food packaging technology,,3,,,
BigBasket,food packaging use and throw,,3,,,
BigBasket,food packaging vacuum machine,,3,,,
BigBasket,food packaging wholesale near me,,3,,,
BigBasket,food container xenos,,3,,,
BigBasket,food packaging to you,,3,,,
BigBasket,food packaging zipper,,3,,,
BigBasket,party plates and cups,,3,,,
BigBasket,party supplies brownsville tx,,3,,,
BigBasket,party supplies chicago,,3,,,
BigBasket,party supplies denver,,3,,,
BigBasket,party supplies evansville,,3,,,
BigBasket,party supplies fort wayne,,3,,,
BigBasket,party supplies guam,,3,,,
BigBasket,party decorations hire,,3,,,
BigBasket,party supplies ireland,,3,,,
BigBasket,party supplies joondalup,,3,,,
BigBasket,party decorations kmart,,3,,,
BigBasket,party supplies las vegas,,3,,,
BigBasket,party supplies malta,,3,,,
BigBasket,party decorations near me,,3,,,
BigBasket,party plates ohio,,3,,,
BigBasket,party decorations perth,,3,,,
BigBasket,party supplies quezon city,,3,,,
BigBasket,party supplies rochester ny,,3,,,
BigBasket,party supplies store,,3,,,
BigBasket,party supplies trinidad,,3,,,
BigBasket,party decorations uk,,3,,,
BigBasket,party supplies vancouver wa,,3,,,
BigBasket,party supplies wichita ks,,3,,,
BigBasket,party supplies yonkers,,3,,,
BigBasket,party decorations zurich,,3,,,
BigBasket,bagasse plates manufacturers in india,,4,,,
BigBasket,coffee cups 250ml,,4,,,
BigBasket,sugarcane burger clamshell,,4,,,
BigBasket,sugar cane products list,,4,,,
BigBasket,party tables near me,,4,,,
BigBasket,eco friendly plates and cutlery,,4,,,
BigBasket,eco friendly disposable plates near me,,4,,,
BigBasket,eco friendly bamboo plates,,4,,,
BigBasket,eco friendly camping plates,,4,,,
BigBasket,eco friendly disposable plates wedding,,4,,,
BigBasket,eco friendly plates for food,,4,,,
BigBasket,how to make eco friendly plates,,4,,,
BigBasket,eco friendly kids dishes,,4,,,
BigBasket,eco friendly plate machine,,4,,,
BigBasket,eco friendly plastic plates,,4,,,
BigBasket,eco friendly reusable dinnerware,,4,,,
BigBasket,eco friendly dinnerware set,,4,,,
BigBasket,eco friendly toddler plates,,4,,,
BigBasket,eco friendly plates walmart,,4,,,
BigBasket,biodegradable plates and cups manufacturers near me,,4,,,
BigBasket,biodegradable plates buyers,,4,,,
BigBasket,biodegradable plates coles,,4,,,
BigBasket,biodegradable dinner plates,,4,,,
BigBasket,biodegradable edible plates,,4,,,
BigBasket,biodegradable plates from banana leaves,,4,,,
BigBasket,biodegradable glass plates,,4,,,
BigBasket,biodegradable plates hs code,,4,,,
BigBasket,biodegradable plates images,,4,,,
BigBasket,compostable plates kmart,,4,,,
BigBasket,biodegradable plates manufacturing business,,4,,,
BigBasket,compostable plates near me,,4,,,
BigBasket,biodegradable plates made of,,4,,,
BigBasket,biodegradable plastic plates,,4,,,
BigBasket,biodegradable round plates,,4,,,
BigBasket,biodegradable plates square,,4,,,
BigBasket,biodegradable thali plates,,4,,,
BigBasket,biodegradable plates woolworths,,4,,,
BigBasket,disposable plates and spoons,,4,,,
BigBasket,disposable plates black,,4,,,
BigBasket,disposable plates company,,4,,,
BigBasket,disposable plates dmart,,4,,,
BigBasket,disposable plates egypt,,4,,,
BigBasket,disposable plates for snacks,,4,,,
BigBasket,disposable plates green,,4,,,
BigBasket,disposable plates hindi,,4,,,
BigBasket,disposable plates instamart,,4,,,
BigBasket,disposable plates jumbo,,4,,,
BigBasket,disposable plates kroger,,4,,,
BigBasket,disposable plates lidl,,4,,,
BigBasket,disposable plates making machine price,,4,,,
BigBasket,disposable plates nearby,,4,,,
BigBasket,disposable plates on sale,,4,,,
BigBasket,disposable plates price in india,,4,,,
BigBasket,disposable plates quick delivery,,4,,,
BigBasket,disposable plates rectangle,,4,,,
BigBasket,disposable plates size,,4,,,
BigBasket,disposable plates tesco,,4,,,
BigBasket,disposable plates uganda,,4,,,
BigBasket,disposable plates vintage,,4,,,
BigBasket,disposable plates wholesale delhi,,4,,,
BigBasket,paper plates xmas crafts,,4,,,
BigBasket,plastic plates you can draw on,,4,,,
BigBasket,plastic plates zepto,,4,,,
BigBasket,bagasse plates and cups,,4,,,
BigBasket,bagasse plates bangalore,,4,,,
BigBasket,bagasse plates compartment,,4,,,
BigBasket,bagasse dinner plates,,4,,,
BigBasket,bagasse tableware export from india,,4,,,
BigBasket,sugarcane bagasse plates gst rate,,4,,,
BigBasket,plates bagasse triple grn 25cm 10s,,4,,,
BigBasket,bagasse tableware hsn code,,4,,,
BigBasket,bagasse plates in coimbatore,,4,,,
BigBasket,how to make bagasse plates,,4,,,
BigBasket,bagasse plate shop near me,,4,,,
BigBasket,bagasse plate photo,,4,,,
BigBasket,bagasse plates round,,4,,,
BigBasket,unbleached bagasse plates,,4,,,
BigBasket,bagasse plates wholesale price,,4,,,
BigBasket,disposable food trays amazon,,4,,,
BigBasket,disposable food trays black,,4,,,
BigBasket,disposable tray price,,4,,,
BigBasket,disposable food trays canada,,4,,,
BigBasket,disposable food tray with dividers,,4,,,
BigBasket,disposable serving trays foil,,4,,,
BigBasket,disposable serving tray with lid,,4,,,
BigBasket,disposable food trays metal,,4,,,
BigBasket,disposable serving tray nearby,,4,,,
BigBasket,disposable food tray plates,,4,,,
BigBasket,disposable serving tray set,,4,,,
BigBasket,disposable food trays tesco,,4,,,
BigBasket,paper cup rate,,4,,,
BigBasket,wholesale paper cups and plates near me,,4,,,
BigBasket,paper coffee cups bulk buy,,4,,,
BigBasket,bulk coffee cups canada,,4,,,
BigBasket,disposable paper cup sizes,,4,,,
BigBasket,bulk green paper cups,,4,,,
BigBasket,halloween paper cups bulk,,4,,,
BigBasket,wholesale paper cup manufacturers in coimbatore,,4,,,
BigBasket,bulk disposable cups with lids,,4,,,
BigBasket,bulk coffee cups near me,,4,,,
BigBasket,bulk 12 oz paper cups,,4,,,
BigBasket,wholesale paper cup printing sri lanka,,4,,,
BigBasket,bulk coffee cup stickers,,4,,,
BigBasket,wholesale paper tea cups,,4,,,
BigBasket,paper tea cups wholesale near me,,4,,,
BigBasket,wooden utensils set australia,,4,,,
BigBasket,wooden knife set block,,4,,,
BigBasket,wooden handle cutlery set dishwasher safe,,4,,,
BigBasket,wooden knife set for kids,,4,,,
BigBasket,george wooden cutlery set,,4,,,
BigBasket,is wooden cutlery better than plastic,,4,,,
BigBasket,wooden knife set holder,,4,,,
BigBasket,wooden handle cutlery set uk,,4,,,
BigBasket,wooden utensils set manufacturers in india,,4,,,
BigBasket,wooden knife set kids,,4,,,
BigBasket,wooden utensils set nz,,4,,,
BigBasket,remi wooden cutlery set,,4,,,
BigBasket,wooden cutlery spoon set,,4,,,
BigBasket,bamboo cutlery set travel,,4,,,
BigBasket,wooden knife set with block,,4,,,
BigBasket,disposable cutlery aldi,,4,,,
BigBasket,disposable cutlery b&m,,4,,,
BigBasket,disposable cutlery canada,,4,,,
BigBasket,disposable cutlery dollar tree,,4,,,
BigBasket,plastic cutlery environmental impact,,4,,,
BigBasket,disposable cutlery fancy,,4,,,
BigBasket,disposable gold cutlery set,,4,,,
BigBasket,disposable cutlery heavy duty,,4,,,
BigBasket,disposable cutlery individually wrapped,,4,,,
BigBasket,disposable kids cutlery,,4,,,
BigBasket,disposable cutlery lebanon,,4,,,
BigBasket,disposable cutlery making machine,,4,,,
BigBasket,disposable cutlery napkins,,4,,,
BigBasket,plastic cutlery organizer,,4,,,
BigBasket,disposable cutlery poundland,,4,,,
BigBasket,what is disposable cutlery,,4,,,
BigBasket,disposable cutlery reddit,,4,,,
BigBasket,disposable cutlery silver,,4,,,
BigBasket,disposable cutlery the range,,4,,,
BigBasket,disposable tableware usa,,4,,,
BigBasket,disposable cutlery walmart,,4,,,
BigBasket,single use cutlery x 意味,,4,,,
BigBasket,compostable cups and lids,,4,,,
BigBasket,compostable packaging bags,,4,,,
BigBasket,compostable cardboard containers,,4,,,
BigBasket,compostable disposable containers,,4,,,
BigBasket,biodegradable egg containers crossword,,4,,,
BigBasket,compostable freezer containers,,4,,,
BigBasket,can compostable containers go in the microwave,,4,,,
BigBasket,compostable packaging how to dispose,,4,,,
BigBasket,compostable cups ireland,,4,,,
BigBasket,compostable k cups canada,,4,,,
BigBasket,compostable packaging logo,,4,,,
BigBasket,compostable meal containers,,4,,,
BigBasket,compostable cups near me,,4,,,
BigBasket,compostable take out containers,,4,,,
BigBasket,compostable pint containers,,4,,,
BigBasket,compostable cups reddit,,4,,,
BigBasket,compostable sauce containers,,4,,,
BigBasket,compostable takeout containers near me,,4,,,
BigBasket,biodegradable containers with lids in india,,4,,,
BigBasket,biodegradable straws australia,,4,,,
BigBasket,compostable boba straws,,4,,,
BigBasket,compostable cocktail straws,,4,,,
BigBasket,biodegradable drinking straws,,4,,,
BigBasket,do compostable straws have gluten,,4,,,
BigBasket,eco compostable straws,,4,,,
BigBasket,biodegradable straws for honey sticks,,4,,,
BigBasket,biodegradable straws gluten free,,4,,,
BigBasket,biodegradable straws india,,4,,,
BigBasket,lifemade compostable straws,,4,,,
BigBasket,compostable straws material,,4,,,
BigBasket,biodegradable straws not paper,,4,,,
BigBasket,compostable pla straws,,4,,,
BigBasket,compostable rice straw,,4,,,
BigBasket,compostable spoon straws,,4,,,
BigBasket,biodegradable straws target,,4,,,
BigBasket,compostable wrapped straws,,4,,,
BigBasket,paper straws and gluten,,4,,,
BigBasket,paper straws banned,,4,,,
BigBasket,paper straws canada,,4,,,
BigBasket,paper straws donald trump,,4,,,
BigBasket,paper straws ebay,,4,,,
BigBasket,paper straws for mason bees,,4,,,
BigBasket,paper straws green,,4,,,
BigBasket,paper straws hs code,,4,,,
BigBasket,paper straws in bulk,,4,,,
BigBasket,paper straws new jersey,,4,,,
BigBasket,paper straws kids,,4,,,
BigBasket,paper straws long,,4,,,
BigBasket,paper straws morrisons,,4,,,
BigBasket,paper straws not gluten free,,4,,,
BigBasket,paper straws origin,,4,,,
BigBasket,paper straws poundland,,4,,,
BigBasket,paper straws red and white,,4,,,
BigBasket,paper straws spotlight,,4,,,
BigBasket,paper straws trump,,4,,,
BigBasket,paper straws useless,,4,,,
BigBasket,paper straws vancouver,,4,,,
BigBasket,paper straws white,,4,,,
BigBasket,are paper straws safe,,4,,,
BigBasket,paper straws nine year old,,4,,,
BigBasket,food packaging and shelf life journal,,4,,,
BigBasket,food packaging bags,,4,,,
BigBasket,food packaging covers,,4,,,
BigBasket,food packaging design agency,,4,,,
BigBasket,food packaging expo,,4,,,
BigBasket,food packaging films,,4,,,
BigBasket,food packaging gurgaon,,4,,,
BigBasket,food packaging heat sealer,,4,,,
BigBasket,food packaging in delhi,,4,,,
BigBasket,food packaging journals,,4,,,
BigBasket,food packaging kenya,,4,,,
BigBasket,food packaging label design,,4,,,
BigBasket,food packaging machine,,4,,,
BigBasket,food packaging notes,,4,,,
BigBasket,food packaging operator job description,,4,,,
BigBasket,food packaging plates,,4,,,
BigBasket,food packaging quotes,,4,,,
BigBasket,food packaging requirements,,4,,,
BigBasket,food packaging store near me,,4,,,
BigBasket,food packaging tray,,4,,,
BigBasket,food packaging uk,,4,,,
BigBasket,food packaging volunteer,,4,,,
BigBasket,food packaging work near me,,4,,,
BigBasket,xps food packaging,,4,,,
BigBasket,food packaging new york,,4,,,
BigBasket,food packaging ziplock,,4,,,
BigBasket,party supplies australia,,4,,,
BigBasket,party supplies brooklyn,,4,,,
BigBasket,party supplies columbus ohio,,4,,,
BigBasket,party supplies dubai,,4,,,
BigBasket,party supplies epping,,4,,,
BigBasket,party decorations for kids,,4,,,
BigBasket,party supplies greenville sc,,4,,,
BigBasket,party decorations hire near me,,4,,,
BigBasket,party decorations ideas for adults,,4,,,
BigBasket,party supplies jamaica,,4,,,
BigBasket,party plates kmart,,4,,,
BigBasket,party supplies list,,4,,,
BigBasket,party supplies mcallen tx,,4,,,
BigBasket,party supplies nearby,,4,,,
BigBasket,party supplies okc,,4,,,
BigBasket,party plates plastic,,4,,,
BigBasket,party supplies qormi,,4,,,
BigBasket,party supplies raleigh nc,,4,,,
BigBasket,party supplies store near me,,4,,,
BigBasket,party supplies tucson,,4,,,
BigBasket,party supplies usa,,4,,,
BigBasket,party supplies virginia beach,,4,,,
BigBasket,party supplies walmart,,4,,,
BigBasket,party supplies yakima,,4,,,
BigBasket,party supplies zurich,,4,,,
BigBasket,bagasse plates manufacturing plant cost,,5,,,
BigBasket,disposable cups 250ml 1000s,,5,,,
BigBasket,disposable cups 250ml 1000 per box,,5,,,
BigBasket,bulk coffee cups,,5,,,
BigBasket,clamshell sugarcane bagasse,,5,,,
BigBasket,compostable containers with lids wholesale,,5,,,
BigBasket,eco friendly party plates and cutlery,,5,,,
BigBasket,eco friendly buffet plates,,5,,,
BigBasket,eco friendly children's plates,,5,,,
BigBasket,eco friendly dinner plates,,5,,,
BigBasket,eco friendly examples,,5,,,
BigBasket,are bamboo plates eco friendly,,5,,,
BigBasket,best eco friendly kids plates,,5,,,
BigBasket,eco friendly banana leaf plates,,5,,,
BigBasket,eco friendly plates manufacturing near me,,5,,,
BigBasket,eco friendly serving plates,,5,,,
BigBasket,eco friendly thanksgiving plates,,5,,,
BigBasket,eco friendly single use plates,,5,,,
BigBasket,eco friendly plates wedding,,5,,,
BigBasket,biodegradable plates and cups machine,,5,,,
BigBasket,biodegradable plates big size,,5,,,
BigBasket,biodegradable plates cost,,5,,,
BigBasket,biodegradable disposable plates machine,,5,,,
BigBasket,biodegradable tableware export from india,,5,,,
BigBasket,biodegradable plates for parties,,5,,,
BigBasket,biodegradable green plates,,5,,,
BigBasket,biodegradable plates have gluten,,5,,,
BigBasket,biodegradable plates manufacturers in gujarat,,5,,,
BigBasket,biodegradable paper plates and cups,,5,,,
BigBasket,biodegradable utensils research,,5,,,
BigBasket,biodegradable plates small,,5,,,
BigBasket,biodegradable thanksgiving plates,,5,,,
BigBasket,disposable plates and glass making machine price,,5,,,
BigBasket,disposable plates box,,5,,,
BigBasket,disposable plates compartments,,5,,,
BigBasket,disposable plates dinner,,5,,,
BigBasket,disposable plates elegant,,5,,,
BigBasket,disposable plates for dinner,,5,,,
BigBasket,disposable plates glasses and cutlery,,5,,,
BigBasket,disposable plates high quality,,5,,,
BigBasket,disposable plates in bulk,,5,,,
BigBasket,disposable plates jalandhar,,5,,,
BigBasket,disposable plates kids,,5,,,
BigBasket,disposable plates large,,5,,,
BigBasket,disposable plates meesho,,5,,,
BigBasket,disposable plates natural,,5,,,
BigBasket,disposable plates organizer,,5,,,
BigBasket,disposable plates pronunciation,,5,,,
BigBasket,paper plates qatar,,5,,,
BigBasket,disposable plates red dot,,5,,,
BigBasket,disposable plates small size,,5,,,
BigBasket,disposable plates that look like china,,5,,,
BigBasket,disposable plates utensils,,5,,,
BigBasket,disposable plates verka,,5,,,
BigBasket,disposable plates wholesale price,,5,,,
BigBasket,paper plates xl,,5,,,
BigBasket,paper plates you can microwave,,5,,,
BigBasket,paper plates zoo animals,,5,,,
BigBasket,bagasse plates asda,,5,,,
BigBasket,bagasse plates business,,5,,,
BigBasket,bagasse compostable plates,,5,,,
BigBasket,bagasse disposable plates near me,,5,,,
BigBasket,bagasse tableware exporter,,5,,,
BigBasket,bagasse sugarcane fiber plates,,5,,,
BigBasket,are bagasse plates gluten free,,5,,,
BigBasket,bagasse tableware hs code,,5,,,
BigBasket,bagasse plates in uk,,5,,,
BigBasket,bagasse plates in usa,,5,,,
BigBasket,sugarcane bagasse plates price,,5,,,
BigBasket,origami bagasse plates,,5,,,
BigBasket,bagasse paper plates,,5,,,
BigBasket,bagasse plate rate,,5,,,
BigBasket,bagasse sugarcane plates,,5,,,
BigBasket,bagasse plates manufacturers in tamilnadu,,5,,,
BigBasket,disposable serving trays amazon,,5,,,
BigBasket,disposable serving trays b&m,,5,,,
BigBasket,disposable serving trays costco,,5,,,
BigBasket,disposable food tray with drink holder,,5,,,
BigBasket,disposable food tray with lid,,5,,,
BigBasket,plastic meal tray near me,,5,,,
BigBasket,plastic meal tray price,,5,,,
BigBasket,how much ml is a paper cup,,5,,,
BigBasket,paper cup 200ml price,,5,,,
BigBasket,bulk coffee cups and saucers,,5,,,
BigBasket,black paper cups bulk,,5,,,
BigBasket,bulk coffee cups cheap,,5,,,
BigBasket,bulk coffee cups for cafe,,5,,,
BigBasket,wholesale paper cup manufacturers in madurai,,5,,,
BigBasket,wholesale paper cups with lids,,5,,,
BigBasket,bulk disposable cups near me,,5,,,
BigBasket,bulk disposable plastic cups,,5,,,
BigBasket,wholesale paper cup supplier malaysia,,5,,,
BigBasket,bulk coffee travel cups,,5,,,
BigBasket,wooden utensils set amazon,,5,,,
BigBasket,wooden knife block set with sharpener,,5,,,
BigBasket,wooden utensils cooking set,,5,,,
BigBasket,wooden cooking utensils set dishwasher safe,,5,,,
BigBasket,wooden utensils set for kids,,5,,,
BigBasket,george home wooden cutlery set,,5,,,
BigBasket,wooden utensils set house,,5,,,
BigBasket,cutlery set in wooden box,,5,,,
BigBasket,wooden utensils set kids,,5,,,
BigBasket,wooden utensils set near me,,5,,,
BigBasket,bamboo cutlery set with pouch,,5,,,
BigBasket,wooden utensils set sale,,5,,,
BigBasket,wooden knife set with sharpener,,5,,,
BigBasket,wooden knife set toddler,,5,,,
BigBasket,wooden kitchen utensils set uk,,5,,,
BigBasket,disposable cutlery amazon,,5,,,
BigBasket,disposable cutlery bulk,,5,,,
BigBasket,disposable cutlery canadian tire,,5,,,
BigBasket,disposable cutlery display,,5,,,
BigBasket,plastic cutlery ebay,,5,,,
BigBasket,disposable cutlery factory,,5,,,
BigBasket,disposable gold cutlery wholesale,,5,,,
BigBasket,disposable cutlery hsn code,,5,,,
BigBasket,disposable cutlery in spanish,,5,,,
BigBasket,plastic cutlery kmart,,5,,,
BigBasket,plastic cutlery lidl,,5,,,
BigBasket,disposable cutlery market size in india,,5,,,
BigBasket,disposable cutlery nice,,5,,,
BigBasket,plastic cutlery organizer with lid,,5,,,
BigBasket,disposable cutlery pronunciation,,5,,,
BigBasket,is disposable cutlery recyclable,,5,,,
BigBasket,plastic cutlery reusable,,5,,,
BigBasket,disposable cutlery sainsbury's,,5,,,
BigBasket,disposable cutlery tray,,5,,,
BigBasket,plastic cutlery usa,,5,,,
BigBasket,disposable cutlery wooden,,5,,,
BigBasket,compostable cups and plates,,5,,,
BigBasket,compostable cups bulk,,5,,,
BigBasket,compostable carryout containers,,5,,,
BigBasket,compostable drink containers,,5,,,
BigBasket,biodegradable egg containers,,5,,,
BigBasket,compostable food containers nearby,,5,,,
BigBasket,can compostable containers go in oven,,5,,,
BigBasket,compostable cups in bulk,,5,,,
BigBasket,compostable k cups not working,,5,,,
BigBasket,compostable packaging label,,5,,,
BigBasket,compostable microgreen containers,,5,,,
BigBasket,compostable cups nearby,,5,,,
BigBasket,compostable take out containers microwave safe,,5,,,
BigBasket,compostable produce containers,,5,,,
BigBasket,compostable cups restaurant depot,,5,,,
BigBasket,compostable sushi containers,,5,,,
BigBasket,compostable tupperware containers,,5,,,
BigBasket,is compostable plastic really compostable,,5,,,
BigBasket,biodegradable containers with lids,,5,,,
BigBasket,biodegradable straws agave,,5,,,
BigBasket,compostable bendy straws,,5,,,
BigBasket,compostable crazy straws,,5,,,
BigBasket,biodegradable disposable straws,,5,,,
BigBasket,do compostable straws have microplastics,,5,,,
BigBasket,are compostable rice straws edible,,5,,,
BigBasket,biodegradable straws fiji,,5,,,
BigBasket,biodegradable straws gluten,,5,,,
BigBasket,compostable straw manufacturers in india,,5,,,
BigBasket,biodegradable straws near me,,5,,,
BigBasket,biodegradable straws plastic,,5,,,
BigBasket,are compostable straws recyclable,,5,,,
BigBasket,biodegradable straws south africa,,5,,,
BigBasket,compostable bubble tea straws,,5,,,
BigBasket,biodegradable straws wholesale,,5,,,
BigBasket,paper straws are bad,,5,,,
BigBasket,paper straws blue,,5,,,
BigBasket,paper straws california,,5,,,
BigBasket,paper straws delaware,,5,,,
BigBasket,paper straws environment,,5,,,
BigBasket,paper straws for cake pops,,5,,,
BigBasket,paper straws glue,,5,,,
BigBasket,paper straws have wheat,,5,,,
BigBasket,paper straws invented,,5,,,
BigBasket,paper wrapped jumbo straws,,5,,,
BigBasket,do paper straws kill turtles,,5,,,
BigBasket,paper straws lidl,,5,,,
BigBasket,paper straws meme,,5,,,
BigBasket,paper straws new world,,5,,,
BigBasket,paper straws online,,5,,,
BigBasket,paper straws pack,,5,,,
BigBasket,paper straws red,,5,,,
BigBasket,paper straws study,,5,,,
BigBasket,paper straws that don't get soggy,,5,,,
BigBasket,paper straws usa trump,,5,,,
BigBasket,paper straws vs plastic cost,,5,,,
BigBasket,paper straws worse than plastic,,5,,,
BigBasket,why are paper straws so bad,,5,,,
BigBasket,paper straws new york,,5,,,
BigBasket,food packaging and shelf life abbreviation,,5,,,
BigBasket,food packaging boxes near me,,5,,,
BigBasket,food packaging container near me,,5,,,
BigBasket,food packaging drawing easy,,5,,,
BigBasket,food packaging expo 2026 india,,5,,,
BigBasket,food packaging fonts,,5,,,
BigBasket,food packaging gas name,,5,,,
BigBasket,food packaging hs code,,5,,,
BigBasket,food packaging industry near me,,5,,,
BigBasket,food packaging job in europe,,5,,,
BigBasket,food packaging kraft paper,,5,,,
BigBasket,food packaging license india,,5,,,
BigBasket,food packaging manufacturers,,5,,,
BigBasket,food packaging notes pdf,,5,,,
BigBasket,food packaging ottawa,,5,,,
BigBasket,food packaging polythene,,5,,,
BigBasket,food packaging quality control,,5,,,
BigBasket,food packaging responsibilities,,5,,,
BigBasket,food packaging silver pouch,,5,,,
BigBasket,food packaging technology pdf,,5,,,
BigBasket,food packaging usa,,5,,,
BigBasket,food packaging video,,5,,,
BigBasket,food packaging work,,5,,,
BigBasket,xmas food packaging,,5,,,
BigBasket,food with yellow packaging uk,,5,,,
BigBasket,food packaging zip bags,,5,,,
BigBasket,party supplies albuquerque,,5,,,
BigBasket,party decorations brisbane,,5,,,
BigBasket,party supplies colorado springs,,5,,,
BigBasket,party supplies des moines,,5,,,
BigBasket,party supplies erie pa,,5,,,
BigBasket,party supplies fresno,,5,,,
BigBasket,party supplies greenville nc,,5,,,
BigBasket,party supplies huntsville al,,5,,,
BigBasket,party decorations ireland,,5,,,
BigBasket,party supplies jackson tn,,5,,,
BigBasket,party supplies kingston,,5,,,
BigBasket,party supplies lexington ky,,5,,,
BigBasket,party supplies minneapolis,,5,,,
BigBasket,party decorations nearby,,5,,,
BigBasket,party supplies orlando,,5,,,
BigBasket,party decorations pink,,5,,,
BigBasket,party supplies queens,,5,,,
BigBasket,party supplies reno,,5,,,
BigBasket,party decorations store,,5,,,
BigBasket,party supplies toronto,,5,,,
BigBasket,party supplies underwood,,5,,,
BigBasket,party supplies visalia,,5,,,
BigBasket,party supplies winnipeg,,5,,,
BigBasket,party supplies yuba city,,5,,,
BigBasket,party supplies zabbar,,5,,,
BigBasket,bagasse plates meaning,,6,,,
BigBasket,disposable meal tray with lid wholesale,,6,,,
BigBasket,eco friendly use and throw plates,,6,,,
BigBasket,eco friendly baby plates,,6,,,
BigBasket,eco friendly christmas plates,,6,,,
BigBasket,eco friendly plates from banana leaves,,6,,,
BigBasket,eco friendly kids party plates,,6,,,
BigBasket,eco friendly palm leaf plates,,6,,,
BigBasket,eco friendly plates material,,6,,,
BigBasket,best eco friendly paper plates,,6,,,
BigBasket,is eco friendly the same as environmentally friendly,,6,,,
BigBasket,eco friendly square plates,,6,,,
BigBasket,eco friendly disposable plates and utensils,,6,,,
BigBasket,eco friendly wooden plates,,6,,,
BigBasket,biodegradable plates and glasses,,6,,,
BigBasket,biodegradable bamboo plates,,6,,,
BigBasket,biodegradable plates canada,,6,,,
BigBasket,biodegradable dessert plates,,6,,,
BigBasket,biodegradable disposable plates exporters in gujarat,,6,,,
BigBasket,biodegradable plates for surgery,,6,,,
BigBasket,biodegradable holiday plates,,6,,,
BigBasket,biodegradable plates in uk,,6,,,
BigBasket,compostable leaf plates,,6,,,
BigBasket,biodegradable plates material,,6,,,
BigBasket,compostable plates nearby,,6,,,
BigBasket,paper plates biodegradable or nonbiodegradable,,6,,,
BigBasket,biodegradable partition plates,,6,,,
BigBasket,biodegradable plates set,,6,,,
BigBasket,compostable plates target,,6,,,
BigBasket,compostable ultra plates,,6,,,
BigBasket,biodegradable plates wedding,,6,,,
BigBasket,disposable plates and glass making machine,,6,,,
BigBasket,disposable plates business in india,,6,,,
BigBasket,disposable plates comes under which category,,6,,,
BigBasket,disposable plates decoration ideas,,6,,,
BigBasket,disposable plates etc,,6,,,
BigBasket,disposable plates for momos,,6,,,
BigBasket,disposable plates glass machine,,6,,,
BigBasket,disposable plates heavy duty,,6,,,
BigBasket,disposable plates in chandigarh,,6,,,
BigBasket,disposable plates jaipur,,6,,,
BigBasket,disposable plates kaufland,,6,,,
BigBasket,disposable plates luxury,,6,,,
BigBasket,disposable plates manufacturers near me,,6,,,
BigBasket,disposable plates near me within 800m,,6,,,
BigBasket,disposable plates on amazon,,6,,,
BigBasket,disposable plates png,,6,,,
BigBasket,plastic plates qatar,,6,,,
BigBasket,disposable plates restaurant depot,,6,,,
BigBasket,disposable plates square,,6,,,
BigBasket,disposable plates target,,6,,,
BigBasket,disposable plates uae,,6,,,
BigBasket,disposable plates visiting card,,6,,,
BigBasket,disposable plates with cover,,6,,,
BigBasket,paper plates x100,,6,,,
BigBasket,paper plates youtube,,6,,,
BigBasket,paper plates zehrs,,6,,,
BigBasket,sugarcane bagasse plates & bowls,,6,,,
BigBasket,bagasse plates buy,,6,,,
BigBasket,bagasse tableware china,,6,,,
BigBasket,bagasse tableware distributor,,6,,,
BigBasket,sugarcane bagasse plates export from india,,6,,,
BigBasket,bagasse plates manufacturers in gujarat,,6,,,
BigBasket,sugarcane bagasse plates hsn code,,6,,,
BigBasket,bagasse pizza plates,,6,,,
BigBasket,bagasse rectangular plate,,6,,,
BigBasket,bagasse small plates,,6,,,
BigBasket,sugarcane bagasse to plates,,6,,,
BigBasket,bagasse plate weight,,6,,,
BigBasket,disposable serving trays aluminum,,6,,,
BigBasket,disposable serving trays christmas,,6,,,
BigBasket,disposable serving trays for desserts,,6,,,
BigBasket,plastic ready meal tray melted in oven,,6,,,
BigBasket,disposable lunch trays nearby,,6,,,
BigBasket,disposable meal prep tray,,6,,,
BigBasket,disposable food tray with cover,,6,,,
BigBasket,polystyrene paper cups 250ml,,6,,,
BigBasket,bulk coffee cups amazon,,6,,,
BigBasket,bulk disposable tea cups and saucers,,6,,,
BigBasket,brown paper cups bulk,,6,,,
BigBasket,bulk paper cone cups,,6,,,
BigBasket,bulk coffee cups for coffee shop,,6,,,
BigBasket,wholesale paper cup manufacturers in kerala,,6,,,
BigBasket,bulk coffee cups with lids and sleeves,,6,,,
BigBasket,bulk coffee cups nearby,,6,,,
BigBasket,bulk disposable shot cups,,6,,,
BigBasket,bamboo cutlery set amazon,,6,,,
BigBasket,wooden knife block set uk,,6,,,
BigBasket,wooden knife set for toddlers,,6,,,
BigBasket,wooden knife handle set,,6,,,
BigBasket,cutlery set in wooden case,,6,,,
BigBasket,wooden utensils set kmart,,6,,,
BigBasket,wooden utensils set non toxic,,6,,,
BigBasket,wooden picnic cutlery set,,6,,,
BigBasket,bamboo cutlery set silver,,6,,,
BigBasket,wooden knife set with stand,,6,,,
BigBasket,wooden utensils set teak,,6,,,
BigBasket,bamboo handle cutlery set uk,,6,,,
BigBasket,disposable cutlery argos,,6,,,
BigBasket,disposable cutlery big w,,6,,,
BigBasket,disposable cutlery compostable,,6,,,
BigBasket,plastic cutlery drainer,,6,,,
BigBasket,disposable forks eco,,6,,,
BigBasket,disposable cutlery for kids,,6,,,
BigBasket,plastic cutlery gold,,6,,,
BigBasket,disposable cutlery holder for party,,6,,,
BigBasket,disposable cutlery items,,6,,,
BigBasket,disposable forks kmart,,6,,,
BigBasket,plastic cutlery lunch set,,6,,,
BigBasket,disposable cutlery morrisons,,6,,,
BigBasket,disposable cutlery ntuc,,6,,,
BigBasket,plastic cutlery on plane,,6,,,
BigBasket,disposable cutlery price,,6,,,
BigBasket,plastic cutlery reject shop,,6,,,
BigBasket,disposable cutlery singapore,,6,,,
BigBasket,disposable cutlery that looks real,,6,,,
BigBasket,plastic cutlery uk ban,,6,,,
BigBasket,disposable cutlery wholesale singapore,,6,,,
BigBasket,sugar cane bar reviews,,6,,,
BigBasket,compostable cups and straws,,6,,,
BigBasket,compostable packaging boxes,,6,,,
BigBasket,compostable cosmetic containers,,6,,,
BigBasket,compostable deli containers with lids,,6,,,
BigBasket,compostable espresso cups,,6,,,
BigBasket,compostable food containers near me,,6,,,
BigBasket,can compostable containers go in fogo,,6,,,
BigBasket,compostable hot cups with lids,,6,,,
BigBasket,compostable insulated packaging,,6,,,
BigBasket,compostable k cups nearby,,6,,,
BigBasket,compostable cups lids,,6,,,
BigBasket,compostable muffin containers,,6,,,
BigBasket,compostable packaging nz,,6,,,
BigBasket,compostable take out containers canada,,6,,,
BigBasket,compostable pla containers,,6,,,
BigBasket,are egg containers compostable,,6,,,
BigBasket,are compostable containers recyclable,,6,,,
BigBasket,compostable snack containers,,6,,,
BigBasket,compostable cups target,,6,,,
BigBasket,compostable cups walmart,,6,,,
BigBasket,compostable black straws,,6,,,
BigBasket,compostable coffee straws,,6,,,
BigBasket,are compostable straws more expensive,,6,,,
BigBasket,biodegradable straws for restaurants,,6,,,
BigBasket,biodegradable straws green,,6,,,
BigBasket,bpi compostable straw ingredients,,6,,,
BigBasket,compostable straw manufacturer,,6,,,
BigBasket,biodegradable straws nz,,6,,,
BigBasket,biodegradable straws price,,6,,,
BigBasket,biodegradable rice straws,,6,,,
BigBasket,biodegradable straws starbucks,,6,,,
BigBasket,tuv compostable straws,,6,,,
BigBasket,biodegradable straws walmart,,6,,,
BigBasket,paper straws are terrible,,6,,,
BigBasket,paper straws bad for you,,6,,,
BigBasket,paper straws crazy store,,6,,,
BigBasket,paper straws don t work,,6,,,
BigBasket,paper straws in europe,,6,,,
BigBasket,paper straws for bee house,,6,,,
BigBasket,paper straws gold,,6,,,
BigBasket,paper straws health risk,,6,,,
BigBasket,paper straws in canada,,6,,,
BigBasket,paper straws are a joke,,6,,,
BigBasket,paper straws burger king,,6,,,
BigBasket,paper straws lebanon,,6,,,
BigBasket,paper straws made in usa,,6,,,
BigBasket,paper straws news,,6,,,
BigBasket,paper straws on amazon,,6,,,
BigBasket,paper straws pfas study,,6,,,
BigBasket,paper straws reject shop,,6,,,
BigBasket,paper straws soggy,,6,,,
BigBasket,paper straws the range,,6,,,
BigBasket,paper straws urban dictionary,,6,,,
BigBasket,paper straws video,,6,,,
BigBasket,paper straws wrapped in plastic,,6,,,
BigBasket,9 year old study paper straws,,6,,,
BigBasket,food packaging and labelling,,6,,,
BigBasket,food packaging box manufacturers,,6,,,
BigBasket,food packaging company near me,,6,,,
BigBasket,food packaging design ideas,,6,,,
BigBasket,food packaging experience certificate,,6,,,
BigBasket,food packaging factory,,6,,,
BigBasket,food packaging guidelines,,6,,,
BigBasket,food packaging hiring near me,,6,,,
BigBasket,food packaging images,,6,,,
BigBasket,food packaging jobs in russia,,6,,,
BigBasket,food packaging kota kinabalu,,6,,,
BigBasket,food packaging laws and regulations,,6,,,
BigBasket,food packaging material shop near me,,6,,,
BigBasket,food packaging network,,6,,,
BigBasket,food packaging online australia,,6,,,
BigBasket,food packaging paper bags,,6,,,
BigBasket,food packaging quiz,,6,,,
BigBasket,food packaging regulations fssai,,6,,,
BigBasket,food packaging suppliers near me,,6,,,
BigBasket,food packaging technology nptel,,6,,,
BigBasket,food packaging unit near me,,6,,,
BigBasket,food packaging volunteer near me,,6,,,
BigBasket,food packaging work from home,,6,,,
BigBasket,purpose of food packaging,,6,,,
BigBasket,cat food yellow packaging,,6,,,
BigBasket,food packaging zipper bag,,6,,,
BigBasket,party decorations amazon,,6,,,
BigBasket,party supplies bangalore,,6,,,
BigBasket,party supplies calgary,,6,,,
BigBasket,party supplies downtown la,,6,,,
BigBasket,party supplies el paso tx,,6,,,
BigBasket,party supplies fayetteville nc,,6,,,
BigBasket,party supplies glasgow,,6,,,
BigBasket,party supplies hoppers crossing,,6,,,
BigBasket,party supplies in bulk,,6,,,
BigBasket,party supplies joplin mo,,6,,,
BigBasket,party supplies kmart,,6,,,
BigBasket,party supplies louisville ky,,6,,,
BigBasket,party supplies manchester,,6,,,
BigBasket,party supplies nyc,,6,,,
BigBasket,party supplies ottawa,,6,,,
BigBasket,party decorations paper,,6,,,
BigBasket,party favors quinceanera,,6,,,
BigBasket,party decorations rental,,6,,,
BigBasket,party decorations store near me,,6,,,
BigBasket,party supplies tyler tx,,6,,,
BigBasket,party supplies upper hutt,,6,,,
BigBasket,party supplies victoria tx,,6,,,
BigBasket,party supplies wellington,,6,,,
BigBasket,party supplies york,,6,,,
BigBasket,party supplies zurrieq,,6,,,
BigBasket,bagasse plates manufacturing machine cost,,7,,,
BigBasket,bulk disposable cups,,7,,,
BigBasket,eco friendly disposable plates and bowls,,7,,,
BigBasket,eco friendly bagasse plates,,7,,,
BigBasket,eco friendly charger plates,,7,,,
BigBasket,eco friendly disposable plates machine,,7,,,
BigBasket,eco friendly disposable plates for wedding,,7,,,
BigBasket,eco friendly microwavable plates,,7,,,
BigBasket,eco friendly plates and glasses,,7,,,
BigBasket,eco friendly snack plates,,7,,,
BigBasket,eco friendly to go plates,,7,,,
BigBasket,biodegradable plates and cups making machine,,7,,,
BigBasket,biodegradable bagasse plates,,7,,,
BigBasket,biodegradable plates china,,7,,,
BigBasket,biodegradable disposable plates near me,,7,,,
BigBasket,plates compostable except in ca,,7,,,
BigBasket,biodegradable plates from leaves,,7,,,
BigBasket,compostable plates gluten free,,7,,,
BigBasket,biodegradable tableware hs code,,7,,,
BigBasket,biodegradable kitchen utensils,,7,,,
BigBasket,compostable lunch plates,,7,,,
BigBasket,biodegradable plates manufacturers in hyderabad,,7,,,
BigBasket,oracle biodegradable plates,,7,,,
BigBasket,biodegradable paper plates near me,,7,,,
BigBasket,compostable plates reddit,,7,,,
BigBasket,biodegradable plates south africa,,7,,,
BigBasket,biodegradable single use plates,,7,,,
BigBasket,biodegradable plates walmart,,7,,,
BigBasket,disposable plates and glass shop near me,,7,,,
BigBasket,disposable plates biodegradable,,7,,,
BigBasket,disposable plates chickpet,,7,,,
BigBasket,disposable plates diy,,7,,,
BigBasket,disposable plates eco,,7,,,
BigBasket,disposable plates factory near me,,7,,,
BigBasket,disposable plates gold,,7,,,
BigBasket,disposable plates home bargains,,7,,,
BigBasket,disposable plates in sadar bazar,,7,,,
BigBasket,disposable plates jumia,,7,,,
BigBasket,disposable plates kenya,,7,,,
BigBasket,disposable plates lebanon,,7,,,
BigBasket,disposable plates meaning,,7,,,
BigBasket,disposable plates near me open now,,7,,,
BigBasket,disposable plates officeworks,,7,,,
BigBasket,disposable plates pack,,7,,,
BigBasket,paper plates quality,,7,,,
BigBasket,disposable plates round,,7,,,
BigBasket,disposable plates silver,,7,,,
BigBasket,disposable plates that look real,,7,,,
BigBasket,disposable plates under ₹ 1000,,7,,,
BigBasket,disposable plates viva,,7,,,
BigBasket,disposable plates with compartments,,7,,,
BigBasket,paper plates xmas tree,,7,,,
BigBasket,paper plates yakuza kiwami,,7,,,
BigBasket,paper plates zazzle,,7,,,
BigBasket,bagasse plates hsn code and gst rate,,7,,,
BigBasket,bagasse plates benefits,,7,,,
BigBasket,bagasse disposable plate hsn code,,7,,,
BigBasket,eco bagasse plates,,7,,,
BigBasket,plates from bagasse,,7,,,
BigBasket,disposable bagasse plates hsn code,,7,,,
BigBasket,bagasse tableware importers in usa,,7,,,
BigBasket,bagasse plate manufacturers near me,,7,,,
BigBasket,bagasse party plates,,7,,,
BigBasket,bagasse round plate 7,,7,,,
BigBasket,bagasse tableware supplier,,7,,,
BigBasket,bagasse use and throw plates,,7,,,
BigBasket,bagasse plate water resistant,,7,,,
BigBasket,disposable food trays asda,,7,,,
BigBasket,disposable serving trays coles,,7,,,
BigBasket,disposable serving trays for food,,7,,,
BigBasket,disposable food trays nz,,7,,,
BigBasket,disposable food tray party,,7,,,
BigBasket,8cp meal tray takeaway disposable thali with lid,,7,,,
BigBasket,disposable food tray warmers,,7,,,
BigBasket,bulk disposable cups and lids,,7,,,
BigBasket,bulk coffee cups cute,,7,,,
BigBasket,paper cups for coffee bulk,,7,,,
BigBasket,wholesale paper cup manufacturers in ahmedabad,,7,,,
BigBasket,bulk disposable cups with lids and straws,,7,,,
BigBasket,wholesale paper cup manufacturers south africa,,7,,,
BigBasket,bulk coffee shop cups,,7,,,
BigBasket,bulk coffee takeaway cups,,7,,,
BigBasket,bamboo cutlery set australia,,7,,,
BigBasket,wooden knife box set,,7,,,
BigBasket,bamboo cutlery set for kids,,7,,,
BigBasket,cutlery wooden handle set,,7,,,
BigBasket,wooden utensils set with holder,,7,,,
BigBasket,ikea wooden cutlery set,,7,,,
BigBasket,bamboo cutlery set kmart,,7,,,
BigBasket,wooden cooking utensils set made in usa,,7,,,
BigBasket,wooden utensils set nearby,,7,,,
BigBasket,premium wooden cutlery set,,7,,,
BigBasket,wooden handle cutlery set sale,,7,,,
BigBasket,disposable cutlery at costco,,7,,,
BigBasket,disposable cutlery bamboo,,7,,,
BigBasket,disposable cutlery caddy,,7,,,
BigBasket,plastic cutlery dispenser,,7,,,
BigBasket,disposable tableware eco friendly,,7,,,
BigBasket,disposable cutlery for cafe,,7,,,
BigBasket,disposable utensils gold,,7,,,
BigBasket,disposable cutlery hk,,7,,,
BigBasket,disposable cutlery in bulk,,7,,,
BigBasket,plastic cutlery kids,,7,,,
BigBasket,plastic cutlery lebanon,,7,,,
BigBasket,disposable cutlery machine,,7,,,
BigBasket,plastic cutlery near me,,7,,,
BigBasket,disposable utensils organizer,,7,,,
BigBasket,disposable cutlery plates,,7,,,
BigBasket,plastic cutlery recyclable,,7,,,
BigBasket,disposable cutlery set costco,,7,,,
BigBasket,disposable cutlery tm class,,7,,,
BigBasket,disposable utility knife,,7,,,
BigBasket,disposable cutlery wedding,,7,,,
BigBasket,parts of a sugarcane stem,,7,,,
BigBasket,biodegradable containers amazon,,7,,,
BigBasket,compostable packaging brands,,7,,,
BigBasket,compostable cups costco,,7,,,
BigBasket,compostable packaging disposal,,7,,,
BigBasket,compostable eco cups,,7,,,
BigBasket,compostable food containers wholesale,,7,,,
BigBasket,compostable grease cups,,7,,,
BigBasket,compostable hot cups near me,,7,,,
BigBasket,compostable iced cups,,7,,,
BigBasket,compostable k cups coffee,,7,,,
BigBasket,compostable packaging materials,,7,,,
BigBasket,biodegradable containers near me,,7,,,
BigBasket,compostable take out containers nearby,,7,,,
BigBasket,compostable packaging products,,7,,,
BigBasket,compostable reusable cups,,7,,,
BigBasket,compostable sandwich containers,,7,,,
BigBasket,compostable packaging toronto,,7,,,
BigBasket,compostable cups with lids and straws,,7,,,
BigBasket,are compostable straws gluten free,,7,,,
BigBasket,compostable bamboo straws,,7,,,
BigBasket,biodegradable straws canada,,7,,,
BigBasket,ecosystems compostable straws gluten free,,7,,,
BigBasket,bpi compostable straws gluten free,,7,,,
BigBasket,do compostable straws have wheat,,7,,,
BigBasket,ingeo compostable straws,,7,,,
BigBasket,biodegradable straws made of,,7,,,
BigBasket,compostable super smoothie natural straws,,7,,,
BigBasket,compostable pasta straw,,7,,,
BigBasket,biodegradable reusable straws,,7,,,
BigBasket,biodegradable straws sugarcane,,7,,,
BigBasket,biodegradable straws wrapped,,7,,,
BigBasket,paper straws aldi,,7,,,
BigBasket,paper straws bad,,7,,,
BigBasket,paper straws chemicals,,7,,,
BigBasket,paper straws disadvantages,,7,,,
BigBasket,paper straws explode meme,,7,,,
BigBasket,paper straws for drinking,,7,,,
BigBasket,paper straws gf,,7,,,
BigBasket,paper straws harmful chemicals,,7,,,
BigBasket,paper straws in florida,,7,,,
BigBasket,jumbo paper straws near me,,7,,,
BigBasket,go green paper straws kochi,,7,,,
BigBasket,paper straws light blue,,7,,,
BigBasket,paper straws mcdonald's,,7,,,
BigBasket,paper straws nj,,7,,,
BigBasket,paper straws on capri suns,,7,,,
BigBasket,paper straws pink,,7,,,
BigBasket,paper straws restaurant,,7,,,
BigBasket,paper straws starbucks,,7,,,
BigBasket,paper straws toxic study,,7,,,
BigBasket,paper u straws,,7,,,
BigBasket,are paper straws vegan,,7,,,
BigBasket,paper straws with gluten,,7,,,
BigBasket,food packaging and shelf life journal abbreviation,,7,,,
BigBasket,food packaging business,,7,,,
BigBasket,food packaging container wholesale,,7,,,
BigBasket,food packaging design templates,,7,,,
BigBasket,food packaging eco friendly,,7,,,
BigBasket,food packaging for travel,,7,,,
BigBasket,food packaging glasgow,,7,,,
BigBasket,food packaging hamilton,,7,,,
BigBasket,food packaging items shop near me,,7,,,
BigBasket,food packaging jobs in luxembourg with visa sponsorship,,7,,,
BigBasket,food packaging kraft box,,7,,,
BigBasket,food packaging logo design,,7,,,
BigBasket,food packaging mockup,,7,,,
BigBasket,food packaging near me wholesale,,7,,,
BigBasket,food packaging ontario,,7,,,
BigBasket,food packaging packet,,7,,,
BigBasket,food packaging qld,,7,,,
BigBasket,food packaging rules,,7,,,
BigBasket,food packaging suppliers,,7,,,
BigBasket,food packaging types,,7,,,
BigBasket,food packaging using banana leaves,,7,,,
BigBasket,food packaging vacuum sealer,,7,,,
BigBasket,food packaging wholesale shop near me,,7,,,
BigBasket,food packaging facts,,7,,,
BigBasket,dog food yellow packaging,,7,,,
BigBasket,food packaging zimbabwe,,7,,,
BigBasket,party supplies auckland,,7,,,
BigBasket,party supplies birmingham al,,7,,,
BigBasket,party supplies canberra,,7,,,
BigBasket,party supplies dollar tree,,7,,,
BigBasket,party supplies eugene,,7,,,
BigBasket,party supplies fort collins,,7,,,
BigBasket,party supplies greensboro nc,,7,,,
BigBasket,party supplies hobart,,7,,,
BigBasket,party supplies in los angeles,,7,,,
BigBasket,party supplies jonesboro ar,,7,,,
BigBasket,party supplies knoxville tn,,7,,,
BigBasket,party decorations list,,7,,,
BigBasket,party supplies mackay,,7,,,
BigBasket,party plates near me,,7,,,
BigBasket,party decorations online,,7,,,
BigBasket,party decorations personalised,,7,,,
BigBasket,party supplies quincy il,,7,,,
BigBasket,party supplies richmond va,,7,,,
BigBasket,party supplies sydney,,7,,,
BigBasket,party supplies target,,7,,,
BigBasket,party supplies upper east side,,7,,,
BigBasket,party supplies victoria bc,,7,,,
BigBasket,party supplies wholesale distributors usa,,7,,,
BigBasket,party supplies yuma,,7,,,
BigBasket,party supplies zejtun,,7,,,
BigBasket,disposable serving trays,,8,,,
BigBasket,wholesale paper cups,,8,,,
BigBasket,what are eco friendly plates,,8,,,
BigBasket,eco friendly birthday plates,,8,,,
BigBasket,eco friendly ceramic plates,,8,,,
BigBasket,eco friendly food dishes,,8,,,
BigBasket,eco friendly areca leaf plates,,8,,,
BigBasket,eco friendly plates and spoons,,8,,,
BigBasket,eco friendly scrubber dishes,,8,,,
BigBasket,biodegradable plates and utensils,,8,,,
BigBasket,biodegradable bone plates,,8,,,
BigBasket,biodegradable plates cutlery,,8,,,
BigBasket,biodegradable dinner plates bulk,,8,,,
BigBasket,biodegradable eating utensils,,8,,,
BigBasket,biodegradable plates from rice straw,,8,,,
BigBasket,gluten in.compostable.plates,,8,,,
BigBasket,biodegradable tableware hsn code,,8,,,
BigBasket,compostable kids plates,,8,,,
BigBasket,biodegradable plates manufacturing machine in india,,8,,,
BigBasket,biodegradable utensils near me,,8,,,
BigBasket,organic biodegradable plates,,8,,,
BigBasket,biodegradable plastic plates and cutlery,,8,,,
BigBasket,compostable plates restaurant depot,,8,,,
BigBasket,biodegradable sugarcane plates,,8,,,
BigBasket,compostable plates tesco,,8,,,
BigBasket,biodegradable plates wholesale price,,8,,,
BigBasket,disposable plates and cups making machine price,,8,,,
BigBasket,disposable plates business plan,,8,,,
BigBasket,disposable plates costco,,8,,,
BigBasket,disposable plates drawing,,8,,,
BigBasket,disposable plates edeka,,8,,,
BigBasket,disposable plates for wedding,,8,,,
BigBasket,disposable plates gold rim,,8,,,
BigBasket,disposable plates holder,,8,,,
BigBasket,disposable plates ikea,,8,,,
BigBasket,disposable plates john lewis,,8,,,
BigBasket,disposable plates katori,,8,,,
BigBasket,disposable plates looksharp,,8,,,
BigBasket,disposable plates material,,8,,,
BigBasket,disposable plates near me shop,,8,,,
BigBasket,disposable plates oval,,8,,,
BigBasket,disposable plates paper banana leaf,,8,,,
BigBasket,plastic plates quality,,8,,,
BigBasket,disposable plates red,,8,,,
BigBasket,disposable plates sugarcane,,8,,,
BigBasket,disposable plates the range,,8,,,
BigBasket,disposable plates use and throw,,8,,,
BigBasket,disposable plates vyapar kendra,,8,,,
BigBasket,disposable plates with compartments and lid,,8,,,
BigBasket,paper plates x50,,8,,,
BigBasket,disposable yusheng plate,,8,,,
BigBasket,paper plates zimbabwe,,8,,,
BigBasket,bagasse plates manufacturers in ahmedabad,,8,,,
BigBasket,bagasse biodegradable plates,,8,,,
BigBasket,bagasse disposable plate manufacturers,,8,,,
BigBasket,ezee bagasse plates,,8,,,
BigBasket,fresh bagasse plates,,8,,,
BigBasket,sugarcane bagasse plates hs code,,8,,,
BigBasket,bagasse tableware importers in uk,,8,,,
BigBasket,bagasse plates machine,,8,,,
BigBasket,sugarcane bagasse plates near me,,8,,,
BigBasket,bagasse tableware products,,8,,,
BigBasket,bagasse snack plate,,8,,,
BigBasket,tesco bagasse plates,,8,,,
BigBasket,is bagasse compostable,,8,,,
BigBasket,bagasse plate with food,,8,,,
BigBasket,disposable serving trays and platters,,8,,,
BigBasket,disposable serving tray with compartments,,8,,,
BigBasket,disposable serving trays poundland,,8,,,
BigBasket,disposable lunch tray with lid,,8,,,
BigBasket,bulk paper plates and cups,,8,,,
BigBasket,bulk coffee creamer cups,,8,,,
BigBasket,paper cups for hot drinks bulk,,8,,,
BigBasket,wholesale paper cup manufacturers in chennai,,8,,,
BigBasket,bulk coffee cups with lids plastic,,8,,,
BigBasket,paper cups bulk price,,8,,,
BigBasket,where to buy bulk paper cups,,8,,,
BigBasket,bulk coffee cups with saucers,,8,,,
BigBasket,wooden utensils set acacia,,8,,,
BigBasket,biopak wooden cutlery set,,8,,,
BigBasket,bamboo cutlery set with case,,8,,,
BigBasket,wooden utensils set for kitchen,,8,,,
BigBasket,silver cutlery set in wooden box,,8,,,
BigBasket,wooden utensils kitchen set,,8,,,
BigBasket,bamboo cutlery set near me,,8,,,
BigBasket,pre packed wooden cutlery set,,8,,,
BigBasket,kitchen cutlery set price,,8,,,
BigBasket,bamboo cutlery set for toddlers,,8,,,
BigBasket,cutlery collections wooden utensil set,,8,,,
BigBasket,bamboo cutlery set wholesale,,8,,,
BigBasket,disposable cutlery and plates near me,,8,,,
BigBasket,disposable cutlery bags,,8,,,
BigBasket,disposable cutlery container,,8,,,
BigBasket,plastic cutlery drawer inserts,,8,,,
BigBasket,disposable tableware exhibition,,8,,,
BigBasket,disposable cutlery fork,,8,,,
BigBasket,disposable forks gold,,8,,,
BigBasket,plastic cutlery holder,,8,,,
BigBasket,plastic cutlery ikea,,8,,,
BigBasket,plastic cutlery kit,,8,,,
BigBasket,plastic cutlery law,,8,,,
BigBasket,disposable cutlery malta,,8,,,
BigBasket,disposable utensils near me,,8,,,
BigBasket,disposable silverware organizer,,8,,,
BigBasket,disposable cutlery packets,,8,,,
BigBasket,plastic cutlery rack,,8,,,
BigBasket,disposable cutlery supplier,,8,,,
BigBasket,disposable cutlery temu,,8,,,
BigBasket,disposable utility knife blades,,8,,,
BigBasket,disposable cutlery waitrose,,8,,,
BigBasket,compostable packaging amazon,,8,,,
BigBasket,compostable cups branded,,8,,,
BigBasket,compostable packaging canada,,8,,,
BigBasket,compostable packaging definition,,8,,,
BigBasket,biodegradable egg containers ( clue),,8,,,
BigBasket,compostable food containers costco,,8,,,
BigBasket,compostable to go containers,,8,,,
BigBasket,compostable herb packaging,,8,,,
BigBasket,compostable k cups walmart,,8,,,
BigBasket,compostable packaging meaning,,8,,,
BigBasket,compostable cups nz,,8,,,
BigBasket,compostable take out containers near me,,8,,,
BigBasket,compostable cups plastic,,8,,,
BigBasket,compostable red cups,,8,,,
BigBasket,compostable small containers,,8,,,
BigBasket,compostable packaging tape,,8,,,
BigBasket,compostable cups wedding,,8,,,
BigBasket,are compostable straws safe,,8,,,
BigBasket,compostable bendable straws,,8,,,
BigBasket,biodegradable straws clear,,8,,,
BigBasket,starbucks compostable straws gluten free,,8,,,
BigBasket,biodegradable honey straws,,8,,,
BigBasket,biodegradable straws material,,8,,,
BigBasket,biodegradable straws singapore,,8,,,
BigBasket,biodegradable straws what are they made of,,8,,,
BigBasket,paper straws are stupid,,8,,,
BigBasket,paper straws biodegradable,,8,,,
BigBasket,paper straws celiac,,8,,,
BigBasket,paper straws disney,,8,,,
BigBasket,trump paper straws.explode,,8,,,
BigBasket,paper straws forever chemicals study,,8,,,
BigBasket,paper straws gary owen,,8,,,
BigBasket,paper straws hobbycraft,,8,,,
BigBasket,paper straws in store,,8,,,
BigBasket,jacent paper straws,,8,,,
BigBasket,kraft paper straws,,8,,,
BigBasket,paper straws length,,8,,,
BigBasket,paper straws microplastics,,8,,,
BigBasket,paper straws not recyclable,,8,,,
BigBasket,paper straws or plastic,,8,,,
BigBasket,paper straws problem,,8,,,
BigBasket,paper straws research,,8,,,
BigBasket,paper straws sri lanka,,8,,,
BigBasket,paper straws thick,,8,,,
BigBasket,paper umbrella straws,,8,,,
BigBasket,trump paper straws video,,8,,,
BigBasket,paper straws wheat,,8,,,
BigBasket,paper straws bad for your health,,8,,,
BigBasket,food packaging and preservation,,8,,,
BigBasket,food packaging boxes 1000ml,,8,,,
BigBasket,food packaging companies in india,,8,,,
BigBasket,food packaging dealers near me,,8,,,
BigBasket,food packaging equipment,,8,,,
BigBasket,food packaging for delivery,,8,,,
BigBasket,food packaging glue,,8,,,
BigBasket,food packaging hiring abroad,,8,,,
BigBasket,food packaging india,,8,,,
BigBasket,food packaging jobs in luxembourg,,8,,,
BigBasket,food packaging kz,,8,,,
BigBasket,food packaging laws and regulations in india,,8,,,
BigBasket,food packaging material wholesale near me,,8,,,
BigBasket,food packaging nitrogen,,8,,,
BigBasket,food packaging officeworks,,8,,,
BigBasket,food packaging plastic box,,8,,,
BigBasket,food packaging questions,,8,,,
BigBasket,food packaging resume,,8,,,
BigBasket,food packaging sticker design,,8,,,
BigBasket,food packaging thali near me,,8,,,
BigBasket,food packaging us,,8,,,
BigBasket,food packaging vector,,8,,,
BigBasket,food packaging website,,8,,,
BigBasket,food packaging over the years,,8,,,
BigBasket,food packaging zambia,,8,,,
BigBasket,party supplies amarillo,,8,,,
BigBasket,party supplies ballarat,,8,,,
BigBasket,party supplies charlotte nc,,8,,,
BigBasket,party decorations diy,,8,,,
BigBasket,party supplies egypt,,8,,,
BigBasket,party decorations for birthday,,8,,,
BigBasket,party supplies grand rapids,,8,,,
BigBasket,party supplies hobby lobby,,8,,,
BigBasket,party decorations in store,,8,,,
BigBasket,party supplies johnson city tn,,8,,,
BigBasket,party supplies katy,,8,,,
BigBasket,party supplies lebanon,,8,,,
BigBasket,party supplies midland tx,,8,,,
BigBasket,party supplies nz,,8,,,
BigBasket,party supplies overland park,,8,,,
BigBasket,party supplies paw patrol,,8,,,
BigBasket,party balloons quezon city,,8,,,
BigBasket,party supplies roanoke va,,8,,,
BigBasket,party supplies san antonio,,8,,,
BigBasket,party supplies toowoomba,,8,,,
BigBasket,party supplies victorville,,8,,,
BigBasket,party supplies warehouse,,8,,,
BigBasket,party supplies youngstown ohio,,8,,,
BigBasket,party supplies zebbug,,8,,,
BigBasket,disposable food trays,,9,,,
BigBasket,what is a party platter,,9,,,
BigBasket,eco friendly banana plates,,9,,,
BigBasket,eco friendly disposable plates business,,9,,,
BigBasket,eco friendly fancy disposable plates,,9,,,
BigBasket,eco friendly disposable plates with lid,,9,,,
BigBasket,banana leaves to eco friendly plates,,9,,,
BigBasket,biodegradable plates and cutlery,,9,,,
BigBasket,biodegradable buffet plates,,9,,,
BigBasket,biodegradable compartment plates,,9,,,
BigBasket,biodegradable plates fractures,,9,,,
BigBasket,biodegradable paper plates gluten,,9,,,
BigBasket,compostable large plates,,9,,,
BigBasket,biodegradable plates manufacturers in india,,9,,,
BigBasket,compostable plates nz,,9,,,
BigBasket,oracle biodegradable plates price,,9,,,
BigBasket,biodegradable party plates and cups,,9,,,
BigBasket,biodegradable serving plates,,9,,,
BigBasket,compostable plates to go,,9,,,
BigBasket,biodegradable plates with cover,,9,,,
BigBasket,disposable plates and cups near me,,9,,,
BigBasket,disposable plates bowls and cutlery,,9,,,
BigBasket,disposable plates coles,,9,,,
BigBasket,disposable plates dollarama,,9,,,
BigBasket,disposable plates easter,,9,,,
BigBasket,disposable plates for cake,,9,,,
BigBasket,disposable plates gandhinagar,,9,,,
BigBasket,disposable plates hs code,,9,,,
BigBasket,disposable plates in spanish,,9,,,
BigBasket,disposable japanese plates,,9,,,
BigBasket,disposable plates kmart bulk,,9,,,
BigBasket,disposable plates leicester,,9,,,
BigBasket,disposable plates making business,,9,,,
BigBasket,disposable plates near me within 1.6 km,,9,,,
BigBasket,disposable plates on blinkit,,9,,,
BigBasket,disposable plates photo,,9,,,
BigBasket,paper plates qfc,,9,,,
BigBasket,disposable plates recyclable,,9,,,
BigBasket,disposable plates supplier,,9,,,
BigBasket,disposable plates trinidad,,9,,,
BigBasket,disposable plates unique,,9,,,
BigBasket,disposable plates video,,9,,,
BigBasket,disposable plates with lid wholesale,,9,,,
BigBasket,disposable plates new year,,9,,,
BigBasket,disposable plates nz,,9,,,
BigBasket,are bagasse plates microwave safe,,9,,,
BigBasket,are bagasse plates strong,,9,,,
BigBasket,bagasse based plates,,9,,,
BigBasket,ieco bagasse plates costco,,9,,,
BigBasket,bagasse disposable tableware,,9,,,
BigBasket,ecosoul bagasse plates,,9,,,
BigBasket,bagasse plates meaning in hindi,,9,,,
BigBasket,bagasse tableware importers,,9,,,
BigBasket,bagasse plates manufacturing project report,,9,,,
BigBasket,bagasse tableware products market,,9,,,
BigBasket,sugarcane bagasse plates raw material,,9,,,
BigBasket,bagasse plate white,,9,,,
BigBasket,disposable food tray with compartments,,9,,,
BigBasket,plastic ready meal tray melted in oven tesco,,9,,,
BigBasket,disposable paper food tray near me,,9,,,
BigBasket,disposable food trays pink,,9,,,
BigBasket,bulk disposable cocktail cups,,9,,,
BigBasket,floral paper cups bulk,,9,,,
BigBasket,wholesale paper cup manufacturers in ajman,,9,,,
BigBasket,bulk paper coffee cups with lids,,9,,,
BigBasket,bulk coffee cups white,,9,,,
BigBasket,wooden knife set amazon,,9,,,
BigBasket,best wooden cutlery set,,9,,,
BigBasket,wooden camping cutlery set,,9,,,
BigBasket,best wooden utensils set for cooking,,9,,,
BigBasket,where to buy cutlery sets,,9,,,
BigBasket,vintage cutlery set in wooden box,,9,,,
BigBasket,wooden knife kitchen set,,9,,,
BigBasket,bamboo cutlery set nearby,,9,,,
BigBasket,wooden plate and cutlery set,,9,,,
BigBasket,disposable cutlery and napkin set,,9,,,
BigBasket,disposable cutlery black,,9,,,
BigBasket,disposable cutlery clear,,9,,,
BigBasket,plastic cutlery drawer,,9,,,
BigBasket,disposable utensils edible cutlery,,9,,,
BigBasket,disposable cutlery for events,,9,,,
BigBasket,plastic cutlery good quality,,9,,,
BigBasket,plastic cutlery home bargains,,9,,,
BigBasket,plastic cutlery insert,,9,,,
BigBasket,plastic cutlery kroger,,9,,,
BigBasket,disposable tableware logo,,9,,,
BigBasket,disposable cutlery manufacturers in india,,9,,,
BigBasket,plastic cutlery nz,,9,,,
BigBasket,plastic cutlery organizer drawer,,9,,,
BigBasket,disposable cutlery packaging,,9,,,
BigBasket,plastic cutlery range,,9,,,
BigBasket,disposable cutlery storage,,9,,,
BigBasket,disposable toddler cutlery,,9,,,
BigBasket,disposable utensils cutlery,,9,,,
BigBasket,disposable cutlery warehouse,,9,,,
BigBasket,compostable cups and cutlery,,9,,,
BigBasket,biodegradable containers bulk,,9,,,
BigBasket,compostable cups canada,,9,,,
BigBasket,compostable disposable cups,,9,,,
BigBasket,compostable food containers canada,,9,,,
BigBasket,compostable to go containers near me,,9,,,
BigBasket,compostable holiday cups,,9,,,
BigBasket,is compostable containers microwavable,,9,,,
BigBasket,compostable k cups amazon,,9,,,
BigBasket,compostable cups meaning,,9,,,
BigBasket,compostable packaging near me,,9,,,
BigBasket,compostable food take out containers,,9,,,
BigBasket,compostable packaging ppwr,,9,,,
BigBasket,compostable round cups,,9,,,
BigBasket,compostable soup containers with lids,,9,,,
BigBasket,biodegradable containers trinidad,,9,,,
BigBasket,biodegradable containers wholesale,,9,,,
BigBasket,are compostable straws paper,,9,,,
BigBasket,compostable bar straws,,9,,,
BigBasket,do compostable straws contain gluten,,9,,,
BigBasket,dunkin compostable straws,,9,,,
BigBasket,resource compostable straws gluten free,,9,,,
BigBasket,biodegradable hard straws,,9,,,
BigBasket,biodegradable straws manufacturers in india,,9,,,
BigBasket,biodegradable paper straws,,9,,,
BigBasket,repurpose compostable straws,,9,,,
BigBasket,compostable wheat straw,,9,,,
BigBasket,paper straws argos,,9,,,
BigBasket,paper straws bad for health,,9,,,
BigBasket,paper straws costco,,9,,,
BigBasket,paper straws disintegrate,,9,,,
BigBasket,paper straws extra long,,9,,,
BigBasket,paper straws for cotton candy,,9,,,
BigBasket,paper straws good or bad,,9,,,
BigBasket,paper straws history,,9,,,
BigBasket,paper straws ikea,,9,,,
BigBasket,jumbo paper straws coles,,9,,,
BigBasket,kikkerland paper straws,,9,,,
BigBasket,paper straws lead,,9,,,
BigBasket,paper straws malta,,9,,,
BigBasket,paper straws not good,,9,,,
BigBasket,paper straws ontario,,9,,,
BigBasket,paper straws pak n save,,9,,,
BigBasket,paper straws range,,9,,,
BigBasket,paper straws supplier,,9,,,
BigBasket,paper straws that bend,,9,,,
BigBasket,are paper straws vatable,,9,,,
BigBasket,paper straws wrapped,,9,,,
BigBasket,yellow paper straws nearby,,9,,,
BigBasket,food packaging and labelling ppt,,9,,,
BigBasket,food packaging boxes plastic,,9,,,
BigBasket,food packaging course,,9,,,
BigBasket,food packaging drawing,,9,,,
BigBasket,food packaging europe,,9,,,
BigBasket,food packaging foil box,,9,,,
BigBasket,food packaging gold coast,,9,,,
BigBasket,food packaging has expanded,,9,,,
BigBasket,food packaging ideas for cloud kitchen,,9,,,
BigBasket,food packaging job in australia,,9,,,
BigBasket,food packaging kuwait,,9,,,
BigBasket,food packaging laws,,9,,,
BigBasket,food packaging materials wholesale,,9,,,
BigBasket,food packaging news,,9,,,
BigBasket,food packaging oxygen absorber,,9,,,
BigBasket,food packaging paper box,,9,,,
BigBasket,food packaging quality,,9,,,
BigBasket,food packaging resume skills,,9,,,
BigBasket,food packaging sleeves,,9,,,
BigBasket,food packaging techniques,,9,,,
BigBasket,food packaging unique,,9,,,
BigBasket,food packaging volunteer opportunities,,9,,,
BigBasket,food packaging without plastic,,9,,,
BigBasket,yummy food packaging centre,,9,,,
BigBasket,food packaging zipper pouch,,9,,,
BigBasket,party supplies atlanta,,9,,,
BigBasket,party decorations big w,,9,,,
BigBasket,party supplies corpus christi,,9,,,
BigBasket,party supplies decoration for birthday,,9,,,
BigBasket,party supplies eau claire,,9,,,
BigBasket,party supplies fargo,,9,,,
BigBasket,party supplies green bay,,9,,,
BigBasket,party supplies harlingen,,9,,,
BigBasket,party supplies in store,,9,,,
BigBasket,party supplies johannesburg,,9,,,
BigBasket,party supplies kansas city,,9,,,
BigBasket,party supplies laredo tx,,9,,,
BigBasket,party supplies modesto,,9,,,
BigBasket,party decorations nz,,9,,,
BigBasket,party supplies odessa tx,,9,,,
BigBasket,party supplies pokemon,,9,,,
BigBasket,party supplies queenstown,,9,,,
BigBasket,party supplies reynella,,9,,,
BigBasket,party supplies singapore,,9,,,
BigBasket,party supplies townsville,,9,,,
BigBasket,party supplies upper west side,,9,,,
BigBasket,party decorations vancouver,,9,,,
BigBasket,party plates walmart,,9,,,
BigBasket,party decorations york,,9,,,
BigBasket,party supplies zootopia,,9,,,
BigBasket,disposable serving trays with lids,,10,,,
BigBasket,party table food ideas,,10,,,
BigBasket,eco friendly camping dinnerware,,10,,,
BigBasket,eco friendly bamboo dinnerware for kids,,10,,,
BigBasket,lillian eco friendly plates,,10,,,
BigBasket,eco friendly paper plates near me,,10,,,
BigBasket,eco friendly sponge dishes,,10,,,
BigBasket,banana leaves to eco friendly plate machine,,10,,,
BigBasket,eco friendly disposable plates wholesale near me,,10,,,
BigBasket,biodegradable plates amazon,,10,,,
BigBasket,biodegradable brown plates,,10,,,
BigBasket,biodegradable cups & plates from sugarcane bagasse,,10,,,
BigBasket,biodegradable disposable plates wholesale,,10,,,
BigBasket,compostable event plates,,10,,,
BigBasket,biodegradable plates for food,,10,,,
BigBasket,are biodegradable plates gluten free,,10,,,
BigBasket,compostable plates heb,,10,,,
BigBasket,compostable plates in bulk,,10,,,
BigBasket,biodegradable banana leaf plates,,10,,,
BigBasket,biodegradable plates manufacturing near me,,10,,,
BigBasket,biodegradable utensils nearby,,10,,,
BigBasket,biodegradable picnic plates,,10,,,
BigBasket,biodegradable section plates,,10,,,
BigBasket,compostable plates that look nice,,10,,,
BigBasket,biodegradable plates with seeds,,10,,,
BigBasket,disposable plates and cups wholesale near me,,10,,,
BigBasket,disposable plates bulk,,10,,,
BigBasket,disposable plates costco canada,,10,,,
BigBasket,disposable plates dollar tree,,10,,,
BigBasket,disposable plates eco soul,,10,,,
BigBasket,disposable plates factory,,10,,,
BigBasket,disposable plates gurgaon,,10,,,
BigBasket,disposable plates hobby lobby,,10,,,
BigBasket,disposable plates in india,,10,,,
BigBasket,paper plates john lewis,,10,,,
BigBasket,disposable plates knives and forks,,10,,,
BigBasket,disposable plates lulu,,10,,,
BigBasket,disposable plates medium size,,10,,,
BigBasket,disposable plates nic code udyam registration,,10,,,
BigBasket,disposable plates oval shape,,10,,,
BigBasket,disposable plates packaging,,10,,,
BigBasket,paper plates quotes,,10,,,
BigBasket,disposable plates reusable,,10,,,
BigBasket,disposable plate store near me,,10,,,
BigBasket,disposable plates trinidad wholesale,,10,,,
BigBasket,disposable under plates,,10,,,
BigBasket,disposable valentines plates,,10,,,
BigBasket,disposable plates wooden,,10,,,
BigBasket,plastic xmas plates kmart,,10,,,
BigBasket,plastic disposable plates yellow,,10,,,
BigBasket,disposable plates nz wholesale,,10,,,
BigBasket,can bagasse plates be microwaved,,10,,,
BigBasket,sugarcane bagasse disposable plates,,10,,,
BigBasket,evaara bagasse plates,,10,,,
BigBasket,bagasse tableware factory,,10,,,
BigBasket,bagasse plates manufacturers in hyderabad,,10,,,
BigBasket,bagasse tableware item,,10,,,
BigBasket,bagasse tableware project report,,10,,,
BigBasket,are bagasse plates recyclable,,10,,,
BigBasket,are bagasse plates safe,,10,,,
BigBasket,bagasse tableware wholesalers,,10,,,
BigBasket,disposable serving tray with cover,,10,,,
BigBasket,plastic meal tray with lid wholesale,,10,,,
BigBasket,disposable food packaging tray,,10,,,
BigBasket,amazon bulk paper cups,,10,,,
BigBasket,bulk paper ice cream cups,,10,,,
BigBasket,wholesale paper cup manufacturers in tamilnadu,,10,,,
BigBasket,wholesale paper cup manufacturers,,10,,,
BigBasket,bulk neoprene coffee cup sleeve,,10,,,
BigBasket,paper cups near me,,10,,,
BigBasket,wooden utensils set and holder,,10,,,
BigBasket,wooden bamboo cutlery set,,10,,,
BigBasket,wooden cooking cutlery set,,10,,,
BigBasket,wooden kitchen utensils set for kids,,10,,,
BigBasket,viners cutlery set in wooden box,,10,,,
BigBasket,wooden kitchen cutlery set,,10,,,
BigBasket,bamboo cutlery set nz,,10,,,
BigBasket,150 piece wooden cutlery set,,10,,,
BigBasket,wooden cooking utensils set target,,10,,,
BigBasket,disposable cutlery and plate set,,10,,,
BigBasket,disposable cutlery biodegradable,,10,,,
BigBasket,disposable cutlery cheap,,10,,,
BigBasket,plastic cutlery drawer organiser,,10,,,
BigBasket,disposable cutlery for steak,,10,,,
BigBasket,plastic cutlery green,,10,,,
BigBasket,plastic cutlery hs code,,10,,,
BigBasket,plastic cutlery in spanish,,10,,,
BigBasket,disposable utensils kmart,,10,,,
BigBasket,plastic cutlery lunch box,,10,,,
BigBasket,disposable cutlery manufacturing business,,10,,,
BigBasket,disposable tableware nz,,10,,,
BigBasket,plastic cutlery officeworks,,10,,,
BigBasket,disposable cutlery pink,,10,,,
BigBasket,plastic cutlery red,,10,,,
BigBasket,disposable cutlery superstore,,10,,,
BigBasket,disposable table cutlery,,10,,,
BigBasket,disposable cutlery meaning in urdu,,10,,,
BigBasket,disposable cutlery wrapped,,10,,,
BigBasket,biodegradable ashes containers,,10,,,
BigBasket,can compostable containers be microwaved,,10,,,
BigBasket,compostable packaging companies,,10,,,
BigBasket,compostable drink cups,,10,,,
BigBasket,compostable fruit containers,,10,,,
BigBasket,compostable to go containers microwave safe,,10,,,
BigBasket,compostable halloween cups,,10,,,
BigBasket,can you put compostable containers in the microwave,,10,,,
BigBasket,compostable k cups near me,,10,,,
BigBasket,biodegradable lunch containers,,10,,,
BigBasket,compostable packaging market,,10,,,
BigBasket,biodegradable containers nearby,,10,,,
BigBasket,compostable cups party,,10,,,
BigBasket,compostable ripple cups,,10,,,
BigBasket,compostable square containers,,10,,,
BigBasket,biodegradable takeaway containers,,10,,,
BigBasket,compostable cups wholesale,,10,,,
BigBasket,are compostable straws plastic,,10,,,
BigBasket,biodegradable straws bulk,,10,,,
BigBasket,biodegradable cocktail straws,,10,,,
BigBasket,do compostable straws break down,,10,,,
BigBasket,are compostable straws gf,,10,,,
BigBasket,home compostable straws,,10,,,
BigBasket,biodegradable straws meaning,,10,,,
BigBasket,biodegradable plastic straws uk,,10,,,
BigBasket,are compostable straws really compostable,,10,,,
BigBasket,biodegradable smoothie straws,,10,,,
BigBasket,biodegradable wheat straws,,10,,,
BigBasket,paper straws are useless,,10,,,
BigBasket,paper straws bridge,,10,,,
BigBasket,paper straws canada law,,10,,,
BigBasket,paper straws diy,,10,,,
BigBasket,paper straws eco friendly,,10,,,
BigBasket,paper straws factory,,10,,,
BigBasket,paper straws get soggy,,10,,,
BigBasket,paper straws health issues,,10,,,
BigBasket,paper straws illegal,,10,,,
BigBasket,do paper straws make a difference,,10,,,
BigBasket,koolaid paper straws,,10,,,
BigBasket,paper straws lyrics,,10,,,
BigBasket,paper straws making machine,,10,,,
BigBasket,paper straws nyc,,10,,,
BigBasket,paper straws order,,10,,,
BigBasket,paper straws picture,,10,,,
BigBasket,paper straws reel,,10,,,
BigBasket,paper straws south africa,,10,,,
BigBasket,paper straws taste bad,,10,,,
BigBasket,paper straws amazon uk,,10,,,
BigBasket,paper straws vs bamboo straws,,10,,,
BigBasket,paper straws wiki,,10,,,
BigBasket,yellow paper straws near me,,10,,,
BigBasket,food packaging and shelf life publication fee,,10,,,
BigBasket,food packaging boxes for restaurants,,10,,,
BigBasket,food packaging containers wholesale near me,,10,,,
BigBasket,food packaging diagram,,10,,,
BigBasket,food packaging expo india,,10,,,
BigBasket,food packaging foil cover,,10,,,
BigBasket,food packaging gujranwala,,10,,,
BigBasket,food packaging hiring,,10,,,
BigBasket,food packaging in hindi,,10,,,
BigBasket,food packaging jobs in spain,,10,,,
BigBasket,food packaging kolkata,,10,,,
BigBasket,food packaging label maker,,10,,,
BigBasket,food packaging machine price,,10,,,
BigBasket,food packaging nptel,,10,,,
BigBasket,food packaging objectives,,10,,,
BigBasket,food packaging plastic bags,,10,,,
BigBasket,food packaging quebec,,10,,,
BigBasket,food packaging rules and regulations,,10,,,
BigBasket,food packaging stickers,,10,,,
BigBasket,food packaging tray price,,10,,,
BigBasket,food packaging unique ideas,,10,,,
BigBasket,food packaging vancouver,,10,,,
BigBasket,food packaging work from home without investment,,10,,,
BigBasket,youquan food packaging jiangsu co ltd,,10,,,
BigBasket,food packaging zurich,,10,,,
BigBasket,party supplies abilene tx,,10,,,
BigBasket,party supplies big w,,10,,,
BigBasket,party supplies cheap,,10,,,
BigBasket,party decorations dollar tree,,10,,,
BigBasket,party supplies edinburgh,,10,,,
BigBasket,party supplies fort lauderdale,,10,,,
BigBasket,party decorations glasgow,,10,,,
BigBasket,party supplies hong kong,,10,,,
BigBasket,party supplies in houston,,10,,,
BigBasket,party supplies jackson ms,,10,,,
BigBasket,party supplies kuwait,,10,,,
BigBasket,party supplies london,,10,,,
BigBasket,party decorations malta,,10,,,
BigBasket,party supplies near me open now,,10,,,
BigBasket,party supplies open now,,10,,,
BigBasket,party plates pink,,10,,,
BigBasket,party supplies queanbeyan,,10,,,
BigBasket,party supplies riverside,,10,,,
BigBasket,party decorations shop near me,,10,,,
BigBasket,party supplies tampa,,10,,,
BigBasket,party supplies uni hill,,10,,,
BigBasket,party supplies vineland nj,,10,,,
BigBasket,party decorations walmart,,10,,,
BigBasket,party supplies yishun,,10,,,
BigBasket,party supplies zombies 4,,10,,,
Flipkart Minutes,eco friendly plates,,1,,,
Flipkart Minutes,eco friendly plates and bowls,,1,,,
Flipkart Minutes,eco friendly plates manufacturing machine,,1,,,
Flipkart Minutes,eco friendly plates wholesale,,1,,,
Flipkart Minutes,eco friendly plates for wedding,,1,,,
Flipkart Minutes,eco friendly plates business,,1,,,
Flipkart Minutes,eco friendly plates near me,,1,,,
Flipkart Minutes,biodegradable plates,,1,,,
Flipkart Minutes,biodegradable plates and cups,,1,,,
Flipkart Minutes,biodegradable plates making machine,,1,,,
Flipkart Minutes,biodegradable plates price,,1,,,
Flipkart Minutes,biodegradable plates near me,,1,,,
Flipkart Minutes,biodegradable plates business,,1,,,
Flipkart Minutes,disposable plates,,1,,,
Flipkart Minutes,disposable plates near me,,1,,,
Flipkart Minutes,disposable plates making machine,,1,,,
Flipkart Minutes,disposable plates wholesale,,1,,,
Flipkart Minutes,disposable plates price,,1,,,
Flipkart Minutes,disposable plates in hindi,,1,,,
Flipkart Minutes,bagasse plates,,1,,,
Flipkart Minutes,bagasse plates manufacturing machine,,1,,,
Flipkart Minutes,bagasse plates price,,1,,,
Flipkart Minutes,bagasse plates wholesale,,1,,,
Flipkart Minutes,disposable meal tray with lid,,1,,,
Flipkart Minutes,disposable meal tray near me,,1,,,
Flipkart Minutes,disposable meal tray manufacturers in india,,1,,,
Flipkart Minutes,disposable meal tray price,,1,,,
Flipkart Minutes,paper cups 250ml,,1,,,
Flipkart Minutes,paper cups 250ml price,,1,,,
Flipkart Minutes,disposable cups 250ml pack of 50,,1,,,
Flipkart Minutes,disposable paper cups 250ml,,1,,,
Flipkart Minutes,white paper cups 250ml,,1,,,
Flipkart Minutes,bulk paper cups,,1,,,
Flipkart Minutes,bulk paper cups with lids,,1,,,
Flipkart Minutes,bulk paper cups near me,,1,,,
Flipkart Minutes,bulk paper cups nz,,1,,,
Flipkart Minutes,bulk coffee cups ceramic,,1,,,
Flipkart Minutes,wooden cutlery set,,1,,,
Flipkart Minutes,wooden cutlery set reusable,,1,,,
Flipkart Minutes,wooden cutlery set disposable,,1,,,
Flipkart Minutes,wooden cutlery set amazon,,1,,,
Flipkart Minutes,wooden cutlery set price,,1,,,
Flipkart Minutes,wooden cutlery set for kids,,1,,,
Flipkart Minutes,wooden cutlery set woolworths,,1,,,
Flipkart Minutes,wooden cutlery set near me,,1,,,
Flipkart Minutes,wooden cutlery set kmart,,1,,,
Flipkart Minutes,wooden cutlery set holder,,1,,,
Flipkart Minutes,disposable cutlery,,1,,,
Flipkart Minutes,disposable cutlery set,,1,,,
Flipkart Minutes,disposable cutlery near me,,1,,,
Flipkart Minutes,disposable cutlery pouch,,1,,,
Flipkart Minutes,disposable cutlery meaning,,1,,,
Flipkart Minutes,disposable cutlery kit,,1,,,
Flipkart Minutes,disposable cutlery business,,1,,,
Flipkart Minutes,sugarcane clamshell,,1,,,
Flipkart Minutes,sugarcane clamshell food container,,1,,,
Flipkart Minutes,sugarcane clamshell box,,1,,,
Flipkart Minutes,sugarcane clamshell container,,1,,,
Flipkart Minutes,biodegradable sugarcane clamshell takeaway box,,1,,,
Flipkart Minutes,compostable containers,,1,,,
Flipkart Minutes,compostable containers with lids,,1,,,
Flipkart Minutes,compostable containers for food,,1,,,
Flipkart Minutes,compostable containers near me,,1,,,
Flipkart Minutes,compostable containers microwave,,1,,,
Flipkart Minutes,compostable containers amazon,,1,,,
Flipkart Minutes,compostable clamshell containers,,1,,,
Flipkart Minutes,compostable straws,,1,,,
Flipkart Minutes,compostable straws meaning,,1,,,
Flipkart Minutes,compostable straws not paper,,1,,,
Flipkart Minutes,compostable straws gluten free,,1,,,
Flipkart Minutes,compostable straws amazon,,1,,,
Flipkart Minutes,compostable straws target,,1,,,
Flipkart Minutes,compostable straws bulk,,1,,,
Flipkart Minutes,paper straws,,1,,,
Flipkart Minutes,paper straws price,,1,,,
Flipkart Minutes,paper straws near me,,1,,,
Flipkart Minutes,paper straws manufacturer,,1,,,
Flipkart Minutes,paper straws craft,,1,,,
Flipkart Minutes,paper straws wholesale,,1,,,
Flipkart Minutes,paper straws images,,1,,,
Flipkart Minutes,paper straws gluten,,1,,,
Flipkart Minutes,paper straws have gluten,,1,,,
Flipkart Minutes,food packaging boxes,,1,,,
Flipkart Minutes,food packaging materials near me,,1,,,
Flipkart Minutes,food packaging company in noida,,1,,,
Flipkart Minutes,food packaging envelope,,1,,,
Flipkart Minutes,food packaging near me,,1,,,
Flipkart Minutes,party tableware,,1,,,
Flipkart Minutes,party tableware sets,,1,,,
Flipkart Minutes,party tableware near me,,1,,,
Flipkart Minutes,party tableware tesco,,1,,,
Flipkart Minutes,party tableware uk,,1,,,
Flipkart Minutes,eco friendly plates costco,,1,,,
Flipkart Minutes,eco friendly plates disposable,,1,,,
Flipkart Minutes,eco friendly eating plates,,1,,,
Flipkart Minutes,eco friendly plates germany,,1,,,
Flipkart Minutes,eco friendly plates hyderabad,,1,,,
Flipkart Minutes,eco friendly plates india,,1,,,
Flipkart Minutes,eco friendly plates kids,,1,,,
Flipkart Minutes,eco friendly leaf plates,,1,,,
Flipkart Minutes,eco friendly outdoor plates,,1,,,
Flipkart Minutes,eco friendly paper plates,,1,,,
Flipkart Minutes,eco friendly plates reusable,,1,,,
Flipkart Minutes,eco friendly plates shop near me,,1,,,
Flipkart Minutes,eco friendly plates target,,1,,,
Flipkart Minutes,eco friendly plates uk,,1,,,
Flipkart Minutes,verterra eco friendly palm plates,,1,,,
Flipkart Minutes,biodegradable plates costco,,1,,,
Flipkart Minutes,biodegradable plates disposable,,1,,,
Flipkart Minutes,biodegradable plates exporters in india,,1,,,
Flipkart Minutes,biodegradable plates from rice husk,,1,,,
Flipkart Minutes,biodegradable plates gluten,,1,,,
Flipkart Minutes,biodegradable plates hsn code,,1,,,
Flipkart Minutes,biodegradable plates indiamart,,1,,,
Flipkart Minutes,biodegradable plates kmart,,1,,,
Flipkart Minutes,biodegradable leaf plates,,1,,,
Flipkart Minutes,biodegradable plates nz,,1,,,
Flipkart Minutes,biodegradable plates online,,1,,,
Flipkart Minutes,biodegradable quarter plates,,1,,,
Flipkart Minutes,biodegradable plates raw material,,1,,,
Flipkart Minutes,biodegradable plates supplier,,1,,,
Flipkart Minutes,biodegradable plates tesco,,1,,,
Flipkart Minutes,biodegradable plates uk,,1,,,
Flipkart Minutes,compostable plates vancouver,,1,,,
Flipkart Minutes,biodegradable plates wholesale,,1,,,
Flipkart Minutes,disposable plates and glass,,1,,,
Flipkart Minutes,disposable plates blinkit,,1,,,
Flipkart Minutes,disposable plates cost,,1,,,
Flipkart Minutes,disposable plates design,,1,,,
Flipkart Minutes,disposable plates eco friendly,,1,,,
Flipkart Minutes,disposable plates for packing,,1,,,
Flipkart Minutes,disposable plates good quality,,1,,,
Flipkart Minutes,disposable plates hsn code,,1,,,
Flipkart Minutes,disposable plates jiomart,,1,,,
Flipkart Minutes,disposable plates kmart,,1,,,
Flipkart Minutes,disposable plates leaf,,1,,,
Flipkart Minutes,disposable plates online,,1,,,
Flipkart Minutes,disposable plates qatar,,1,,,
Flipkart Minutes,disposable plates rate,,1,,,
Flipkart Minutes,disposable plate shop near me,,1,,,
Flipkart Minutes,disposable plates thermocol,,1,,,
Flipkart Minutes,disposable plates uk,,1,,,
Flipkart Minutes,disposable plates vadodara,,1,,,
Flipkart Minutes,disposable plates xmas,,1,,,
Flipkart Minutes,disposable xmas tableware,,1,,,
Flipkart Minutes,disposable plates yellow,,1,,,
Flipkart Minutes,disposable plates zepto,,1,,,
Flipkart Minutes,bagasse plates and bowls,,1,,,
Flipkart Minutes,bagasse plates buyers,,1,,,
Flipkart Minutes,bagasse plates costco,,1,,,
Flipkart Minutes,bagasse plates hsn code,,1,,,
Flipkart Minutes,bagasse plates dubai,,1,,,
Flipkart Minutes,bagasse plates export from india,,1,,,
Flipkart Minutes,bagasse plates factory,,1,,,
Flipkart Minutes,bagasse plates gst rate,,1,,,
Flipkart Minutes,bagasse plates indiamart,,1,,,
Flipkart Minutes,bagasse plates manufacturers in karnataka,,1,,,
Flipkart Minutes,bagasse plates with lid,,1,,,
Flipkart Minutes,bagasse plates near me,,1,,,
Flipkart Minutes,bagasse plates online,,1,,,
Flipkart Minutes,bagasse quarter plates,,1,,,
Flipkart Minutes,bagasse plates raw material,,1,,,
Flipkart Minutes,bagasse plates supplier,,1,,,
Flipkart Minutes,bagasse to plates,,1,,,
Flipkart Minutes,bagasse plates uk,,1,,,
Flipkart Minutes,bagasse plates vs areca plates,,1,,,
Flipkart Minutes,disposable food tray aluminum,,1,,,
Flipkart Minutes,disposable food tray boat,,1,,,
Flipkart Minutes,disposable food tray costco,,1,,,
Flipkart Minutes,disposable food trays dollar tree,,1,,,
Flipkart Minutes,disposable food tray for party,,1,,,
Flipkart Minutes,disposable serving trays gold,,1,,,
Flipkart Minutes,disposable food heating trays,,1,,,
Flipkart Minutes,disposable food tray kmart,,1,,,
Flipkart Minutes,disposable food tray liners,,1,,,
Flipkart Minutes,disposable serving trays round,,1,,,
Flipkart Minutes,disposable food tray sizes,,1,,,
Flipkart Minutes,disposable serving tray target,,1,,,
Flipkart Minutes,paper cup 250 ml berapa oz,,1,,,
Flipkart Minutes,250ml paper coffee cups,,1,,,
Flipkart Minutes,paper cup with lid 250ml,,1,,,
Flipkart Minutes,bulk paper cups and lids,,1,,,
Flipkart Minutes,bulk disposable bar cups,,1,,,
Flipkart Minutes,bulk disposable paper cups,,1,,,
Flipkart Minutes,bulk coffee cups for sale,,1,,,
Flipkart Minutes,bulk coffee cups glass,,1,,,
Flipkart Minutes,bulk paper hot cups,,1,,,
Flipkart Minutes,wholesale paper cup manufacturers in uae,,1,,,
Flipkart Minutes,bulk coffee k cups,,1,,,
Flipkart Minutes,bulk coffee cup lids,,1,,,
Flipkart Minutes,wholesale paper cup manufacturers near me,,1,,,
Flipkart Minutes,bulk coffee cups 16 oz,,1,,,
Flipkart Minutes,bulk coffee cups plastic,,1,,,
Flipkart Minutes,bulk coffee cups reusable,,1,,,
Flipkart Minutes,bulk paper snack cups,,1,,,
Flipkart Minutes,bulk paper tea cups,,1,,,
Flipkart Minutes,yellow paper cups bulk,,1,,,
Flipkart Minutes,wooden cutlery set box,,1,,,
Flipkart Minutes,wooden cutlery set costco,,1,,,
Flipkart Minutes,bamboo cutlery set gold,,1,,,
Flipkart Minutes,wooden cutlery set mr price home,,1,,,
Flipkart Minutes,wooden utensils set ikea,,1,,,
Flipkart Minutes,japanese wooden cutlery set,,1,,,
Flipkart Minutes,laguiole wooden cutlery set,,1,,,
Flipkart Minutes,set of wooden cutlery,,1,,,
Flipkart Minutes,wooden cutlery set sale,,1,,,
Flipkart Minutes,wooden cutlery set toy,,1,,,
Flipkart Minutes,wooden cutlery set uk,,1,,,
Flipkart Minutes,vintage wooden cutlery set,,1,,,
Flipkart Minutes,disposable cutlery and plates,,1,,,
Flipkart Minutes,disposable cutlery costco,,1,,,
Flipkart Minutes,disposable cutlery dispenser,,1,,,
Flipkart Minutes,disposable cutlery eco friendly,,1,,,
Flipkart Minutes,disposable cutlery for wedding,,1,,,
Flipkart Minutes,disposable cutlery gold,,1,,,
Flipkart Minutes,disposable cutlery holder,,1,,,
Flipkart Minutes,disposable cutlery in chinese,,1,,,
Flipkart Minutes,disposable cutlery lidl,,1,,,
Flipkart Minutes,disposable cutlery organizer,,1,,,
Flipkart Minutes,plastic cutlery qld,,1,,,
Flipkart Minutes,disposable cutlery reject shop,,1,,,
Flipkart Minutes,disposable cutlery tesco,,1,,,
Flipkart Minutes,disposable cutlery uk,,1,,,
Flipkart Minutes,plastic cutlery vs metal,,1,,,
Flipkart Minutes,disposable cutlery wholesale,,1,,,
Flipkart Minutes,plastic cutlery yellow,,1,,,
Flipkart Minutes,compostable berry containers,,1,,,
Flipkart Minutes,compostable deli containers,,1,,,
Flipkart Minutes,compostable packaging examples,,1,,,
Flipkart Minutes,compostable cups gluten,,1,,,
Flipkart Minutes,compostable hinged containers,,1,,,
Flipkart Minutes,compostable packaging india,,1,,,
Flipkart Minutes,compostable juice bottles,,1,,,
Flipkart Minutes,compostable k cups,,1,,,
Flipkart Minutes,compostable lunch containers,,1,,,
Flipkart Minutes,compostable packaging ontario,,1,,,
Flipkart Minutes,compostable plastic containers,,1,,,
Flipkart Minutes,compostable quart containers,,1,,,
Flipkart Minutes,compostable round containers,,1,,,
Flipkart Minutes,compostable soup containers,,1,,,
Flipkart Minutes,compostable takeout containers,,1,,,
Flipkart Minutes,compostable packaging uk,,1,,,
Flipkart Minutes,compostable cups vancouver,,1,,,
Flipkart Minutes,compostable yogurt containers,,1,,,
Flipkart Minutes,compostable straws canada,,1,,,
Flipkart Minutes,compostable drinking straws,,1,,,
Flipkart Minutes,compostable straws for hot drinks,,1,,,
Flipkart Minutes,are compostable straws edible,,1,,,
Flipkart Minutes,compostable straws that feel like plastic,,1,,,
Flipkart Minutes,compostable honey straws,,1,,,
Flipkart Minutes,compostable straws india,,1,,,
Flipkart Minutes,biodegradable jumbo straws,,1,,,
Flipkart Minutes,karat compostable straws,,1,,,
Flipkart Minutes,compostable straw options,,1,,,
Flipkart Minutes,compostable straws plastic,,1,,,
Flipkart Minutes,compostable straws reddit,,1,,,
Flipkart Minutes,compostable straws starbucks,,1,,,
Flipkart Minutes,biodegradable straws uk,,1,,,
Flipkart Minutes,compostable straws vs paper straws,,1,,,
Flipkart Minutes,compostable straws wholesale,,1,,,
Flipkart Minutes,paper straws amazon,,1,,,
Flipkart Minutes,paper straws bulk,,1,,,
Flipkart Minutes,paper straws dollar tree,,1,,,
Flipkart Minutes,paper straws environmental impact,,1,,,
Flipkart Minutes,paper straws for crafts,,1,,,
Flipkart Minutes,paper straws jumbo,,1,,,
Flipkart Minutes,paper straws kmart,,1,,,
Flipkart Minutes,paper straws london,,1,,,
Flipkart Minutes,paper straws officeworks,,1,,,
Flipkart Minutes,trump paper straws quote,,1,,,
Flipkart Minutes,paper straws reddit,,1,,,
Flipkart Minutes,paper straws suck,,1,,,
Flipkart Minutes,paper straws tesco,,1,,,
Flipkart Minutes,paper straws uk,,1,,,
Flipkart Minutes,paper straws vs plastic straws,,1,,,
Flipkart Minutes,xmas paper straws,,1,,,
Flipkart Minutes,paper straws yellow,,1,,,
Flipkart Minutes,food packaging and shelf life,,1,,,
Flipkart Minutes,food packaging design,,1,,,
Flipkart Minutes,food packaging foil,,1,,,
Flipkart Minutes,food packaging gas,,1,,,
Flipkart Minutes,food packaging hsn code,,1,,,
Flipkart Minutes,food packaging industry,,1,,,
Flipkart Minutes,food packaging job,,1,,,
Flipkart Minutes,food packaging kya hota hai,,1,,,
Flipkart Minutes,food packaging labels,,1,,,
Flipkart Minutes,food packaging online,,1,,,
Flipkart Minutes,food packaging pouch,,1,,,
Flipkart Minutes,food packaging questions and answers,,1,,,
Flipkart Minutes,food packaging roll,,1,,,
Flipkart Minutes,food packaging shop near me,,1,,,
Flipkart Minutes,food packaging tape,,1,,,
Flipkart Minutes,food packaging unit,,1,,,
Flipkart Minutes,food packaging vendors near me,,1,,,
Flipkart Minutes,food packaging wrapper,,1,,,
Flipkart Minutes,food container xxl,,1,,,
Flipkart Minutes,food packaging youtube,,1,,,
Flipkart Minutes,food packaging zip lock covers,,1,,,
Flipkart Minutes,party plates and napkins,,1,,,
Flipkart Minutes,party supplies brisbane,,1,,,
Flipkart Minutes,party supplies canada,,1,,,
Flipkart Minutes,party supplies dallas,,1,,,
Flipkart Minutes,party supplies el paso,,1,,,
Flipkart Minutes,party supplies fort worth,,1,,,
Flipkart Minutes,party supplies gold coast,,1,,,
Flipkart Minutes,party supplies houston,,1,,,
Flipkart Minutes,party supplies india,,1,,,
Flipkart Minutes,party supplies jacksonville nc,,1,,,
Flipkart Minutes,party tableware kids,,1,,,
Flipkart Minutes,party supplies lubbock,,1,,,
Flipkart Minutes,party supplies melbourne,,1,,,
Flipkart Minutes,party supplies online,,1,,,
Flipkart Minutes,party supplies perth,,1,,,
Flipkart Minutes,party supplies qatar,,1,,,
Flipkart Minutes,party supplies rental,,1,,,
Flipkart Minutes,party supplies vancouver,,1,,,
Flipkart Minutes,party supplies wholesale,,1,,,
Flipkart Minutes,party supplies yuma az,,1,,,
Flipkart Minutes,party supplies zanesville ohio,,1,,,
Flipkart Minutes,eco friendly plates and cups,,2,,,
Flipkart Minutes,eco friendly plates manufacturing,,2,,,
Flipkart Minutes,biodegradable plates manufacturers,,2,,,
Flipkart Minutes,biodegradable plates and bowls,,2,,,
Flipkart Minutes,disposable plates noida,,2,,,
Flipkart Minutes,disposable plates with lids,,2,,,
Flipkart Minutes,disposable plates machine,,2,,,
Flipkart Minutes,bagasse plates manufacturing process,,2,,,
Flipkart Minutes,disposable meal tray,,2,,,
Flipkart Minutes,disposable meal tray with lid near me,,2,,,
Flipkart Minutes,disposable cups 250ml price,,2,,,
Flipkart Minutes,bulk coffee cups with lids,,2,,,
Flipkart Minutes,disposable cutlery shop near me,,2,,,
Flipkart Minutes,disposable cutlery manufacturers,,2,,,
Flipkart Minutes,compostable containers nearby,,2,,,
Flipkart Minutes,compostable containers for hot food,,2,,,
Flipkart Minutes,compostable straws made of,,2,,,
Flipkart Minutes,compostable straws near me,,2,,,
Flipkart Minutes,paper straws walmart,,2,,,
Flipkart Minutes,food packaging material,,2,,,
Flipkart Minutes,food packaging container,,2,,,
Flipkart Minutes,food packaging noida,,2,,,
Flipkart Minutes,party tableware supplies,,2,,,
Flipkart Minutes,eco friendly kids plates and bowls,,2,,,
Flipkart Minutes,eco friendly plates bulk,,2,,,
Flipkart Minutes,eco friendly plates cups,,2,,,
Flipkart Minutes,eco friendly disposable plates manufacturing process,,2,,,
Flipkart Minutes,elegant eco friendly disposable plates,,2,,,
Flipkart Minutes,eco friendly plates for kids,,2,,,
Flipkart Minutes,are eco-friendly products really eco-friendly,,2,,,
Flipkart Minutes,eco friendly disposable plates hyderabad,,2,,,
Flipkart Minutes,eco friendly plates in sri lanka,,2,,,
Flipkart Minutes,eco friendly lunch plates,,2,,,
Flipkart Minutes,eco friendly plates with lid,,2,,,
Flipkart Minutes,eco friendly plates nearby,,2,,,
Flipkart Minutes,eco friendly outdoor dinnerware,,2,,,
Flipkart Minutes,eco friendly party plates,,2,,,
Flipkart Minutes,eco friendly reusable plates and bowls,,2,,,
Flipkart Minutes,eco friendly sugarcane plates,,2,,,
Flipkart Minutes,eco friendly tiffin plates,,2,,,
Flipkart Minutes,eco friendly unbreakable plates,,2,,,
Flipkart Minutes,verterra eco friendly palm plates & wooden cutlery,,2,,,
Flipkart Minutes,biodegradable plates bulk,,2,,,
Flipkart Minutes,biodegradable plates cups,,2,,,
Flipkart Minutes,biodegradable plates dubai,,2,,,
Flipkart Minutes,biodegradable plates export,,2,,,
Flipkart Minutes,biodegradable plates from sugarcane waste,,2,,,
Flipkart Minutes,biodegradable plates gst rate,,2,,,
Flipkart Minutes,biodegradable plates hsn code and gst rate,,2,,,
Flipkart Minutes,biodegradable plates india,,2,,,
Flipkart Minutes,biodegradable plates kenya,,2,,,
Flipkart Minutes,is paper plate biodegradable,,2,,,
Flipkart Minutes,biodegradable lunch plates,,2,,,
Flipkart Minutes,biodegradable oval plates,,2,,,
Flipkart Minutes,biodegradable plates party,,2,,,
Flipkart Minutes,biodegradable plates raw material wholesale,,2,,,
Flipkart Minutes,biodegradable plates singapore,,2,,,
Flipkart Minutes,biodegradable plates target,,2,,,
Flipkart Minutes,compostable plates uk,,2,,,
Flipkart Minutes,compostable plates vs washing dishes,,2,,,
Flipkart Minutes,biodegradable plates with compartment,,2,,,
Flipkart Minutes,are all paper plates biodegradable,,2,,,
Flipkart Minutes,disposable plates and bowls,,2,,,
Flipkart Minutes,disposable plates big size,,2,,,
Flipkart Minutes,disposable plates cheap,,2,,,
Flipkart Minutes,disposable plates distributors,,2,,,
Flipkart Minutes,disposable plates exports from india,,2,,,
Flipkart Minutes,disposable plates for party,,2,,,
Flipkart Minutes,disposable plates gst rate,,2,,,
Flipkart Minutes,disposable plates hsn code and gst rate,,2,,,
Flipkart Minutes,disposable plates indiamart,,2,,,
Flipkart Minutes,disposable plates jamaica,,2,,,
Flipkart Minutes,disposable plates kuwait,,2,,,
Flipkart Minutes,disposable plates large size,,2,,,
Flipkart Minutes,disposable plates of leaves,,2,,,
Flipkart Minutes,disposable plates plastic,,2,,,
Flipkart Minutes,disposable plates quality,,2,,,
Flipkart Minutes,disposable plates rajkot,,2,,,
Flipkart Minutes,disposable plates small,,2,,,
Flipkart Minutes,disposable plates types,,2,,,
Flipkart Minutes,disposable plates underwood,,2,,,
Flipkart Minutes,disposable plates variety,,2,,,
Flipkart Minutes,paper plates xmas,,2,,,
Flipkart Minutes,paper plates yellow,,2,,,
Flipkart Minutes,disposable plates zoo pals,,2,,,
Flipkart Minutes,bagasse plates amazon,,2,,,
Flipkart Minutes,bagasse plates bulk,,2,,,
Flipkart Minutes,bagasse plates cost,,2,,,
Flipkart Minutes,bagasse plates hs code,,2,,,
Flipkart Minutes,bagasse plates disadvantages,,2,,,
Flipkart Minutes,bagasse plates export,,2,,,
Flipkart Minutes,bagasse fiber plates,,2,,,
Flipkart Minutes,bagasse plates gst,,2,,,
Flipkart Minutes,plates bagasse triple green 22cm 10s,,2,,,
Flipkart Minutes,bagasse plates india,,2,,,
Flipkart Minutes,what is bagasse plates,,2,,,
Flipkart Minutes,bagasse vs palm leaf plates,,2,,,
Flipkart Minutes,bagasse tableware near me,,2,,,
Flipkart Minutes,bagasse oval plates,,2,,,
Flipkart Minutes,bagasse plates pronunciation,,2,,,
Flipkart Minutes,bagasse plates reusable,,2,,,
Flipkart Minutes,bagasse plates square,,2,,,
Flipkart Minutes,bagasse plates supplier uk,,2,,,
Flipkart Minutes,bagasse plates vs paper plates,,2,,,
Flipkart Minutes,disposable serving trays asda,,2,,,
Flipkart Minutes,disposable food tray bulk,,2,,,
Flipkart Minutes,disposable food tray containers,,2,,,
Flipkart Minutes,disposable serving trays dollar tree,,2,,,
Flipkart Minutes,disposable food tray foil,,2,,,
Flipkart Minutes,disposable food packaging trays hsn code and gst rate,,2,,,
Flipkart Minutes,disposable plastic meal tray indiamart,,2,,,
Flipkart Minutes,disposable serving tray kmart,,2,,,
Flipkart Minutes,disposable serving tray large,,2,,,
Flipkart Minutes,plastic meal tray manufacturers,,2,,,
Flipkart Minutes,disposable food tray nearby,,2,,,
Flipkart Minutes,disposable food tray price,,2,,,
Flipkart Minutes,disposable food tray small,,2,,,
Flipkart Minutes,disposable food tray target,,2,,,
Flipkart Minutes,paper tea cup capacity,,2,,,
Flipkart Minutes,how many ml in paper cup,,2,,,
Flipkart Minutes,disposable paper cups 250ml price,,2,,,
Flipkart Minutes,paper cup 9 oz 250 ml,,2,,,
Flipkart Minutes,bulk coffee cups and lids,,2,,,
Flipkart Minutes,bulk coffee cups for business,,2,,,
Flipkart Minutes,are paper cups bad for your health,,2,,,
Flipkart Minutes,bulk coffee cups custom,,2,,,
Flipkart Minutes,paper drinking cups bulk,,2,,,
Flipkart Minutes,bulk coffee cups to go,,2,,,
Flipkart Minutes,bulk disposable hot cups,,2,,,
Flipkart Minutes,wholesale paper cup manufacturers in sri lanka,,2,,,
Flipkart Minutes,paper cups kmart bulk,,2,,,
Flipkart Minutes,bulk coffee cups nz,,2,,,
Flipkart Minutes,bulk order paper cups,,2,,,
Flipkart Minutes,bulk coffee cups personalized,,2,,,
Flipkart Minutes,wholesale paper cup shop near me,,2,,,
Flipkart Minutes,paper cup wholesale price,,2,,,
Flipkart Minutes,wooden cutlery set asda,,2,,,
Flipkart Minutes,wooden cutlery set baby,,2,,,
Flipkart Minutes,wooden utensils set canada,,2,,,
Flipkart Minutes,wooden cutlery set hs code,,2,,,
Flipkart Minutes,bamboo cutlery set disposable,,2,,,
Flipkart Minutes,cutlery set description,,2,,,
Flipkart Minutes,cutlery set meaning,,2,,,
Flipkart Minutes,wooden knife set for kitchen,,2,,,
Flipkart Minutes,wooden utensils gift set,,2,,,
Flipkart Minutes,wooden cooking utensils set ikea,,2,,,
Flipkart Minutes,justenbois wooden cutlery set,,2,,,
Flipkart Minutes,wooden cutlery set kids,,2,,,
Flipkart Minutes,wooden utensils set myer,,2,,,
Flipkart Minutes,wooden cutlery set nearby,,2,,,
Flipkart Minutes,wooden cutlery play set,,2,,,
Flipkart Minutes,bamboo cutlery set reusable,,2,,,
Flipkart Minutes,bamboo cutlery set stainless steel,,2,,,
Flipkart Minutes,wooden cutlery set tesco,,2,,,
Flipkart Minutes,bamboo cutlery set uk,,2,,,
Flipkart Minutes,viners wooden cutlery set,,2,,,
Flipkart Minutes,wooden cutlery set with napkin,,2,,,
Flipkart Minutes,disposable cutlery asda,,2,,,
Flipkart Minutes,disposable cutlery bunnings,,2,,,
Flipkart Minutes,disposable cutlery coles,,2,,,
Flipkart Minutes,disposable cutlery dollarama,,2,,,
Flipkart Minutes,disposable eco cutlery,,2,,,
Flipkart Minutes,disposable cutlery for party,,2,,,
Flipkart Minutes,disposable cutlery good quality,,2,,,
Flipkart Minutes,disposable cutlery home bargains,,2,,,
Flipkart Minutes,disposable cutlery ikea,,2,,,
Flipkart Minutes,disposable cutlery kmart,,2,,,
Flipkart Minutes,disposable cutlery luxury,,2,,,
Flipkart Minutes,disposable cutlery nz,,2,,,
Flipkart Minutes,disposable cutlery officeworks,,2,,,
Flipkart Minutes,disposable cutlery packs,,2,,,
Flipkart Minutes,disposable cutlery recyclable,,2,,,
Flipkart Minutes,disposable cutlery trinidad,,2,,,
Flipkart Minutes,plastic cutlery uk,,2,,,
Flipkart Minutes,disposable tableware vector,,2,,,
Flipkart Minutes,disposable cutlery wholesale near me,,2,,,
Flipkart Minutes,single use cutlery x 뜻,,2,,,
Flipkart Minutes,yellow disposable cutlery,,2,,,
Flipkart Minutes,sugarcane bagasse clamshell,,2,,,
Flipkart Minutes,sugar cane cast,,2,,,
Flipkart Minutes,is sugarcane sugar free,,2,,,
Flipkart Minutes,compostable cups amazon,,2,,,
Flipkart Minutes,compostable bamboo containers,,2,,,
Flipkart Minutes,compostable cupcake containers,,2,,,
Flipkart Minutes,compostable deodorant containers,,2,,,
Flipkart Minutes,compostable packaging europe,,2,,,
Flipkart Minutes,compostable grease container,,2,,,
Flipkart Minutes,compostable cups hot,,2,,,
Flipkart Minutes,compostable packaging icon,,2,,,
Flipkart Minutes,compostable jewelry packaging,,2,,,
Flipkart Minutes,compostable k cups costco,,2,,,
Flipkart Minutes,compostable leftover containers,,2,,,
Flipkart Minutes,compostable containers with lids nearby,,2,,,
Flipkart Minutes,compostable containers meaning,,2,,,
Flipkart Minutes,compostable packaging options,,2,,,
Flipkart Minutes,compostable plant containers,,2,,,
Flipkart Minutes,que es packaging compostable,,2,,,
Flipkart Minutes,compostable restaurant containers,,2,,,
Flipkart Minutes,compostable salad containers,,2,,,
Flipkart Minutes,compostable takeaway containers,,2,,,
Flipkart Minutes,compostable cups uk,,2,,,
Flipkart Minutes,compostable vegetable packaging,,2,,,
Flipkart Minutes,compostable yogurt cups,,2,,,
Flipkart Minutes,compostable agave straws,,2,,,
Flipkart Minutes,compostable straws brown,,2,,,
Flipkart Minutes,compostable straws costco,,2,,,
Flipkart Minutes,compostable disposable straws,,2,,,
Flipkart Minutes,biodegradable edible straws,,2,,,
Flipkart Minutes,is straw compostable,,2,,,
Flipkart Minutes,compostable flexible straws,,2,,,
Flipkart Minutes,compostable straws gluten,,2,,,
Flipkart Minutes,biodegradable straws hs code,,2,,,
Flipkart Minutes,compostable straw ingredients,,2,,,
Flipkart Minutes,jumbo compostable straws,,2,,,
Flipkart Minutes,ktob compostable straws,,2,,,
Flipkart Minutes,compostable plastic like straws,,2,,,
Flipkart Minutes,compostable straws pha,,2,,,
Flipkart Minutes,biodegradable straws reddit,,2,,,
Flipkart Minutes,compostable smoothie straws,,2,,,
Flipkart Minutes,compostable straws tesco,,2,,,
Flipkart Minutes,biodegradable straws uae,,2,,,
Flipkart Minutes,compostable straws walmart,,2,,,
Flipkart Minutes,paper straws asda,,2,,,
Flipkart Minutes,paper straws b&m,,2,,,
Flipkart Minutes,paper straws coles,,2,,,
Flipkart Minutes,paper straws dollarama,,2,,,
Flipkart Minutes,paper straws executive order,,2,,,
Flipkart Minutes,paper straws for sale,,2,,,
Flipkart Minutes,paper straws gluten free,,2,,,
Flipkart Minutes,paper straws hobby lobby,,2,,,
Flipkart Minutes,paper straws individually wrapped,,2,,,
Flipkart Minutes,paper straws japan,,2,,,
Flipkart Minutes,paper straws kroger,,2,,,
Flipkart Minutes,paper straws law,,2,,,
Flipkart Minutes,paper straws michaels,,2,,,
Flipkart Minutes,paper straws nearby,,2,,,
Flipkart Minutes,paper straws orange,,2,,,
Flipkart Minutes,paper straws pfas,,2,,,
Flipkart Minutes,quality paper straws,,2,,,
Flipkart Minutes,paper straws recyclable,,2,,,
Flipkart Minutes,paper straws sainsbury's,,2,,,
Flipkart Minutes,paper straws target,,2,,,
Flipkart Minutes,paper straws usa,,2,,,
Flipkart Minutes,paper straws vs plastic straws environmental impact,,2,,,
Flipkart Minutes,are paper straws dangerous,,2,,,
Flipkart Minutes,striped straws yellow,,2,,,
Flipkart Minutes,food packaging and shelf life impact factor,,2,,,
Flipkart Minutes,food packaging boxes wholesale near me,,2,,,
Flipkart Minutes,food packaging disposable,,2,,,
Flipkart Minutes,food packaging exhibition,,2,,,
Flipkart Minutes,food packaging factory near me,,2,,,
Flipkart Minutes,food packaging gloves,,2,,,
Flipkart Minutes,food packaging hyderabad,,2,,,
Flipkart Minutes,food packaging items,,2,,,
Flipkart Minutes,food packaging job in canada,,2,,,
Flipkart Minutes,food packaging karachi,,2,,,
Flipkart Minutes,food packaging license,,2,,,
Flipkart Minutes,food packaging options,,2,,,
Flipkart Minutes,food packaging paper,,2,,,
Flipkart Minutes,food packaging qatar,,2,,,
Flipkart Minutes,food packaging regulations,,2,,,
Flipkart Minutes,food packaging solutions,,2,,,
Flipkart Minutes,food packaging thali,,2,,,
Flipkart Minutes,food packaging uae,,2,,,
Flipkart Minutes,food packaging vendors,,2,,,
Flipkart Minutes,food packaging wholesale,,2,,,
Flipkart Minutes,food container xl,,2,,,
Flipkart Minutes,food packaging yellow,,2,,,
Flipkart Minutes,food packaging ziplock bag,,2,,,
Flipkart Minutes,party supplies adelaide,,2,,,
Flipkart Minutes,party supplies bulk,,2,,,
Flipkart Minutes,party supplies christchurch,,2,,,
Flipkart Minutes,party supplies dublin,,2,,,
Flipkart Minutes,party supplies edmonton,,2,,,
Flipkart Minutes,party decorations for adults,,2,,,
Flipkart Minutes,party supplies geelong,,2,,,
Flipkart Minutes,party supplies hamilton,,2,,,
Flipkart Minutes,party decorations ideas,,2,,,
Flipkart Minutes,party supplies jacksonville fl,,2,,,
Flipkart Minutes,party tableware kmart,,2,,,
Flipkart Minutes,party supplies los angeles,,2,,,
Flipkart Minutes,party supplies miami,,2,,,
Flipkart Minutes,party supplies near me,,2,,,
Flipkart Minutes,party supplies omaha,,2,,,
Flipkart Minutes,party supplies penrith,,2,,,
Flipkart Minutes,party decorations qatar,,2,,,
Flipkart Minutes,party supplies rental near me,,2,,,
Flipkart Minutes,party supplies tulsa,,2,,,
Flipkart Minutes,party supplies uk,,2,,,
Flipkart Minutes,party supplies victoria,,2,,,
Flipkart Minutes,party supplies wilmington nc,,2,,,
Flipkart Minutes,xmas party tableware,,2,,,
Flipkart Minutes,party supplies york pa,,2,,,
Flipkart Minutes,party supplies zapata hwy,,2,,,
Flipkart Minutes,eco friendly plates manufacturers in india,,3,,,
Flipkart Minutes,biodegradable plates machine,,3,,,
Flipkart Minutes,biodegradable plates and cups manufacturers,,3,,,
Flipkart Minutes,disposable plates wholesale near me,,3,,,
Flipkart Minutes,bagasse plates manufacturers,,3,,,
Flipkart Minutes,disposable cups 250ml,,3,,,
Flipkart Minutes,wholesale paper cups near me,,3,,,
Flipkart Minutes,disposable cutlery meaning in hindi,,3,,,
Flipkart Minutes,sugarcane bagasse clamshell boxes,,3,,,
Flipkart Minutes,compostable straws nearby,,3,,,
Flipkart Minutes,food packaging,,3,,,
Flipkart Minutes,food packaging manufacturers in delhi,,3,,,
Flipkart Minutes,party tablecloths near me,,3,,,
Flipkart Minutes,eco friendly plates and utensils,,3,,,
Flipkart Minutes,eco friendly plates bowls,,3,,,
Flipkart Minutes,eco friendly compartment plates,,3,,,
Flipkart Minutes,eco friendly disposable plates wholesale,,3,,,
Flipkart Minutes,eco friendly disposable plates uk,,3,,,
Flipkart Minutes,eco friendly plates for party,,3,,,
Flipkart Minutes,eco friendly plates for restaurant,,3,,,
Flipkart Minutes,eco friendly disposable plates hsn code,,3,,,
Flipkart Minutes,eco friendly kids dinnerware,,3,,,
Flipkart Minutes,eco friendly leaf plates near me,,3,,,
Flipkart Minutes,eco friendly paper plates manufacturers,,3,,,
Flipkart Minutes,eco friendly plates made of,,3,,,
Flipkart Minutes,eco friendly small plates,,3,,,
Flipkart Minutes,eco friendly toddler plates and bowls,,3,,,
Flipkart Minutes,eco friendly plates with compartments,,3,,,
Flipkart Minutes,biodegradable plates bowls,,3,,,
Flipkart Minutes,biodegradable plates company,,3,,,
Flipkart Minutes,biodegradable disposable plates manufacturers in india,,3,,,
Flipkart Minutes,biodegradable eating plates,,3,,,
Flipkart Minutes,biodegradable plates for wedding,,3,,,
Flipkart Minutes,biodegradable plates in germany,,3,,,
Flipkart Minutes,biodegradable plates in hyderabad,,3,,,
Flipkart Minutes,biodegradable plates in usa,,3,,,
Flipkart Minutes,biodegradable kids plates,,3,,,
Flipkart Minutes,biodegradable plates with lids,,3,,,
Flipkart Minutes,biodegradable plates ntuc,,3,,,
Flipkart Minutes,compostable plates oval,,3,,,
Flipkart Minutes,biodegradable paper plates,,3,,,
Flipkart Minutes,biodegradable reusable plates,,3,,,
Flipkart Minutes,biodegradable plates shop near me,,3,,,
Flipkart Minutes,biodegradable tiffin plates,,3,,,
Flipkart Minutes,verka biodegradable plates,,3,,,
Flipkart Minutes,biodegradable plates wholesale near me,,3,,,
Flipkart Minutes,disposable plates and cups,,3,,,
Flipkart Minutes,disposable plates business,,3,,,
Flipkart Minutes,disposable plates colorful,,3,,,
Flipkart Minutes,disposable plates decoration,,3,,,
Flipkart Minutes,disposable plates ebay,,3,,,
Flipkart Minutes,disposable plates for lunch,,3,,,
Flipkart Minutes,disposable plates glass,,3,,,
Flipkart Minutes,disposable plates hard,,3,,,
Flipkart Minutes,disposable plates images,,3,,,
Flipkart Minutes,disposable plates jiji,,3,,,
Flipkart Minutes,disposable plates karachi,,3,,,
Flipkart Minutes,disposable plates leaves,,3,,,
Flipkart Minutes,disposable plates manufacturer,,3,,,
Flipkart Minutes,disposable plates near me wholesale,,3,,,
Flipkart Minutes,disposable plates online delivery,,3,,,
Flipkart Minutes,disposable plates paper,,3,,,
Flipkart Minutes,disposable plates quarter,,3,,,
Flipkart Minutes,disposable plates reject shop,,3,,,
Flipkart Minutes,disposable plates shop,,3,,,
Flipkart Minutes,disposable plates trademark class,,3,,,
Flipkart Minutes,disposable plates usa,,3,,,
Flipkart Minutes,disposable plates vendor near me,,3,,,
Flipkart Minutes,plastic plates xmas,,3,,,
Flipkart Minutes,plastic plates yellow,,3,,,
Flipkart Minutes,paper plates zepto,,3,,,
Flipkart Minutes,bagasse plates are made of,,3,,,
Flipkart Minutes,bagasse plates bowls,,3,,,
Flipkart Minutes,bagasse plates company,,3,,,
Flipkart Minutes,bagasse plates disposable,,3,,,
Flipkart Minutes,bagasse tableware eco friendly,,3,,,
Flipkart Minutes,bagasse food plate,,3,,,
Flipkart Minutes,bagasse plates good or bad,,3,,,
Flipkart Minutes,plates bagasse triple green,,3,,,
Flipkart Minutes,bagasse plates hyderabad,,3,,,
Flipkart Minutes,bagasse plates images,,3,,,
Flipkart Minutes,bagasse natural plate,,3,,,
Flipkart Minutes,bagasse plates wholesale near me,,3,,,
Flipkart Minutes,bagasse plates made of,,3,,,
Flipkart Minutes,bagasse plates production,,3,,,
Flipkart Minutes,bagasse plates review,,3,,,
Flipkart Minutes,bagasse plates wholesale uk,,3,,,
Flipkart Minutes,bagasse plates vs cornstarch plates,,3,,,
Flipkart Minutes,disposable serving trays and bowls,,3,,,
Flipkart Minutes,disposable tray sizes,,3,,,
Flipkart Minutes,disposable serving trays bulk,,3,,,
Flipkart Minutes,disposable food tray covers,,3,,,
Flipkart Minutes,disposable food display trays,,3,,,
Flipkart Minutes,disposable serving trays for parties,,3,,,
Flipkart Minutes,disposable food trays for kids,,3,,,
Flipkart Minutes,disposable food tray large,,3,,,
Flipkart Minutes,plastic meal tray with lid,,3,,,
Flipkart Minutes,plastic meal tray making machine,,3,,,
Flipkart Minutes,disposable serving tray near me,,3,,,
Flipkart Minutes,plastic meal tray shop near me,,3,,,
Flipkart Minutes,disposable food tray paper,,3,,,
Flipkart Minutes,disposable serving trays tesco,,3,,,
Flipkart Minutes,250 ml paper cup price,,3,,,
Flipkart Minutes,wholesale paper cups and plates,,3,,,
Flipkart Minutes,bulk buy paper cups,,3,,,
Flipkart Minutes,paper cups wholesale near me,,3,,,
Flipkart Minutes,bulk coffee cups costco,,3,,,
Flipkart Minutes,bulk disposable cups for wedding,,3,,,
Flipkart Minutes,wholesale paper cups for hot drinks,,3,,,
Flipkart Minutes,bulk iced coffee cups glass,,3,,,
Flipkart Minutes,wholesale paper cup manufacturers in delhi,,3,,,
Flipkart Minutes,bulk coffee cups with logo,,3,,,
Flipkart Minutes,bulk 3 oz paper cups,,3,,,
Flipkart Minutes,wholesale paper cup price,,3,,,
Flipkart Minutes,bulk coffee cup sleeves,,3,,,
Flipkart Minutes,bulk disposable tea cups,,3,,,
Flipkart Minutes,are paper cups cheaper than plastic,,3,,,
Flipkart Minutes,wooden cutlery set australia,,3,,,
Flipkart Minutes,bamboo cutlery set baby,,3,,,
Flipkart Minutes,wooden utensils set canadian tire,,3,,,
Flipkart Minutes,wooden cutlery set hsn code,,3,,,
Flipkart Minutes,wooden cutlery set with chopsticks,,3,,,
Flipkart Minutes,bamboo cutlery set dishwasher safe,,3,,,
Flipkart Minutes,cutlery set and their uses,,3,,,
Flipkart Minutes,wooden utensils set for cooking,,3,,,
Flipkart Minutes,gold wooden cutlery set,,3,,,
Flipkart Minutes,wooden utensils set made in canada,,3,,,
Flipkart Minutes,jysk wooden cutlery set,,3,,,
Flipkart Minutes,bamboo cutlery set kids,,3,,,
Flipkart Minutes,wooden cutlery set nz,,3,,,
Flipkart Minutes,bamboo cutlery set price,,3,,,
Flipkart Minutes,wooden utensils set reddit,,3,,,
Flipkart Minutes,wooden utensils set south africa,,3,,,
Flipkart Minutes,wooden cutlery set travel,,3,,,
Flipkart Minutes,wooden utensils set uk,,3,,,
Flipkart Minutes,vintage wooden handle cutlery set,,3,,,
Flipkart Minutes,disposable cutlery and crockery,,3,,,
Flipkart Minutes,disposable cutlery brands,,3,,,
Flipkart Minutes,disposable cutlery costco australia,,3,,,
Flipkart Minutes,disposable cutlery dunelm,,3,,,
Flipkart Minutes,plastic cutlery edmonton,,3,,,
Flipkart Minutes,disposable cutlery for restaurant,,3,,,
Flipkart Minutes,disposable cutlery green,,3,,,
Flipkart Minutes,disposable cutlery hs code,,3,,,
Flipkart Minutes,disposable cutlery in french,,3,,,
Flipkart Minutes,disposable cutlery karachi,,3,,,
Flipkart Minutes,disposable cutlery london,,3,,,
Flipkart Minutes,disposable cutlery nearby,,3,,,
Flipkart Minutes,disposable cutlery online,,3,,,
Flipkart Minutes,disposable cutlery plastic,,3,,,
Flipkart Minutes,disposable cutlery range,,3,,,
Flipkart Minutes,disposable cutlery set with napkin,,3,,,
Flipkart Minutes,disposable cutlery target,,3,,,
Flipkart Minutes,disposable tableware uk,,3,,,
Flipkart Minutes,vintage disposable cutlery,,3,,,
Flipkart Minutes,disposable cutlery woolworths,,3,,,
Flipkart Minutes,single use cutlery x,,3,,,
Flipkart Minutes,compostable packaging australia,,3,,,
Flipkart Minutes,compostable bagasse containers,,3,,,
Flipkart Minutes,compostable clear containers,,3,,,
Flipkart Minutes,compostable dessert containers,,3,,,
Flipkart Minutes,compostable packaging eu,,3,,,
Flipkart Minutes,can compostable containers be recycled,,3,,,
Flipkart Minutes,are biopak containers compostable,,3,,,
Flipkart Minutes,compostable food containers with lids,,3,,,
Flipkart Minutes,can compostable containers go in green bin,,3,,,
Flipkart Minutes,compostable cups how to dispose,,3,,,
Flipkart Minutes,compostable packaging ireland,,3,,,
Flipkart Minutes,compostable juice cups,,3,,,
Flipkart Minutes,compostable keurig cups,,3,,,
Flipkart Minutes,compostable liquid containers,,3,,,
Flipkart Minutes,compostable container microwave safe,,3,,,
Flipkart Minutes,compostable containers nz,,3,,,
Flipkart Minutes,are compostable containers oven safe,,3,,,
Flipkart Minutes,compostable paper containers,,3,,,
Flipkart Minutes,compostable to go food containers,,3,,,
Flipkart Minutes,compostable cups recycling,,3,,,
Flipkart Minutes,compostable storage containers,,3,,,
Flipkart Minutes,compostable togo containers,,3,,,
Flipkart Minutes,compostable single use containers,,3,,,
Flipkart Minutes,compostable cups with lids,,3,,,
Flipkart Minutes,amazon biodegradable straws,,3,,,
Flipkart Minutes,compostable straws blue,,3,,,
Flipkart Minutes,compostable straws clear,,3,,,
Flipkart Minutes,biodegradable straws dischem,,3,,,
Flipkart Minutes,ecosystems compostable straws,,3,,,
Flipkart Minutes,are paper straws compostable,,3,,,
Flipkart Minutes,biodegradable straws factory,,3,,,
Flipkart Minutes,compostable straws made from plants,,3,,,
Flipkart Minutes,compostable straws whole foods,,3,,,
Flipkart Minutes,compostable green straws,,3,,,
Flipkart Minutes,biodegradable straws how long does it take,,3,,,
Flipkart Minutes,biodegradable straws individually wrapped,,3,,,
Flipkart Minutes,long compostable straws,,3,,,
Flipkart Minutes,compostable paper straws,,3,,,
Flipkart Minutes,compostable reed straw,,3,,,
Flipkart Minutes,compostable sugarcane straws,,3,,,
Flipkart Minutes,unwrapped compostable straws,,3,,,
Flipkart Minutes,paper straws are the worst,,3,,,
Flipkart Minutes,paper straws black,,3,,,
Flipkart Minutes,paper straws contain gluten,,3,,,
Flipkart Minutes,paper straws dollar general,,3,,,
Flipkart Minutes,paper straws eu,,3,,,
Flipkart Minutes,paper straws florida,,3,,,
Flipkart Minutes,paper straws gluten uk,,3,,,
Flipkart Minutes,paper straws home bargains,,3,,,
Flipkart Minutes,paper straws ingredients,,3,,,
Flipkart Minutes,are paper straws just as bad as plastic,,3,,,
Flipkart Minutes,paper straws kenya,,3,,,
Flipkart Minutes,paper straws large,,3,,,
Flipkart Minutes,paper straws meaning,,3,,,
Flipkart Minutes,paper straws nz,,3,,,
Flipkart Minutes,paper straws outlawed,,3,,,
Flipkart Minutes,paper straws pakistan,,3,,,
Flipkart Minutes,que es paper straws,,3,,,
Flipkart Minutes,paper straws reaction with coke,,3,,,
Flipkart Minutes,paper straws should be banned,,3,,,
Flipkart Minutes,paper straws toxic,,3,,,
Flipkart Minutes,paper straws uk law,,3,,,
Flipkart Minutes,paper straws valentines,,3,,,
Flipkart Minutes,paper straws woolworths,,3,,,
Flipkart Minutes,what are paper straws made of,,3,,,
Flipkart Minutes,paper straws 9 year old,,3,,,
Flipkart Minutes,food packaging aluminium foil,,3,,,
Flipkart Minutes,food packaging boxes wholesale,,3,,,
Flipkart Minutes,food packaging company,,3,,,
Flipkart Minutes,food packaging definition,,3,,,
Flipkart Minutes,food packaging expo 2026,,3,,,
Flipkart Minutes,food packaging for cloud kitchen,,3,,,
Flipkart Minutes,food packaging gst rate,,3,,,
Flipkart Minutes,food packaging harare,,3,,,
Flipkart Minutes,food packaging ideas,,3,,,
Flipkart Minutes,food packaging jobs near me,,3,,,
Flipkart Minutes,food packaging kmart,,3,,,
Flipkart Minutes,food packaging logo,,3,,,
Flipkart Minutes,food packaging delhi,,3,,,
Flipkart Minutes,food packaging operator,,3,,,
Flipkart Minutes,food packaging plastic,,3,,,
Flipkart Minutes,food packaging qr code,,3,,,
Flipkart Minutes,food packaging research paper,,3,,,
Flipkart Minutes,food packaging sealing machine,,3,,,
Flipkart Minutes,food packaging technology,,3,,,
Flipkart Minutes,food packaging use and throw,,3,,,
Flipkart Minutes,food packaging vacuum machine,,3,,,
Flipkart Minutes,food packaging wholesale near me,,3,,,
Flipkart Minutes,food container xenos,,3,,,
Flipkart Minutes,food packaging to you,,3,,,
Flipkart Minutes,food packaging zipper,,3,,,
Flipkart Minutes,party plates and cups,,3,,,
Flipkart Minutes,party supplies brownsville tx,,3,,,
Flipkart Minutes,party supplies chicago,,3,,,
Flipkart Minutes,party supplies denver,,3,,,
Flipkart Minutes,party supplies evansville,,3,,,
Flipkart Minutes,party supplies fort wayne,,3,,,
Flipkart Minutes,party supplies guam,,3,,,
Flipkart Minutes,party decorations hire,,3,,,
Flipkart Minutes,party supplies ireland,,3,,,
Flipkart Minutes,party supplies joondalup,,3,,,
Flipkart Minutes,party decorations kmart,,3,,,
Flipkart Minutes,party supplies las vegas,,3,,,
Flipkart Minutes,party supplies malta,,3,,,
Flipkart Minutes,party decorations near me,,3,,,
Flipkart Minutes,party plates ohio,,3,,,
Flipkart Minutes,party decorations perth,,3,,,
Flipkart Minutes,party supplies quezon city,,3,,,
Flipkart Minutes,party supplies rochester ny,,3,,,
Flipkart Minutes,party supplies store,,3,,,
Flipkart Minutes,party supplies trinidad,,3,,,
Flipkart Minutes,party decorations uk,,3,,,
Flipkart Minutes,party supplies vancouver wa,,3,,,
Flipkart Minutes,party supplies wichita ks,,3,,,
Flipkart Minutes,party supplies yonkers,,3,,,
Flipkart Minutes,party decorations zurich,,3,,,
Flipkart Minutes,bagasse plates manufacturers in india,,4,,,
Flipkart Minutes,coffee cups 250ml,,4,,,
Flipkart Minutes,sugarcane burger clamshell,,4,,,
Flipkart Minutes,sugar cane products list,,4,,,
Flipkart Minutes,party tables near me,,4,,,
Flipkart Minutes,eco friendly plates and cutlery,,4,,,
Flipkart Minutes,eco friendly disposable plates near me,,4,,,
Flipkart Minutes,eco friendly bamboo plates,,4,,,
Flipkart Minutes,eco friendly camping plates,,4,,,
Flipkart Minutes,eco friendly disposable plates wedding,,4,,,
Flipkart Minutes,eco friendly plates for food,,4,,,
Flipkart Minutes,how to make eco friendly plates,,4,,,
Flipkart Minutes,eco friendly kids dishes,,4,,,
Flipkart Minutes,eco friendly plate machine,,4,,,
Flipkart Minutes,eco friendly plastic plates,,4,,,
Flipkart Minutes,eco friendly reusable dinnerware,,4,,,
Flipkart Minutes,eco friendly dinnerware set,,4,,,
Flipkart Minutes,eco friendly toddler plates,,4,,,
Flipkart Minutes,eco friendly plates walmart,,4,,,
Flipkart Minutes,biodegradable plates and cups manufacturers near me,,4,,,
Flipkart Minutes,biodegradable plates buyers,,4,,,
Flipkart Minutes,biodegradable plates coles,,4,,,
Flipkart Minutes,biodegradable dinner plates,,4,,,
Flipkart Minutes,biodegradable edible plates,,4,,,
Flipkart Minutes,biodegradable plates from banana leaves,,4,,,
Flipkart Minutes,biodegradable glass plates,,4,,,
Flipkart Minutes,biodegradable plates hs code,,4,,,
Flipkart Minutes,biodegradable plates images,,4,,,
Flipkart Minutes,compostable plates kmart,,4,,,
Flipkart Minutes,biodegradable plates manufacturing business,,4,,,
Flipkart Minutes,compostable plates near me,,4,,,
Flipkart Minutes,biodegradable plates made of,,4,,,
Flipkart Minutes,biodegradable plastic plates,,4,,,
Flipkart Minutes,biodegradable round plates,,4,,,
Flipkart Minutes,biodegradable plates square,,4,,,
Flipkart Minutes,biodegradable thali plates,,4,,,
Flipkart Minutes,biodegradable plates woolworths,,4,,,
Flipkart Minutes,disposable plates and spoons,,4,,,
Flipkart Minutes,disposable plates black,,4,,,
Flipkart Minutes,disposable plates company,,4,,,
Flipkart Minutes,disposable plates dmart,,4,,,
Flipkart Minutes,disposable plates egypt,,4,,,
Flipkart Minutes,disposable plates for snacks,,4,,,
Flipkart Minutes,disposable plates green,,4,,,
Flipkart Minutes,disposable plates hindi,,4,,,
Flipkart Minutes,disposable plates instamart,,4,,,
Flipkart Minutes,disposable plates jumbo,,4,,,
Flipkart Minutes,disposable plates kroger,,4,,,
Flipkart Minutes,disposable plates lidl,,4,,,
Flipkart Minutes,disposable plates making machine price,,4,,,
Flipkart Minutes,disposable plates nearby,,4,,,
Flipkart Minutes,disposable plates on sale,,4,,,
Flipkart Minutes,disposable plates price in india,,4,,,
Flipkart Minutes,disposable plates quick delivery,,4,,,
Flipkart Minutes,disposable plates rectangle,,4,,,
Flipkart Minutes,disposable plates size,,4,,,
Flipkart Minutes,disposable plates tesco,,4,,,
Flipkart Minutes,disposable plates uganda,,4,,,
Flipkart Minutes,disposable plates vintage,,4,,,
Flipkart Minutes,disposable plates wholesale delhi,,4,,,
Flipkart Minutes,paper plates xmas crafts,,4,,,
Flipkart Minutes,plastic plates you can draw on,,4,,,
Flipkart Minutes,plastic plates zepto,,4,,,
Flipkart Minutes,bagasse plates and cups,,4,,,
Flipkart Minutes,bagasse plates bangalore,,4,,,
Flipkart Minutes,bagasse plates compartment,,4,,,
Flipkart Minutes,bagasse dinner plates,,4,,,
Flipkart Minutes,bagasse tableware export from india,,4,,,
Flipkart Minutes,sugarcane bagasse plates gst rate,,4,,,
Flipkart Minutes,plates bagasse triple grn 25cm 10s,,4,,,
Flipkart Minutes,bagasse tableware hsn code,,4,,,
Flipkart Minutes,bagasse plates in coimbatore,,4,,,
Flipkart Minutes,how to make bagasse plates,,4,,,
Flipkart Minutes,bagasse plate shop near me,,4,,,
Flipkart Minutes,bagasse plate photo,,4,,,
Flipkart Minutes,bagasse plates round,,4,,,
Flipkart Minutes,unbleached bagasse plates,,4,,,
Flipkart Minutes,bagasse plates wholesale price,,4,,,
Flipkart Minutes,disposable food trays amazon,,4,,,
Flipkart Minutes,disposable food trays black,,4,,,
Flipkart Minutes,disposable tray price,,4,,,
Flipkart Minutes,disposable food trays canada,,4,,,
Flipkart Minutes,disposable food tray with dividers,,4,,,
Flipkart Minutes,disposable serving trays foil,,4,,,
Flipkart Minutes,disposable serving tray with lid,,4,,,
Flipkart Minutes,disposable food trays metal,,4,,,
Flipkart Minutes,disposable serving tray nearby,,4,,,
Flipkart Minutes,disposable food tray plates,,4,,,
Flipkart Minutes,disposable serving tray set,,4,,,
Flipkart Minutes,disposable food trays tesco,,4,,,
Flipkart Minutes,paper cup rate,,4,,,
Flipkart Minutes,wholesale paper cups and plates near me,,4,,,
Flipkart Minutes,paper coffee cups bulk buy,,4,,,
Flipkart Minutes,bulk coffee cups canada,,4,,,
Flipkart Minutes,disposable paper cup sizes,,4,,,
Flipkart Minutes,bulk green paper cups,,4,,,
Flipkart Minutes,halloween paper cups bulk,,4,,,
Flipkart Minutes,wholesale paper cup manufacturers in coimbatore,,4,,,
Flipkart Minutes,bulk disposable cups with lids,,4,,,
Flipkart Minutes,bulk coffee cups near me,,4,,,
Flipkart Minutes,bulk 12 oz paper cups,,4,,,
Flipkart Minutes,wholesale paper cup printing sri lanka,,4,,,
Flipkart Minutes,bulk coffee cup stickers,,4,,,
Flipkart Minutes,wholesale paper tea cups,,4,,,
Flipkart Minutes,paper tea cups wholesale near me,,4,,,
Flipkart Minutes,wooden utensils set australia,,4,,,
Flipkart Minutes,wooden knife set block,,4,,,
Flipkart Minutes,wooden handle cutlery set dishwasher safe,,4,,,
Flipkart Minutes,wooden knife set for kids,,4,,,
Flipkart Minutes,george wooden cutlery set,,4,,,
Flipkart Minutes,is wooden cutlery better than plastic,,4,,,
Flipkart Minutes,wooden knife set holder,,4,,,
Flipkart Minutes,wooden handle cutlery set uk,,4,,,
Flipkart Minutes,wooden utensils set manufacturers in india,,4,,,
Flipkart Minutes,wooden knife set kids,,4,,,
Flipkart Minutes,wooden utensils set nz,,4,,,
Flipkart Minutes,remi wooden cutlery set,,4,,,
Flipkart Minutes,wooden cutlery spoon set,,4,,,
Flipkart Minutes,bamboo cutlery set travel,,4,,,
Flipkart Minutes,wooden knife set with block,,4,,,
Flipkart Minutes,disposable cutlery aldi,,4,,,
Flipkart Minutes,disposable cutlery b&m,,4,,,
Flipkart Minutes,disposable cutlery canada,,4,,,
Flipkart Minutes,disposable cutlery dollar tree,,4,,,
Flipkart Minutes,plastic cutlery environmental impact,,4,,,
Flipkart Minutes,disposable cutlery fancy,,4,,,
Flipkart Minutes,disposable gold cutlery set,,4,,,
Flipkart Minutes,disposable cutlery heavy duty,,4,,,
Flipkart Minutes,disposable cutlery individually wrapped,,4,,,
Flipkart Minutes,disposable kids cutlery,,4,,,
Flipkart Minutes,disposable cutlery lebanon,,4,,,
Flipkart Minutes,disposable cutlery making machine,,4,,,
Flipkart Minutes,disposable cutlery napkins,,4,,,
Flipkart Minutes,plastic cutlery organizer,,4,,,
Flipkart Minutes,disposable cutlery poundland,,4,,,
Flipkart Minutes,what is disposable cutlery,,4,,,
Flipkart Minutes,disposable cutlery reddit,,4,,,
Flipkart Minutes,disposable cutlery silver,,4,,,
Flipkart Minutes,disposable cutlery the range,,4,,,
Flipkart Minutes,disposable tableware usa,,4,,,
Flipkart Minutes,disposable cutlery walmart,,4,,,
Flipkart Minutes,single use cutlery x 意味,,4,,,
Flipkart Minutes,compostable cups and lids,,4,,,
Flipkart Minutes,compostable packaging bags,,4,,,
Flipkart Minutes,compostable cardboard containers,,4,,,
Flipkart Minutes,compostable disposable containers,,4,,,
Flipkart Minutes,biodegradable egg containers crossword,,4,,,
Flipkart Minutes,compostable freezer containers,,4,,,
Flipkart Minutes,can compostable containers go in the microwave,,4,,,
Flipkart Minutes,compostable packaging how to dispose,,4,,,
Flipkart Minutes,compostable cups ireland,,4,,,
Flipkart Minutes,compostable k cups canada,,4,,,
Flipkart Minutes,compostable packaging logo,,4,,,
Flipkart Minutes,compostable meal containers,,4,,,
Flipkart Minutes,compostable cups near me,,4,,,
Flipkart Minutes,compostable take out containers,,4,,,
Flipkart Minutes,compostable pint containers,,4,,,
Flipkart Minutes,compostable cups reddit,,4,,,
Flipkart Minutes,compostable sauce containers,,4,,,
Flipkart Minutes,compostable takeout containers near me,,4,,,
Flipkart Minutes,biodegradable containers with lids in india,,4,,,
Flipkart Minutes,biodegradable straws australia,,4,,,
Flipkart Minutes,compostable boba straws,,4,,,
Flipkart Minutes,compostable cocktail straws,,4,,,
Flipkart Minutes,biodegradable drinking straws,,4,,,
Flipkart Minutes,do compostable straws have gluten,,4,,,
Flipkart Minutes,eco compostable straws,,4,,,
Flipkart Minutes,biodegradable straws for honey sticks,,4,,,
Flipkart Minutes,biodegradable straws gluten free,,4,,,
Flipkart Minutes,biodegradable straws india,,4,,,
Flipkart Minutes,lifemade compostable straws,,4,,,
Flipkart Minutes,compostable straws material,,4,,,
Flipkart Minutes,biodegradable straws not paper,,4,,,
Flipkart Minutes,compostable pla straws,,4,,,
Flipkart Minutes,compostable rice straw,,4,,,
Flipkart Minutes,compostable spoon straws,,4,,,
Flipkart Minutes,biodegradable straws target,,4,,,
Flipkart Minutes,compostable wrapped straws,,4,,,
Flipkart Minutes,paper straws and gluten,,4,,,
Flipkart Minutes,paper straws banned,,4,,,
Flipkart Minutes,paper straws canada,,4,,,
Flipkart Minutes,paper straws donald trump,,4,,,
Flipkart Minutes,paper straws ebay,,4,,,
Flipkart Minutes,paper straws for mason bees,,4,,,
Flipkart Minutes,paper straws green,,4,,,
Flipkart Minutes,paper straws hs code,,4,,,
Flipkart Minutes,paper straws in bulk,,4,,,
Flipkart Minutes,paper straws new jersey,,4,,,
Flipkart Minutes,paper straws kids,,4,,,
Flipkart Minutes,paper straws long,,4,,,
Flipkart Minutes,paper straws morrisons,,4,,,
Flipkart Minutes,paper straws not gluten free,,4,,,
Flipkart Minutes,paper straws origin,,4,,,
Flipkart Minutes,paper straws poundland,,4,,,
Flipkart Minutes,paper straws red and white,,4,,,
Flipkart Minutes,paper straws spotlight,,4,,,
Flipkart Minutes,paper straws trump,,4,,,
Flipkart Minutes,paper straws useless,,4,,,
Flipkart Minutes,paper straws vancouver,,4,,,
Flipkart Minutes,paper straws white,,4,,,
Flipkart Minutes,are paper straws safe,,4,,,
Flipkart Minutes,paper straws nine year old,,4,,,
Flipkart Minutes,food packaging and shelf life journal,,4,,,
Flipkart Minutes,food packaging bags,,4,,,
Flipkart Minutes,food packaging covers,,4,,,
Flipkart Minutes,food packaging design agency,,4,,,
Flipkart Minutes,food packaging expo,,4,,,
Flipkart Minutes,food packaging films,,4,,,
Flipkart Minutes,food packaging gurgaon,,4,,,
Flipkart Minutes,food packaging heat sealer,,4,,,
Flipkart Minutes,food packaging in delhi,,4,,,
Flipkart Minutes,food packaging journals,,4,,,
Flipkart Minutes,food packaging kenya,,4,,,
Flipkart Minutes,food packaging label design,,4,,,
Flipkart Minutes,food packaging machine,,4,,,
Flipkart Minutes,food packaging notes,,4,,,
Flipkart Minutes,food packaging operator job description,,4,,,
Flipkart Minutes,food packaging plates,,4,,,
Flipkart Minutes,food packaging quotes,,4,,,
Flipkart Minutes,food packaging requirements,,4,,,
Flipkart Minutes,food packaging store near me,,4,,,
Flipkart Minutes,food packaging tray,,4,,,
Flipkart Minutes,food packaging uk,,4,,,
Flipkart Minutes,food packaging volunteer,,4,,,
Flipkart Minutes,food packaging work near me,,4,,,
Flipkart Minutes,xps food packaging,,4,,,
Flipkart Minutes,food packaging new york,,4,,,
Flipkart Minutes,food packaging ziplock,,4,,,
Flipkart Minutes,party supplies australia,,4,,,
Flipkart Minutes,party supplies brooklyn,,4,,,
Flipkart Minutes,party supplies columbus ohio,,4,,,
Flipkart Minutes,party supplies dubai,,4,,,
Flipkart Minutes,party supplies epping,,4,,,
Flipkart Minutes,party decorations for kids,,4,,,
Flipkart Minutes,party supplies greenville sc,,4,,,
Flipkart Minutes,party decorations hire near me,,4,,,
Flipkart Minutes,party decorations ideas for adults,,4,,,
Flipkart Minutes,party supplies jamaica,,4,,,
Flipkart Minutes,party plates kmart,,4,,,
Flipkart Minutes,party supplies list,,4,,,
Flipkart Minutes,party supplies mcallen tx,,4,,,
Flipkart Minutes,party supplies nearby,,4,,,
Flipkart Minutes,party supplies okc,,4,,,
Flipkart Minutes,party plates plastic,,4,,,
Flipkart Minutes,party supplies qormi,,4,,,
Flipkart Minutes,party supplies raleigh nc,,4,,,
Flipkart Minutes,party supplies store near me,,4,,,
Flipkart Minutes,party supplies tucson,,4,,,
Flipkart Minutes,party supplies usa,,4,,,
Flipkart Minutes,party supplies virginia beach,,4,,,
Flipkart Minutes,party supplies walmart,,4,,,
Flipkart Minutes,party supplies yakima,,4,,,
Flipkart Minutes,party supplies zurich,,4,,,
Flipkart Minutes,bagasse plates manufacturing plant cost,,5,,,
Flipkart Minutes,disposable cups 250ml 1000s,,5,,,
Flipkart Minutes,disposable cups 250ml 1000 per box,,5,,,
Flipkart Minutes,bulk coffee cups,,5,,,
Flipkart Minutes,clamshell sugarcane bagasse,,5,,,
Flipkart Minutes,compostable containers with lids wholesale,,5,,,
Flipkart Minutes,eco friendly party plates and cutlery,,5,,,
Flipkart Minutes,eco friendly buffet plates,,5,,,
Flipkart Minutes,eco friendly children's plates,,5,,,
Flipkart Minutes,eco friendly dinner plates,,5,,,
Flipkart Minutes,eco friendly examples,,5,,,
Flipkart Minutes,are bamboo plates eco friendly,,5,,,
Flipkart Minutes,best eco friendly kids plates,,5,,,
Flipkart Minutes,eco friendly banana leaf plates,,5,,,
Flipkart Minutes,eco friendly plates manufacturing near me,,5,,,
Flipkart Minutes,eco friendly serving plates,,5,,,
Flipkart Minutes,eco friendly thanksgiving plates,,5,,,
Flipkart Minutes,eco friendly single use plates,,5,,,
Flipkart Minutes,eco friendly plates wedding,,5,,,
Flipkart Minutes,biodegradable plates and cups machine,,5,,,
Flipkart Minutes,biodegradable plates big size,,5,,,
Flipkart Minutes,biodegradable plates cost,,5,,,
Flipkart Minutes,biodegradable disposable plates machine,,5,,,
Flipkart Minutes,biodegradable tableware export from india,,5,,,
Flipkart Minutes,biodegradable plates for parties,,5,,,
Flipkart Minutes,biodegradable green plates,,5,,,
Flipkart Minutes,biodegradable plates have gluten,,5,,,
Flipkart Minutes,biodegradable plates manufacturers in gujarat,,5,,,
Flipkart Minutes,biodegradable paper plates and cups,,5,,,
Flipkart Minutes,biodegradable utensils research,,5,,,
Flipkart Minutes,biodegradable plates small,,5,,,
Flipkart Minutes,biodegradable thanksgiving plates,,5,,,
Flipkart Minutes,disposable plates and glass making machine price,,5,,,
Flipkart Minutes,disposable plates box,,5,,,
Flipkart Minutes,disposable plates compartments,,5,,,
Flipkart Minutes,disposable plates dinner,,5,,,
Flipkart Minutes,disposable plates elegant,,5,,,
Flipkart Minutes,disposable plates for dinner,,5,,,
Flipkart Minutes,disposable plates glasses and cutlery,,5,,,
Flipkart Minutes,disposable plates high quality,,5,,,
Flipkart Minutes,disposable plates in bulk,,5,,,
Flipkart Minutes,disposable plates jalandhar,,5,,,
Flipkart Minutes,disposable plates kids,,5,,,
Flipkart Minutes,disposable plates large,,5,,,
Flipkart Minutes,disposable plates meesho,,5,,,
Flipkart Minutes,disposable plates natural,,5,,,
Flipkart Minutes,disposable plates organizer,,5,,,
Flipkart Minutes,disposable plates pronunciation,,5,,,
Flipkart Minutes,paper plates qatar,,5,,,
Flipkart Minutes,disposable plates red dot,,5,,,
Flipkart Minutes,disposable plates small size,,5,,,
Flipkart Minutes,disposable plates that look like china,,5,,,
Flipkart Minutes,disposable plates utensils,,5,,,
Flipkart Minutes,disposable plates verka,,5,,,
Flipkart Minutes,disposable plates wholesale price,,5,,,
Flipkart Minutes,paper plates xl,,5,,,
Flipkart Minutes,paper plates you can microwave,,5,,,
Flipkart Minutes,paper plates zoo animals,,5,,,
Flipkart Minutes,bagasse plates asda,,5,,,
Flipkart Minutes,bagasse plates business,,5,,,
Flipkart Minutes,bagasse compostable plates,,5,,,
Flipkart Minutes,bagasse disposable plates near me,,5,,,
Flipkart Minutes,bagasse tableware exporter,,5,,,
Flipkart Minutes,bagasse sugarcane fiber plates,,5,,,
Flipkart Minutes,are bagasse plates gluten free,,5,,,
Flipkart Minutes,bagasse tableware hs code,,5,,,
Flipkart Minutes,bagasse plates in uk,,5,,,
Flipkart Minutes,bagasse plates in usa,,5,,,
Flipkart Minutes,sugarcane bagasse plates price,,5,,,
Flipkart Minutes,origami bagasse plates,,5,,,
Flipkart Minutes,bagasse paper plates,,5,,,
Flipkart Minutes,bagasse plate rate,,5,,,
Flipkart Minutes,bagasse sugarcane plates,,5,,,
Flipkart Minutes,bagasse plates manufacturers in tamilnadu,,5,,,
Flipkart Minutes,disposable serving trays amazon,,5,,,
Flipkart Minutes,disposable serving trays b&m,,5,,,
Flipkart Minutes,disposable serving trays costco,,5,,,
Flipkart Minutes,disposable food tray with drink holder,,5,,,
Flipkart Minutes,disposable food tray with lid,,5,,,
Flipkart Minutes,plastic meal tray near me,,5,,,
Flipkart Minutes,plastic meal tray price,,5,,,
Flipkart Minutes,how much ml is a paper cup,,5,,,
Flipkart Minutes,paper cup 200ml price,,5,,,
Flipkart Minutes,bulk coffee cups and saucers,,5,,,
Flipkart Minutes,black paper cups bulk,,5,,,
Flipkart Minutes,bulk coffee cups cheap,,5,,,
Flipkart Minutes,bulk coffee cups for cafe,,5,,,
Flipkart Minutes,wholesale paper cup manufacturers in madurai,,5,,,
Flipkart Minutes,wholesale paper cups with lids,,5,,,
Flipkart Minutes,bulk disposable cups near me,,5,,,
Flipkart Minutes,bulk disposable plastic cups,,5,,,
Flipkart Minutes,wholesale paper cup supplier malaysia,,5,,,
Flipkart Minutes,bulk coffee travel cups,,5,,,
Flipkart Minutes,wooden utensils set amazon,,5,,,
Flipkart Minutes,wooden knife block set with sharpener,,5,,,
Flipkart Minutes,wooden utensils cooking set,,5,,,
Flipkart Minutes,wooden cooking utensils set dishwasher safe,,5,,,
Flipkart Minutes,wooden utensils set for kids,,5,,,
Flipkart Minutes,george home wooden cutlery set,,5,,,
Flipkart Minutes,wooden utensils set house,,5,,,
Flipkart Minutes,cutlery set in wooden box,,5,,,
Flipkart Minutes,wooden utensils set kids,,5,,,
Flipkart Minutes,wooden utensils set near me,,5,,,
Flipkart Minutes,bamboo cutlery set with pouch,,5,,,
Flipkart Minutes,wooden utensils set sale,,5,,,
Flipkart Minutes,wooden knife set with sharpener,,5,,,
Flipkart Minutes,wooden knife set toddler,,5,,,
Flipkart Minutes,wooden kitchen utensils set uk,,5,,,
Flipkart Minutes,disposable cutlery amazon,,5,,,
Flipkart Minutes,disposable cutlery bulk,,5,,,
Flipkart Minutes,disposable cutlery canadian tire,,5,,,
Flipkart Minutes,disposable cutlery display,,5,,,
Flipkart Minutes,plastic cutlery ebay,,5,,,
Flipkart Minutes,disposable cutlery factory,,5,,,
Flipkart Minutes,disposable gold cutlery wholesale,,5,,,
Flipkart Minutes,disposable cutlery hsn code,,5,,,
Flipkart Minutes,disposable cutlery in spanish,,5,,,
Flipkart Minutes,plastic cutlery kmart,,5,,,
Flipkart Minutes,plastic cutlery lidl,,5,,,
Flipkart Minutes,disposable cutlery market size in india,,5,,,
Flipkart Minutes,disposable cutlery nice,,5,,,
Flipkart Minutes,plastic cutlery organizer with lid,,5,,,
Flipkart Minutes,disposable cutlery pronunciation,,5,,,
Flipkart Minutes,is disposable cutlery recyclable,,5,,,
Flipkart Minutes,plastic cutlery reusable,,5,,,
Flipkart Minutes,disposable cutlery sainsbury's,,5,,,
Flipkart Minutes,disposable cutlery tray,,5,,,
Flipkart Minutes,plastic cutlery usa,,5,,,
Flipkart Minutes,disposable cutlery wooden,,5,,,
Flipkart Minutes,compostable cups and plates,,5,,,
Flipkart Minutes,compostable cups bulk,,5,,,
Flipkart Minutes,compostable carryout containers,,5,,,
Flipkart Minutes,compostable drink containers,,5,,,
Flipkart Minutes,biodegradable egg containers,,5,,,
Flipkart Minutes,compostable food containers nearby,,5,,,
Flipkart Minutes,can compostable containers go in oven,,5,,,
Flipkart Minutes,compostable cups in bulk,,5,,,
Flipkart Minutes,compostable k cups not working,,5,,,
Flipkart Minutes,compostable packaging label,,5,,,
Flipkart Minutes,compostable microgreen containers,,5,,,
Flipkart Minutes,compostable cups nearby,,5,,,
Flipkart Minutes,compostable take out containers microwave safe,,5,,,
Flipkart Minutes,compostable produce containers,,5,,,
Flipkart Minutes,compostable cups restaurant depot,,5,,,
Flipkart Minutes,compostable sushi containers,,5,,,
Flipkart Minutes,compostable tupperware containers,,5,,,
Flipkart Minutes,is compostable plastic really compostable,,5,,,
Flipkart Minutes,biodegradable containers with lids,,5,,,
Flipkart Minutes,biodegradable straws agave,,5,,,
Flipkart Minutes,compostable bendy straws,,5,,,
Flipkart Minutes,compostable crazy straws,,5,,,
Flipkart Minutes,biodegradable disposable straws,,5,,,
Flipkart Minutes,do compostable straws have microplastics,,5,,,
Flipkart Minutes,are compostable rice straws edible,,5,,,
Flipkart Minutes,biodegradable straws fiji,,5,,,
Flipkart Minutes,biodegradable straws gluten,,5,,,
Flipkart Minutes,compostable straw manufacturers in india,,5,,,
Flipkart Minutes,biodegradable straws near me,,5,,,
Flipkart Minutes,biodegradable straws plastic,,5,,,
Flipkart Minutes,are compostable straws recyclable,,5,,,
Flipkart Minutes,biodegradable straws south africa,,5,,,
Flipkart Minutes,compostable bubble tea straws,,5,,,
Flipkart Minutes,biodegradable straws wholesale,,5,,,
Flipkart Minutes,paper straws are bad,,5,,,
Flipkart Minutes,paper straws blue,,5,,,
Flipkart Minutes,paper straws california,,5,,,
Flipkart Minutes,paper straws delaware,,5,,,
Flipkart Minutes,paper straws environment,,5,,,
Flipkart Minutes,paper straws for cake pops,,5,,,
Flipkart Minutes,paper straws glue,,5,,,
Flipkart Minutes,paper straws have wheat,,5,,,
Flipkart Minutes,paper straws invented,,5,,,
Flipkart Minutes,paper wrapped jumbo straws,,5,,,
Flipkart Minutes,do paper straws kill turtles,,5,,,
Flipkart Minutes,paper straws lidl,,5,,,
Flipkart Minutes,paper straws meme,,5,,,
Flipkart Minutes,paper straws new world,,5,,,
Flipkart Minutes,paper straws online,,5,,,
Flipkart Minutes,paper straws pack,,5,,,
Flipkart Minutes,paper straws red,,5,,,
Flipkart Minutes,paper straws study,,5,,,
Flipkart Minutes,paper straws that don't get soggy,,5,,,
Flipkart Minutes,paper straws usa trump,,5,,,
Flipkart Minutes,paper straws vs plastic cost,,5,,,
Flipkart Minutes,paper straws worse than plastic,,5,,,
Flipkart Minutes,why are paper straws so bad,,5,,,
Flipkart Minutes,paper straws new york,,5,,,
Flipkart Minutes,food packaging and shelf life abbreviation,,5,,,
Flipkart Minutes,food packaging boxes near me,,5,,,
Flipkart Minutes,food packaging container near me,,5,,,
Flipkart Minutes,food packaging drawing easy,,5,,,
Flipkart Minutes,food packaging expo 2026 india,,5,,,
Flipkart Minutes,food packaging fonts,,5,,,
Flipkart Minutes,food packaging gas name,,5,,,
Flipkart Minutes,food packaging hs code,,5,,,
Flipkart Minutes,food packaging industry near me,,5,,,
Flipkart Minutes,food packaging job in europe,,5,,,
Flipkart Minutes,food packaging kraft paper,,5,,,
Flipkart Minutes,food packaging license india,,5,,,
Flipkart Minutes,food packaging manufacturers,,5,,,
Flipkart Minutes,food packaging notes pdf,,5,,,
Flipkart Minutes,food packaging ottawa,,5,,,
Flipkart Minutes,food packaging polythene,,5,,,
Flipkart Minutes,food packaging quality control,,5,,,
Flipkart Minutes,food packaging responsibilities,,5,,,
Flipkart Minutes,food packaging silver pouch,,5,,,
Flipkart Minutes,food packaging technology pdf,,5,,,
Flipkart Minutes,food packaging usa,,5,,,
Flipkart Minutes,food packaging video,,5,,,
Flipkart Minutes,food packaging work,,5,,,
Flipkart Minutes,xmas food packaging,,5,,,
Flipkart Minutes,food with yellow packaging uk,,5,,,
Flipkart Minutes,food packaging zip bags,,5,,,
Flipkart Minutes,party supplies albuquerque,,5,,,
Flipkart Minutes,party decorations brisbane,,5,,,
Flipkart Minutes,party supplies colorado springs,,5,,,
Flipkart Minutes,party supplies des moines,,5,,,
Flipkart Minutes,party supplies erie pa,,5,,,
Flipkart Minutes,party supplies fresno,,5,,,
Flipkart Minutes,party supplies greenville nc,,5,,,
Flipkart Minutes,party supplies huntsville al,,5,,,
Flipkart Minutes,party decorations ireland,,5,,,
Flipkart Minutes,party supplies jackson tn,,5,,,
Flipkart Minutes,party supplies kingston,,5,,,
Flipkart Minutes,party supplies lexington ky,,5,,,
Flipkart Minutes,party supplies minneapolis,,5,,,
Flipkart Minutes,party decorations nearby,,5,,,
Flipkart Minutes,party supplies orlando,,5,,,
Flipkart Minutes,party decorations pink,,5,,,
Flipkart Minutes,party supplies queens,,5,,,
Flipkart Minutes,party supplies reno,,5,,,
Flipkart Minutes,party decorations store,,5,,,
Flipkart Minutes,party supplies toronto,,5,,,
Flipkart Minutes,party supplies underwood,,5,,,
Flipkart Minutes,party supplies visalia,,5,,,
Flipkart Minutes,party supplies winnipeg,,5,,,
Flipkart Minutes,party supplies yuba city,,5,,,
Flipkart Minutes,party supplies zabbar,,5,,,
Flipkart Minutes,bagasse plates meaning,,6,,,
Flipkart Minutes,disposable meal tray with lid wholesale,,6,,,
Flipkart Minutes,eco friendly use and throw plates,,6,,,
Flipkart Minutes,eco friendly baby plates,,6,,,
Flipkart Minutes,eco friendly christmas plates,,6,,,
Flipkart Minutes,eco friendly plates from banana leaves,,6,,,
Flipkart Minutes,eco friendly kids party plates,,6,,,
Flipkart Minutes,eco friendly palm leaf plates,,6,,,
Flipkart Minutes,eco friendly plates material,,6,,,
Flipkart Minutes,best eco friendly paper plates,,6,,,
Flipkart Minutes,is eco friendly the same as environmentally friendly,,6,,,
Flipkart Minutes,eco friendly square plates,,6,,,
Flipkart Minutes,eco friendly disposable plates and utensils,,6,,,
Flipkart Minutes,eco friendly wooden plates,,6,,,
Flipkart Minutes,biodegradable plates and glasses,,6,,,
Flipkart Minutes,biodegradable bamboo plates,,6,,,
Flipkart Minutes,biodegradable plates canada,,6,,,
Flipkart Minutes,biodegradable dessert plates,,6,,,
Flipkart Minutes,biodegradable disposable plates exporters in gujarat,,6,,,
Flipkart Minutes,biodegradable plates for surgery,,6,,,
Flipkart Minutes,biodegradable holiday plates,,6,,,
Flipkart Minutes,biodegradable plates in uk,,6,,,
Flipkart Minutes,compostable leaf plates,,6,,,
Flipkart Minutes,biodegradable plates material,,6,,,
Flipkart Minutes,compostable plates nearby,,6,,,
Flipkart Minutes,paper plates biodegradable or nonbiodegradable,,6,,,
Flipkart Minutes,biodegradable partition plates,,6,,,
Flipkart Minutes,biodegradable plates set,,6,,,
Flipkart Minutes,compostable plates target,,6,,,
Flipkart Minutes,compostable ultra plates,,6,,,
Flipkart Minutes,biodegradable plates wedding,,6,,,
Flipkart Minutes,disposable plates and glass making machine,,6,,,
Flipkart Minutes,disposable plates business in india,,6,,,
Flipkart Minutes,disposable plates comes under which category,,6,,,
Flipkart Minutes,disposable plates decoration ideas,,6,,,
Flipkart Minutes,disposable plates etc,,6,,,
Flipkart Minutes,disposable plates for momos,,6,,,
Flipkart Minutes,disposable plates glass machine,,6,,,
Flipkart Minutes,disposable plates heavy duty,,6,,,
Flipkart Minutes,disposable plates in chandigarh,,6,,,
Flipkart Minutes,disposable plates jaipur,,6,,,
Flipkart Minutes,disposable plates kaufland,,6,,,
Flipkart Minutes,disposable plates luxury,,6,,,
Flipkart Minutes,disposable plates manufacturers near me,,6,,,
Flipkart Minutes,disposable plates near me within 800m,,6,,,
Flipkart Minutes,disposable plates on amazon,,6,,,
Flipkart Minutes,disposable plates png,,6,,,
Flipkart Minutes,plastic plates qatar,,6,,,
Flipkart Minutes,disposable plates restaurant depot,,6,,,
Flipkart Minutes,disposable plates square,,6,,,
Flipkart Minutes,disposable plates target,,6,,,
Flipkart Minutes,disposable plates uae,,6,,,
Flipkart Minutes,disposable plates visiting card,,6,,,
Flipkart Minutes,disposable plates with cover,,6,,,
Flipkart Minutes,paper plates x100,,6,,,
Flipkart Minutes,paper plates youtube,,6,,,
Flipkart Minutes,paper plates zehrs,,6,,,
Flipkart Minutes,sugarcane bagasse plates & bowls,,6,,,
Flipkart Minutes,bagasse plates buy,,6,,,
Flipkart Minutes,bagasse tableware china,,6,,,
Flipkart Minutes,bagasse tableware distributor,,6,,,
Flipkart Minutes,sugarcane bagasse plates export from india,,6,,,
Flipkart Minutes,bagasse plates manufacturers in gujarat,,6,,,
Flipkart Minutes,sugarcane bagasse plates hsn code,,6,,,
Flipkart Minutes,bagasse pizza plates,,6,,,
Flipkart Minutes,bagasse rectangular plate,,6,,,
Flipkart Minutes,bagasse small plates,,6,,,
Flipkart Minutes,sugarcane bagasse to plates,,6,,,
Flipkart Minutes,bagasse plate weight,,6,,,
Flipkart Minutes,disposable serving trays aluminum,,6,,,
Flipkart Minutes,disposable serving trays christmas,,6,,,
Flipkart Minutes,disposable serving trays for desserts,,6,,,
Flipkart Minutes,plastic ready meal tray melted in oven,,6,,,
Flipkart Minutes,disposable lunch trays nearby,,6,,,
Flipkart Minutes,disposable meal prep tray,,6,,,
Flipkart Minutes,disposable food tray with cover,,6,,,
Flipkart Minutes,polystyrene paper cups 250ml,,6,,,
Flipkart Minutes,bulk coffee cups amazon,,6,,,
Flipkart Minutes,bulk disposable tea cups and saucers,,6,,,
Flipkart Minutes,brown paper cups bulk,,6,,,
Flipkart Minutes,bulk paper cone cups,,6,,,
Flipkart Minutes,bulk coffee cups for coffee shop,,6,,,
Flipkart Minutes,wholesale paper cup manufacturers in kerala,,6,,,
Flipkart Minutes,bulk coffee cups with lids and sleeves,,6,,,
Flipkart Minutes,bulk coffee cups nearby,,6,,,
Flipkart Minutes,bulk disposable shot cups,,6,,,
Flipkart Minutes,bamboo cutlery set amazon,,6,,,
Flipkart Minutes,wooden knife block set uk,,6,,,
Flipkart Minutes,wooden knife set for toddlers,,6,,,
Flipkart Minutes,wooden knife handle set,,6,,,
Flipkart Minutes,cutlery set in wooden case,,6,,,
Flipkart Minutes,wooden utensils set kmart,,6,,,
Flipkart Minutes,wooden utensils set non toxic,,6,,,
Flipkart Minutes,wooden picnic cutlery set,,6,,,
Flipkart Minutes,bamboo cutlery set silver,,6,,,
Flipkart Minutes,wooden knife set with stand,,6,,,
Flipkart Minutes,wooden utensils set teak,,6,,,
Flipkart Minutes,bamboo handle cutlery set uk,,6,,,
Flipkart Minutes,disposable cutlery argos,,6,,,
Flipkart Minutes,disposable cutlery big w,,6,,,
Flipkart Minutes,disposable cutlery compostable,,6,,,
Flipkart Minutes,plastic cutlery drainer,,6,,,
Flipkart Minutes,disposable forks eco,,6,,,
Flipkart Minutes,disposable cutlery for kids,,6,,,
Flipkart Minutes,plastic cutlery gold,,6,,,
Flipkart Minutes,disposable cutlery holder for party,,6,,,
Flipkart Minutes,disposable cutlery items,,6,,,
Flipkart Minutes,disposable forks kmart,,6,,,
Flipkart Minutes,plastic cutlery lunch set,,6,,,
Flipkart Minutes,disposable cutlery morrisons,,6,,,
Flipkart Minutes,disposable cutlery ntuc,,6,,,
Flipkart Minutes,plastic cutlery on plane,,6,,,
Flipkart Minutes,disposable cutlery price,,6,,,
Flipkart Minutes,plastic cutlery reject shop,,6,,,
Flipkart Minutes,disposable cutlery singapore,,6,,,
Flipkart Minutes,disposable cutlery that looks real,,6,,,
Flipkart Minutes,plastic cutlery uk ban,,6,,,
Flipkart Minutes,disposable cutlery wholesale singapore,,6,,,
Flipkart Minutes,sugar cane bar reviews,,6,,,
Flipkart Minutes,compostable cups and straws,,6,,,
Flipkart Minutes,compostable packaging boxes,,6,,,
Flipkart Minutes,compostable cosmetic containers,,6,,,
Flipkart Minutes,compostable deli containers with lids,,6,,,
Flipkart Minutes,compostable espresso cups,,6,,,
Flipkart Minutes,compostable food containers near me,,6,,,
Flipkart Minutes,can compostable containers go in fogo,,6,,,
Flipkart Minutes,compostable hot cups with lids,,6,,,
Flipkart Minutes,compostable insulated packaging,,6,,,
Flipkart Minutes,compostable k cups nearby,,6,,,
Flipkart Minutes,compostable cups lids,,6,,,
Flipkart Minutes,compostable muffin containers,,6,,,
Flipkart Minutes,compostable packaging nz,,6,,,
Flipkart Minutes,compostable take out containers canada,,6,,,
Flipkart Minutes,compostable pla containers,,6,,,
Flipkart Minutes,are egg containers compostable,,6,,,
Flipkart Minutes,are compostable containers recyclable,,6,,,
Flipkart Minutes,compostable snack containers,,6,,,
Flipkart Minutes,compostable cups target,,6,,,
Flipkart Minutes,compostable cups walmart,,6,,,
Flipkart Minutes,compostable black straws,,6,,,
Flipkart Minutes,compostable coffee straws,,6,,,
Flipkart Minutes,are compostable straws more expensive,,6,,,
Flipkart Minutes,biodegradable straws for restaurants,,6,,,
Flipkart Minutes,biodegradable straws green,,6,,,
Flipkart Minutes,bpi compostable straw ingredients,,6,,,
Flipkart Minutes,compostable straw manufacturer,,6,,,
Flipkart Minutes,biodegradable straws nz,,6,,,
Flipkart Minutes,biodegradable straws price,,6,,,
Flipkart Minutes,biodegradable rice straws,,6,,,
Flipkart Minutes,biodegradable straws starbucks,,6,,,
Flipkart Minutes,tuv compostable straws,,6,,,
Flipkart Minutes,biodegradable straws walmart,,6,,,
Flipkart Minutes,paper straws are terrible,,6,,,
Flipkart Minutes,paper straws bad for you,,6,,,
Flipkart Minutes,paper straws crazy store,,6,,,
Flipkart Minutes,paper straws don t work,,6,,,
Flipkart Minutes,paper straws in europe,,6,,,
Flipkart Minutes,paper straws for bee house,,6,,,
Flipkart Minutes,paper straws gold,,6,,,
Flipkart Minutes,paper straws health risk,,6,,,
Flipkart Minutes,paper straws in canada,,6,,,
Flipkart Minutes,paper straws are a joke,,6,,,
Flipkart Minutes,paper straws burger king,,6,,,
Flipkart Minutes,paper straws lebanon,,6,,,
Flipkart Minutes,paper straws made in usa,,6,,,
Flipkart Minutes,paper straws news,,6,,,
Flipkart Minutes,paper straws on amazon,,6,,,
Flipkart Minutes,paper straws pfas study,,6,,,
Flipkart Minutes,paper straws reject shop,,6,,,
Flipkart Minutes,paper straws soggy,,6,,,
Flipkart Minutes,paper straws the range,,6,,,
Flipkart Minutes,paper straws urban dictionary,,6,,,
Flipkart Minutes,paper straws video,,6,,,
Flipkart Minutes,paper straws wrapped in plastic,,6,,,
Flipkart Minutes,9 year old study paper straws,,6,,,
Flipkart Minutes,food packaging and labelling,,6,,,
Flipkart Minutes,food packaging box manufacturers,,6,,,
Flipkart Minutes,food packaging company near me,,6,,,
Flipkart Minutes,food packaging design ideas,,6,,,
Flipkart Minutes,food packaging experience certificate,,6,,,
Flipkart Minutes,food packaging factory,,6,,,
Flipkart Minutes,food packaging guidelines,,6,,,
Flipkart Minutes,food packaging hiring near me,,6,,,
Flipkart Minutes,food packaging images,,6,,,
Flipkart Minutes,food packaging jobs in russia,,6,,,
Flipkart Minutes,food packaging kota kinabalu,,6,,,
Flipkart Minutes,food packaging laws and regulations,,6,,,
Flipkart Minutes,food packaging material shop near me,,6,,,
Flipkart Minutes,food packaging network,,6,,,
Flipkart Minutes,food packaging online australia,,6,,,
Flipkart Minutes,food packaging paper bags,,6,,,
Flipkart Minutes,food packaging quiz,,6,,,
Flipkart Minutes,food packaging regulations fssai,,6,,,
Flipkart Minutes,food packaging suppliers near me,,6,,,
Flipkart Minutes,food packaging technology nptel,,6,,,
Flipkart Minutes,food packaging unit near me,,6,,,
Flipkart Minutes,food packaging volunteer near me,,6,,,
Flipkart Minutes,food packaging work from home,,6,,,
Flipkart Minutes,purpose of food packaging,,6,,,
Flipkart Minutes,cat food yellow packaging,,6,,,
Flipkart Minutes,food packaging zipper bag,,6,,,
Flipkart Minutes,party decorations amazon,,6,,,
Flipkart Minutes,party supplies bangalore,,6,,,
Flipkart Minutes,party supplies calgary,,6,,,
Flipkart Minutes,party supplies downtown la,,6,,,
Flipkart Minutes,party supplies el paso tx,,6,,,
Flipkart Minutes,party supplies fayetteville nc,,6,,,
Flipkart Minutes,party supplies glasgow,,6,,,
Flipkart Minutes,party supplies hoppers crossing,,6,,,
Flipkart Minutes,party supplies in bulk,,6,,,
Flipkart Minutes,party supplies joplin mo,,6,,,
Flipkart Minutes,party supplies kmart,,6,,,
Flipkart Minutes,party supplies louisville ky,,6,,,
Flipkart Minutes,party supplies manchester,,6,,,
Flipkart Minutes,party supplies nyc,,6,,,
Flipkart Minutes,party supplies ottawa,,6,,,
Flipkart Minutes,party decorations paper,,6,,,
Flipkart Minutes,party favors quinceanera,,6,,,
Flipkart Minutes,party decorations rental,,6,,,
Flipkart Minutes,party decorations store near me,,6,,,
Flipkart Minutes,party supplies tyler tx,,6,,,
Flipkart Minutes,party supplies upper hutt,,6,,,
Flipkart Minutes,party supplies victoria tx,,6,,,
Flipkart Minutes,party supplies wellington,,6,,,
Flipkart Minutes,party supplies york,,6,,,
Flipkart Minutes,party supplies zurrieq,,6,,,
Flipkart Minutes,bagasse plates manufacturing machine cost,,7,,,
Flipkart Minutes,bulk disposable cups,,7,,,
Flipkart Minutes,eco friendly disposable plates and bowls,,7,,,
Flipkart Minutes,eco friendly bagasse plates,,7,,,
Flipkart Minutes,eco friendly charger plates,,7,,,
Flipkart Minutes,eco friendly disposable plates machine,,7,,,
Flipkart Minutes,eco friendly disposable plates for wedding,,7,,,
Flipkart Minutes,eco friendly microwavable plates,,7,,,
Flipkart Minutes,eco friendly plates and glasses,,7,,,
Flipkart Minutes,eco friendly snack plates,,7,,,
Flipkart Minutes,eco friendly to go plates,,7,,,
Flipkart Minutes,biodegradable plates and cups making machine,,7,,,
Flipkart Minutes,biodegradable bagasse plates,,7,,,
Flipkart Minutes,biodegradable plates china,,7,,,
Flipkart Minutes,biodegradable disposable plates near me,,7,,,
Flipkart Minutes,plates compostable except in ca,,7,,,
Flipkart Minutes,biodegradable plates from leaves,,7,,,
Flipkart Minutes,compostable plates gluten free,,7,,,
Flipkart Minutes,biodegradable tableware hs code,,7,,,
Flipkart Minutes,biodegradable kitchen utensils,,7,,,
Flipkart Minutes,compostable lunch plates,,7,,,
Flipkart Minutes,biodegradable plates manufacturers in hyderabad,,7,,,
Flipkart Minutes,oracle biodegradable plates,,7,,,
Flipkart Minutes,biodegradable paper plates near me,,7,,,
Flipkart Minutes,compostable plates reddit,,7,,,
Flipkart Minutes,biodegradable plates south africa,,7,,,
Flipkart Minutes,biodegradable single use plates,,7,,,
Flipkart Minutes,biodegradable plates walmart,,7,,,
Flipkart Minutes,disposable plates and glass shop near me,,7,,,
Flipkart Minutes,disposable plates biodegradable,,7,,,
Flipkart Minutes,disposable plates chickpet,,7,,,
Flipkart Minutes,disposable plates diy,,7,,,
Flipkart Minutes,disposable plates eco,,7,,,
Flipkart Minutes,disposable plates factory near me,,7,,,
Flipkart Minutes,disposable plates gold,,7,,,
Flipkart Minutes,disposable plates home bargains,,7,,,
Flipkart Minutes,disposable plates in sadar bazar,,7,,,
Flipkart Minutes,disposable plates jumia,,7,,,
Flipkart Minutes,disposable plates kenya,,7,,,
Flipkart Minutes,disposable plates lebanon,,7,,,
Flipkart Minutes,disposable plates meaning,,7,,,
Flipkart Minutes,disposable plates near me open now,,7,,,
Flipkart Minutes,disposable plates officeworks,,7,,,
Flipkart Minutes,disposable plates pack,,7,,,
Flipkart Minutes,paper plates quality,,7,,,
Flipkart Minutes,disposable plates round,,7,,,
Flipkart Minutes,disposable plates silver,,7,,,
Flipkart Minutes,disposable plates that look real,,7,,,
Flipkart Minutes,disposable plates under ₹ 1000,,7,,,
Flipkart Minutes,disposable plates viva,,7,,,
Flipkart Minutes,disposable plates with compartments,,7,,,
Flipkart Minutes,paper plates xmas tree,,7,,,
Flipkart Minutes,paper plates yakuza kiwami,,7,,,
Flipkart Minutes,paper plates zazzle,,7,,,
Flipkart Minutes,bagasse plates hsn code and gst rate,,7,,,
Flipkart Minutes,bagasse plates benefits,,7,,,
Flipkart Minutes,bagasse disposable plate hsn code,,7,,,
Flipkart Minutes,eco bagasse plates,,7,,,
Flipkart Minutes,plates from bagasse,,7,,,
Flipkart Minutes,disposable bagasse plates hsn code,,7,,,
Flipkart Minutes,bagasse tableware importers in usa,,7,,,
Flipkart Minutes,bagasse plate manufacturers near me,,7,,,
Flipkart Minutes,bagasse party plates,,7,,,
Flipkart Minutes,bagasse round plate 7,,7,,,
Flipkart Minutes,bagasse tableware supplier,,7,,,
Flipkart Minutes,bagasse use and throw plates,,7,,,
Flipkart Minutes,bagasse plate water resistant,,7,,,
Flipkart Minutes,disposable food trays asda,,7,,,
Flipkart Minutes,disposable serving trays coles,,7,,,
Flipkart Minutes,disposable serving trays for food,,7,,,
Flipkart Minutes,disposable food trays nz,,7,,,
Flipkart Minutes,disposable food tray party,,7,,,
Flipkart Minutes,8cp meal tray takeaway disposable thali with lid,,7,,,
Flipkart Minutes,disposable food tray warmers,,7,,,
Flipkart Minutes,bulk disposable cups and lids,,7,,,
Flipkart Minutes,bulk coffee cups cute,,7,,,
Flipkart Minutes,paper cups for coffee bulk,,7,,,
Flipkart Minutes,wholesale paper cup manufacturers in ahmedabad,,7,,,
Flipkart Minutes,bulk disposable cups with lids and straws,,7,,,
Flipkart Minutes,wholesale paper cup manufacturers south africa,,7,,,
Flipkart Minutes,bulk coffee shop cups,,7,,,
Flipkart Minutes,bulk coffee takeaway cups,,7,,,
Flipkart Minutes,bamboo cutlery set australia,,7,,,
Flipkart Minutes,wooden knife box set,,7,,,
Flipkart Minutes,bamboo cutlery set for kids,,7,,,
Flipkart Minutes,cutlery wooden handle set,,7,,,
Flipkart Minutes,wooden utensils set with holder,,7,,,
Flipkart Minutes,ikea wooden cutlery set,,7,,,
Flipkart Minutes,bamboo cutlery set kmart,,7,,,
Flipkart Minutes,wooden cooking utensils set made in usa,,7,,,
Flipkart Minutes,wooden utensils set nearby,,7,,,
Flipkart Minutes,premium wooden cutlery set,,7,,,
Flipkart Minutes,wooden handle cutlery set sale,,7,,,
Flipkart Minutes,disposable cutlery at costco,,7,,,
Flipkart Minutes,disposable cutlery bamboo,,7,,,
Flipkart Minutes,disposable cutlery caddy,,7,,,
Flipkart Minutes,plastic cutlery dispenser,,7,,,
Flipkart Minutes,disposable tableware eco friendly,,7,,,
Flipkart Minutes,disposable cutlery for cafe,,7,,,
Flipkart Minutes,disposable utensils gold,,7,,,
Flipkart Minutes,disposable cutlery hk,,7,,,
Flipkart Minutes,disposable cutlery in bulk,,7,,,
Flipkart Minutes,plastic cutlery kids,,7,,,
Flipkart Minutes,plastic cutlery lebanon,,7,,,
Flipkart Minutes,disposable cutlery machine,,7,,,
Flipkart Minutes,plastic cutlery near me,,7,,,
Flipkart Minutes,disposable utensils organizer,,7,,,
Flipkart Minutes,disposable cutlery plates,,7,,,
Flipkart Minutes,plastic cutlery recyclable,,7,,,
Flipkart Minutes,disposable cutlery set costco,,7,,,
Flipkart Minutes,disposable cutlery tm class,,7,,,
Flipkart Minutes,disposable utility knife,,7,,,
Flipkart Minutes,disposable cutlery wedding,,7,,,
Flipkart Minutes,parts of a sugarcane stem,,7,,,
Flipkart Minutes,biodegradable containers amazon,,7,,,
Flipkart Minutes,compostable packaging brands,,7,,,
Flipkart Minutes,compostable cups costco,,7,,,
Flipkart Minutes,compostable packaging disposal,,7,,,
Flipkart Minutes,compostable eco cups,,7,,,
Flipkart Minutes,compostable food containers wholesale,,7,,,
Flipkart Minutes,compostable grease cups,,7,,,
Flipkart Minutes,compostable hot cups near me,,7,,,
Flipkart Minutes,compostable iced cups,,7,,,
Flipkart Minutes,compostable k cups coffee,,7,,,
Flipkart Minutes,compostable packaging materials,,7,,,
Flipkart Minutes,biodegradable containers near me,,7,,,
Flipkart Minutes,compostable take out containers nearby,,7,,,
Flipkart Minutes,compostable packaging products,,7,,,
Flipkart Minutes,compostable reusable cups,,7,,,
Flipkart Minutes,compostable sandwich containers,,7,,,
Flipkart Minutes,compostable packaging toronto,,7,,,
Flipkart Minutes,compostable cups with lids and straws,,7,,,
Flipkart Minutes,are compostable straws gluten free,,7,,,
Flipkart Minutes,compostable bamboo straws,,7,,,
Flipkart Minutes,biodegradable straws canada,,7,,,
Flipkart Minutes,ecosystems compostable straws gluten free,,7,,,
Flipkart Minutes,bpi compostable straws gluten free,,7,,,
Flipkart Minutes,do compostable straws have wheat,,7,,,
Flipkart Minutes,ingeo compostable straws,,7,,,
Flipkart Minutes,biodegradable straws made of,,7,,,
Flipkart Minutes,compostable super smoothie natural straws,,7,,,
Flipkart Minutes,compostable pasta straw,,7,,,
Flipkart Minutes,biodegradable reusable straws,,7,,,
Flipkart Minutes,biodegradable straws sugarcane,,7,,,
Flipkart Minutes,biodegradable straws wrapped,,7,,,
Flipkart Minutes,paper straws aldi,,7,,,
Flipkart Minutes,paper straws bad,,7,,,
Flipkart Minutes,paper straws chemicals,,7,,,
Flipkart Minutes,paper straws disadvantages,,7,,,
Flipkart Minutes,paper straws explode meme,,7,,,
Flipkart Minutes,paper straws for drinking,,7,,,
Flipkart Minutes,paper straws gf,,7,,,
Flipkart Minutes,paper straws harmful chemicals,,7,,,
Flipkart Minutes,paper straws in florida,,7,,,
Flipkart Minutes,jumbo paper straws near me,,7,,,
Flipkart Minutes,go green paper straws kochi,,7,,,
Flipkart Minutes,paper straws light blue,,7,,,
Flipkart Minutes,paper straws mcdonald's,,7,,,
Flipkart Minutes,paper straws nj,,7,,,
Flipkart Minutes,paper straws on capri suns,,7,,,
Flipkart Minutes,paper straws pink,,7,,,
Flipkart Minutes,paper straws restaurant,,7,,,
Flipkart Minutes,paper straws starbucks,,7,,,
Flipkart Minutes,paper straws toxic study,,7,,,
Flipkart Minutes,paper u straws,,7,,,
Flipkart Minutes,are paper straws vegan,,7,,,
Flipkart Minutes,paper straws with gluten,,7,,,
Flipkart Minutes,food packaging and shelf life journal abbreviation,,7,,,
Flipkart Minutes,food packaging business,,7,,,
Flipkart Minutes,food packaging container wholesale,,7,,,
Flipkart Minutes,food packaging design templates,,7,,,
Flipkart Minutes,food packaging eco friendly,,7,,,
Flipkart Minutes,food packaging for travel,,7,,,
Flipkart Minutes,food packaging glasgow,,7,,,
Flipkart Minutes,food packaging hamilton,,7,,,
Flipkart Minutes,food packaging items shop near me,,7,,,
Flipkart Minutes,food packaging jobs in luxembourg with visa sponsorship,,7,,,
Flipkart Minutes,food packaging kraft box,,7,,,
Flipkart Minutes,food packaging logo design,,7,,,
Flipkart Minutes,food packaging mockup,,7,,,
Flipkart Minutes,food packaging near me wholesale,,7,,,
Flipkart Minutes,food packaging ontario,,7,,,
Flipkart Minutes,food packaging packet,,7,,,
Flipkart Minutes,food packaging qld,,7,,,
Flipkart Minutes,food packaging rules,,7,,,
Flipkart Minutes,food packaging suppliers,,7,,,
Flipkart Minutes,food packaging types,,7,,,
Flipkart Minutes,food packaging using banana leaves,,7,,,
Flipkart Minutes,food packaging vacuum sealer,,7,,,
Flipkart Minutes,food packaging wholesale shop near me,,7,,,
Flipkart Minutes,food packaging facts,,7,,,
Flipkart Minutes,dog food yellow packaging,,7,,,
Flipkart Minutes,food packaging zimbabwe,,7,,,
Flipkart Minutes,party supplies auckland,,7,,,
Flipkart Minutes,party supplies birmingham al,,7,,,
Flipkart Minutes,party supplies canberra,,7,,,
Flipkart Minutes,party supplies dollar tree,,7,,,
Flipkart Minutes,party supplies eugene,,7,,,
Flipkart Minutes,party supplies fort collins,,7,,,
Flipkart Minutes,party supplies greensboro nc,,7,,,
Flipkart Minutes,party supplies hobart,,7,,,
Flipkart Minutes,party supplies in los angeles,,7,,,
Flipkart Minutes,party supplies jonesboro ar,,7,,,
Flipkart Minutes,party supplies knoxville tn,,7,,,
Flipkart Minutes,party decorations list,,7,,,
Flipkart Minutes,party supplies mackay,,7,,,
Flipkart Minutes,party plates near me,,7,,,
Flipkart Minutes,party decorations online,,7,,,
Flipkart Minutes,party decorations personalised,,7,,,
Flipkart Minutes,party supplies quincy il,,7,,,
Flipkart Minutes,party supplies richmond va,,7,,,
Flipkart Minutes,party supplies sydney,,7,,,
Flipkart Minutes,party supplies target,,7,,,
Flipkart Minutes,party supplies upper east side,,7,,,
Flipkart Minutes,party supplies victoria bc,,7,,,
Flipkart Minutes,party supplies wholesale distributors usa,,7,,,
Flipkart Minutes,party supplies yuma,,7,,,
Flipkart Minutes,party supplies zejtun,,7,,,
Flipkart Minutes,disposable serving trays,,8,,,
Flipkart Minutes,wholesale paper cups,,8,,,
Flipkart Minutes,what are eco friendly plates,,8,,,
Flipkart Minutes,eco friendly birthday plates,,8,,,
Flipkart Minutes,eco friendly ceramic plates,,8,,,
Flipkart Minutes,eco friendly food dishes,,8,,,
Flipkart Minutes,eco friendly areca leaf plates,,8,,,
Flipkart Minutes,eco friendly plates and spoons,,8,,,
Flipkart Minutes,eco friendly scrubber dishes,,8,,,
Flipkart Minutes,biodegradable plates and utensils,,8,,,
Flipkart Minutes,biodegradable bone plates,,8,,,
Flipkart Minutes,biodegradable plates cutlery,,8,,,
Flipkart Minutes,biodegradable dinner plates bulk,,8,,,
Flipkart Minutes,biodegradable eating utensils,,8,,,
Flipkart Minutes,biodegradable plates from rice straw,,8,,,
Flipkart Minutes,gluten in.compostable.plates,,8,,,
Flipkart Minutes,biodegradable tableware hsn code,,8,,,
Flipkart Minutes,compostable kids plates,,8,,,
Flipkart Minutes,biodegradable plates manufacturing machine in india,,8,,,
Flipkart Minutes,biodegradable utensils near me,,8,,,
Flipkart Minutes,organic biodegradable plates,,8,,,
Flipkart Minutes,biodegradable plastic plates and cutlery,,8,,,
Flipkart Minutes,compostable plates restaurant depot,,8,,,
Flipkart Minutes,biodegradable sugarcane plates,,8,,,
Flipkart Minutes,compostable plates tesco,,8,,,
Flipkart Minutes,biodegradable plates wholesale price,,8,,,
Flipkart Minutes,disposable plates and cups making machine price,,8,,,
Flipkart Minutes,disposable plates business plan,,8,,,
Flipkart Minutes,disposable plates costco,,8,,,
Flipkart Minutes,disposable plates drawing,,8,,,
Flipkart Minutes,disposable plates edeka,,8,,,
Flipkart Minutes,disposable plates for wedding,,8,,,
Flipkart Minutes,disposable plates gold rim,,8,,,
Flipkart Minutes,disposable plates holder,,8,,,
Flipkart Minutes,disposable plates ikea,,8,,,
Flipkart Minutes,disposable plates john lewis,,8,,,
Flipkart Minutes,disposable plates katori,,8,,,
Flipkart Minutes,disposable plates looksharp,,8,,,
Flipkart Minutes,disposable plates material,,8,,,
Flipkart Minutes,disposable plates near me shop,,8,,,
Flipkart Minutes,disposable plates oval,,8,,,
Flipkart Minutes,disposable plates paper banana leaf,,8,,,
Flipkart Minutes,plastic plates quality,,8,,,
Flipkart Minutes,disposable plates red,,8,,,
Flipkart Minutes,disposable plates sugarcane,,8,,,
Flipkart Minutes,disposable plates the range,,8,,,
Flipkart Minutes,disposable plates use and throw,,8,,,
Flipkart Minutes,disposable plates vyapar kendra,,8,,,
Flipkart Minutes,disposable plates with compartments and lid,,8,,,
Flipkart Minutes,paper plates x50,,8,,,
Flipkart Minutes,disposable yusheng plate,,8,,,
Flipkart Minutes,paper plates zimbabwe,,8,,,
Flipkart Minutes,bagasse plates manufacturers in ahmedabad,,8,,,
Flipkart Minutes,bagasse biodegradable plates,,8,,,
Flipkart Minutes,bagasse disposable plate manufacturers,,8,,,
Flipkart Minutes,ezee bagasse plates,,8,,,
Flipkart Minutes,fresh bagasse plates,,8,,,
Flipkart Minutes,sugarcane bagasse plates hs code,,8,,,
Flipkart Minutes,bagasse tableware importers in uk,,8,,,
Flipkart Minutes,bagasse plates machine,,8,,,
Flipkart Minutes,sugarcane bagasse plates near me,,8,,,
Flipkart Minutes,bagasse tableware products,,8,,,
Flipkart Minutes,bagasse snack plate,,8,,,
Flipkart Minutes,tesco bagasse plates,,8,,,
Flipkart Minutes,is bagasse compostable,,8,,,
Flipkart Minutes,bagasse plate with food,,8,,,
Flipkart Minutes,disposable serving trays and platters,,8,,,
Flipkart Minutes,disposable serving tray with compartments,,8,,,
Flipkart Minutes,disposable serving trays poundland,,8,,,
Flipkart Minutes,disposable lunch tray with lid,,8,,,
Flipkart Minutes,bulk paper plates and cups,,8,,,
Flipkart Minutes,bulk coffee creamer cups,,8,,,
Flipkart Minutes,paper cups for hot drinks bulk,,8,,,
Flipkart Minutes,wholesale paper cup manufacturers in chennai,,8,,,
Flipkart Minutes,bulk coffee cups with lids plastic,,8,,,
Flipkart Minutes,paper cups bulk price,,8,,,
Flipkart Minutes,where to buy bulk paper cups,,8,,,
Flipkart Minutes,bulk coffee cups with saucers,,8,,,
Flipkart Minutes,wooden utensils set acacia,,8,,,
Flipkart Minutes,biopak wooden cutlery set,,8,,,
Flipkart Minutes,bamboo cutlery set with case,,8,,,
Flipkart Minutes,wooden utensils set for kitchen,,8,,,
Flipkart Minutes,silver cutlery set in wooden box,,8,,,
Flipkart Minutes,wooden utensils kitchen set,,8,,,
Flipkart Minutes,bamboo cutlery set near me,,8,,,
Flipkart Minutes,pre packed wooden cutlery set,,8,,,
Flipkart Minutes,kitchen cutlery set price,,8,,,
Flipkart Minutes,bamboo cutlery set for toddlers,,8,,,
Flipkart Minutes,cutlery collections wooden utensil set,,8,,,
Flipkart Minutes,bamboo cutlery set wholesale,,8,,,
Flipkart Minutes,disposable cutlery and plates near me,,8,,,
Flipkart Minutes,disposable cutlery bags,,8,,,
Flipkart Minutes,disposable cutlery container,,8,,,
Flipkart Minutes,plastic cutlery drawer inserts,,8,,,
Flipkart Minutes,disposable tableware exhibition,,8,,,
Flipkart Minutes,disposable cutlery fork,,8,,,
Flipkart Minutes,disposable forks gold,,8,,,
Flipkart Minutes,plastic cutlery holder,,8,,,
Flipkart Minutes,plastic cutlery ikea,,8,,,
Flipkart Minutes,plastic cutlery kit,,8,,,
Flipkart Minutes,plastic cutlery law,,8,,,
Flipkart Minutes,disposable cutlery malta,,8,,,
Flipkart Minutes,disposable utensils near me,,8,,,
Flipkart Minutes,disposable silverware organizer,,8,,,
Flipkart Minutes,disposable cutlery packets,,8,,,
Flipkart Minutes,plastic cutlery rack,,8,,,
Flipkart Minutes,disposable cutlery supplier,,8,,,
Flipkart Minutes,disposable cutlery temu,,8,,,
Flipkart Minutes,disposable utility knife blades,,8,,,
Flipkart Minutes,disposable cutlery waitrose,,8,,,
Flipkart Minutes,compostable packaging amazon,,8,,,
Flipkart Minutes,compostable cups branded,,8,,,
Flipkart Minutes,compostable packaging canada,,8,,,
Flipkart Minutes,compostable packaging definition,,8,,,
Flipkart Minutes,biodegradable egg containers ( clue),,8,,,
Flipkart Minutes,compostable food containers costco,,8,,,
Flipkart Minutes,compostable to go containers,,8,,,
Flipkart Minutes,compostable herb packaging,,8,,,
Flipkart Minutes,compostable k cups walmart,,8,,,
Flipkart Minutes,compostable packaging meaning,,8,,,
Flipkart Minutes,compostable cups nz,,8,,,
Flipkart Minutes,compostable take out containers near me,,8,,,
Flipkart Minutes,compostable cups plastic,,8,,,
Flipkart Minutes,compostable red cups,,8,,,
Flipkart Minutes,compostable small containers,,8,,,
Flipkart Minutes,compostable packaging tape,,8,,,
Flipkart Minutes,compostable cups wedding,,8,,,
Flipkart Minutes,are compostable straws safe,,8,,,
Flipkart Minutes,compostable bendable straws,,8,,,
Flipkart Minutes,biodegradable straws clear,,8,,,
Flipkart Minutes,starbucks compostable straws gluten free,,8,,,
Flipkart Minutes,biodegradable honey straws,,8,,,
Flipkart Minutes,biodegradable straws material,,8,,,
Flipkart Minutes,biodegradable straws singapore,,8,,,
Flipkart Minutes,biodegradable straws what are they made of,,8,,,
Flipkart Minutes,paper straws are stupid,,8,,,
Flipkart Minutes,paper straws biodegradable,,8,,,
Flipkart Minutes,paper straws celiac,,8,,,
Flipkart Minutes,paper straws disney,,8,,,
Flipkart Minutes,trump paper straws.explode,,8,,,
Flipkart Minutes,paper straws forever chemicals study,,8,,,
Flipkart Minutes,paper straws gary owen,,8,,,
Flipkart Minutes,paper straws hobbycraft,,8,,,
Flipkart Minutes,paper straws in store,,8,,,
Flipkart Minutes,jacent paper straws,,8,,,
Flipkart Minutes,kraft paper straws,,8,,,
Flipkart Minutes,paper straws length,,8,,,
Flipkart Minutes,paper straws microplastics,,8,,,
Flipkart Minutes,paper straws not recyclable,,8,,,
Flipkart Minutes,paper straws or plastic,,8,,,
Flipkart Minutes,paper straws problem,,8,,,
Flipkart Minutes,paper straws research,,8,,,
Flipkart Minutes,paper straws sri lanka,,8,,,
Flipkart Minutes,paper straws thick,,8,,,
Flipkart Minutes,paper umbrella straws,,8,,,
Flipkart Minutes,trump paper straws video,,8,,,
Flipkart Minutes,paper straws wheat,,8,,,
Flipkart Minutes,paper straws bad for your health,,8,,,
Flipkart Minutes,food packaging and preservation,,8,,,
Flipkart Minutes,food packaging boxes 1000ml,,8,,,
Flipkart Minutes,food packaging companies in india,,8,,,
Flipkart Minutes,food packaging dealers near me,,8,,,
Flipkart Minutes,food packaging equipment,,8,,,
Flipkart Minutes,food packaging for delivery,,8,,,
Flipkart Minutes,food packaging glue,,8,,,
Flipkart Minutes,food packaging hiring abroad,,8,,,
Flipkart Minutes,food packaging india,,8,,,
Flipkart Minutes,food packaging jobs in luxembourg,,8,,,
Flipkart Minutes,food packaging kz,,8,,,
Flipkart Minutes,food packaging laws and regulations in india,,8,,,
Flipkart Minutes,food packaging material wholesale near me,,8,,,
Flipkart Minutes,food packaging nitrogen,,8,,,
Flipkart Minutes,food packaging officeworks,,8,,,
Flipkart Minutes,food packaging plastic box,,8,,,
Flipkart Minutes,food packaging questions,,8,,,
Flipkart Minutes,food packaging resume,,8,,,
Flipkart Minutes,food packaging sticker design,,8,,,
Flipkart Minutes,food packaging thali near me,,8,,,
Flipkart Minutes,food packaging us,,8,,,
Flipkart Minutes,food packaging vector,,8,,,
Flipkart Minutes,food packaging website,,8,,,
Flipkart Minutes,food packaging over the years,,8,,,
Flipkart Minutes,food packaging zambia,,8,,,
Flipkart Minutes,party supplies amarillo,,8,,,
Flipkart Minutes,party supplies ballarat,,8,,,
Flipkart Minutes,party supplies charlotte nc,,8,,,
Flipkart Minutes,party decorations diy,,8,,,
Flipkart Minutes,party supplies egypt,,8,,,
Flipkart Minutes,party decorations for birthday,,8,,,
Flipkart Minutes,party supplies grand rapids,,8,,,
Flipkart Minutes,party supplies hobby lobby,,8,,,
Flipkart Minutes,party decorations in store,,8,,,
Flipkart Minutes,party supplies johnson city tn,,8,,,
Flipkart Minutes,party supplies katy,,8,,,
Flipkart Minutes,party supplies lebanon,,8,,,
Flipkart Minutes,party supplies midland tx,,8,,,
Flipkart Minutes,party supplies nz,,8,,,
Flipkart Minutes,party supplies overland park,,8,,,
Flipkart Minutes,party supplies paw patrol,,8,,,
Flipkart Minutes,party balloons quezon city,,8,,,
Flipkart Minutes,party supplies roanoke va,,8,,,
Flipkart Minutes,party supplies san antonio,,8,,,
Flipkart Minutes,party supplies toowoomba,,8,,,
Flipkart Minutes,party supplies victorville,,8,,,
Flipkart Minutes,party supplies warehouse,,8,,,
Flipkart Minutes,party supplies youngstown ohio,,8,,,
Flipkart Minutes,party supplies zebbug,,8,,,
Flipkart Minutes,disposable food trays,,9,,,
Flipkart Minutes,what is a party platter,,9,,,
Flipkart Minutes,eco friendly banana plates,,9,,,
Flipkart Minutes,eco friendly disposable plates business,,9,,,
Flipkart Minutes,eco friendly fancy disposable plates,,9,,,
Flipkart Minutes,eco friendly disposable plates with lid,,9,,,
Flipkart Minutes,banana leaves to eco friendly plates,,9,,,
Flipkart Minutes,biodegradable plates and cutlery,,9,,,
Flipkart Minutes,biodegradable buffet plates,,9,,,
Flipkart Minutes,biodegradable compartment plates,,9,,,
Flipkart Minutes,biodegradable plates fractures,,9,,,
Flipkart Minutes,biodegradable paper plates gluten,,9,,,
Flipkart Minutes,compostable large plates,,9,,,
Flipkart Minutes,biodegradable plates manufacturers in india,,9,,,
Flipkart Minutes,compostable plates nz,,9,,,
Flipkart Minutes,oracle biodegradable plates price,,9,,,
Flipkart Minutes,biodegradable party plates and cups,,9,,,
Flipkart Minutes,biodegradable serving plates,,9,,,
Flipkart Minutes,compostable plates to go,,9,,,
Flipkart Minutes,biodegradable plates with cover,,9,,,
Flipkart Minutes,disposable plates and cups near me,,9,,,
Flipkart Minutes,disposable plates bowls and cutlery,,9,,,
Flipkart Minutes,disposable plates coles,,9,,,
Flipkart Minutes,disposable plates dollarama,,9,,,
Flipkart Minutes,disposable plates easter,,9,,,
Flipkart Minutes,disposable plates for cake,,9,,,
Flipkart Minutes,disposable plates gandhinagar,,9,,,
Flipkart Minutes,disposable plates hs code,,9,,,
Flipkart Minutes,disposable plates in spanish,,9,,,
Flipkart Minutes,disposable japanese plates,,9,,,
Flipkart Minutes,disposable plates kmart bulk,,9,,,
Flipkart Minutes,disposable plates leicester,,9,,,
Flipkart Minutes,disposable plates making business,,9,,,
Flipkart Minutes,disposable plates near me within 1.6 km,,9,,,
Flipkart Minutes,disposable plates on blinkit,,9,,,
Flipkart Minutes,disposable plates photo,,9,,,
Flipkart Minutes,paper plates qfc,,9,,,
Flipkart Minutes,disposable plates recyclable,,9,,,
Flipkart Minutes,disposable plates supplier,,9,,,
Flipkart Minutes,disposable plates trinidad,,9,,,
Flipkart Minutes,disposable plates unique,,9,,,
Flipkart Minutes,disposable plates video,,9,,,
Flipkart Minutes,disposable plates with lid wholesale,,9,,,
Flipkart Minutes,disposable plates new year,,9,,,
Flipkart Minutes,disposable plates nz,,9,,,
Flipkart Minutes,are bagasse plates microwave safe,,9,,,
Flipkart Minutes,are bagasse plates strong,,9,,,
Flipkart Minutes,bagasse based plates,,9,,,
Flipkart Minutes,ieco bagasse plates costco,,9,,,
Flipkart Minutes,bagasse disposable tableware,,9,,,
Flipkart Minutes,ecosoul bagasse plates,,9,,,
Flipkart Minutes,bagasse plates meaning in hindi,,9,,,
Flipkart Minutes,bagasse tableware importers,,9,,,
Flipkart Minutes,bagasse plates manufacturing project report,,9,,,
Flipkart Minutes,bagasse tableware products market,,9,,,
Flipkart Minutes,sugarcane bagasse plates raw material,,9,,,
Flipkart Minutes,bagasse plate white,,9,,,
Flipkart Minutes,disposable food tray with compartments,,9,,,
Flipkart Minutes,plastic ready meal tray melted in oven tesco,,9,,,
Flipkart Minutes,disposable paper food tray near me,,9,,,
Flipkart Minutes,disposable food trays pink,,9,,,
Flipkart Minutes,bulk disposable cocktail cups,,9,,,
Flipkart Minutes,floral paper cups bulk,,9,,,
Flipkart Minutes,wholesale paper cup manufacturers in ajman,,9,,,
Flipkart Minutes,bulk paper coffee cups with lids,,9,,,
Flipkart Minutes,bulk coffee cups white,,9,,,
Flipkart Minutes,wooden knife set amazon,,9,,,
Flipkart Minutes,best wooden cutlery set,,9,,,
Flipkart Minutes,wooden camping cutlery set,,9,,,
Flipkart Minutes,best wooden utensils set for cooking,,9,,,
Flipkart Minutes,where to buy cutlery sets,,9,,,
Flipkart Minutes,vintage cutlery set in wooden box,,9,,,
Flipkart Minutes,wooden knife kitchen set,,9,,,
Flipkart Minutes,bamboo cutlery set nearby,,9,,,
Flipkart Minutes,wooden plate and cutlery set,,9,,,
Flipkart Minutes,disposable cutlery and napkin set,,9,,,
Flipkart Minutes,disposable cutlery black,,9,,,
Flipkart Minutes,disposable cutlery clear,,9,,,
Flipkart Minutes,plastic cutlery drawer,,9,,,
Flipkart Minutes,disposable utensils edible cutlery,,9,,,
Flipkart Minutes,disposable cutlery for events,,9,,,
Flipkart Minutes,plastic cutlery good quality,,9,,,
Flipkart Minutes,plastic cutlery home bargains,,9,,,
Flipkart Minutes,plastic cutlery insert,,9,,,
Flipkart Minutes,plastic cutlery kroger,,9,,,
Flipkart Minutes,disposable tableware logo,,9,,,
Flipkart Minutes,disposable cutlery manufacturers in india,,9,,,
Flipkart Minutes,plastic cutlery nz,,9,,,
Flipkart Minutes,plastic cutlery organizer drawer,,9,,,
Flipkart Minutes,disposable cutlery packaging,,9,,,
Flipkart Minutes,plastic cutlery range,,9,,,
Flipkart Minutes,disposable cutlery storage,,9,,,
Flipkart Minutes,disposable toddler cutlery,,9,,,
Flipkart Minutes,disposable utensils cutlery,,9,,,
Flipkart Minutes,disposable cutlery warehouse,,9,,,
Flipkart Minutes,compostable cups and cutlery,,9,,,
Flipkart Minutes,biodegradable containers bulk,,9,,,
Flipkart Minutes,compostable cups canada,,9,,,
Flipkart Minutes,compostable disposable cups,,9,,,
Flipkart Minutes,compostable food containers canada,,9,,,
Flipkart Minutes,compostable to go containers near me,,9,,,
Flipkart Minutes,compostable holiday cups,,9,,,
Flipkart Minutes,is compostable containers microwavable,,9,,,
Flipkart Minutes,compostable k cups amazon,,9,,,
Flipkart Minutes,compostable cups meaning,,9,,,
Flipkart Minutes,compostable packaging near me,,9,,,
Flipkart Minutes,compostable food take out containers,,9,,,
Flipkart Minutes,compostable packaging ppwr,,9,,,
Flipkart Minutes,compostable round cups,,9,,,
Flipkart Minutes,compostable soup containers with lids,,9,,,
Flipkart Minutes,biodegradable containers trinidad,,9,,,
Flipkart Minutes,biodegradable containers wholesale,,9,,,
Flipkart Minutes,are compostable straws paper,,9,,,
Flipkart Minutes,compostable bar straws,,9,,,
Flipkart Minutes,do compostable straws contain gluten,,9,,,
Flipkart Minutes,dunkin compostable straws,,9,,,
Flipkart Minutes,resource compostable straws gluten free,,9,,,
Flipkart Minutes,biodegradable hard straws,,9,,,
Flipkart Minutes,biodegradable straws manufacturers in india,,9,,,
Flipkart Minutes,biodegradable paper straws,,9,,,
Flipkart Minutes,repurpose compostable straws,,9,,,
Flipkart Minutes,compostable wheat straw,,9,,,
Flipkart Minutes,paper straws argos,,9,,,
Flipkart Minutes,paper straws bad for health,,9,,,
Flipkart Minutes,paper straws costco,,9,,,
Flipkart Minutes,paper straws disintegrate,,9,,,
Flipkart Minutes,paper straws extra long,,9,,,
Flipkart Minutes,paper straws for cotton candy,,9,,,
Flipkart Minutes,paper straws good or bad,,9,,,
Flipkart Minutes,paper straws history,,9,,,
Flipkart Minutes,paper straws ikea,,9,,,
Flipkart Minutes,jumbo paper straws coles,,9,,,
Flipkart Minutes,kikkerland paper straws,,9,,,
Flipkart Minutes,paper straws lead,,9,,,
Flipkart Minutes,paper straws malta,,9,,,
Flipkart Minutes,paper straws not good,,9,,,
Flipkart Minutes,paper straws ontario,,9,,,
Flipkart Minutes,paper straws pak n save,,9,,,
Flipkart Minutes,paper straws range,,9,,,
Flipkart Minutes,paper straws supplier,,9,,,
Flipkart Minutes,paper straws that bend,,9,,,
Flipkart Minutes,are paper straws vatable,,9,,,
Flipkart Minutes,paper straws wrapped,,9,,,
Flipkart Minutes,yellow paper straws nearby,,9,,,
Flipkart Minutes,food packaging and labelling ppt,,9,,,
Flipkart Minutes,food packaging boxes plastic,,9,,,
Flipkart Minutes,food packaging course,,9,,,
Flipkart Minutes,food packaging drawing,,9,,,
Flipkart Minutes,food packaging europe,,9,,,
Flipkart Minutes,food packaging foil box,,9,,,
Flipkart Minutes,food packaging gold coast,,9,,,
Flipkart Minutes,food packaging has expanded,,9,,,
Flipkart Minutes,food packaging ideas for cloud kitchen,,9,,,
Flipkart Minutes,food packaging job in australia,,9,,,
Flipkart Minutes,food packaging kuwait,,9,,,
Flipkart Minutes,food packaging laws,,9,,,
Flipkart Minutes,food packaging materials wholesale,,9,,,
Flipkart Minutes,food packaging news,,9,,,
Flipkart Minutes,food packaging oxygen absorber,,9,,,
Flipkart Minutes,food packaging paper box,,9,,,
Flipkart Minutes,food packaging quality,,9,,,
Flipkart Minutes,food packaging resume skills,,9,,,
Flipkart Minutes,food packaging sleeves,,9,,,
Flipkart Minutes,food packaging techniques,,9,,,
Flipkart Minutes,food packaging unique,,9,,,
Flipkart Minutes,food packaging volunteer opportunities,,9,,,
Flipkart Minutes,food packaging without plastic,,9,,,
Flipkart Minutes,yummy food packaging centre,,9,,,
Flipkart Minutes,food packaging zipper pouch,,9,,,
Flipkart Minutes,party supplies atlanta,,9,,,
Flipkart Minutes,party decorations big w,,9,,,
Flipkart Minutes,party supplies corpus christi,,9,,,
Flipkart Minutes,party supplies decoration for birthday,,9,,,
Flipkart Minutes,party supplies eau claire,,9,,,
Flipkart Minutes,party supplies fargo,,9,,,
Flipkart Minutes,party supplies green bay,,9,,,
Flipkart Minutes,party supplies harlingen,,9,,,
Flipkart Minutes,party supplies in store,,9,,,
Flipkart Minutes,party supplies johannesburg,,9,,,
Flipkart Minutes,party supplies kansas city,,9,,,
Flipkart Minutes,party supplies laredo tx,,9,,,
Flipkart Minutes,party supplies modesto,,9,,,
Flipkart Minutes,party decorations nz,,9,,,
Flipkart Minutes,party supplies odessa tx,,9,,,
Flipkart Minutes,party supplies pokemon,,9,,,
Flipkart Minutes,party supplies queenstown,,9,,,
Flipkart Minutes,party supplies reynella,,9,,,
Flipkart Minutes,party supplies singapore,,9,,,
Flipkart Minutes,party supplies townsville,,9,,,
Flipkart Minutes,party supplies upper west side,,9,,,
Flipkart Minutes,party decorations vancouver,,9,,,
Flipkart Minutes,party plates walmart,,9,,,
Flipkart Minutes,party decorations york,,9,,,
Flipkart Minutes,party supplies zootopia,,9,,,
Flipkart Minutes,disposable serving trays with lids,,10,,,
Flipkart Minutes,party table food ideas,,10,,,
Flipkart Minutes,eco friendly camping dinnerware,,10,,,
Flipkart Minutes,eco friendly bamboo dinnerware for kids,,10,,,
Flipkart Minutes,lillian eco friendly plates,,10,,,
Flipkart Minutes,eco friendly paper plates near me,,10,,,
Flipkart Minutes,eco friendly sponge dishes,,10,,,
Flipkart Minutes,banana leaves to eco friendly plate machine,,10,,,
Flipkart Minutes,eco friendly disposable plates wholesale near me,,10,,,
Flipkart Minutes,biodegradable plates amazon,,10,,,
Flipkart Minutes,biodegradable brown plates,,10,,,
Flipkart Minutes,biodegradable cups & plates from sugarcane bagasse,,10,,,
Flipkart Minutes,biodegradable disposable plates wholesale,,10,,,
Flipkart Minutes,compostable event plates,,10,,,
Flipkart Minutes,biodegradable plates for food,,10,,,
Flipkart Minutes,are biodegradable plates gluten free,,10,,,
Flipkart Minutes,compostable plates heb,,10,,,
Flipkart Minutes,compostable plates in bulk,,10,,,
Flipkart Minutes,biodegradable banana leaf plates,,10,,,
Flipkart Minutes,biodegradable plates manufacturing near me,,10,,,
Flipkart Minutes,biodegradable utensils nearby,,10,,,
Flipkart Minutes,biodegradable picnic plates,,10,,,
Flipkart Minutes,biodegradable section plates,,10,,,
Flipkart Minutes,compostable plates that look nice,,10,,,
Flipkart Minutes,biodegradable plates with seeds,,10,,,
Flipkart Minutes,disposable plates and cups wholesale near me,,10,,,
Flipkart Minutes,disposable plates bulk,,10,,,
Flipkart Minutes,disposable plates costco canada,,10,,,
Flipkart Minutes,disposable plates dollar tree,,10,,,
Flipkart Minutes,disposable plates eco soul,,10,,,
Flipkart Minutes,disposable plates factory,,10,,,
Flipkart Minutes,disposable plates gurgaon,,10,,,
Flipkart Minutes,disposable plates hobby lobby,,10,,,
Flipkart Minutes,disposable plates in india,,10,,,
Flipkart Minutes,paper plates john lewis,,10,,,
Flipkart Minutes,disposable plates knives and forks,,10,,,
Flipkart Minutes,disposable plates lulu,,10,,,
Flipkart Minutes,disposable plates medium size,,10,,,
Flipkart Minutes,disposable plates nic code udyam registration,,10,,,
Flipkart Minutes,disposable plates oval shape,,10,,,
Flipkart Minutes,disposable plates packaging,,10,,,
Flipkart Minutes,paper plates quotes,,10,,,
Flipkart Minutes,disposable plates reusable,,10,,,
Flipkart Minutes,disposable plate store near me,,10,,,
Flipkart Minutes,disposable plates trinidad wholesale,,10,,,
Flipkart Minutes,disposable under plates,,10,,,
Flipkart Minutes,disposable valentines plates,,10,,,
Flipkart Minutes,disposable plates wooden,,10,,,
Flipkart Minutes,plastic xmas plates kmart,,10,,,
Flipkart Minutes,plastic disposable plates yellow,,10,,,
Flipkart Minutes,disposable plates nz wholesale,,10,,,
Flipkart Minutes,can bagasse plates be microwaved,,10,,,
Flipkart Minutes,sugarcane bagasse disposable plates,,10,,,
Flipkart Minutes,evaara bagasse plates,,10,,,
Flipkart Minutes,bagasse tableware factory,,10,,,
Flipkart Minutes,bagasse plates manufacturers in hyderabad,,10,,,
Flipkart Minutes,bagasse tableware item,,10,,,
Flipkart Minutes,bagasse tableware project report,,10,,,
Flipkart Minutes,are bagasse plates recyclable,,10,,,
Flipkart Minutes,are bagasse plates safe,,10,,,
Flipkart Minutes,bagasse tableware wholesalers,,10,,,
Flipkart Minutes,disposable serving tray with cover,,10,,,
Flipkart Minutes,plastic meal tray with lid wholesale,,10,,,
Flipkart Minutes,disposable food packaging tray,,10,,,
Flipkart Minutes,amazon bulk paper cups,,10,,,
Flipkart Minutes,bulk paper ice cream cups,,10,,,
Flipkart Minutes,wholesale paper cup manufacturers in tamilnadu,,10,,,
Flipkart Minutes,wholesale paper cup manufacturers,,10,,,
Flipkart Minutes,bulk neoprene coffee cup sleeve,,10,,,
Flipkart Minutes,paper cups near me,,10,,,
Flipkart Minutes,wooden utensils set and holder,,10,,,
Flipkart Minutes,wooden bamboo cutlery set,,10,,,
Flipkart Minutes,wooden cooking cutlery set,,10,,,
Flipkart Minutes,wooden kitchen utensils set for kids,,10,,,
Flipkart Minutes,viners cutlery set in wooden box,,10,,,
Flipkart Minutes,wooden kitchen cutlery set,,10,,,
Flipkart Minutes,bamboo cutlery set nz,,10,,,
Flipkart Minutes,150 piece wooden cutlery set,,10,,,
Flipkart Minutes,wooden cooking utensils set target,,10,,,
Flipkart Minutes,disposable cutlery and plate set,,10,,,
Flipkart Minutes,disposable cutlery biodegradable,,10,,,
Flipkart Minutes,disposable cutlery cheap,,10,,,
Flipkart Minutes,plastic cutlery drawer organiser,,10,,,
Flipkart Minutes,disposable cutlery for steak,,10,,,
Flipkart Minutes,plastic cutlery green,,10,,,
Flipkart Minutes,plastic cutlery hs code,,10,,,
Flipkart Minutes,plastic cutlery in spanish,,10,,,
Flipkart Minutes,disposable utensils kmart,,10,,,
Flipkart Minutes,plastic cutlery lunch box,,10,,,
Flipkart Minutes,disposable cutlery manufacturing business,,10,,,
Flipkart Minutes,disposable tableware nz,,10,,,
Flipkart Minutes,plastic cutlery officeworks,,10,,,
Flipkart Minutes,disposable cutlery pink,,10,,,
Flipkart Minutes,plastic cutlery red,,10,,,
Flipkart Minutes,disposable cutlery superstore,,10,,,
Flipkart Minutes,disposable table cutlery,,10,,,
Flipkart Minutes,disposable cutlery meaning in urdu,,10,,,
Flipkart Minutes,disposable cutlery wrapped,,10,,,
Flipkart Minutes,biodegradable ashes containers,,10,,,
Flipkart Minutes,can compostable containers be microwaved,,10,,,
Flipkart Minutes,compostable packaging companies,,10,,,
Flipkart Minutes,compostable drink cups,,10,,,
Flipkart Minutes,compostable fruit containers,,10,,,
Flipkart Minutes,compostable to go containers microwave safe,,10,,,
Flipkart Minutes,compostable halloween cups,,10,,,
Flipkart Minutes,can you put compostable containers in the microwave,,10,,,
Flipkart Minutes,compostable k cups near me,,10,,,
Flipkart Minutes,biodegradable lunch containers,,10,,,
Flipkart Minutes,compostable packaging market,,10,,,
Flipkart Minutes,biodegradable containers nearby,,10,,,
Flipkart Minutes,compostable cups party,,10,,,
Flipkart Minutes,compostable ripple cups,,10,,,
Flipkart Minutes,compostable square containers,,10,,,
Flipkart Minutes,biodegradable takeaway containers,,10,,,
Flipkart Minutes,compostable cups wholesale,,10,,,
Flipkart Minutes,are compostable straws plastic,,10,,,
Flipkart Minutes,biodegradable straws bulk,,10,,,
Flipkart Minutes,biodegradable cocktail straws,,10,,,
Flipkart Minutes,do compostable straws break down,,10,,,
Flipkart Minutes,are compostable straws gf,,10,,,
Flipkart Minutes,home compostable straws,,10,,,
Flipkart Minutes,biodegradable straws meaning,,10,,,
Flipkart Minutes,biodegradable plastic straws uk,,10,,,
Flipkart Minutes,are compostable straws really compostable,,10,,,
Flipkart Minutes,biodegradable smoothie straws,,10,,,
Flipkart Minutes,biodegradable wheat straws,,10,,,
Flipkart Minutes,paper straws are useless,,10,,,
Flipkart Minutes,paper straws bridge,,10,,,
Flipkart Minutes,paper straws canada law,,10,,,
Flipkart Minutes,paper straws diy,,10,,,
Flipkart Minutes,paper straws eco friendly,,10,,,
Flipkart Minutes,paper straws factory,,10,,,
Flipkart Minutes,paper straws get soggy,,10,,,
Flipkart Minutes,paper straws health issues,,10,,,
Flipkart Minutes,paper straws illegal,,10,,,
Flipkart Minutes,do paper straws make a difference,,10,,,
Flipkart Minutes,koolaid paper straws,,10,,,
Flipkart Minutes,paper straws lyrics,,10,,,
Flipkart Minutes,paper straws making machine,,10,,,
Flipkart Minutes,paper straws nyc,,10,,,
Flipkart Minutes,paper straws order,,10,,,
Flipkart Minutes,paper straws picture,,10,,,
Flipkart Minutes,paper straws reel,,10,,,
Flipkart Minutes,paper straws south africa,,10,,,
Flipkart Minutes,paper straws taste bad,,10,,,
Flipkart Minutes,paper straws amazon uk,,10,,,
Flipkart Minutes,paper straws vs bamboo straws,,10,,,
Flipkart Minutes,paper straws wiki,,10,,,
Flipkart Minutes,yellow paper straws near me,,10,,,
Flipkart Minutes,food packaging and shelf life publication fee,,10,,,
Flipkart Minutes,food packaging boxes for restaurants,,10,,,
Flipkart Minutes,food packaging containers wholesale near me,,10,,,
Flipkart Minutes,food packaging diagram,,10,,,
Flipkart Minutes,food packaging expo india,,10,,,
Flipkart Minutes,food packaging foil cover,,10,,,
Flipkart Minutes,food packaging gujranwala,,10,,,
Flipkart Minutes,food packaging hiring,,10,,,
Flipkart Minutes,food packaging in hindi,,10,,,
Flipkart Minutes,food packaging jobs in spain,,10,,,
Flipkart Minutes,food packaging kolkata,,10,,,
Flipkart Minutes,food packaging label maker,,10,,,
Flipkart Minutes,food packaging machine price,,10,,,
Flipkart Minutes,food packaging nptel,,10,,,
Flipkart Minutes,food packaging objectives,,10,,,
Flipkart Minutes,food packaging plastic bags,,10,,,
Flipkart Minutes,food packaging quebec,,10,,,
Flipkart Minutes,food packaging rules and regulations,,10,,,
Flipkart Minutes,food packaging stickers,,10,,,
Flipkart Minutes,food packaging tray price,,10,,,
Flipkart Minutes,food packaging unique ideas,,10,,,
Flipkart Minutes,food packaging vancouver,,10,,,
Flipkart Minutes,food packaging work from home without investment,,10,,,
Flipkart Minutes,youquan food packaging jiangsu co ltd,,10,,,
Flipkart Minutes,food packaging zurich,,10,,,
Flipkart Minutes,party supplies abilene tx,,10,,,
Flipkart Minutes,party supplies big w,,10,,,
Flipkart Minutes,party supplies cheap,,10,,,
Flipkart Minutes,party decorations dollar tree,,10,,,
Flipkart Minutes,party supplies edinburgh,,10,,,
Flipkart Minutes,party supplies fort lauderdale,,10,,,
Flipkart Minutes,party decorations glasgow,,10,,,
Flipkart Minutes,party supplies hong kong,,10,,,
Flipkart Minutes,party supplies in houston,,10,,,
Flipkart Minutes,party supplies jackson ms,,10,,,
Flipkart Minutes,party supplies kuwait,,10,,,
Flipkart Minutes,party supplies london,,10,,,
Flipkart Minutes,party decorations malta,,10,,,
Flipkart Minutes,party supplies near me open now,,10,,,
Flipkart Minutes,party supplies open now,,10,,,
Flipkart Minutes,party plates pink,,10,,,
Flipkart Minutes,party supplies queanbeyan,,10,,,
Flipkart Minutes,party supplies riverside,,10,,,
Flipkart Minutes,party decorations shop near me,,10,,,
Flipkart Minutes,party supplies tampa,,10,,,
Flipkart Minutes,party supplies uni hill,,10,,,
Flipkart Minutes,party supplies vineland nj,,10,,,
Flipkart Minutes,party decorations walmart,,10,,,
Flipkart Minutes,party supplies yishun,,10,,,
Flipkart Minutes,party supplies zombies 4,,10,,,
