date,platform,internal_sku,city,units,revenue
2026-07-23,instamart,18503,ongole,1,99
2026-07-23,instamart,63565,central goa,2,378
2026-07-23,instamart,792937,bangalore,1,95
2026-07-23,instamart,792937,bangalore,1,95
2026-07-23,instamart,78553,bangalore,1,99
2026-07-23,instamart,78553,noida 1,1,99
2026-07-23,instamart,792937,bangalore,1,95
2026-07-23,instamart,792937,bangalore,1,95
2026-07-23,instamart,18506,mumbai,1,499
2026-07-23,instamart,78553,bangalore,3,297
2026-07-23,instamart,792937,mumbai,2,190
2026-07-23,instamart,78553,surat,1,99
2026-07-23,instamart,792937,bangalore,2,190
2026-07-23,instamart,78553,pune,1,99
2026-07-23,instamart,78553,chennai,1,99
2026-07-23,instamart,292876,bhopal,1,125
2026-07-23,instamart,63565,bangalore,1,189
2026-07-23,instamart,78553,central goa,1,99
2026-07-23,instamart,63565,pune,2,378
2026-07-23,instamart,18504,guntur,1,319
2026-07-23,instamart,18504,guntur,1,319
2026-07-23,instamart,18503,bangalore,1,99
2026-07-23,instamart,792937,central goa,1,95
2026-07-23,instamart,78553,chennai,2,198
2026-07-23,instamart,792937,central goa,1,95
2026-07-23,instamart,63565,mumbai,1,186
2026-07-23,instamart,78553,sonipat,1,99
2026-07-23,instamart,18503,mumbai,2,198
2026-07-23,instamart,18503,tirupati,1,99
2026-07-23,instamart,57850,bangalore,1,109
2026-07-23,instamart,18503,bangalore,1,99
2026-07-23,instamart,78553,bhopal,1,99
2026-07-23,instamart,63565,delhi,1,189
2026-07-23,instamart,18503,bangalore,1,99
2026-07-23,instamart,18506,chennai,2,998
2026-07-23,instamart,18503,delhi,1,99
2026-07-23,instamart,792937,bangalore,1,95
2026-07-23,instamart,792937,bangalore,1,95
2026-07-23,instamart,197453,bangalore,1,169
2026-07-23,instamart,63565,pune,2,378
2026-07-23,instamart,18503,hyderabad,2,198
2026-07-23,instamart,78553,central goa,1,99
2026-07-23,instamart,18503,kolkata,1,99
2026-07-23,instamart,78553,mumbai,1,99
2026-07-23,instamart,18504,pune,1,319
2026-07-23,instamart,78553,warangal,1,99
2026-07-23,instamart,792937,mumbai,2,190
2026-07-23,instamart,68254,mumbai,2,298
2026-07-23,instamart,792937,bangalore,2,190
2026-07-23,instamart,18503,noida,1,99
2026-07-23,instamart,63565,bangalore,1,189
2026-07-23,instamart,63565,delhi,1,189
2026-07-23,instamart,792937,chennai,2,190
2026-07-23,instamart,18503,delhi,1,99
2026-07-23,instamart,792937,bangalore,1,95
2026-07-23,instamart,18504,chennai,1,319
2026-07-23,instamart,57850,kochi,1,109
2026-07-23,instamart,18504,hyderabad,2,638
2026-07-23,instamart,792937,pune,1,95
2026-07-23,instamart,68254,gurgaon,1,149
2026-07-23,instamart,18504,hyderabad,1,319
2026-07-23,instamart,792937,mumbai,3,285
2026-07-23,instamart,792937,gurgaon,2,190
2026-07-23,instamart,18504,pune,1,319
2026-07-23,instamart,197453,nagpur,1,169
2026-07-23,instamart,63565,chennai,1,189
2026-07-23,instamart,18506,gurgaon,2,998
2026-07-23,instamart,78553,noida 1,1,99
2026-07-23,instamart,63565,bangalore,2,378
2026-07-23,instamart,63565,mumbai,1,189
2026-07-23,instamart,63565,ludhiana,1,189
2026-07-23,instamart,63565,bangalore,1,189
2026-07-23,instamart,78553,bangalore,1,99
2026-07-23,instamart,68254,bangalore,1,149
2026-07-23,instamart,18503,delhi,1,99
2026-07-23,instamart,792937,mangaluru,1,95
2026-07-23,instamart,78553,nagpur,1,99
2026-07-23,instamart,78553,pune,1,99
2026-07-23,instamart,792937,hyderabad,1,95
2026-07-23,instamart,63565,manipal,1,189
2026-07-23,instamart,63565,bangalore,1,189
2026-07-23,instamart,68254,chennai,1,149
2026-07-22,instamart,78553,bangalore,1,99
2026-07-22,instamart,78553,bangalore,1,99
2026-07-22,instamart,792937,kurnool,2,190
2026-07-22,instamart,792937,pune,1,95
2026-07-22,instamart,18504,dibrugarh,1,319
2026-07-22,instamart,18506,mumbai,1,499
2026-07-22,instamart,68254,bangalore,1,149
2026-07-22,instamart,792937,bangalore,1,95
2026-07-22,instamart,68254,delhi,1,149
2026-07-22,instamart,63565,central goa,2,378
2026-07-22,instamart,63565,patna,1,189
2026-07-22,instamart,68254,chennai,1,149
2026-07-22,instamart,18503,bangalore,1,99
2026-07-23,instamart,68254,bangalore,1,149
2026-07-23,instamart,18503,kolkata,1,99
2026-07-23,instamart,18504,vizag,1,319
2026-07-23,instamart,68254,delhi,2,298
2026-07-23,instamart,63565,delhi,1,189
2026-07-23,instamart,78553,mumbai,1,99
2026-07-23,instamart,78553,bangalore,1,99
2026-07-23,instamart,792937,faridabad,1,92
2026-07-23,instamart,78553,chennai,1,99
2026-07-23,instamart,18503,manipal,1,99
2026-07-23,instamart,792937,pune,1,95
2026-07-23,instamart,18503,mysore,1,99
2026-07-23,instamart,63565,bangalore,1,189
2026-07-23,instamart,18503,delhi,1,99
2026-07-23,instamart,18504,faridabad,1,319
2026-07-23,instamart,18503,manipal,1,99
2026-07-23,instamart,197453,nagpur,1,169
2026-07-23,instamart,792937,chennai,1,95
2026-07-23,instamart,18503,bangalore,1,99
2026-07-23,instamart,68254,mumbai,1,149
2026-07-23,instamart,63565,lucknow,1,189
2026-07-23,instamart,78553,vizag,1,99
2026-07-23,instamart,792937,bangalore,1,95
2026-07-23,instamart,78553,bangalore,1,99
2026-07-23,instamart,78553,chennai,1,99
2026-07-23,instamart,78553,chennai,1,99
2026-07-23,instamart,63565,kolkata,1,189
2026-07-23,instamart,63565,chennai,2,378
2026-07-23,instamart,18504,karimnagar,1,319
2026-07-23,instamart,63565,bangalore,1,189
2026-07-23,instamart,792937,bangalore,1,95
2026-07-23,instamart,792937,noida,1,95
2026-07-23,instamart,18503,nellore,1,99
2026-07-23,instamart,792937,mumbai,2,190
2026-07-23,instamart,78553,mumbai,1,99
2026-07-23,instamart,78553,bangalore,1,99
2026-07-23,instamart,18504,kolkata,1,319
2026-07-23,instamart,68254,bangalore,1,149
2026-07-23,instamart,63565,bangalore,1,189
2026-07-23,instamart,63565,bangalore,2,378
2026-07-23,instamart,18504,bangalore,1,319
2026-07-23,instamart,18506,bangalore,2,998
2026-07-23,instamart,18503,chennai,2,198
2026-07-23,instamart,792937,chennai,1,95
2026-07-23,instamart,792937,hyderabad,1,95
2026-07-23,instamart,792937,bangalore,4,380
2026-07-23,instamart,792937,delhi,3,285
2026-07-23,instamart,18503,hyderabad,2,198
2026-07-23,instamart,792937,pune,1,95
2026-07-23,instamart,68254,karimnagar,1,149
2026-07-23,instamart,18506,bangalore,1,499
2026-07-23,instamart,63565,allahabad,1,189
2026-07-23,instamart,78553,bangalore,1,99
2026-07-23,instamart,792937,hyderabad,1,95
2026-07-23,instamart,18506,bangalore,1,499
2026-07-23,instamart,18503,bangalore,1,99
2026-07-23,instamart,63565,hyderabad,1,189
2026-07-23,instamart,18504,thrissur,2,638
2026-07-23,instamart,63565,bangalore,2,378
2026-07-23,instamart,292876,jabalpur,1,125
2026-07-23,instamart,792937,bangalore,1,95
2026-07-23,instamart,63565,jabalpur,1,189
2026-07-23,instamart,78553,pune,1,99
2026-07-23,instamart,792937,pune,1,95
2026-07-23,instamart,78553,bangalore,1,99
2026-07-23,instamart,18503,bhopal,1,99
2026-07-23,instamart,63565,chennai,1,189
2026-07-23,instamart,68254,bangalore,1,149
2026-07-23,instamart,18504,delhi,1,319
2026-07-23,instamart,68254,mumbai,1,149
2026-07-23,instamart,68254,bangalore,1,149
2026-07-23,instamart,792937,bangalore,1,95
2026-07-22,instamart,78553,mumbai,1,99
2026-07-22,instamart,68254,delhi,1,149
2026-07-22,instamart,792937,gurgaon,1,95
2026-07-22,instamart,78553,chennai,1,99
2026-07-22,instamart,18503,chennai,1,99
2026-07-22,instamart,63565,hyderabad,1,189
2026-07-22,instamart,63565,mysore,1,189
2026-07-22,instamart,18506,patna,1,499
2026-07-22,instamart,18503,bhubaneswar,1,99
2026-07-22,instamart,78553,pune,1,99
2026-07-22,instamart,63565,delhi,1,189
2026-07-22,instamart,18503,chennai,1,99
2026-07-22,instamart,792937,mumbai,1,95
2026-07-22,instamart,18504,kozhikode,2,638
2026-07-21,instamart,78553,chennai,3,297
2026-07-21,instamart,18503,bangalore,1,99
2026-07-21,instamart,792937,chennai,2,190
2026-07-21,instamart,63565,mangaluru,1,189
2026-07-21,instamart,18503,patna,1,99
2026-07-21,instamart,18503,mumbai,1,99
2026-07-21,instamart,292876,patna,1,125
2026-07-21,instamart,68254,chennai,1,149
2026-07-21,instamart,792937,chennai,1,95
2026-07-21,instamart,792937,mumbai,1,95
2026-07-21,instamart,18504,bangalore,1,319
2026-07-21,instamart,18503,central goa,2,198
2026-07-21,instamart,18504,bangalore,1,319
2026-07-21,instamart,68254,bangalore,1,149
2026-07-21,instamart,78553,mumbai,1,99
2026-07-21,instamart,18503,chennai,3,297
2026-07-21,instamart,63565,chennai,2,378
2026-07-21,instamart,78553,bhubaneswar,1,99
2026-07-21,instamart,68254,chennai,1,149
2026-07-21,instamart,792937,hubli,1,95
2026-07-23,instamart,18506,hyderabad,1,499
2026-07-23,instamart,78553,mumbai,1,99
2026-07-23,instamart,18504,hyderabad,1,319
2026-07-23,instamart,18504,bangalore,1,319
2026-07-23,instamart,68254,chennai,1,149
2026-07-23,instamart,63565,indore,1,189
2026-07-23,instamart,792937,delhi,1,95
2026-07-23,instamart,792937,hubli,2,190
2026-07-23,instamart,18503,pune,1,99
2026-07-23,instamart,792937,central goa,1,95
2026-07-23,instamart,63565,delhi,1,189
2026-07-23,instamart,792937,mumbai,2,190
2026-07-23,instamart,78553,noida,1,99
2026-07-23,instamart,78553,bangalore,2,198
2026-07-23,instamart,18503,khammam,1,99
2026-07-23,instamart,68254,hyderabad,1,149
2026-07-20,instamart,292876,raipur,1,125
2026-07-20,instamart,792937,gurgaon,1,95
2026-07-20,instamart,78553,chennai,3,297
2026-07-20,instamart,18503,hyderabad,1,99
2026-07-20,instamart,792937,bangalore,1,95
2026-07-20,instamart,792937,chennai,1,95
2026-07-20,instamart,78553,mumbai,1,99
2026-07-20,instamart,18503,noida 1,1,99
2026-07-20,instamart,18506,mumbai,1,499
2026-07-20,instamart,18503,bangalore,1,99
2026-07-20,instamart,63565,delhi,1,189
2026-07-20,instamart,18506,shivamogga,1,499
2026-07-19,instamart,18504,chennai,1,319
2026-07-19,instamart,18506,mumbai,1,499
2026-07-19,instamart,792937,delhi,1,95
2026-07-19,instamart,78553,bangalore,1,99
2026-07-19,instamart,63565,delhi,1,189
2026-07-19,instamart,792937,bangalore,2,190
2026-07-19,instamart,18503,bangalore,1,99
2026-07-19,instamart,63565,mumbai,1,189
2026-07-19,instamart,792937,gurgaon,1,95
2026-07-19,instamart,18506,hyderabad,1,499
2026-07-19,instamart,792937,pune,1,95
2026-07-19,instamart,78553,guntur,1,99
2026-07-19,instamart,63565,central goa,1,189
2026-07-19,instamart,18503,bhubaneswar,3,297
2026-07-19,instamart,18503,mumbai,3,297
2026-07-19,instamart,18504,mumbai,2,638
2026-07-19,instamart,68254,bangalore,2,298
2026-07-19,instamart,68254,kanchipuram,1,149
2026-07-19,instamart,18504,hyderabad,1,319
2026-07-19,instamart,63565,kolkata,1,189
2026-07-19,instamart,18506,bangalore,2,998
2026-07-19,instamart,63565,pune,1,189
2026-07-19,instamart,78553,chennai,1,99
2026-07-19,instamart,18506,mumbai,1,499
2026-07-19,instamart,792937,hyderabad,2,190
2026-07-19,instamart,68254,bangalore,3,447
2026-07-19,instamart,18503,pune,1,99
2026-07-19,instamart,18503,delhi,1,99
2026-07-19,instamart,18503,pune,1,99
2026-07-19,instamart,792937,pune,1,95
2026-07-19,instamart,63565,bangalore,1,189
2026-07-19,instamart,18503,bangalore,1,99
2026-07-19,instamart,63565,bangalore,1,189
2026-07-19,instamart,63565,pune,1,189
2026-07-19,instamart,68254,noida 1,1,149
2026-07-19,instamart,792937,mumbai,1,95
2026-07-19,instamart,18503,mangaluru,3,297
2026-07-19,instamart,197453,bangalore,1,169
2026-07-19,instamart,792937,chennai,1,95
2026-07-19,instamart,18503,bangalore,1,99
2026-07-19,instamart,18506,delhi,1,499
2026-07-19,instamart,18506,bangalore,1,499
2026-07-19,instamart,197453,bangalore,2,338
2026-07-19,instamart,63565,gurgaon,1,189
2026-07-19,instamart,57850,guwahati,1,109
2026-07-19,instamart,78553,central goa,1,99
2026-07-19,instamart,68254,mumbai,1,149
2026-07-19,instamart,63565,bangalore,1,189
2026-07-19,instamart,78553,bangalore,1,99
2026-07-19,instamart,792937,bangalore,1,95
2026-07-19,instamart,197453,hyderabad,1,169
2026-07-19,instamart,18503,kolhapur,1,99
2026-07-19,instamart,18506,bangalore,1,499
2026-07-19,instamart,68254,bangalore,1,149
2026-07-19,instamart,18503,kolkata,1,99
2026-07-19,instamart,78553,ahmedabad,1,99
2026-07-19,instamart,18503,bangalore,1,99
2026-07-19,instamart,18503,kochi,1,99
2026-07-19,instamart,18503,gurgaon,1,99
2026-07-19,instamart,18504,kolkata,2,638
2026-07-19,instamart,792937,delhi,1,95
2026-07-19,instamart,18506,mumbai,1,499
2026-07-19,instamart,18504,bangalore,1,319
2026-07-19,instamart,792937,pune,1,95
2026-07-19,instamart,68254,hyderabad,1,149
2026-07-19,instamart,68254,delhi,1,149
2026-07-19,instamart,18503,hyderabad,1,99
2026-07-19,instamart,68254,hyderabad,1,149
2026-07-19,instamart,18503,noida,1,99
2026-07-19,instamart,18503,kolkata,1,99
2026-07-19,instamart,792937,mumbai,1,95
2026-07-19,instamart,792937,mumbai,1,95
2026-07-19,instamart,792937,bangalore,1,95
2026-07-11,instamart,792937,hyderabad,2,190
2026-07-11,instamart,63565,chennai,1,189
2026-07-11,instamart,792937,bangalore,1,95
2026-07-11,instamart,18503,bangalore,1,99
2026-07-11,instamart,18503,chennai,2,198
2026-07-11,instamart,78553,bangalore,1,99
2026-07-11,instamart,18506,pune,1,499
2026-07-11,instamart,78553,pune,1,99
2026-07-11,instamart,18503,hyderabad,2,198
2026-07-11,instamart,68254,hyderabad,1,149
2026-07-11,instamart,63565,mumbai,1,189
2026-07-11,instamart,18503,gurgaon,2,198
2026-07-11,instamart,78553,ahmedabad,1,99
2026-07-11,instamart,63565,pune,1,189
2026-07-11,instamart,63565,bangalore,2,378
2026-07-11,instamart,792937,bangalore,1,95
2026-07-11,instamart,78553,manipal,1,99
2026-07-11,instamart,197453,hyderabad,2,338
2026-07-11,instamart,63565,mumbai,2,378
2026-07-11,instamart,68254,mumbai,2,298
2026-07-11,instamart,792937,hyderabad,1,95
2026-07-11,instamart,18503,bangalore,1,99
2026-07-11,instamart,63565,hyderabad,1,189
2026-07-11,instamart,63565,bangalore,1,189
2026-07-11,instamart,78553,chennai,1,99
2026-07-11,instamart,78553,central goa,1,99
2026-07-11,instamart,63565,mangaluru,1,189
2026-07-11,instamart,18504,vizag,1,319
2026-07-11,instamart,63565,bangalore,1,189
2026-07-11,instamart,18506,kolkata,1,499
2026-07-11,instamart,18504,kolkata,1,319
2026-07-11,instamart,18506,delhi,1,499
2026-07-12,instamart,18504,madurai,1,319
2026-07-12,instamart,18503,hyderabad,1,99
2026-07-12,instamart,792937,hyderabad,2,190
2026-07-12,instamart,68254,chennai,1,149
2026-07-12,instamart,63565,pune,1,189
2026-07-12,instamart,792937,bangalore,1,95
2026-07-12,instamart,792937,mumbai,1,95
2026-07-12,instamart,63565,bangalore,1,189
2026-07-12,instamart,18506,mumbai,1,499
2026-07-12,instamart,18504,delhi,1,319
2026-07-12,instamart,78553,kochi,2,198
2026-07-12,instamart,63565,mumbai,1,189
2026-07-12,instamart,197453,hyderabad,2,338
2026-07-12,instamart,78553,bangalore,1,99
2026-07-12,instamart,18503,udaipur,2,198
2026-07-12,instamart,18504,madurai,1,319
2026-07-12,instamart,78553,chennai,1,99
2026-07-12,instamart,68254,mumbai,1,149
2026-07-12,instamart,18504,thrissur,1,319
2026-07-12,instamart,68254,bangalore,1,149
2026-07-12,instamart,68254,pune,2,298
2026-07-12,instamart,792937,mangaluru,2,190
2026-07-12,instamart,18504,guwahati,1,319
2026-07-12,instamart,78553,vizag,1,99
2026-07-12,instamart,78553,indore,1,99
2026-07-12,instamart,18503,mysore,1,99
2026-07-12,instamart,792937,chennai,1,95
2026-07-12,instamart,78553,delhi,1,99
2026-07-12,instamart,792937,pune,2,190
2026-07-12,instamart,68254,mumbai,1,149
2026-07-12,instamart,78553,bangalore,1,99
2026-07-12,instamart,78553,pune,2,198
2026-07-12,instamart,78553,bangalore,2,198
2026-07-12,instamart,68254,bangalore,4,596
2026-07-12,instamart,18504,bangalore,1,319
2026-07-12,instamart,792937,warangal,1,95
2026-07-12,instamart,792937,hyderabad,1,95
2026-07-12,instamart,18503,hyderabad,1,99
2026-07-12,instamart,18503,chennai,2,198
2026-07-12,instamart,68254,hyderabad,1,149
2026-07-12,instamart,18503,bangalore,1,99
2026-07-12,instamart,18504,chennai,1,319
2026-07-12,instamart,18503,kolkata,1,99
2026-07-12,instamart,792937,chennai,1,95
2026-07-12,instamart,18503,chennai,1,99
2026-07-12,instamart,792937,hyderabad,1,95
2026-07-12,instamart,63565,vadodara,1,189
2026-07-12,instamart,18504,bangalore,1,319
2026-07-12,instamart,78553,chennai,1,99
2026-07-12,instamart,68254,mumbai,1,149
2026-07-12,instamart,18503,hyderabad,1,99
2026-07-12,instamart,18506,chennai,1,499
2026-07-12,instamart,197453,hyderabad,1,169
2026-07-12,instamart,68254,chennai,2,298
2026-07-12,instamart,63565,bangalore,2,378
2026-07-12,instamart,63565,bangalore,2,378
2026-07-11,instamart,792937,noida 1,1,95
2026-07-11,instamart,68254,kolkata,1,149
2026-07-11,instamart,18504,bangalore,1,319
2026-07-11,instamart,78553,kochi,1,99
2026-07-11,instamart,792937,bangalore,1,95
2026-07-11,instamart,78553,bangalore,1,99
2026-07-11,instamart,197453,coimbatore,1,169
2026-07-11,instamart,68254,delhi,1,149
2026-07-11,instamart,63565,bangalore,3,567
2026-07-11,instamart,63565,kolkata,2,378
2026-07-11,instamart,63565,bangalore,2,378
2026-07-10,instamart,792937,mumbai,1,95
2026-07-21,instamart,78553,bangalore,1,99
2026-07-21,instamart,68254,chennai,1,149
2026-07-21,instamart,63565,hubli,1,189
2026-07-21,instamart,68254,mumbai,2,298
2026-07-21,instamart,18503,bangalore,1,99
2026-07-21,instamart,18503,mumbai,1,99
2026-07-21,instamart,18503,patna,1,99
2026-07-21,instamart,63565,pune,1,189
2026-07-21,instamart,18503,chennai,1,99
2026-07-21,instamart,63565,bangalore,1,189
2026-07-21,instamart,68254,noida 1,1,149
2026-07-21,instamart,78553,hubli,1,99
2026-07-21,instamart,792937,delhi,1,95
2026-07-21,instamart,68254,chennai,1,149
2026-07-20,instamart,78553,bangalore,1,99
2026-07-20,instamart,18503,gurgaon,1,99
2026-07-20,instamart,78553,hyderabad,1,99
2026-07-20,instamart,68254,pune,1,149
2026-07-20,instamart,78553,bhopal,1,99
2026-07-20,instamart,197453,bangalore,2,334
2026-07-20,instamart,68254,mumbai,1,149
2026-07-20,instamart,68254,delhi,1,149
2026-07-20,instamart,68254,hyderabad,2,298
2026-07-19,instamart,68254,bangalore,2,298
2026-07-19,instamart,18506,delhi,1,499
2026-07-19,instamart,18503,noida 1,2,198
2026-07-19,instamart,792937,bangalore,1,95
2026-07-19,instamart,18504,chennai,1,319
2026-07-19,instamart,18504,mumbai,1,319
2026-07-19,instamart,18504,kochi,1,319
2026-07-19,instamart,78553,bangalore,1,99
2026-07-19,instamart,18503,hyderabad,1,99
2026-07-19,instamart,18503,kolkata,2,198
2026-07-19,instamart,18506,mumbai,2,998
2026-07-19,instamart,792937,chennai,1,95
2026-07-19,instamart,68254,bangalore,1,149
2026-07-19,instamart,18503,kolkata,1,99
2026-07-19,instamart,63565,chennai,3,567
2026-07-19,instamart,792937,bangalore,1,95
2026-07-19,instamart,68254,delhi,2,298
2026-07-19,instamart,68254,bangalore,2,298
2026-07-19,instamart,68254,bangalore,1,149
2026-07-19,instamart,18503,bangalore,2,198
2026-07-19,instamart,68254,kollam,1,149
2026-07-19,instamart,18503,hyderabad,1,99
2026-07-19,instamart,18506,kottayam,1,499
2026-07-19,instamart,18503,bhubaneswar,1,99
2026-07-19,instamart,68254,mumbai,1,149
2026-07-19,instamart,63565,noida 1,1,189
2026-07-19,instamart,78553,mumbai,1,99
2026-07-19,instamart,18506,mumbai,1,499
2026-07-19,instamart,78553,chennai,1,99
2026-07-19,instamart,68254,hyderabad,1,149
2026-07-19,instamart,792937,chennai,1,95
2026-07-19,instamart,78553,bangalore,1,99
2026-07-19,instamart,63565,delhi,1,189
2026-07-19,instamart,68254,mumbai,1,149
2026-07-19,instamart,63565,varanasi,1,189
2026-07-19,instamart,68254,bangalore,1,149
2026-07-19,instamart,18504,dehradun,1,319
2026-07-19,instamart,78553,bangalore,1,99
2026-07-19,instamart,18503,noida 1,1,99
2026-07-19,instamart,63565,bangalore,2,378
2026-07-19,instamart,63565,chennai,3,567
2026-07-20,instamart,78553,chennai,1,99
2026-07-20,instamart,78553,bangalore,1,99
2026-07-20,instamart,792937,ranchi,1,95
2026-07-20,instamart,78553,davanagere,1,99
2026-07-20,instamart,18503,mumbai,2,198
2026-07-20,instamart,18506,hyderabad,1,499
2026-07-20,instamart,18503,surat,1,99
2026-07-20,instamart,792937,hyderabad,1,95
2026-07-20,instamart,18504,tirupur,1,319
2026-07-22,instamart,18503,hyderabad,1,99
2026-07-22,instamart,63565,ambala,2,378
2026-07-22,instamart,18503,hyderabad,1,99
2026-07-22,instamart,18506,bangalore,2,998
2026-07-23,instamart,792937,chennai,1,95
2026-07-23,instamart,18506,gurgaon,2,998
2026-07-23,instamart,68254,hyderabad,2,298
2026-07-23,instamart,18504,hyderabad,1,319
2026-07-23,instamart,792937,chennai,2,190
2026-07-23,instamart,78553,guntur,1,99
2026-07-23,instamart,792937,bangalore,3,285
2026-07-23,instamart,78553,central goa,3,297
2026-07-23,instamart,197453,pune,1,169
2026-07-23,instamart,63565,mumbai,1,189
2026-07-23,instamart,18503,hyderabad,1,99
2026-07-23,instamart,792937,pune,1,95
2026-07-23,instamart,78553,pune,1,99
2026-07-23,instamart,792937,chennai,1,95
2026-07-23,instamart,18503,bangalore,1,99
2026-07-23,instamart,18504,bangalore,2,638
2026-07-21,instamart,68254,mumbai,2,298
2026-07-21,instamart,78553,bangalore,1,99
2026-07-21,instamart,792937,warangal,1,95
2026-07-21,instamart,78553,pune,1,99
2026-07-21,instamart,18503,noida 1,2,198
2026-07-21,instamart,197453,bangalore,1,169
2026-07-21,instamart,18504,kolkata,1,319
2026-07-21,instamart,792937,chennai,1,95
2026-07-21,instamart,18503,hyderabad,1,99
2026-07-21,instamart,792937,chennai,1,95
2026-07-21,instamart,792937,bangalore,1,95
2026-07-21,instamart,78553,siliguri,1,99
2026-07-21,instamart,18503,chennai,1,99
2026-07-21,instamart,18506,hyderabad,2,998
2026-07-22,instamart,792937,hyderabad,1,95
2026-07-22,instamart,68254,bangalore,1,149
2026-07-22,instamart,18503,bangalore,1,99
2026-07-22,instamart,68254,bangalore,1,149
2026-07-22,instamart,68254,chennai,1,149
2026-07-22,instamart,18503,mumbai,1,99
2026-07-22,instamart,792937,warangal,1,95
2026-07-22,instamart,18503,chennai,3,297
2026-07-22,instamart,18503,gurgaon,3,297
2026-07-22,instamart,63565,lucknow,1,189
2026-07-22,instamart,78553,mumbai,2,198
2026-07-22,instamart,792937,central goa,1,95
2026-07-22,instamart,18506,delhi,1,499
2026-07-22,instamart,18503,bangalore,1,99
2026-07-22,instamart,78553,chennai,1,99
2026-07-22,instamart,792937,delhi,1,95
2026-07-22,instamart,792937,mumbai,1,95
2026-07-22,instamart,18503,patna,1,99
2026-07-22,instamart,78553,vijayawada,1,99
2026-07-22,instamart,63565,noida 1,1,189
2026-07-22,instamart,18506,mumbai,1,499
2026-07-22,instamart,63565,bangalore,1,189
2026-07-22,instamart,197453,bangalore,1,169
2026-07-22,instamart,18504,hyderabad,1,319
2026-07-22,instamart,792937,bangalore,1,95
2026-07-21,instamart,63565,ajmer,1,189
2026-07-21,instamart,18506,pune,1,499
2026-07-21,instamart,18503,pondicherry,1,99
2026-07-21,instamart,18503,bangalore,1,99
2026-07-21,instamart,18504,vizag,1,319
2026-07-21,instamart,18503,hyderabad,1,99
2026-07-21,instamart,792937,bangalore,3,285
2026-07-21,instamart,18503,hyderabad,1,99
2026-07-21,instamart,18506,mumbai,1,499
2026-07-21,instamart,18503,gurgaon,1,99
2026-07-21,instamart,792937,pune,1,95
2026-07-21,instamart,63565,bangalore,1,189
2026-07-11,instamart,792937,chennai,1,95
2026-07-11,instamart,18503,bangalore,2,198
2026-07-11,instamart,63565,bangalore,1,189
2026-07-11,instamart,18504,mumbai,1,319
2026-07-11,instamart,792937,hyderabad,1,95
2026-07-11,instamart,63565,bangalore,1,189
2026-07-12,instamart,63565,delhi,1,189
2026-07-12,instamart,18503,hyderabad,2,198
2026-07-12,instamart,78553,dibrugarh,1,99
2026-07-12,instamart,63565,vadodara,1,189
2026-07-12,instamart,63565,mumbai,1,189
2026-07-12,instamart,78553,bangalore,1,99
2026-07-12,instamart,63565,kanpur,1,189
2026-07-12,instamart,18503,mumbai,1,99
2026-07-12,instamart,63565,pune,1,189
2026-07-12,instamart,68254,delhi,1,149
2026-07-12,instamart,18504,guntur,1,319
2026-07-12,instamart,78553,vizag,1,99
2026-07-12,instamart,18506,mumbai,1,499
2026-07-12,instamart,63565,chennai,1,189
2026-07-12,instamart,18506,pune,1,499
2026-07-12,instamart,57850,vapi,1,109
2026-07-12,instamart,68254,hyderabad,1,149
2026-07-12,instamart,18506,mumbai,1,499
2026-07-12,instamart,18503,bangalore,2,198
2026-07-12,instamart,68254,delhi,1,149
2026-07-12,instamart,78553,hyderabad,3,297
2026-07-12,instamart,792937,chennai,3,285
2026-07-12,instamart,18503,pune,1,99
2026-07-12,instamart,18504,pondicherry,1,319
2026-07-12,instamart,78553,bangalore,1,99
2026-07-12,instamart,63565,mumbai,1,189
2026-07-12,instamart,18503,chennai,1,99
2026-07-12,instamart,18504,chennai,1,319
2026-07-12,instamart,18504,central goa,1,319
2026-07-12,instamart,78553,chennai,1,99
2026-07-12,instamart,197453,kolkata,1,169
2026-07-12,instamart,63565,noida,1,189
2026-07-11,instamart,792937,delhi,1,95
2026-07-11,instamart,63565,bangalore,1,189
2026-07-11,instamart,792937,mumbai,1,95
2026-07-11,instamart,792937,hyderabad,2,190
2026-07-11,instamart,18504,bangalore,2,638
2026-07-11,instamart,78553,noida,1,99
2026-07-11,instamart,18504,mumbai,1,319
2026-07-11,instamart,68254,bangalore,1,149
2026-07-11,instamart,63565,bangalore,2,378
2026-07-11,instamart,18504,bangalore,1,319
2026-07-11,instamart,68254,kochi,1,149
2026-07-11,instamart,63565,hyderabad,1,189
2026-07-11,instamart,68254,belgaum,1,149
2026-07-11,instamart,18503,guwahati,1,99
2026-07-11,instamart,18506,chennai,1,499
2026-07-12,instamart,63565,gurgaon,1,189
2026-07-12,instamart,792937,mumbai,1,95
2026-07-12,instamart,68254,bangalore,1,149
2026-07-12,instamart,78553,kochi,1,99
2026-07-12,instamart,68254,bangalore,1,149
2026-07-12,instamart,78553,bangalore,1,99
2026-07-12,instamart,18506,mumbai,2,998
2026-07-12,instamart,18504,kolkata,1,319
2026-07-12,instamart,18504,mumbai,3,957
2026-07-11,instamart,792937,bangalore,1,95
2026-07-11,instamart,197453,bangalore,1,169
2026-07-11,instamart,78553,mumbai,1,99
2026-07-11,instamart,18503,kolkata,1,99
2026-07-11,instamart,78553,jabalpur,1,99
2026-07-11,instamart,63565,bangalore,1,189
2026-07-11,instamart,792937,bangalore,3,285
2026-07-11,instamart,63565,pune,1,189
2026-07-11,instamart,18504,mumbai,1,319
2026-07-11,instamart,63565,mumbai,1,189
2026-07-11,instamart,792937,bangalore,1,95
2026-07-11,instamart,18503,chennai,2,198
2026-07-11,instamart,792937,gurgaon,1,95
2026-07-11,instamart,792937,pune,1,95
2026-07-11,instamart,792937,bangalore,1,95
2026-07-11,instamart,792937,hyderabad,1,95
2026-07-11,instamart,18506,mumbai,1,499
2026-07-11,instamart,63565,pune,1,189
2026-07-11,instamart,792937,ranchi,1,95
2026-07-11,instamart,68254,delhi,3,447
2026-07-11,instamart,78553,mysore,2,198
2026-07-11,instamart,63565,delhi,1,189
2026-07-11,instamart,292876,bangalore,1,125
2026-07-11,instamart,792937,hyderabad,1,95
2026-07-11,instamart,18506,hyderabad,2,998
2026-07-11,instamart,18503,bangalore,1,99
2026-07-11,instamart,18503,mumbai,1,99
2026-07-11,instamart,78553,chennai,1,99
2026-07-11,instamart,292876,patna,1,125
2026-07-11,instamart,18506,bangalore,1,499
2026-07-11,instamart,792937,bangalore,1,95
2026-07-11,instamart,792937,bangalore,1,95
2026-07-11,instamart,78553,hyderabad,1,99
2026-07-11,instamart,63565,kolkata,1,189
2026-07-11,instamart,18506,bangalore,2,998
2026-07-11,instamart,18503,bangalore,2,198
2026-07-11,instamart,792937,hyderabad,1,95
2026-07-11,instamart,18506,kochi,1,499
2026-07-11,instamart,63565,delhi,1,189
2026-07-11,instamart,792937,bangalore,1,95
2026-07-11,instamart,18504,pondicherry,1,319
2026-07-12,instamart,18503,mumbai,2,198
2026-07-12,instamart,18503,hyderabad,1,99
2026-07-12,instamart,792937,chennai,2,190
2026-07-12,instamart,792937,mumbai,2,190
2026-07-12,instamart,68254,hyderabad,1,149
2026-07-12,instamart,792937,bangalore,1,95
2026-07-12,instamart,63565,mumbai,2,378
2026-07-11,instamart,18504,bangalore,2,638
2026-07-11,instamart,18506,gurgaon,2,998
2026-07-11,instamart,63565,chennai,1,189
2026-07-11,instamart,792937,mumbai,1,95
2026-07-11,instamart,68254,bangalore,1,149
2026-07-11,instamart,63565,agra,4,756
2026-07-11,instamart,78553,bangalore,1,99
2026-07-11,instamart,68254,hyderabad,2,298
2026-07-11,instamart,18503,gurgaon,1,99
2026-07-11,instamart,18504,noida 1,1,319
2026-07-11,instamart,78553,manipal,1,99
2026-07-11,instamart,18503,kochi,1,99
2026-07-11,instamart,18504,thiruvananthapuram,1,319
2026-07-11,instamart,792937,gurgaon,1,95
2026-07-11,instamart,18503,bangalore,1,99
2026-07-11,instamart,18504,silchar,1,319
2026-07-11,instamart,792937,pune,1,95
2026-07-11,instamart,63565,pune,1,189
2026-07-11,instamart,792937,bangalore,1,95
2026-07-12,instamart,792937,bangalore,3,285
2026-07-12,instamart,197453,pune,1,169
2026-07-12,instamart,18503,gurgaon,1,99
2026-07-12,instamart,63565,mumbai,1,189
2026-07-12,instamart,18504,hyderabad,1,319
2026-07-12,instamart,792937,chennai,1,95
2026-07-12,instamart,18506,indore,1,499
2026-07-12,instamart,792937,meerut,1,95
2026-07-12,instamart,18504,kochi,1,319
2026-07-12,instamart,18503,bangalore,2,198
2026-07-12,instamart,18504,mumbai,1,319
2026-07-12,instamart,18503,mumbai,1,99
2026-07-12,instamart,78553,bangalore,1,99
2026-07-12,instamart,78553,lonavla,3,297
2026-07-12,instamart,792937,bangalore,1,95
2026-07-12,instamart,18503,pondicherry,1,99
2026-07-12,instamart,792937,chennai,1,95
2026-07-12,instamart,18504,mumbai,1,319
2026-07-12,instamart,78553,delhi,1,99
2026-07-12,instamart,18503,bangalore,1,99
2026-07-12,instamart,63565,bangalore,1,189
2026-07-12,instamart,792937,bangalore,1,95
2026-07-12,instamart,18506,hyderabad,1,499
2026-07-12,instamart,78553,hyderabad,3,297
2026-07-11,instamart,78553,chennai,1,99
2026-07-11,instamart,63565,delhi,1,189
2026-07-11,instamart,18504,mumbai,1,319
2026-07-11,instamart,63565,bangalore,1,189
2026-07-11,instamart,78553,noida 1,1,99
2026-07-11,instamart,63565,aligarh,1,189
2026-07-11,instamart,78553,bangalore,1,99
2026-07-11,instamart,63565,hyderabad,1,189
2026-07-11,instamart,792937,bangalore,1,95
2026-07-11,instamart,18503,pune,1,99
2026-07-11,instamart,18506,bangalore,1,499
2026-07-11,instamart,292876,noida,1,125
2026-07-11,instamart,63565,bangalore,2,378
2026-07-11,instamart,792937,chennai,1,95
2026-07-11,instamart,63565,kolkata,1,189
2026-07-11,instamart,63565,delhi,1,189
2026-07-11,instamart,63565,hyderabad,1,189
2026-07-11,instamart,63565,gurgaon,1,189
2026-07-11,instamart,792937,bangalore,2,190
2026-07-11,instamart,18503,hyderabad,3,297
2026-07-11,instamart,792937,chennai,1,95
2026-07-11,instamart,68254,gurgaon,1,149
2026-07-11,instamart,18503,bangalore,1,99
2026-07-11,instamart,78553,delhi,1,99
2026-07-11,instamart,792937,central goa,1,95
2026-07-11,instamart,63565,delhi,1,189
2026-07-11,instamart,63565,hyderabad,1,189
2026-07-11,instamart,68254,mumbai,1,149
2026-07-11,instamart,68254,pune,1,149
2026-07-11,instamart,78553,bangalore,1,99
2026-07-11,instamart,792937,belgaum,1,95
2026-07-11,instamart,792937,bangalore,1,95
2026-07-11,instamart,18503,bangalore,1,99
2026-07-11,instamart,78553,mumbai,1,99
2026-07-11,instamart,18503,kochi,1,99
2026-07-11,instamart,68254,bangalore,1,149
2026-07-11,instamart,63565,chennai,2,378
2026-07-11,instamart,18504,chennai,1,319
2026-07-11,instamart,18504,hyderabad,1,319
2026-07-11,instamart,63565,ahmedabad,2,378
2026-07-11,instamart,18503,bangalore,1,99
2026-07-11,instamart,68254,pune,1,149
2026-07-11,instamart,792937,delhi,1,95
2026-07-11,instamart,792937,delhi,1,95
2026-07-11,instamart,18504,mumbai,1,319
2026-07-11,instamart,18503,hyderabad,1,99
2026-07-11,instamart,18504,bangalore,1,319
2026-07-11,instamart,63565,chennai,1,189
2026-07-11,instamart,63565,bangalore,2,378
2026-07-11,instamart,792937,gurgaon,1,95
2026-07-11,instamart,792937,delhi,1,95
2026-07-11,instamart,18503,chennai,1,99
2026-07-11,instamart,78553,bangalore,1,99
2026-07-11,instamart,18506,chennai,1,499
2026-07-11,instamart,68254,gurgaon,1,149
2026-07-11,instamart,78553,bangalore,1,99
2026-07-11,instamart,63565,gurgaon,2,378
2026-07-11,instamart,68254,gurgaon,2,298
2026-07-11,instamart,63565,pune,1,189
2026-07-11,instamart,68254,mumbai,2,298
2026-07-11,instamart,68254,hyderabad,1,149
2026-07-11,instamart,18503,bangalore,1,99
2026-07-11,instamart,792937,bangalore,1,95
2026-07-11,instamart,63565,chennai,2,378
2026-07-11,instamart,63565,ongole,2,378
2026-07-11,instamart,792937,bangalore,1,95
2026-07-12,instamart,68254,mumbai,1,149
2026-07-12,instamart,63565,pune,1,189
2026-07-12,instamart,18503,bhubaneswar,1,99
2026-07-12,instamart,18504,mumbai,1,319
2026-07-12,instamart,18504,bangalore,1,319
2026-07-12,instamart,63565,bangalore,1,189
2026-07-12,instamart,78553,mysore,1,99
2026-07-12,instamart,78553,mysore,1,99
2026-07-12,instamart,78553,shivamogga,1,99
2026-07-12,instamart,792937,bangalore,1,95
2026-07-12,instamart,78553,bangalore,1,99
2026-07-20,instamart,78553,central goa,1,99
2026-07-20,instamart,18504,chennai,1,319
2026-07-20,instamart,18503,kolkata,2,198
2026-07-20,instamart,18503,bangalore,1,99
2026-07-19,instamart,68254,hyderabad,2,298
2026-07-19,instamart,18503,bangalore,1,99
2026-07-19,instamart,197453,bangalore,1,169
2026-07-19,instamart,18506,bangalore,1,499
2026-07-19,instamart,197453,pune,1,169
2026-07-19,instamart,18503,mumbai,1,99
2026-07-19,instamart,18503,chennai,1,99
2026-07-19,instamart,68254,bangalore,1,149
2026-07-19,instamart,18503,bangalore,1,99
2026-07-19,instamart,78553,faridabad,1,99
2026-07-19,instamart,63565,delhi,3,567
2026-07-19,instamart,78553,chennai,1,99
2026-07-19,instamart,792937,delhi,1,95
2026-07-19,instamart,18504,chennai,1,319
2026-07-19,instamart,68254,mumbai,1,149
2026-07-19,instamart,18504,mumbai,1,319
2026-07-19,instamart,18504,pondicherry,1,319
2026-07-19,instamart,68254,hyderabad,1,149
2026-07-19,instamart,78553,bangalore,1,99
2026-07-19,instamart,18503,hyderabad,1,99
2026-07-19,instamart,792937,hyderabad,1,95
2026-07-19,instamart,63565,delhi,1,189
2026-07-19,instamart,18506,mumbai,3,1497
2026-07-19,instamart,18503,kolkata,1,99
2026-07-19,instamart,792937,central goa,1,95
2026-07-19,instamart,792937,pune,1,95
2026-07-19,instamart,63565,mumbai,1,189
2026-07-19,instamart,63565,bangalore,1,189
2026-07-19,instamart,78553,ahmedabad,2,198
2026-07-19,instamart,68254,chennai,1,149
2026-07-19,instamart,63565,chennai,1,189
2026-07-19,instamart,792937,bangalore,2,190
2026-07-19,instamart,18504,noida,2,638
2026-07-19,instamart,63565,mangaluru,2,378
2026-07-19,instamart,63565,pune,2,378
2026-07-19,instamart,18503,bangalore,3,297
2026-07-19,instamart,18506,mumbai,1,499
2026-07-19,instamart,68254,warangal,1,149
2026-07-19,instamart,78553,bangalore,1,99
2026-07-19,instamart,18503,bangalore,1,99
2026-07-19,instamart,78553,chennai,1,99
2026-07-19,instamart,68254,gurgaon,1,149
2026-07-19,instamart,63565,kolkata,1,150
2026-07-19,instamart,792937,delhi,1,95
2026-07-19,instamart,792937,nagpur,1,95
2026-07-19,instamart,18504,bangalore,2,638
2026-07-19,instamart,68254,bangalore,1,149
2026-07-19,instamart,18504,mumbai,1,319
2026-07-19,instamart,792937,bangalore,1,95
2026-07-19,instamart,63565,bangalore,1,189
2026-07-19,instamart,63565,jodhpur,1,189
2026-07-19,instamart,63565,hyderabad,1,189
2026-07-19,instamart,18504,erode,1,319
2026-07-19,instamart,18506,ahmedabad,1,499
2026-07-19,instamart,63565,delhi,2,378
2026-07-19,instamart,78553,vijayawada,1,99
2026-07-19,instamart,57850,ahmedabad,1,109
2026-07-19,instamart,78553,bangalore,1,99
2026-07-19,instamart,78553,bangalore,1,99
2026-07-19,instamart,68254,bangalore,2,298
2026-07-19,instamart,18506,chennai,1,499
2026-07-19,instamart,18503,hyderabad,1,99
2026-07-19,instamart,18503,aurangabad,1,99
2026-07-19,instamart,78553,central goa,1,99
2026-07-19,instamart,792937,chennai,1,95
2026-07-19,instamart,18503,chennai,1,99
2026-07-19,instamart,63565,pune,1,189
2026-07-19,instamart,18504,mumbai,2,638
2026-07-19,instamart,792937,mumbai,2,190
2026-07-19,instamart,68254,bangalore,2,298
2026-07-19,instamart,63565,bangalore,1,189
2026-07-19,instamart,792937,bangalore,1,95
2026-07-19,instamart,18504,mumbai,1,319
2026-07-19,instamart,63565,delhi,1,189
2026-07-19,instamart,792937,bangalore,1,95
2026-07-19,instamart,78553,bangalore,1,99
2026-07-19,instamart,792937,chennai,2,190
2026-07-19,instamart,18503,delhi,1,99
2026-07-19,instamart,68254,bangalore,2,298
2026-07-19,instamart,68254,chennai,1,149
2026-07-19,instamart,18506,mumbai,1,499
2026-07-19,instamart,18504,vizag,1,319
2026-07-19,instamart,18503,delhi,1,99
2026-07-19,instamart,68254,delhi,1,149
2026-07-19,instamart,18506,bangalore,1,499
2026-07-19,instamart,197453,bangalore,1,169
2026-07-19,instamart,18503,chennai,2,198
2026-07-19,instamart,197453,kolkata,1,169
2026-07-19,instamart,18504,mumbai,1,319
2026-07-19,instamart,78553,chennai,1,99
2026-07-19,instamart,18503,bangalore,2,198
2026-07-19,instamart,18503,mumbai,1,99
2026-07-19,instamart,68254,bangalore,1,149
2026-07-19,instamart,18506,bangalore,1,499
2026-07-19,instamart,68254,bangalore,2,298
2026-07-19,instamart,68254,mumbai,1,149
2026-07-19,instamart,18503,mumbai,2,198
2026-07-19,instamart,792937,kolkata,1,95
2026-07-19,instamart,18504,kozhikode,2,638
2026-07-19,instamart,792937,bangalore,1,95
2026-07-19,instamart,68254,hyderabad,1,149
2026-07-19,instamart,68254,pune,1,149
2026-07-19,instamart,18504,mumbai,1,319
2026-07-19,instamart,18504,hyderabad,2,638
2026-07-19,instamart,18503,bangalore,3,297
2026-07-19,instamart,792937,bangalore,1,95
2026-07-19,instamart,18503,mysore,1,99
2026-07-19,instamart,68254,anantapur,1,149
2026-07-19,instamart,63565,mumbai,1,189
2026-07-19,instamart,18504,madurai,1,319
2026-07-19,instamart,63565,bangalore,2,378
2026-07-19,instamart,68254,belgaum,1,149
2026-07-19,instamart,78553,chennai,1,99
2026-07-19,instamart,792937,chennai,1,95
2026-07-19,instamart,18504,bangalore,1,319
2026-07-19,instamart,18504,bhopal,1,319
2026-07-19,instamart,18503,mumbai,1,99
2026-07-19,instamart,18506,vizag,1,499
2026-07-19,instamart,292876,delhi,2,250
2026-07-19,instamart,18503,bhopal,1,99
2026-07-19,instamart,18503,bangalore,1,99
2026-07-19,instamart,78553,mysore,1,99
2026-07-19,instamart,63565,hyderabad,1,189
2026-07-19,instamart,63565,belgaum,2,378
2026-07-19,instamart,792937,chennai,1,95
2026-07-19,instamart,18504,mysore,1,319
2026-07-19,instamart,18504,kochi,1,319
2026-07-19,instamart,18503,hyderabad,1,99
2026-07-19,instamart,18504,khammam,1,319
2026-07-19,instamart,78553,mumbai,2,198
2026-07-19,instamart,792937,gurgaon,1,95
2026-07-19,instamart,18503,chennai,1,99
2026-07-19,instamart,18503,chennai,1,99
2026-07-19,instamart,18503,pune,1,99
2026-07-19,instamart,78553,bangalore,1,99
2026-07-19,instamart,18504,bangalore,1,319
2026-07-19,instamart,18506,kochi,1,499
2026-07-19,instamart,18506,mumbai,1,499
2026-07-19,instamart,78553,bangalore,1,99
2026-07-19,instamart,18503,pondicherry,1,99
2026-07-19,instamart,68254,bangalore,1,149
2026-07-19,instamart,78553,bangalore,1,99
2026-07-19,instamart,18503,pune,1,99
2026-07-19,instamart,63565,kota,1,189
2026-07-19,instamart,792937,gurgaon,1,95
2026-07-19,instamart,68254,kochi,1,149
2026-07-19,instamart,18503,kolkata,1,99
2026-07-19,instamart,63565,hyderabad,2,378
2026-07-20,instamart,18503,gurgaon,1,99
2026-07-20,instamart,68254,hyderabad,1,149
2026-07-20,instamart,63565,pune,1,189
2026-07-20,instamart,792937,bangalore,1,95
2026-07-20,instamart,18504,moradabad,1,319
2026-07-20,instamart,63565,ambala,1,189
2026-07-20,instamart,18503,pune,1,99
2026-07-20,instamart,63565,bangalore,1,189
2026-07-20,instamart,18504,bangalore,1,319
2026-07-20,instamart,792937,mumbai,1,95
2026-07-20,instamart,792937,mumbai,1,95
2026-07-20,instamart,78553,lonavla,1,99
2026-07-20,instamart,63565,nashik,1,189
2026-07-20,instamart,18504,bangalore,1,319
2026-07-20,instamart,68254,hyderabad,1,149
2026-07-20,instamart,68254,bangalore,1,149
2026-07-20,instamart,792937,delhi,1,95
2026-07-20,instamart,792937,delhi,1,95
2026-07-20,instamart,18503,surat,1,99
2026-07-20,instamart,18506,amritsar,1,499
2026-07-20,instamart,792937,chennai,1,95
2026-07-20,instamart,63565,bangalore,1,189
2026-07-19,instamart,18503,kolkata,1,99
2026-07-19,instamart,792937,chennai,1,95
2026-07-19,instamart,68254,chennai,1,149
2026-07-19,instamart,792937,central goa,1,95
2026-07-19,instamart,18504,bangalore,1,319
2026-07-19,instamart,63565,delhi,1,189
2026-07-19,instamart,63565,pune,1,189
2026-07-19,instamart,18503,bangalore,1,99
2026-07-19,instamart,63565,bangalore,3,567
2026-07-19,instamart,18504,coimbatore,3,957
2026-07-19,instamart,18504,kolkata,1,319
2026-07-19,instamart,78553,vizag,1,99
2026-07-19,instamart,792937,bangalore,1,95
2026-07-19,instamart,18506,gurgaon,1,499
2026-07-19,instamart,792937,chennai,2,190
2026-07-19,instamart,78553,vizag,1,99
2026-07-19,instamart,78553,mumbai,3,297
2026-07-19,instamart,792937,mysore,3,285
2026-07-19,instamart,792937,mumbai,1,95
2026-07-19,instamart,18503,bhubaneswar,1,99
2026-07-19,instamart,18503,hyderabad,1,99
2026-07-19,instamart,18504,mumbai,1,319
2026-07-19,instamart,68254,central goa,1,149
2026-07-19,instamart,18503,mysore,1,99
2026-07-19,instamart,78553,bangalore,1,99
2026-07-19,instamart,78553,ahmedabad,1,99
2026-07-19,instamart,18504,chennai,1,319
2026-07-19,instamart,792937,bangalore,2,190
2026-07-19,instamart,78553,chennai,1,99
2026-07-19,instamart,792937,chennai,2,190
2026-07-19,instamart,792937,bangalore,1,95
2026-07-19,instamart,68254,chennai,1,149
2026-07-19,instamart,18504,madurai,1,319
2026-07-19,instamart,78553,vizag,1,99
2026-07-19,instamart,68254,pune,2,298
2026-07-19,instamart,78553,chennai,1,99
2026-07-19,instamart,68254,bangalore,1,149
2026-07-19,instamart,78553,bangalore,1,99
2026-07-19,instamart,18504,bangalore,1,319
2026-07-19,instamart,78553,delhi,1,99
2026-07-19,instamart,18506,kottayam,1,499
2026-07-19,instamart,18503,chennai,1,99
2026-07-19,instamart,63565,pune,1,189
2026-07-19,instamart,792937,bhopal,1,95
2026-07-19,instamart,18503,mumbai,2,198
2026-07-19,instamart,63565,hyderabad,2,378
2026-07-20,instamart,18506,mumbai,1,499
2026-07-20,instamart,78553,hyderabad,2,198
2026-07-20,instamart,63565,rudrapur,1,189
2026-07-20,instamart,18506,hyderabad,1,499
2026-07-20,instamart,792937,mumbai,3,285
2026-07-20,instamart,63565,mumbai,1,189
2026-07-20,instamart,68254,chennai,1,149
2026-07-20,instamart,68254,gurgaon,2,298
2026-07-20,instamart,18503,hyderabad,1,99
2026-07-20,instamart,792937,mysore,1,95
2026-07-20,instamart,18503,bangalore,1,99
2026-07-20,instamart,18503,tirupati,1,99
2026-07-19,instamart,792937,mumbai,3,285
2026-07-19,instamart,18504,kolkata,1,319
2026-07-19,instamart,792937,chennai,1,95
2026-07-19,instamart,18503,pune,1,99
2026-07-19,instamart,792937,bangalore,1,95
2026-07-19,instamart,68254,kolkata,1,149
2026-07-19,instamart,68254,hyderabad,1,149
2026-07-19,instamart,78553,bangalore,1,99
2026-07-19,instamart,63565,delhi,1,189
2026-07-19,instamart,63565,delhi,2,378
2026-07-19,instamart,63565,pune,1,189
2026-07-19,instamart,18503,chennai,1,99
2026-07-19,instamart,63565,kolkata,1,189
2026-07-19,instamart,197453,bangalore,1,169
2026-07-19,instamart,792937,bangalore,1,95
2026-07-19,instamart,68254,hyderabad,1,149
2026-07-19,instamart,792937,delhi,1,95
2026-07-19,instamart,18504,hubli,1,319
2026-07-19,instamart,18503,hyderabad,4,396
2026-07-19,instamart,63565,pune,2,378
2026-07-19,instamart,78553,chennai,2,198
2026-07-19,instamart,18503,bangalore,3,297
2026-07-19,instamart,68254,thiruvananthapuram,1,149
2026-07-19,instamart,18503,bangalore,1,99
2026-07-19,instamart,63565,bangalore,1,189
2026-07-19,instamart,78553,bangalore,1,99
2026-07-19,instamart,68254,kochi,3,447
2026-07-19,instamart,792937,nagpur,3,285
2026-07-19,instamart,18503,bangalore,2,198
2026-07-19,instamart,18503,bhubaneswar,2,198
2026-07-19,instamart,78553,bangalore,1,99
2026-07-18,instamart,18506,central goa,1,499
2026-07-18,instamart,63565,bangalore,1,189
2026-07-18,instamart,68254,bangalore,1,149
2026-07-18,instamart,18504,warangal,1,319
2026-07-18,instamart,68254,bangalore,1,149
2026-07-18,instamart,18504,vizag,1,319
2026-07-18,instamart,792937,bangalore,1,95
2026-07-18,instamart,197453,kolkata,2,338
2026-07-18,instamart,18503,mumbai,1,99
2026-07-18,instamart,78553,sonipat,1,99
2026-07-18,instamart,78553,bangalore,1,99
2026-07-18,instamart,63565,bangalore,1,189
2026-07-18,instamart,18504,hyderabad,1,319
2026-07-18,instamart,792937,hyderabad,1,95
2026-07-18,instamart,18504,chennai,1,319
2026-07-18,instamart,63565,mumbai,2,378
2026-07-18,instamart,792937,pune,1,95
2026-07-18,instamart,68254,gurgaon,1,149
2026-07-18,instamart,792937,gurgaon,1,95
2026-07-18,instamart,68254,delhi,1,149
2026-07-18,instamart,63565,bangalore,2,378
2026-07-17,instamart,68254,chennai,1,149
2026-07-17,instamart,63565,pune,1,189
2026-07-17,instamart,18503,chennai,1,99
2026-07-17,instamart,68254,noida 1,1,149
2026-07-17,instamart,78553,central goa,1,99
2026-07-17,instamart,18504,mumbai,2,638
2026-07-17,instamart,18503,bangalore,3,297
2026-07-17,instamart,68254,gurgaon,2,298
2026-07-17,instamart,792937,bangalore,1,95
2026-07-17,instamart,792937,bangalore,1,95
2026-07-17,instamart,792937,hyderabad,1,95
2026-07-17,instamart,18504,hyderabad,1,319
2026-07-17,instamart,792937,bangalore,3,285
2026-07-17,instamart,18503,chennai,1,99
2026-07-17,instamart,792937,mumbai,1,95
2026-07-17,instamart,63565,chennai,1,189
2026-07-18,instamart,68254,bangalore,2,298
2026-07-18,instamart,68254,bangalore,1,149
2026-07-18,instamart,68254,hyderabad,1,149
2026-07-18,instamart,18503,hyderabad,1,99
2026-07-18,instamart,18506,bangalore,1,499
2026-07-17,instamart,792937,delhi,1,95
2026-07-17,instamart,78553,chennai,1,99
2026-07-17,instamart,63565,bangalore,1,189
2026-07-17,instamart,68254,hyderabad,1,149
2026-07-17,instamart,78553,bangalore,1,99
2026-07-17,instamart,78553,chennai,1,99
2026-07-17,instamart,68254,chennai,1,149
2026-07-17,instamart,63565,bangalore,1,189
2026-07-17,instamart,18503,hyderabad,1,99
2026-07-17,instamart,792937,chennai,2,190
2026-07-17,instamart,792937,delhi,4,380
2026-07-17,instamart,63565,chennai,1,189
2026-07-17,instamart,18503,chennai,1,99
2026-07-17,instamart,18506,hyderabad,1,499
2026-07-17,instamart,18503,mumbai,1,99
2026-07-17,instamart,18503,noida 1,1,99
2026-07-17,instamart,18503,chennai,1,99
2026-07-17,instamart,63565,bangalore,1,189
2026-07-17,instamart,78553,dibrugarh,1,99
2026-07-17,instamart,78553,warangal,2,198
2026-07-17,instamart,18503,jaipur,1,99
2026-07-17,instamart,68254,bangalore,1,149
2026-07-17,instamart,18504,bangalore,1,319
2026-07-17,instamart,78553,bangalore,1,99
2026-07-17,instamart,18504,thiruvananthapuram,1,319
2026-07-17,instamart,68254,bangalore,1,149
2026-07-17,instamart,63565,bangalore,1,189
2026-07-17,instamart,78553,ahmedabad,1,99
2026-07-17,instamart,18503,aurangabad,1,99
2026-07-17,instamart,792937,bangalore,2,190
2026-07-17,instamart,18503,chennai,3,297
2026-07-17,instamart,18506,bangalore,1,499
2026-07-17,instamart,63565,bangalore,1,189
2026-07-17,instamart,63565,chennai,1,189
2026-07-17,instamart,78553,ujjain,1,99
2026-07-17,instamart,18506,bangalore,2,998
2026-07-17,instamart,18503,chennai,1,99
2026-07-17,instamart,792937,delhi,1,95
2026-07-17,instamart,18503,bangalore,1,99
2026-07-17,instamart,18503,delhi,1,99
2026-07-17,instamart,18503,bangalore,1,99
2026-07-17,instamart,197453,bangalore,1,169
2026-07-18,instamart,18503,pune,1,99
2026-07-18,instamart,63565,aurangabad,1,189
2026-07-18,instamart,18506,kolkata,1,499
2026-07-18,instamart,18503,nellore,2,198
2026-07-18,instamart,68254,bangalore,1,149
2026-07-18,instamart,792937,bangalore,1,95
2026-07-18,instamart,18503,hyderabad,1,99
2026-07-18,instamart,78553,ahmedabad,1,99
2026-07-18,instamart,18504,mumbai,1,319
2026-07-18,instamart,18504,bangalore,1,319
2026-07-18,instamart,792937,mumbai,1,95
2026-07-18,instamart,18503,tirupati,3,297
2026-07-18,instamart,18504,pune,1,319
2026-07-18,instamart,68254,mumbai,1,149
2026-07-18,instamart,18503,bangalore,2,198
2026-07-18,instamart,68254,kolkata,1,149
2026-07-18,instamart,18503,mumbai,2,198
2026-07-18,instamart,792937,mumbai,1,95
2026-07-18,instamart,68254,bangalore,1,149
2026-07-18,instamart,792937,bangalore,1,95
2026-07-18,instamart,78553,mysore,3,297
2026-07-18,instamart,18503,bangalore,1,99
2026-07-18,instamart,18506,mumbai,1,499
2026-07-18,instamart,792937,mumbai,1,95
2026-07-18,instamart,197453,bangalore,1,169
2026-07-18,instamart,18506,hyderabad,1,499
2026-07-18,instamart,792937,chennai,1,95
2026-07-18,instamart,18506,mumbai,1,499
2026-07-18,instamart,78553,vizag,1,99
2026-07-17,instamart,792937,hyderabad,2,190
2026-07-17,instamart,68254,mangaluru,1,149
2026-07-17,instamart,18504,karaikkudi,1,319
2026-07-16,instamart,792937,mumbai,1,95
2026-07-16,instamart,18503,delhi,1,99
2026-07-16,instamart,18503,gurgaon,1,99
2026-07-16,instamart,18503,bangalore,3,297
2026-07-16,instamart,18503,chennai,3,297
2026-07-16,instamart,63565,bangalore,2,378
2026-07-16,instamart,78553,delhi,1,99
2026-07-16,instamart,63565,kolkata,1,189
2026-07-16,instamart,18504,chennai,1,319
2026-07-16,instamart,18506,mumbai,2,998
2026-07-16,instamart,197453,bangalore,1,169
2026-07-16,instamart,63565,bangalore,1,189
2026-07-16,instamart,68254,bangalore,1,149
2026-07-16,instamart,63565,bangalore,1,189
2026-07-16,instamart,63565,hyderabad,1,189
2026-07-16,instamart,68254,mumbai,1,149
2026-07-16,instamart,792937,mumbai,1,95
2026-07-16,instamart,68254,pune,1,149
2026-07-16,instamart,63565,hyderabad,2,378
2026-07-16,instamart,78553,mysore,1,99
2026-07-16,instamart,18503,mumbai,1,99
2026-07-16,instamart,78553,chennai,1,99
2026-07-16,instamart,63565,noida,1,189
2026-07-15,instamart,792937,mumbai,1,95
2026-07-15,instamart,792937,gurgaon,1,95
2026-07-15,instamart,63565,ambala,3,567
2026-07-15,instamart,18506,pune,1,499
2026-07-15,instamart,78553,bangalore,2,198
2026-07-15,instamart,18503,indore,1,99
2026-07-15,instamart,792937,bhubaneswar,1,95
2026-07-15,instamart,18503,bangalore,1,99
2026-07-15,instamart,78553,bangalore,1,99
2026-07-15,instamart,18503,noida 1,1,99
2026-07-15,instamart,18503,hyderabad,3,297
2026-07-15,instamart,78553,vijayawada,1,99
2026-07-15,instamart,68254,bangalore,1,149
2026-07-15,instamart,792937,bangalore,1,95
2026-07-15,instamart,78553,indore,1,99
2026-07-15,instamart,63565,delhi,2,378
2026-07-15,instamart,63565,bangalore,2,378
2026-07-15,instamart,68254,bangalore,2,298
2026-07-15,instamart,18503,chennai,3,297
2026-07-15,instamart,792937,mumbai,1,95
2026-07-15,instamart,197453,bangalore,1,169
2026-07-15,instamart,63565,kolkata,3,567
2026-07-15,instamart,792937,delhi,1,95
2026-07-15,instamart,63565,chennai,1,189
2026-07-15,instamart,18506,mumbai,2,998
2026-07-15,instamart,63565,delhi,1,189
2026-07-15,instamart,78553,vadodara,1,99
2026-07-15,instamart,18503,thiruvalla,1,99
2026-07-15,instamart,18504,chennai,1,319
2026-07-15,instamart,18503,patna,1,99
2026-07-15,instamart,792937,bangalore,2,190
2026-07-15,instamart,63565,kolkata,1,189
2026-07-15,instamart,18503,bangalore,2,198
2026-07-15,instamart,78553,pune,1,99
2026-07-15,instamart,792937,bangalore,1,95
2026-07-15,instamart,18506,bangalore,1,499
2026-07-15,instamart,792937,bangalore,1,95
2026-07-15,instamart,792937,mumbai,1,95
2026-07-15,instamart,18503,kottayam,1,99
2026-07-15,instamart,18503,bangalore,1,99
2026-07-15,instamart,78553,mysore,1,99
2026-07-15,instamart,18504,kolkata,1,319
2026-07-16,instamart,18503,mumbai,1,99
2026-07-14,instamart,18504,coimbatore,1,319
2026-07-14,instamart,18503,chennai,1,99
2026-07-14,instamart,18503,nashik,1,99
2026-07-14,instamart,68254,hyderabad,1,149
2026-07-14,instamart,18504,bangalore,1,319
2026-07-14,instamart,78553,mumbai,1,99
2026-07-14,instamart,78553,chennai,1,99
2026-07-14,instamart,18503,chennai,1,99
2026-07-14,instamart,68254,chennai,1,149
2026-07-11,instamart,18504,mumbai,2,638
2026-07-11,instamart,792937,mumbai,1,95
2026-07-11,instamart,18503,agra,1,99
2026-07-11,instamart,78553,vizag,1,99
2026-07-11,instamart,197453,bangalore,1,169
2026-07-11,instamart,18503,patna,1,99
2026-07-11,instamart,18503,delhi,1,99
2026-07-11,instamart,18506,mumbai,1,499
2026-07-11,instamart,78553,kolhapur,1,99
2026-07-11,instamart,18503,mumbai,1,99
2026-07-11,instamart,63565,bangalore,1,189
2026-07-11,instamart,792937,bangalore,1,95
2026-07-11,instamart,78553,vijayawada,2,198
2026-07-11,instamart,78553,vapi,1,99
2026-07-11,instamart,63565,bangalore,1,189
2026-07-11,instamart,57850,indore,1,109
2026-07-11,instamart,197453,kolkata,1,169
2026-07-11,instamart,18503,delhi,1,99
2026-07-11,instamart,792937,mumbai,1,95
2026-07-11,instamart,63565,mumbai,1,189
2026-07-11,instamart,792937,chennai,1,95
2026-07-11,instamart,792937,pune,1,95
2026-07-11,instamart,18504,pune,1,319
2026-07-11,instamart,792937,bangalore,2,190
2026-07-11,instamart,197453,noida,1,169
2026-07-11,instamart,78553,hyderabad,3,297
2026-07-11,instamart,18503,hyderabad,3,297
2026-07-11,instamart,18504,chennai,1,319
2026-07-11,instamart,78553,bangalore,1,99
2026-07-11,instamart,18504,bangalore,1,319
2026-07-11,instamart,63565,hyderabad,1,189
2026-07-11,instamart,78553,kochi,1,99
2026-07-11,instamart,78553,bangalore,1,99
2026-07-11,instamart,78553,thiruvananthapuram,1,99
2026-07-11,instamart,68254,chennai,1,149
2026-07-11,instamart,792937,karimnagar,2,190
2026-07-11,instamart,63565,mumbai,1,189
2026-07-11,instamart,78553,bangalore,2,198
2026-07-11,instamart,63565,bangalore,1,189
2026-07-11,instamart,18503,noida 1,2,198
2026-07-11,instamart,63565,bangalore,1,189
2026-07-12,instamart,18504,bangalore,1,319
2026-07-12,instamart,18503,ranchi,1,99
2026-07-12,instamart,197453,hyderabad,1,169
2026-07-12,instamart,63565,pune,1,189
2026-07-12,instamart,63565,pune,1,189
2026-07-12,instamart,78553,mumbai,1,99
2026-07-12,instamart,78553,noida 1,1,99
2026-07-12,instamart,197453,kolkata,1,169
2026-07-12,instamart,78553,anantapur,1,99
2026-07-12,instamart,18506,belgaum,1,499
2026-07-12,instamart,18504,coimbatore,1,319
2026-07-12,instamart,68254,karimnagar,1,149
2026-07-12,instamart,78553,chennai,1,99
2026-07-12,instamart,78553,vizag,1,99
2026-07-12,instamart,18503,pune,1,99
2026-07-12,instamart,18503,kochi,1,99
2026-07-12,instamart,792937,mumbai,1,95
2026-07-12,instamart,78553,bangalore,1,99
2026-07-14,instamart,78553,bangalore,1,99
2026-07-14,instamart,63565,delhi,1,189
2026-07-14,instamart,63565,bangalore,1,189
2026-07-14,instamart,792937,hyderabad,1,95
2026-07-14,instamart,68254,pune,1,149
2026-07-14,instamart,63565,bangalore,4,756
2026-07-14,instamart,78553,chennai,2,198
2026-07-13,instamart,78553,ahmedabad,3,297
2026-07-13,instamart,68254,mumbai,2,298
2026-07-13,instamart,57850,bangalore,1,109
2026-07-13,instamart,78553,bangalore,1,99
2026-07-13,instamart,18504,coimbatore,1,319
2026-07-13,instamart,18506,hyderabad,2,998
2026-07-13,instamart,18504,chennai,1,319
2026-07-13,instamart,18503,pune,3,297
2026-07-13,instamart,63565,bangalore,1,189
2026-07-13,instamart,18503,pune,1,99
2026-07-13,instamart,18503,hyderabad,1,99
2026-07-13,instamart,18504,kolkata,1,319
2026-07-13,instamart,18506,nizamabad,1,499
2026-07-13,instamart,78553,mumbai,1,99
2026-07-13,instamart,63565,bangalore,1,189
2026-07-13,instamart,18503,central goa,3,297
2026-07-13,instamart,18504,bangalore,1,319
2026-07-13,instamart,63565,hyderabad,2,378
2026-07-13,instamart,18506,pune,1,499
2026-07-13,instamart,18503,tumakuru,1,99
2026-07-13,instamart,78553,bangalore,1,99
2026-07-13,instamart,78553,chennai,1,99
2026-07-13,instamart,792937,delhi,1,95
2026-07-13,instamart,18506,delhi,1,499
2026-07-13,instamart,68254,chennai,1,149
2026-07-13,instamart,63565,bangalore,1,189
2026-07-13,instamart,792937,bangalore,1,95
2026-07-13,instamart,68254,chennai,1,149
2026-07-13,instamart,63565,hyderabad,1,189
2026-07-13,instamart,792937,central goa,1,95
2026-07-13,instamart,18506,mumbai,1,499
2026-07-13,instamart,792937,mumbai,1,95
2026-07-13,instamart,18504,bangalore,2,638
2026-07-13,instamart,18506,bangalore,1,499
2026-07-13,instamart,68254,bangalore,2,298
2026-07-13,instamart,68254,mumbai,1,149
2026-07-13,instamart,63565,chennai,1,189
2026-07-13,instamart,18504,coimbatore,1,319
2026-07-13,instamart,78553,chennai,2,198
2026-07-13,instamart,63565,bangalore,3,567
2026-07-13,instamart,18504,mumbai,1,319
2026-07-13,instamart,78553,bangalore,1,99
2026-07-13,instamart,68254,mangaluru,1,149
2026-07-13,instamart,78553,pune,1,99
2026-07-13,instamart,792937,delhi,1,95
2026-07-13,instamart,18503,bangalore,1,99
2026-07-13,instamart,18503,chennai,1,99
2026-07-13,instamart,792937,hyderabad,1,95
2026-07-13,instamart,68254,central goa,1,149
2026-07-13,instamart,18506,bangalore,1,499
2026-07-13,instamart,68254,chennai,2,298
2026-07-13,instamart,292876,bangalore,1,125
2026-07-13,instamart,18504,hyderabad,3,957
2026-07-13,instamart,18503,pune,1,99
2026-07-13,instamart,18506,chennai,1,499
2026-07-13,instamart,18504,tirupati,2,638
2026-07-14,instamart,18504,bangalore,1,319
2026-07-14,instamart,63565,bangalore,1,189
2026-07-14,instamart,792937,mumbai,1,95
2026-07-19,instamart,63565,chennai,2,378
2026-07-19,instamart,78553,ahmedabad,1,99
2026-07-19,instamart,78553,pune,1,99
2026-07-19,instamart,792937,bangalore,2,190
2026-07-19,instamart,68254,chennai,1,149
2026-07-19,instamart,18504,bangalore,1,319
2026-07-19,instamart,18503,mumbai,2,198
2026-07-19,instamart,18503,hyderabad,1,99
2026-07-19,instamart,18503,pune,1,99
2026-07-19,instamart,78553,mumbai,1,99
2026-07-19,instamart,792937,bhubaneswar,1,95
2026-07-19,instamart,18503,chennai,3,297
2026-07-19,instamart,18506,mumbai,2,998
2026-07-19,instamart,18503,noida 1,3,297
2026-07-19,instamart,792937,bangalore,2,190
2026-07-19,instamart,78553,mumbai,1,99
2026-07-19,instamart,792937,mumbai,2,190
2026-07-19,instamart,18504,kolkata,1,319
2026-07-19,instamart,78553,chennai,1,99
2026-07-19,instamart,78553,bangalore,1,99
2026-07-19,instamart,68254,chennai,1,149
2026-07-19,instamart,78553,bangalore,1,99
2026-07-19,instamart,18503,nashik,1,99
2026-07-19,instamart,18503,chennai,3,297
2026-07-19,instamart,68254,gurgaon,2,298
2026-07-19,instamart,63565,pune,1,189
2026-07-19,instamart,792937,mangaluru,2,190
2026-07-19,instamart,78553,rajkot,1,99
2026-07-19,instamart,63565,kolkata,1,189
2026-07-19,instamart,18503,pune,1,99
2026-07-19,instamart,63565,chennai,1,189
2026-07-19,instamart,18504,pune,1,319
2026-07-19,instamart,18503,nashik,1,99
2026-07-19,instamart,18503,chennai,2,198
2026-07-19,instamart,18503,hyderabad,2,198
2026-07-19,instamart,792937,hyderabad,3,285
2026-07-19,instamart,197453,bangalore,1,169
2026-07-19,instamart,18503,hyderabad,1,99
2026-07-19,instamart,18503,gurgaon,1,99
2026-07-19,instamart,18503,noida 1,1,99
2026-07-19,instamart,197453,bangalore,1,167
2026-07-19,instamart,78553,bangalore,1,99
2026-07-19,instamart,792937,hyderabad,1,95
2026-07-19,instamart,63565,bangalore,2,378
2026-07-19,instamart,792937,bhubaneswar,3,285
2026-07-19,instamart,68254,bangalore,2,298
2026-07-20,instamart,18504,mumbai,2,638
2026-07-20,instamart,792937,gurgaon,1,95
2026-07-20,instamart,78553,vizag,1,99
2026-07-20,instamart,78553,kolhapur,1,99
2026-07-20,instamart,18504,bangalore,1,319
2026-07-19,instamart,78553,bangalore,3,297
2026-07-19,instamart,78553,manipal,1,99
2026-07-19,instamart,792937,chennai,1,95
2026-07-19,instamart,197453,bangalore,1,167
2026-07-19,instamart,63565,mumbai,1,189
2026-07-19,instamart,63565,delhi,1,189
2026-07-19,instamart,18506,pune,1,499
2026-07-19,instamart,78553,bangalore,1,99
2026-07-19,instamart,63565,hyderabad,1,189
2026-07-19,instamart,63565,bangalore,1,189
2026-07-19,instamart,63565,bangalore,1,189
2026-07-19,instamart,18503,mumbai,1,99
2026-07-19,instamart,78553,vizag,2,198
2026-07-19,instamart,78553,central goa,2,198
2026-07-19,instamart,63565,mumbai,1,189
2026-07-19,instamart,197453,bangalore,1,169
2026-07-19,instamart,197453,hyderabad,1,169
2026-07-19,instamart,18503,kochi,1,99
2026-07-19,instamart,792937,bangalore,2,190
2026-07-19,instamart,63565,gurgaon,1,189
2026-07-19,instamart,78553,central goa,1,99
2026-07-19,instamart,18506,mumbai,2,998
2026-07-19,instamart,18504,bangalore,2,638
2026-07-19,instamart,18503,mumbai,1,99
2026-07-19,instamart,18504,bangalore,1,319
2026-07-19,instamart,78553,ahmedabad,1,99
2026-07-19,instamart,18506,gurgaon,1,499
2026-07-19,instamart,18503,hyderabad,1,99
2026-07-19,instamart,57850,patiala,1,109
2026-07-19,instamart,18506,chennai,1,499
2026-07-19,instamart,792937,chennai,3,285
2026-07-19,instamart,78553,chennai,1,99
2026-07-19,instamart,63565,karimnagar,1,189
2026-07-19,instamart,792937,hyderabad,1,95
2026-07-19,instamart,78553,warangal,1,99
2026-07-19,instamart,18506,mumbai,1,499
2026-07-19,instamart,18504,bangalore,1,319
2026-07-19,instamart,63565,bangalore,1,189
2026-07-19,instamart,68254,gurgaon,1,149
2026-07-17,instamart,68254,hyderabad,2,298
2026-07-17,instamart,197453,kozhikode,1,169
2026-07-17,instamart,18503,hyderabad,2,198
2026-07-17,instamart,63565,hyderabad,2,378
2026-07-17,instamart,18503,bangalore,1,99
2026-07-17,instamart,18506,mumbai,1,499
2026-07-17,instamart,78553,mumbai,2,198
2026-07-18,instamart,63565,bangalore,1,189
2026-07-18,instamart,63565,kolkata,1,189
2026-07-18,instamart,18504,coimbatore,2,638
2026-07-18,instamart,78553,mumbai,2,198
2026-07-18,instamart,78553,chennai,1,99
2026-07-18,instamart,792937,bangalore,2,190
2026-07-18,instamart,18503,mumbai,1,99
2026-07-18,instamart,18503,gurgaon,1,99
2026-07-18,instamart,18503,bangalore,3,297
2026-07-18,instamart,68254,hyderabad,1,149
2026-07-18,instamart,78553,mysore,1,99
2026-07-18,instamart,792937,chennai,1,95
2026-07-18,instamart,18503,bangalore,2,198
2026-07-18,instamart,197453,lonavla,3,507
2026-07-18,instamart,68254,bangalore,2,298
2026-07-18,instamart,78553,bangalore,1,99
2026-07-18,instamart,63565,bangalore,1,189
2026-07-18,instamart,63565,pune,1,189
2026-07-18,instamart,18503,bangalore,1,99
2026-07-18,instamart,18503,bangalore,1,99
2026-07-18,instamart,68254,bangalore,1,149
2026-07-18,instamart,18504,hyderabad,1,319
2026-07-18,instamart,792937,mumbai,1,95
2026-07-18,instamart,68254,chennai,1,149
2026-07-18,instamart,63565,bangalore,1,189
2026-07-18,instamart,18504,bangalore,2,638
2026-07-18,instamart,63565,bangalore,1,189
2026-07-18,instamart,78553,bangalore,1,99
2026-07-18,instamart,68254,chennai,1,149
2026-07-18,instamart,63565,bangalore,1,189
2026-07-18,instamart,63565,surat,1,189
2026-07-18,instamart,18503,chennai,1,99
2026-07-18,instamart,68254,bangalore,1,149
2026-07-18,instamart,63565,pune,1,189
2026-07-18,instamart,18504,rajahmundry,1,319
2026-07-18,instamart,68254,bangalore,1,149
2026-07-18,instamart,18503,pune,1,99
2026-07-18,instamart,63565,delhi,1,189
2026-07-18,instamart,18504,hyderabad,3,957
2026-07-18,instamart,78553,hyderabad,2,198
2026-07-18,instamart,792937,bangalore,1,95
2026-07-18,instamart,18504,hyderabad,1,319
2026-07-18,instamart,18504,mumbai,1,319
2026-07-18,instamart,18504,thrissur,3,957
2026-07-18,instamart,18503,bhubaneswar,1,99
2026-07-18,instamart,68254,mumbai,1,149
2026-07-18,instamart,18503,bangalore,2,198
2026-07-18,instamart,63565,lonavla,5,945
2026-07-18,instamart,197453,bangalore,1,169
2026-07-18,instamart,78553,pune,1,99
2026-07-18,instamart,78553,central goa,3,297
2026-07-18,instamart,792937,bangalore,3,285
2026-07-18,instamart,18503,chennai,1,99
2026-07-18,instamart,18504,erode,1,319
2026-07-18,instamart,68254,bangalore,1,149
2026-07-18,instamart,792937,hyderabad,1,95
2026-07-18,instamart,18506,mumbai,1,499
2026-07-18,instamart,18503,amravati,1,99
2026-07-18,instamart,78553,vijayawada,2,198
2026-07-18,instamart,78553,lonavla,3,297
2026-07-18,instamart,78553,mumbai,2,198
2026-07-18,instamart,18506,bangalore,1,499
2026-07-18,instamart,792937,chennai,1,95
2026-07-18,instamart,63565,jalandhar,1,189
2026-07-18,instamart,18506,bangalore,1,499
2026-07-18,instamart,18503,mumbai,1,99
2026-07-18,instamart,18504,chennai,1,319
2026-07-18,instamart,68254,gurgaon,1,149
2026-07-18,instamart,68254,bangalore,1,149
2026-07-18,instamart,792937,chennai,1,95
2026-07-18,instamart,792937,bangalore,1,95
2026-07-18,instamart,792937,vellore,1,95
2026-07-18,instamart,78553,bangalore,1,99
2026-07-18,instamart,63565,bangalore,1,189
2026-07-18,instamart,78553,rajahmundry,1,99
2026-07-18,instamart,18506,mumbai,1,499
2026-07-18,instamart,63565,delhi,1,189
2026-07-18,instamart,63565,bangalore,2,378
2026-07-16,instamart,197453,bangalore,1,169
2026-07-16,instamart,18503,mumbai,1,99
2026-07-16,instamart,78553,chennai,1,99
2026-07-16,instamart,18503,jaipur,2,198
2026-07-16,instamart,18503,bangalore,3,297
2026-07-16,instamart,63565,delhi,1,189
2026-07-16,instamart,792937,chennai,1,95
2026-07-16,instamart,18504,kolkata,1,319
2026-07-16,instamart,18506,hyderabad,1,499
2026-07-16,instamart,18503,mysore,1,99
2026-07-16,instamart,63565,khammam,1,189
2026-07-16,instamart,792937,chennai,1,95
2026-07-15,instamart,63565,delhi,1,189
2026-07-15,instamart,18503,mumbai,1,99
2026-07-15,instamart,18506,hyderabad,1,499
2026-07-15,instamart,78553,bangalore,1,99
2026-07-15,instamart,18503,bangalore,2,198
2026-07-15,instamart,18504,palakkad,1,319
2026-07-15,instamart,792937,bangalore,1,95
2026-07-15,instamart,68254,chennai,1,149
2026-07-15,instamart,63565,chennai,1,189
2026-07-15,instamart,63565,bangalore,1,189
2026-07-15,instamart,18504,bangalore,1,319
2026-07-15,instamart,792937,hyderabad,2,190
2026-07-15,instamart,78553,vadodara,1,99
2026-07-15,instamart,792937,pune,1,95
2026-07-15,instamart,68254,chennai,1,149
2026-07-15,instamart,18504,bangalore,1,319
2026-07-15,instamart,792937,delhi,1,95
2026-07-15,instamart,18503,noida 1,1,99
2026-07-15,instamart,18503,mangaluru,1,99
2026-07-15,instamart,68254,gurgaon,1,149
2026-07-15,instamart,18503,chennai,1,99
2026-07-15,instamart,68254,mumbai,1,149
2026-07-15,instamart,63565,hyderabad,1,189
2026-07-15,instamart,63565,hyderabad,1,189
2026-07-15,instamart,18504,mumbai,1,319
2026-07-15,instamart,68254,bangalore,1,149
2026-07-15,instamart,18506,bangalore,1,499
2026-07-15,instamart,57850,bathinda,1,109
2026-07-15,instamart,792937,mangaluru,1,95
2026-07-15,instamart,63565,warangal,1,189
2026-07-15,instamart,18503,chennai,1,99
2026-07-15,instamart,18503,gurgaon,3,297
2026-07-15,instamart,68254,bangalore,2,298
2026-07-15,instamart,18503,hyderabad,2,198
2026-07-15,instamart,63565,mumbai,2,378
2026-07-15,instamart,18504,hyderabad,1,319
2026-07-15,instamart,68254,gurgaon,2,298
2026-07-15,instamart,18503,surat,1,99
2026-07-15,instamart,18503,bangalore,1,99
2026-07-15,instamart,292876,moradabad,1,125
2026-07-15,instamart,792937,bangalore,1,95
2026-07-15,instamart,63565,hyderabad,1,189
2026-07-15,instamart,78553,bangalore,2,198
2026-07-15,instamart,18503,chennai,2,198
2026-07-15,instamart,292876,raipur,1,125
2026-07-15,instamart,197453,hyderabad,1,169
2026-07-15,instamart,792937,mysore,1,95
2026-07-15,instamart,78553,vizag,1,99
2026-07-15,instamart,63565,kolkata,1,189
2026-07-15,instamart,18504,coimbatore,1,319
2026-07-16,instamart,792937,hyderabad,1,95
2026-07-16,instamart,18503,chennai,1,99
2026-07-18,instamart,78553,bangalore,3,297
2026-07-18,instamart,18506,bangalore,1,499
2026-07-18,instamart,78553,chennai,1,99
2026-07-18,instamart,792937,mumbai,1,95
2026-07-18,instamart,18504,mumbai,1,319
2026-07-18,instamart,18503,mysore,1,99
2026-07-18,instamart,18506,delhi,1,449
2026-07-18,instamart,18503,hyderabad,1,99
2026-07-18,instamart,78553,bangalore,2,198
2026-07-18,instamart,18506,mumbai,2,998
2026-07-17,instamart,63565,mumbai,2,378
2026-07-17,instamart,792937,chennai,1,95
2026-07-17,instamart,197453,hyderabad,2,338
2026-07-17,instamart,18503,bangalore,1,99
2026-07-17,instamart,792937,bangalore,1,95
2026-07-17,instamart,78553,chennai,1,99
2026-07-17,instamart,63565,mumbai,1,189
2026-07-17,instamart,18504,coimbatore,3,957
2026-07-17,instamart,78553,kochi,1,99
2026-07-17,instamart,18506,bangalore,1,499
2026-07-17,instamart,18503,ujjain,1,99
2026-07-17,instamart,18503,bangalore,2,198
2026-07-17,instamart,792937,pune,2,190
2026-07-17,instamart,18506,bangalore,1,499
2026-07-17,instamart,18503,delhi,1,99
2026-07-17,instamart,78553,mysore,1,99
2026-07-17,instamart,18504,hyderabad,2,638
2026-07-17,instamart,63565,mumbai,1,189
2026-07-17,instamart,18504,thrissur,1,319
2026-07-17,instamart,18503,hyderabad,1,99
2026-07-17,instamart,18504,central goa,1,319
2026-07-17,instamart,68254,mumbai,1,149
2026-07-17,instamart,63565,delhi,1,189
2026-07-17,instamart,63565,pune,1,189
2026-07-17,instamart,63565,pune,2,378
2026-07-17,instamart,792937,bangalore,1,95
2026-07-17,instamart,18504,guwahati,1,319
2026-07-17,instamart,18506,bangalore,1,499
2026-07-15,instamart,78553,bangalore,1,99
2026-07-15,instamart,197453,bangalore,1,169
2026-07-15,instamart,18503,chennai,1,99
2026-07-15,instamart,63565,bangalore,3,567
2026-07-15,instamart,63565,bangalore,1,189
2026-07-15,instamart,78553,bangalore,1,99
2026-07-15,instamart,78553,pune,1,99
2026-07-15,instamart,18503,bhubaneswar,1,99
2026-07-15,instamart,792937,bangalore,2,190
2026-07-15,instamart,792937,bangalore,1,95
2026-07-15,instamart,63565,dehradun,1,189
2026-07-15,instamart,792937,bangalore,1,95
2026-07-15,instamart,68254,chennai,1,149
2026-07-15,instamart,78553,mumbai,2,198
2026-07-15,instamart,18503,hyderabad,2,198
2026-07-15,instamart,78553,hyderabad,1,99
2026-07-15,instamart,792937,hyderabad,1,95
2026-07-15,instamart,18504,mumbai,1,319
2026-07-15,instamart,792937,hyderabad,2,190
2026-07-15,instamart,78553,bangalore,1,99
2026-07-15,instamart,792937,mumbai,1,95
2026-07-15,instamart,18506,bangalore,1,499
2026-07-15,instamart,792937,pune,1,95
2026-07-15,instamart,68254,hyderabad,1,149
2026-07-15,instamart,63565,hyderabad,2,378
2026-07-17,instamart,792937,mumbai,1,95
2026-07-17,instamart,68254,hyderabad,1,149
2026-07-17,instamart,18506,bangalore,1,499
2026-07-17,instamart,18503,hyderabad,1,99
2026-07-17,instamart,792937,hyderabad,1,95
2026-07-17,instamart,78553,guntur,1,99
2026-07-17,instamart,18503,gurgaon,1,99
2026-07-17,instamart,78553,bangalore,1,99
2026-07-18,instamart,18503,bangalore,3,297
2026-07-18,instamart,18504,coimbatore,1,319
2026-07-18,instamart,18506,chennai,1,499
2026-07-18,instamart,18503,noida 1,1,99
2026-07-13,instamart,792937,bangalore,3,285
2026-07-13,instamart,78553,bangalore,1,99
2026-07-13,instamart,18503,mumbai,1,99
2026-07-13,instamart,18504,chennai,1,319
2026-07-13,instamart,63565,gurgaon,1,189
2026-07-13,instamart,78553,mumbai,1,99
2026-07-13,instamart,78553,chennai,1,99
2026-07-13,instamart,18503,kochi,1,99
2026-07-13,instamart,68254,kochi,1,149
2026-07-13,instamart,18503,noida 1,2,198
2026-07-13,instamart,18504,mumbai,2,638
2026-07-13,instamart,18503,chennai,2,198
2026-07-13,instamart,18506,mumbai,1,499
2026-07-13,instamart,792937,chennai,1,95
2026-07-13,instamart,63565,lucknow,1,189
2026-07-13,instamart,68254,bangalore,1,149
2026-07-13,instamart,792937,mumbai,1,95
2026-07-13,instamart,18506,bangalore,1,499
2026-07-13,instamart,18504,hyderabad,1,319
2026-07-13,instamart,78553,bangalore,1,99
2026-07-13,instamart,792937,hyderabad,2,190
2026-07-13,instamart,63565,chennai,1,189
2026-07-13,instamart,63565,mumbai,1,189
2026-07-13,instamart,18503,chennai,1,99
2026-07-13,instamart,18503,delhi,1,99
2026-07-13,instamart,18504,chennai,3,957
2026-07-13,instamart,18506,mumbai,2,998
2026-07-13,instamart,18504,bangalore,1,319
2026-07-13,instamart,68254,kolkata,3,447
2026-07-13,instamart,18504,mumbai,1,319
2026-07-12,instamart,18503,bangalore,1,99
2026-07-12,instamart,78553,mumbai,1,99
2026-07-12,instamart,792937,bangalore,1,95
2026-07-12,instamart,792937,pune,2,190
2026-07-12,instamart,18506,pune,1,499
2026-07-12,instamart,792937,noida 1,1,95
2026-07-12,instamart,57850,bangalore,1,109
2026-07-12,instamart,792937,mumbai,3,285
2026-07-12,instamart,792937,delhi,1,95
2026-07-12,instamart,63565,pune,1,189
2026-07-12,instamart,63565,delhi,1,189
2026-07-12,instamart,18503,mumbai,2,198
2026-07-12,instamart,68254,bangalore,3,447
2026-07-12,instamart,78553,mysore,1,99
2026-07-12,instamart,63565,gurgaon,1,189
2026-07-12,instamart,18503,pune,1,99
2026-07-12,instamart,18504,mumbai,1,319
2026-07-12,instamart,18503,hyderabad,1,99
2026-07-12,instamart,792937,noida 1,1,95
2026-07-12,instamart,792937,bangalore,2,190
2026-07-12,instamart,18503,manipal,3,297
2026-07-12,instamart,197453,bangalore,1,169
2026-07-12,instamart,18506,ahmedabad,1,499
2026-07-12,instamart,792937,bangalore,1,95
2026-07-12,instamart,18503,pune,1,99
2026-07-12,instamart,63565,hyderabad,2,378
2026-07-12,instamart,68254,pune,1,149
2026-07-12,instamart,63565,gurgaon,1,189
2026-07-12,instamart,68254,bangalore,1,149
2026-07-12,instamart,63565,ajmer,1,189
2026-07-12,instamart,197453,hyderabad,1,169
2026-07-12,instamart,18506,kollam,1,499
2026-07-12,instamart,18503,ahmedabad,1,99
2026-07-12,instamart,63565,bangalore,2,378
2026-07-12,instamart,68254,delhi,1,149
2026-07-12,instamart,792937,hyderabad,1,95
2026-07-12,instamart,792937,mumbai,1,95
2026-07-12,instamart,78553,bangalore,1,99
2026-07-12,instamart,18503,mumbai,2,198
2026-07-12,instamart,18503,kolkata,2,198
2026-07-12,instamart,78553,bangalore,1,99
2026-07-12,instamart,18506,mumbai,1,499
2026-07-12,instamart,292876,bangalore,1,125
2026-07-12,instamart,57850,bangalore,1,109
2026-07-12,instamart,63565,gurgaon,1,189
2026-07-12,instamart,18503,bangalore,1,99
2026-07-12,instamart,18504,mumbai,1,319
2026-07-12,instamart,68254,bangalore,1,149
2026-07-12,instamart,68254,bangalore,1,149
2026-07-12,instamart,197453,hyderabad,1,169
2026-07-12,instamart,792937,bangalore,1,95
2026-07-12,instamart,78553,bangalore,1,99
2026-07-09,instamart,18503,mumbai,1,99
2026-07-11,instamart,78553,bangalore,3,297
2026-07-11,instamart,792937,mumbai,1,95
2026-07-11,instamart,792937,gurgaon,1,95
2026-07-11,instamart,18503,ranchi,1,99
2026-07-11,instamart,63565,pune,1,189
2026-07-11,instamart,18504,mumbai,1,319
2026-07-11,instamart,18504,bangalore,1,319
2026-07-11,instamart,63565,bangalore,1,189
2026-07-11,instamart,78553,bangalore,1,99
2026-07-11,instamart,68254,chennai,1,149
2026-07-12,instamart,63565,pune,1,189
2026-07-12,instamart,792937,bangalore,1,95
2026-07-12,instamart,78553,hubli,1,99
2026-07-12,instamart,78553,pune,1,99
2026-07-12,instamart,78553,faridabad,1,99
2026-07-12,instamart,18506,bangalore,1,499
2026-07-12,instamart,18503,bhubaneswar,1,99
2026-07-12,instamart,792937,hyderabad,1,95
2026-07-12,instamart,18504,kakinada,1,319
2026-07-12,instamart,18503,bangalore,1,99
2026-07-12,instamart,18504,kochi,1,319
2026-07-12,instamart,197453,kozhikode,1,169
2026-07-12,instamart,18506,chennai,1,499
2026-07-12,instamart,792937,noida 1,1,95
2026-07-12,instamart,78553,tirupati,1,99
2026-07-12,instamart,63565,bangalore,1,189
2026-07-12,instamart,18506,mumbai,1,499
2026-07-12,instamart,18503,bangalore,1,99
2026-07-12,instamart,63565,mumbai,1,189
2026-07-12,instamart,78553,bangalore,2,198
2026-07-12,instamart,18506,udaipur,2,998
2026-07-12,instamart,78553,manipal,1,99
2026-07-12,instamart,18503,mumbai,1,99
2026-07-12,instamart,792937,bangalore,1,95
2026-07-12,instamart,63565,hyderabad,1,189
2026-07-12,instamart,18503,kochi,1,99
2026-07-12,instamart,197453,pune,1,169
2026-07-12,instamart,18504,mumbai,2,638
2026-07-12,instamart,792937,bangalore,2,190
2026-07-12,instamart,792937,nagpur,1,95
2026-07-12,instamart,78553,bangalore,1,99
2026-07-12,instamart,18503,chennai,1,99
2026-07-12,instamart,792937,delhi,1,95
2026-07-12,instamart,18503,hyderabad,1,99
2026-07-14,instamart,792937,bangalore,1,95
2026-07-14,instamart,68254,hyderabad,1,149
2026-07-14,instamart,63565,bangalore,1,189
2026-07-14,instamart,63565,karur,1,189
2026-07-14,instamart,792937,pune,1,95
2026-07-14,instamart,63565,hyderabad,1,189
2026-07-14,instamart,63565,chennai,2,378
2026-07-14,instamart,68254,chennai,1,149
2026-07-14,instamart,18503,bangalore,1,99
2026-07-14,instamart,18504,kurnool,1,319
2026-07-14,instamart,18503,gurgaon,1,99
2026-07-14,instamart,792937,bangalore,1,95
2026-07-14,instamart,63565,bangalore,1,189
2026-07-18,instamart,18504,hyderabad,2,638
2026-07-18,instamart,18506,chennai,1,499
2026-07-18,instamart,63565,hyderabad,1,189
2026-07-18,instamart,68254,hyderabad,2,298
2026-07-18,instamart,18503,bhubaneswar,1,99
2026-07-18,instamart,792937,ranchi,3,285
2026-07-18,instamart,78553,pune,1,99
2026-07-18,instamart,18503,gurgaon,1,99
2026-07-18,instamart,18503,chennai,2,198
2026-07-18,instamart,792937,delhi,1,95
2026-07-18,instamart,18506,nashik,1,499
2026-07-18,instamart,78553,pune,2,198
2026-07-18,instamart,78553,tirupati,1,99
2026-07-18,instamart,792937,central goa,1,95
2026-07-18,instamart,18503,mumbai,1,99
2026-07-18,instamart,792937,bangalore,1,95
2026-07-18,instamart,18504,bangalore,1,319
2026-07-18,instamart,18504,bangalore,1,319
2026-07-18,instamart,68254,kottayam,1,149
2026-07-18,instamart,18504,bangalore,1,319
2026-07-18,instamart,18503,chennai,1,99
2026-07-18,instamart,68254,mumbai,1,149
2026-07-18,instamart,18506,mumbai,1,499
2026-07-18,instamart,68254,hyderabad,2,298
2026-07-18,instamart,18503,bangalore,1,99
2026-07-18,instamart,18503,mumbai,1,99
2026-07-18,instamart,63565,delhi,2,378
2026-07-18,instamart,18504,bangalore,1,319
2026-07-18,instamart,18506,bangalore,1,499
2026-07-18,instamart,18503,pune,3,297
2026-07-18,instamart,68254,khammam,1,149
2026-07-18,instamart,18506,noida 1,1,499
2026-07-18,instamart,57850,lucknow,1,109
2026-07-18,instamart,18503,delhi,1,99
2026-07-18,instamart,18506,bangalore,1,499
2026-07-18,instamart,18503,hyderabad,2,198
2026-07-18,instamart,18503,chennai,2,198
2026-07-18,instamart,18503,delhi,1,99
2026-07-18,instamart,792937,bangalore,1,95
2026-07-18,instamart,68254,khammam,3,447
2026-07-18,instamart,18503,hyderabad,2,198
2026-07-18,instamart,68254,delhi,2,298
2026-07-18,instamart,18504,coimbatore,1,319
2026-07-18,instamart,18504,vizag,2,638
2026-07-18,instamart,18504,mumbai,1,319
2026-07-18,instamart,18504,noida 1,1,319
2026-07-18,instamart,792937,pune,1,95
2026-07-18,instamart,18503,delhi,1,99
2026-07-18,instamart,78553,bangalore,1,99
2026-07-18,instamart,18504,kolkata,1,319
2026-07-18,instamart,18503,bangalore,3,297
2026-07-18,instamart,63565,pune,2,378
2026-07-18,instamart,78553,central goa,1,99
2026-07-18,instamart,18503,hyderabad,1,99
2026-07-18,instamart,63565,pune,2,378
2026-07-18,instamart,78553,chennai,1,99
2026-07-18,instamart,292876,rohtak,1,125
2026-07-18,instamart,18506,bangalore,1,499
2026-07-18,instamart,18504,thiruvalla,1,319
2026-07-18,instamart,68254,hyderabad,1,149
2026-07-18,instamart,18503,hyderabad,1,99
2026-07-17,instamart,18504,ajmer,1,319
2026-07-17,instamart,18506,ahmedabad,1,499
2026-07-17,instamart,78553,ahmedabad,1,99
2026-07-17,instamart,78553,chennai,1,99
2026-07-17,instamart,18503,delhi,1,99
2026-07-17,instamart,792937,warangal,1,95
2026-07-17,instamart,63565,bangalore,1,189
2026-07-17,instamart,197453,bangalore,1,169
2026-07-17,instamart,18503,hyderabad,6,594
2026-07-17,instamart,78553,bangalore,1,99
2026-07-17,instamart,18503,pune,1,99
2026-07-17,instamart,68254,kolkata,1,149
2026-07-17,instamart,197453,hyderabad,1,169
2026-07-17,instamart,18503,central goa,1,99
2026-07-17,instamart,63565,hyderabad,1,189
2026-07-17,instamart,78553,bangalore,1,99
2026-07-17,instamart,68254,mumbai,1,149
2026-07-17,instamart,63565,delhi,1,189
2026-07-17,instamart,63565,belgaum,1,189
2026-07-17,instamart,18503,mangaluru,1,99
2026-07-17,instamart,18504,hyderabad,1,319
2026-07-17,instamart,792937,hyderabad,1,95
2026-07-17,instamart,18503,chennai,1,99
2026-07-17,instamart,78553,mumbai,2,198
2026-07-16,instamart,18503,pune,1,99
2026-07-16,instamart,18504,chennai,1,319
2026-07-16,instamart,18503,noida,1,99
2026-07-16,instamart,78553,ludhiana,1,99
2026-07-11,instamart,18506,mumbai,1,499
2026-07-11,instamart,18504,bangalore,1,319
2026-07-11,instamart,18503,pune,3,297
2026-07-11,instamart,18503,udaipur,1,99
2026-07-11,instamart,18503,bangalore,1,99
2026-07-11,instamart,792937,chennai,1,95
2026-07-11,instamart,197453,bangalore,1,169
2026-07-11,instamart,792937,bangalore,1,95
2026-07-11,instamart,63565,bangalore,1,189
2026-07-11,instamart,78553,ahmedabad,1,99
2026-07-11,instamart,792937,bangalore,2,190
2026-07-11,instamart,78553,bangalore,3,297
2026-07-11,instamart,18503,hyderabad,2,198
2026-07-11,instamart,792937,bangalore,2,190
2026-07-11,instamart,63565,mumbai,2,378
2026-07-11,instamart,18504,thrissur,4,1276
2026-07-11,instamart,18503,mumbai,1,99
2026-07-11,instamart,63565,kolkata,1,189
2026-07-11,instamart,63565,lucknow,1,189
2026-07-11,instamart,18506,patna,1,499
2026-07-11,instamart,68254,bangalore,1,149
2026-07-11,instamart,68254,thiruvananthapuram,1,149
2026-07-11,instamart,63565,mumbai,1,189
2026-07-11,instamart,792937,delhi,1,95
2026-07-11,instamart,63565,pune,1,189
2026-07-11,instamart,78553,bangalore,2,198
2026-07-11,instamart,18504,mumbai,2,638
2026-07-11,instamart,68254,bangalore,2,298
2026-07-11,instamart,18506,mumbai,1,499
2026-07-11,instamart,792937,bangalore,1,95
2026-07-11,instamart,63565,delhi,1,189
2026-07-11,instamart,18504,vizag,1,319
2026-07-11,instamart,792937,chandigarh,1,95
2026-07-11,instamart,78553,mysore,1,99
2026-07-11,instamart,63565,pune,2,378
2026-07-11,instamart,78553,mumbai,2,198
2026-07-11,instamart,78553,bangalore,2,198
2026-07-11,instamart,68254,mumbai,2,298
2026-07-11,instamart,792937,chennai,3,285
2026-07-11,instamart,68254,bangalore,2,298
2026-07-11,instamart,68254,bangalore,1,149
2026-07-11,instamart,18503,mumbai,1,99
2026-07-11,instamart,63565,bangalore,1,189
2026-07-11,instamart,792937,bangalore,1,95
2026-07-11,instamart,78553,chennai,1,99
2026-07-11,instamart,78553,chennai,1,99
2026-07-11,instamart,792937,bangalore,3,285
2026-07-11,instamart,78553,bangalore,1,99
2026-07-11,instamart,63565,mumbai,1,189
2026-07-11,instamart,78553,bangalore,2,198
2026-07-11,instamart,18504,mumbai,2,638
2026-07-11,instamart,18503,bangalore,1,99
2026-07-11,instamart,18503,bangalore,1,99
2026-07-11,instamart,68254,bangalore,2,298
2026-07-11,instamart,792937,bangalore,1,95
2026-07-11,instamart,792937,delhi,1,95
2026-07-11,instamart,78553,bangalore,1,99
2026-07-11,instamart,63565,bangalore,1,189
2026-07-11,instamart,18503,chennai,2,198
2026-07-11,instamart,18504,bangalore,1,319
2026-07-11,instamart,18503,pune,1,99
2026-07-11,instamart,63565,bangalore,1,189
2026-07-11,instamart,68254,chennai,1,149
2026-07-11,instamart,18503,delhi,1,99
2026-07-11,instamart,18503,noida,1,99
2026-07-11,instamart,792937,gurgaon,1,95
2026-07-11,instamart,197453,bangalore,1,169
2026-07-11,instamart,68254,chennai,1,149
2026-07-11,instamart,63565,lonavla,4,756
2026-07-11,instamart,792937,pune,2,190
2026-07-11,instamart,63565,belgaum,3,567
2026-07-11,instamart,792937,hyderabad,3,285
2026-07-11,instamart,792937,mumbai,3,285
2026-07-11,instamart,18503,chennai,1,99
2026-07-11,instamart,792937,central goa,1,95
2026-07-11,instamart,18506,bangalore,1,499
2026-07-11,instamart,18503,hyderabad,2,198
2026-07-11,instamart,792937,nagpur,1,95
2026-07-11,instamart,18503,bangalore,1,99
2026-07-11,instamart,792937,delhi,1,95
2026-07-12,instamart,68254,bangalore,1,149
2026-07-12,instamart,18503,hyderabad,2,198
2026-07-12,instamart,18504,chennai,1,319
2026-07-12,instamart,18503,central goa,1,99
2026-07-12,instamart,18504,mumbai,1,319
2026-07-12,instamart,18504,mumbai,2,638
2026-07-12,instamart,63565,pune,2,378
2026-07-12,instamart,78553,bangalore,1,99
2026-07-12,instamart,792937,mumbai,1,95
2026-07-12,instamart,792937,bangalore,1,95
2026-07-12,instamart,63565,mangaluru,1,189
2026-07-12,instamart,78553,bangalore,2,198
2026-07-12,instamart,18503,chennai,2,198
2026-07-20,instamart,68254,hyderabad,2,298
2026-07-20,instamart,68254,bangalore,1,149
2026-07-20,instamart,78553,ahmedabad,1,99
2026-07-19,instamart,18504,bangalore,2,638
2026-07-19,instamart,78553,bhopal,1,99
2026-07-19,instamart,18504,chennai,1,319
2026-07-19,instamart,792937,bangalore,2,190
2026-07-19,instamart,18503,hyderabad,1,99
2026-07-19,instamart,63565,bangalore,1,189
2026-07-19,instamart,18503,hyderabad,1,99
2026-07-19,instamart,18504,kakinada,1,319
2026-07-19,instamart,68254,bangalore,2,298
2026-07-19,instamart,792937,bangalore,1,95
2026-07-19,instamart,197453,hyderabad,1,169
2026-07-19,instamart,78553,chennai,1,99
2026-07-19,instamart,78553,chennai,1,99
2026-07-19,instamart,292876,kolhapur,1,125
2026-07-19,instamart,18504,mumbai,1,319
2026-07-19,instamart,63565,mumbai,1,189
2026-07-19,instamart,792937,hyderabad,2,190
2026-07-19,instamart,68254,bangalore,1,149
2026-07-19,instamart,18506,mumbai,1,499
2026-07-19,instamart,792937,bangalore,1,95
2026-07-19,instamart,63565,bangalore,1,189
2026-07-19,instamart,792937,bangalore,1,95
2026-07-19,instamart,78553,bangalore,2,198
2026-07-19,instamart,792937,bangalore,1,95
2026-07-19,instamart,18503,bangalore,1,99
2026-07-19,instamart,792937,hyderabad,1,95
2026-07-19,instamart,18503,pune,1,99
2026-07-19,instamart,68254,mumbai,1,149
2026-07-19,instamart,18504,coimbatore,1,319
2026-07-20,instamart,792937,noida 1,1,95
2026-07-20,instamart,792937,bangalore,2,190
2026-07-20,instamart,78553,chennai,1,99
2026-07-20,instamart,792937,delhi,1,95
2026-07-20,instamart,18506,mumbai,1,499
2026-07-20,instamart,78553,bangalore,1,99
2026-07-19,instamart,18503,bangalore,1,99
2026-07-19,instamart,63565,aurangabad,1,189
2026-07-19,instamart,18503,shivamogga,1,99
2026-07-19,instamart,18503,mumbai,2,198
2026-07-19,instamart,18506,bangalore,1,499
2026-07-19,instamart,63565,hyderabad,1,189
2026-07-19,instamart,792937,noida,1,95
2026-07-19,instamart,18503,mysore,1,99
2026-07-19,instamart,63565,chennai,1,189
2026-07-19,instamart,18503,mumbai,3,297
2026-07-19,instamart,18503,hyderabad,2,198
2026-07-19,instamart,78553,mumbai,3,297
2026-07-19,instamart,18504,bangalore,1,319
2026-07-19,instamart,18503,udaipur,1,99
2026-07-19,instamart,18503,mumbai,1,99
2026-07-19,instamart,18503,hyderabad,1,99
2026-07-19,instamart,792937,vellore,1,95
2026-07-19,instamart,18504,bangalore,1,319
2026-07-19,instamart,18503,bangalore,1,99
2026-07-19,instamart,78553,chennai,1,99
2026-07-19,instamart,18503,delhi,2,198
2026-07-19,instamart,18503,hyderabad,3,297
2026-07-19,instamart,78553,vizag,1,99
2026-07-19,instamart,792937,bangalore,1,95
2026-07-19,instamart,78553,central goa,1,99
2026-07-19,instamart,18503,mumbai,1,99
2026-07-19,instamart,63565,chennai,1,189
2026-07-15,instamart,18503,chennai,1,99
2026-07-15,instamart,18504,nellore,1,319
2026-07-15,instamart,792937,bangalore,1,95
2026-07-15,instamart,63565,delhi,1,189
2026-07-15,instamart,78553,kolhapur,1,99
2026-07-15,instamart,18503,pune,1,99
2026-07-15,instamart,63565,bangalore,1,189
2026-07-15,instamart,292876,delhi,1,125
2026-07-15,instamart,197453,hyderabad,1,169
2026-07-15,instamart,63565,mumbai,1,189
2026-07-15,instamart,78553,mumbai,1,99
2026-07-15,instamart,78553,ahmedabad,1,99
2026-07-15,instamart,63565,amritsar,1,189
2026-07-15,instamart,78553,chennai,1,99
2026-07-15,instamart,18503,pune,1,99
2026-07-15,instamart,792937,noida,1,95
2026-07-15,instamart,68254,kochi,1,149
2026-07-15,instamart,18504,bangalore,1,319
2026-07-15,instamart,792937,bangalore,1,95
2026-07-15,instamart,18503,kochi,1,99
2026-07-15,instamart,78553,panipat,1,99
2026-07-15,instamart,792937,bangalore,1,95
2026-07-15,instamart,792937,bangalore,1,95
2026-07-15,instamart,78553,central goa,1,99
2026-07-15,instamart,792937,mysore,1,95
2026-07-15,instamart,792937,mumbai,1,95
2026-07-15,instamart,792937,bangalore,1,95
2026-07-15,instamart,18503,chennai,1,99
2026-07-15,instamart,68254,bangalore,1,149
2026-07-15,instamart,792937,bangalore,2,190
2026-07-15,instamart,18504,guntur,1,319
2026-07-15,instamart,78553,mumbai,1,99
2026-07-15,instamart,792937,bhubaneswar,1,95
2026-07-15,instamart,63565,mumbai,1,189
2026-07-16,instamart,18503,bangalore,1,99
2026-07-16,instamart,63565,hyderabad,1,189
2026-07-16,instamart,78553,patiala,1,99
2026-07-16,instamart,63565,chennai,1,189
2026-07-16,instamart,78553,bangalore,1,99
2026-07-16,instamart,78553,bangalore,1,99
2026-07-16,instamart,792937,bhubaneswar,1,95
2026-07-16,instamart,63565,gurgaon,1,189
2026-07-16,instamart,792937,gurgaon,1,95
2026-07-16,instamart,78553,bangalore,1,99
2026-07-16,instamart,78553,kottayam,1,99
2026-07-16,instamart,68254,mumbai,1,149
2026-07-16,instamart,18503,chennai,3,297
2026-07-16,instamart,78553,chennai,1,99
2026-07-16,instamart,792937,chennai,1,95
2026-07-16,instamart,68254,hyderabad,1,149
2026-07-16,instamart,792937,delhi,1,95
2026-07-16,instamart,197453,ahmedabad,2,338
2026-07-16,instamart,68254,mumbai,1,149
2026-07-16,instamart,18504,mumbai,2,638
2026-07-16,instamart,197453,bangalore,1,169
2026-07-16,instamart,18504,central goa,1,319
2026-07-16,instamart,18503,chennai,1,99
2026-07-16,instamart,57850,thiruvananthapuram,1,109
2026-07-16,instamart,18504,chennai,1,319
2026-07-16,instamart,18504,mumbai,1,319
2026-07-16,instamart,78553,central goa,1,99
2026-07-16,instamart,78553,bangalore,2,198
2026-07-16,instamart,78553,mumbai,3,297
2026-07-16,instamart,18503,hyderabad,3,297
2026-07-16,instamart,68254,bangalore,1,149
2026-07-16,instamart,68254,chennai,1,149
2026-07-16,instamart,18503,chennai,1,99
2026-07-16,instamart,792937,hyderabad,1,95
2026-07-16,instamart,78553,pune,1,99
2026-07-16,instamart,78553,pune,1,99
2026-07-16,instamart,18503,surat,1,99
2026-07-16,instamart,18503,shivamogga,2,198
2026-07-16,instamart,78553,bangalore,1,99
2026-07-16,instamart,792937,bangalore,1,95
2026-07-16,instamart,63565,vapi,1,189
2026-07-17,instamart,63565,bangalore,1,189
2026-07-17,instamart,792937,bangalore,1,95
2026-07-17,instamart,78553,bangalore,1,99
2026-07-17,instamart,792937,delhi,2,190
2026-07-17,instamart,18504,bangalore,1,319
2026-07-17,instamart,197453,hyderabad,3,507
2026-07-17,instamart,78553,chennai,1,99
2026-07-17,instamart,63565,bangalore,1,189
2026-07-17,instamart,792937,belgaum,1,95
2026-07-17,instamart,63565,bangalore,1,189
2026-07-17,instamart,197453,bangalore,1,169
2026-07-17,instamart,68254,chennai,2,298
2026-07-17,instamart,78553,chennai,1,99
2026-07-17,instamart,18503,bangalore,1,99
2026-07-17,instamart,792937,bangalore,4,380
2026-07-17,instamart,18503,pune,1,99
2026-07-17,instamart,792937,hyderabad,1,95
2026-07-17,instamart,63565,amritsar,1,189
2026-07-17,instamart,78553,mumbai,1,99
2026-07-17,instamart,18504,hyderabad,1,319
2026-07-17,instamart,792937,bhubaneswar,1,95
2026-07-17,instamart,78553,central goa,1,99
2026-07-17,instamart,18503,bangalore,2,198
2026-07-18,instamart,18503,hyderabad,1,99
2026-07-18,instamart,792937,bangalore,1,95
2026-07-18,instamart,68254,gurgaon,1,149
2026-07-18,instamart,63565,pune,1,189
2026-07-18,instamart,792937,mumbai,1,95
2026-07-18,instamart,18503,kochi,2,198
2026-07-18,instamart,63565,jabalpur,1,189
2026-07-18,instamart,18503,chennai,1,99
2026-07-18,instamart,792937,delhi,1,95
2026-07-18,instamart,18506,chennai,1,499
2026-07-18,instamart,18504,mumbai,1,319
2026-07-18,instamart,18506,chennai,1,499
2026-07-18,instamart,792937,hyderabad,1,95
2026-07-18,instamart,63565,bangalore,1,189
2026-07-17,instamart,18506,pune,1,499
2026-07-17,instamart,63565,gwalior,1,189
2026-07-17,instamart,18504,pune,1,319
2026-07-17,instamart,18503,chandigarh,1,99
2026-07-17,instamart,68254,chennai,1,149
2026-07-17,instamart,63565,chennai,1,189
2026-07-17,instamart,792937,mysore,1,95
2026-07-17,instamart,68254,bangalore,1,149
2026-07-17,instamart,18506,kochi,1,499
2026-07-17,instamart,18506,delhi,2,998
2026-07-17,instamart,18503,chennai,1,99
2026-07-17,instamart,18503,bangalore,1,99
2026-07-17,instamart,18503,noida 1,1,99
2026-07-17,instamart,18506,bangalore,1,499
2026-07-17,instamart,68254,bangalore,1,149
2026-07-17,instamart,18503,kochi,1,99
2026-07-17,instamart,63565,pune,1,189
2026-07-17,instamart,78553,bangalore,1,99
2026-07-17,instamart,792937,pune,1,95
2026-07-17,instamart,63565,delhi,1,189
2026-07-17,instamart,18503,nashik,3,297
2026-07-17,instamart,68254,gurgaon,2,298
2026-07-17,instamart,78553,delhi,1,99
2026-07-17,instamart,792937,bangalore,1,95
2026-07-17,instamart,18506,bangalore,2,998
2026-07-17,instamart,18506,mumbai,1,499
2026-07-17,instamart,18503,hyderabad,1,99
2026-07-17,instamart,18506,jaipur,1,499
2026-07-18,instamart,68254,mumbai,2,298
2026-07-18,instamart,63565,bangalore,1,189
2026-07-18,instamart,78553,central goa,1,99
2026-07-18,instamart,63565,chennai,1,189
2026-07-18,instamart,78553,chennai,2,198
2026-07-18,instamart,63565,pune,1,189
2026-07-18,instamart,68254,mumbai,1,149
2026-07-18,instamart,792937,delhi,1,95
2026-07-18,instamart,68254,udaipur,1,149
2026-07-18,instamart,792937,chennai,1,95
2026-07-18,instamart,792937,bhubaneswar,1,95
2026-07-18,instamart,18504,chennai,1,319
2026-07-18,instamart,18503,mumbai,1,99
2026-07-18,instamart,18503,pune,1,99
2026-07-18,instamart,792937,nagpur,1,95
2026-07-18,instamart,18503,bangalore,2,198
2026-07-18,instamart,78553,bangalore,2,198
2026-07-18,instamart,792937,bangalore,2,190
2026-07-18,instamart,18503,gurgaon,1,99
2026-07-18,instamart,78553,bangalore,1,99
2026-07-18,instamart,792937,mumbai,1,95
2026-07-18,instamart,18504,mumbai,1,319
2026-07-18,instamart,18506,bangalore,1,499
2026-07-18,instamart,63565,kolkata,1,189
2026-07-18,instamart,197453,bangalore,1,169
2026-07-18,instamart,18506,hyderabad,1,499
2026-07-18,instamart,68254,guwahati,1,149
2026-07-18,instamart,78553,mumbai,2,198
2026-07-17,instamart,63565,bangalore,1,189
2026-07-17,instamart,18503,chennai,1,99
2026-07-17,instamart,792937,mumbai,1,95
2026-07-17,instamart,68254,mumbai,1,149
2026-07-17,instamart,63565,chennai,2,378
2026-07-17,instamart,63565,bangalore,1,189
2026-07-17,instamart,68254,chennai,1,149
2026-07-17,instamart,792937,noida 1,1,95
2026-07-17,instamart,63565,jabalpur,1,189
2026-07-17,instamart,18506,mumbai,2,998
2026-07-17,instamart,792937,hyderabad,2,190
2026-07-17,instamart,792937,mumbai,2,190
2026-07-17,instamart,18504,pondicherry,1,319
2026-07-17,instamart,78553,bangalore,1,99
2026-07-17,instamart,18503,kochi,1,99
2026-07-17,instamart,78553,bangalore,2,198
2026-07-17,instamart,18506,mumbai,1,499
2026-07-17,instamart,18503,pune,1,99
2026-07-17,instamart,197453,bangalore,1,169
2026-07-17,instamart,18503,chennai,1,99
2026-07-17,instamart,792937,bangalore,1,95
2026-07-17,instamart,792937,delhi,1,95
2026-07-17,instamart,63565,chennai,1,189
2026-07-17,instamart,63565,mumbai,1,189
2026-07-17,instamart,18503,bangalore,2,198
2026-07-17,instamart,18503,bangalore,3,297
2026-07-17,instamart,18503,kanchipuram,2,198
2026-07-17,instamart,18504,tirupati,1,319
2026-07-17,instamart,63565,mangaluru,1,189
2026-07-17,instamart,792937,bhubaneswar,2,190
2026-07-17,instamart,78553,mumbai,1,99
2026-07-17,instamart,78553,bangalore,1,99
2026-07-17,instamart,18503,kochi,1,99
2026-07-17,instamart,792937,bangalore,3,285
2026-07-17,instamart,18503,karur,2,198
2026-07-17,instamart,63565,hyderabad,2,378
2026-07-18,instamart,18503,hyderabad,3,297
2026-07-18,instamart,18503,bangalore,3,297
2026-07-18,instamart,68254,chennai,1,149
2026-07-18,instamart,18506,mumbai,1,499
2026-07-18,instamart,18503,noida 1,1,99
2026-07-18,instamart,63565,chennai,1,189
2026-07-18,instamart,63565,amritsar,1,189
2026-07-18,instamart,792937,pune,1,95
2026-07-18,instamart,18506,mumbai,1,499
2026-07-18,instamart,78553,vizag,1,99
2026-07-18,instamart,792937,pune,1,95
2026-07-18,instamart,197453,bangalore,1,169
2026-07-18,instamart,18503,bangalore,1,99
2026-07-18,instamart,18503,kolkata,1,99
2026-07-18,instamart,18503,hyderabad,1,99
2026-07-18,instamart,18503,mumbai,2,198
2026-07-18,instamart,18503,hyderabad,2,198
2026-07-18,instamart,18503,gurgaon,2,198
2026-07-18,instamart,792937,chennai,1,95
2026-07-18,instamart,68254,noida,1,149
2026-07-18,instamart,792937,bangalore,1,95
2026-07-18,instamart,792937,chennai,1,95
2026-07-18,instamart,18504,chennai,1,319
2026-07-17,instamart,18504,mumbai,1,319
2026-07-17,instamart,792937,pune,1,95
2026-07-17,instamart,18503,hyderabad,3,297
2026-07-17,instamart,78553,anantapur,1,99
2026-07-17,instamart,792937,delhi,1,95
2026-07-17,instamart,63565,chennai,2,378
2026-07-17,instamart,63565,delhi,1,189
2026-07-17,instamart,18504,hyderabad,1,319
2026-07-17,instamart,68254,gurgaon,1,149
2026-07-17,instamart,63565,mumbai,1,189
2026-07-17,instamart,63565,bangalore,1,189
2026-07-17,instamart,78553,mumbai,1,99
2026-07-17,instamart,63565,pune,1,189
2026-07-17,instamart,18504,kochi,1,319
2026-07-17,instamart,63565,mumbai,1,189
2026-07-17,instamart,78553,mumbai,1,99
2026-07-17,instamart,78553,bangalore,1,99
2026-07-17,instamart,68254,bangalore,1,149
2026-07-17,instamart,68254,bangalore,1,149
2026-07-17,instamart,63565,chennai,1,189
2026-07-17,instamart,18503,chennai,2,198
2026-07-17,instamart,792937,bangalore,1,95
2026-07-17,instamart,78553,bangalore,1,99
2026-07-17,instamart,18503,mumbai,2,198
2026-07-17,instamart,63565,mumbai,1,189
2026-07-17,instamart,68254,chennai,1,149
2026-07-17,instamart,792937,bangalore,1,95
2026-07-17,instamart,18504,vijayawada,1,319
2026-07-17,instamart,18504,coimbatore,2,638
2026-07-17,instamart,68254,shivamogga,1,149
2026-07-17,instamart,18503,hyderabad,1,99
2026-07-17,instamart,78553,chennai,1,99
2026-07-17,instamart,68254,central goa,1,149
2026-07-17,instamart,78553,ahmedabad,3,297
2026-07-17,instamart,292876,jabalpur,1,125
2026-07-17,instamart,18504,chennai,1,319
2026-07-17,instamart,78553,chennai,1,99
2026-07-17,instamart,18504,delhi,1,319
2026-07-17,instamart,68254,chennai,1,149
2026-07-18,instamart,197453,bangalore,1,169
2026-07-18,instamart,792937,chennai,2,190
2026-07-18,instamart,18504,bangalore,1,310
2026-07-18,instamart,197453,palakkad,2,338
2026-07-18,instamart,18503,thiruvalla,1,99
2026-07-18,instamart,78553,bangalore,1,99
2026-07-18,instamart,792937,mumbai,1,95
2026-07-18,instamart,63565,delhi,1,189
2026-07-18,instamart,792937,mumbai,2,190
2026-07-18,instamart,792937,bangalore,1,95
2026-07-18,instamart,68254,kochi,1,149
2026-07-18,instamart,63565,chennai,1,189
2026-07-18,instamart,68254,bangalore,1,149
2026-07-18,instamart,78553,bangalore,2,198
2026-07-18,instamart,68254,bangalore,1,149
2026-07-18,instamart,18504,bangalore,1,319
2026-07-18,instamart,792937,bangalore,1,95
2026-07-18,instamart,68254,bangalore,1,149
2026-07-18,instamart,18504,hyderabad,1,319
2026-07-18,instamart,18504,mumbai,1,319
2026-07-18,instamart,18504,bangalore,1,319
2026-07-18,instamart,63565,bangalore,2,378
2026-07-18,instamart,197453,bangalore,1,169
2026-07-18,instamart,78553,bangalore,1,99
2026-07-18,instamart,18503,bangalore,1,99
2026-07-18,instamart,792937,bangalore,1,95
2026-07-18,instamart,78553,chennai,4,396
2026-07-18,instamart,18504,noida,2,638
2026-07-18,instamart,18503,noida,1,99
2026-07-18,instamart,63565,delhi,1,189
2026-07-18,instamart,792937,chennai,1,95
2026-07-18,instamart,18503,chennai,2,198
2026-07-18,instamart,63565,kolkata,2,378
2026-07-18,instamart,68254,chennai,4,596
2026-07-18,instamart,63565,chennai,1,189
2026-07-18,instamart,292876,delhi,1,125
2026-07-18,instamart,18506,gurgaon,1,499
2026-07-18,instamart,18503,hyderabad,2,198
2026-07-18,instamart,18503,delhi,1,99
2026-07-18,instamart,68254,mumbai,1,149
2026-07-18,instamart,78553,amritsar,1,99
2026-07-18,instamart,78553,bangalore,1,99
2026-07-18,instamart,78553,bangalore,1,99
2026-07-14,instamart,18504,mumbai,1,319
2026-07-14,instamart,68254,gurgaon,2,298
2026-07-14,instamart,292876,bangalore,2,250
2026-07-14,instamart,18503,mumbai,1,99
2026-07-14,instamart,18503,bangalore,1,99
2026-07-14,instamart,18504,bangalore,1,319
2026-07-14,instamart,792937,vellore,1,95
2026-07-14,instamart,78553,chennai,1,99
2026-07-14,instamart,68254,mumbai,1,149
2026-07-14,instamart,18503,mumbai,2,198
2026-07-13,instamart,792937,hyderabad,3,285
2026-07-13,instamart,18503,hyderabad,3,297
2026-07-13,instamart,68254,hyderabad,2,298
2026-07-13,instamart,78553,vijayawada,1,99
2026-07-13,instamart,63565,bangalore,1,189
2026-07-13,instamart,197453,kolkata,2,338
2026-07-13,instamart,78553,mumbai,1,99
2026-07-13,instamart,18504,bangalore,1,319
2026-07-13,instamart,18506,pune,1,499
2026-07-13,instamart,78553,bangalore,1,99
2026-07-13,instamart,18503,mumbai,1,99
2026-07-13,instamart,197453,bangalore,2,338
2026-07-13,instamart,18504,delhi,1,319
2026-07-13,instamart,18503,kolkata,1,99
2026-07-13,instamart,18503,chennai,1,99
2026-07-13,instamart,68254,moradabad,1,149
2026-07-13,instamart,78553,vizag,1,99
2026-07-13,instamart,792937,bangalore,1,95
2026-07-13,instamart,68254,chennai,1,149
2026-07-13,instamart,18504,mumbai,2,638
2026-07-13,instamart,792937,bangalore,4,380
2026-07-13,instamart,78553,vizag,1,99
2026-07-13,instamart,68254,hyderabad,1,149
2026-07-13,instamart,792937,delhi,1,95
2026-07-13,instamart,792937,hyderabad,1,95
2026-07-13,instamart,18504,dibrugarh,1,319
2026-07-13,instamart,792937,hyderabad,1,95
2026-07-13,instamart,792937,bangalore,2,190
2026-07-13,instamart,18504,mumbai,2,638
2026-07-13,instamart,792937,bangalore,1,95
2026-07-13,instamart,18503,chennai,1,99
2026-07-13,instamart,792937,hyderabad,1,95
2026-07-13,instamart,792937,hyderabad,2,190
2026-07-13,instamart,18503,pune,1,99
2026-07-13,instamart,792937,delhi,1,95
2026-07-13,instamart,78553,bangalore,2,198
2026-07-13,instamart,68254,mumbai,2,298
2026-07-13,instamart,63565,bangalore,1,189
2026-07-13,instamart,18506,bangalore,1,499
2026-07-13,instamart,78553,bangalore,1,99
2026-07-13,instamart,18503,mumbai,1,99
2026-07-13,instamart,18503,pondicherry,2,198
2026-07-14,instamart,792937,bangalore,3,285
2026-07-14,instamart,63565,lucknow,1,189
2026-07-14,instamart,78553,mumbai,1,99
2026-07-14,instamart,792937,delhi,1,95
2026-07-14,instamart,792937,mumbai,1,95
2026-07-14,instamart,78553,bangalore,1,99
2026-07-14,instamart,197453,bangalore,1,169
2026-07-14,instamart,78553,chennai,1,99
2026-07-14,instamart,18503,bangalore,1,99
2026-07-14,instamart,18503,bangalore,1,99
2026-07-14,instamart,63565,pune,1,189
2026-07-14,instamart,18503,delhi,1,99
2026-07-14,instamart,68254,bangalore,1,149
2026-07-14,instamart,63565,bangalore,2,378
2026-07-14,instamart,18504,bangalore,1,319
2026-07-14,instamart,18503,guwahati,1,99
2026-07-14,instamart,18506,mumbai,4,1996
2026-07-15,instamart,78553,bangalore,1,99
2026-07-15,instamart,792937,hyderabad,1,95
2026-07-15,instamart,18503,bangalore,1,99
2026-07-15,instamart,78553,bangalore,1,99
2026-07-15,instamart,78553,vijayawada,1,99
2026-07-15,instamart,792937,bangalore,1,95
2026-07-15,instamart,18506,mumbai,1,499
2026-07-15,instamart,18503,bangalore,1,99
2026-07-15,instamart,18504,coimbatore,1,319
2026-07-15,instamart,792937,hyderabad,1,95
2026-07-15,instamart,18504,bangalore,1,319
2026-07-15,instamart,78553,bangalore,1,99
2026-07-15,instamart,792937,delhi,1,95
2026-07-15,instamart,18506,sri ganganagar,1,499
2026-07-15,instamart,18506,hyderabad,1,499
2026-07-15,instamart,18503,bhubaneswar,3,297
2026-07-15,instamart,18504,mumbai,1,319
2026-07-15,instamart,792937,chennai,1,95
2026-07-15,instamart,18504,mumbai,1,319
2026-07-15,instamart,18506,mumbai,2,998
2026-07-15,instamart,78553,central goa,1,99
2026-07-15,instamart,63565,pune,1,189
2026-07-15,instamart,68254,mumbai,1,149
2026-07-15,instamart,792937,mumbai,3,285
2026-07-15,instamart,792937,bangalore,2,190
2026-07-15,instamart,18503,gurgaon,1,99
2026-07-15,instamart,18503,mumbai,1,99
2026-07-15,instamart,18503,mumbai,1,99
2026-07-15,instamart,18503,nashik,1,99
2026-07-15,instamart,78553,bangalore,2,198
2026-07-15,instamart,792937,bangalore,1,95
2026-07-15,instamart,18503,noida 1,1,99
2026-07-15,instamart,18503,chennai,1,99
2026-07-15,instamart,78553,mysore,1,99
2026-07-15,instamart,63565,mumbai,1,189
2026-07-15,instamart,18506,noida,1,499
2026-07-15,instamart,18504,hyderabad,1,319
2026-07-15,instamart,18504,coimbatore,1,319
2026-07-16,instamart,18503,mumbai,1,99
2026-07-16,instamart,18504,nanded,1,319
2026-07-16,instamart,18506,bangalore,1,499
2026-07-16,instamart,792937,delhi,1,95
2026-07-16,instamart,18503,bangalore,1,99
2026-07-16,instamart,18503,nellore,1,99
2026-07-16,instamart,18506,nanded,1,499
2026-07-16,instamart,68254,chennai,1,149
2026-07-14,instamart,63565,mumbai,1,189
2026-07-14,instamart,792937,mumbai,1,95
2026-07-14,instamart,792937,chennai,1,95
2026-07-14,instamart,63565,bangalore,1,189
2026-07-14,instamart,292876,warangal,1,125
2026-07-14,instamart,78553,bangalore,1,99
2026-07-14,instamart,68254,mumbai,1,149
2026-07-14,instamart,63565,hyderabad,1,189
2026-07-14,instamart,68254,delhi,1,149
2026-07-14,instamart,18504,silchar,1,319
2026-07-14,instamart,68254,delhi,1,149
2026-07-13,instamart,792937,gwalior,3,285
2026-07-13,instamart,63565,hyderabad,1,189
2026-07-13,instamart,78553,bangalore,1,99
2026-07-13,instamart,18506,mumbai,1,499
2026-07-13,instamart,18504,mumbai,1,319
2026-07-13,instamart,18503,hyderabad,1,99
2026-07-13,instamart,68254,bangalore,2,298
2026-07-13,instamart,792937,bangalore,1,95
2026-07-13,instamart,18503,bangalore,1,99
2026-07-13,instamart,63565,gurgaon,1,189
2026-07-13,instamart,63565,dehradun,1,189
2026-07-13,instamart,792937,bangalore,1,95
2026-07-13,instamart,18504,mumbai,1,319
2026-07-13,instamart,68254,gorakhpur,1,149
2026-07-13,instamart,792937,pune,1,95
2026-07-13,instamart,78553,bangalore,1,99
2026-07-14,instamart,78553,kottayam,1,99
2026-07-14,instamart,18504,mumbai,1,319
2026-07-14,instamart,18503,noida 1,1,99
2026-07-14,instamart,792937,chennai,2,190
2026-07-14,instamart,63565,palakkad,1,189
2026-07-14,instamart,792937,delhi,1,95
2026-07-14,instamart,78553,bangalore,3,297
2026-07-13,instamart,68254,mumbai,1,149
2026-07-13,instamart,18504,salem,1,319
2026-07-13,instamart,78553,vizag,1,99
2026-07-13,instamart,63565,delhi,1,189
2026-07-13,instamart,792937,bangalore,2,190
2026-07-13,instamart,18503,bangalore,1,99
2026-07-13,instamart,792937,bangalore,1,95
2026-07-13,instamart,292876,bangalore,1,125
2026-07-13,instamart,78553,chennai,1,99
2026-07-12,instamart,792937,chennai,1,95
2026-07-12,instamart,792937,bangalore,1,95
2026-07-12,instamart,63565,bangalore,1,189
2026-07-12,instamart,18506,mumbai,1,499
2026-07-12,instamart,792937,chennai,2,190
2026-07-12,instamart,63565,chennai,1,189
2026-07-12,instamart,18506,delhi,1,499
2026-07-12,instamart,18504,chennai,1,319
2026-07-12,instamart,197453,hyderabad,1,169
2026-07-11,instamart,18503,bangalore,1,99
2026-07-11,instamart,18504,bangalore,1,319
2026-07-11,instamart,18503,kolkata,1,99
2026-07-11,instamart,18503,mumbai,1,99
2026-07-11,instamart,18503,pune,1,99
2026-07-11,instamart,63565,bangalore,1,189
2026-07-11,instamart,18503,mumbai,1,99
2026-07-11,instamart,63565,mumbai,1,189
2026-07-11,instamart,63565,chennai,1,189
2026-07-11,instamart,18506,bangalore,1,499
2026-07-11,instamart,78553,chennai,1,99
2026-07-11,instamart,63565,hyderabad,1,189
2026-07-11,instamart,197453,pune,1,169
2026-07-11,instamart,18503,delhi,1,99
2026-07-11,instamart,18503,aurangabad,2,198
2026-07-11,instamart,63565,bangalore,2,378
2026-07-11,instamart,792937,chennai,1,95
2026-07-11,instamart,68254,hyderabad,1,149
2026-07-11,instamart,78553,kochi,1,99
2026-07-11,instamart,68254,bangalore,1,149
2026-07-11,instamart,63565,mumbai,1,189
2026-07-11,instamart,18506,chennai,1,499
2026-07-11,instamart,792937,bangalore,1,95
2026-07-11,instamart,792937,faridabad,1,95
2026-07-11,instamart,18503,mumbai,2,198
2026-07-11,instamart,18506,mumbai,1,499
2026-07-11,instamart,68254,bangalore,1,149
2026-07-11,instamart,18506,mumbai,1,499
2026-07-11,instamart,63565,mumbai,3,567
2026-07-11,instamart,18504,mumbai,2,638
2026-07-11,instamart,68254,chennai,2,298
2026-07-11,instamart,18504,mumbai,2,638
2026-07-11,instamart,18503,bangalore,1,99
2026-07-11,instamart,68254,bangalore,1,149
2026-07-11,instamart,68254,chennai,1,149
2026-07-11,instamart,18503,mumbai,2,198
2026-07-11,instamart,18506,noida 1,1,499
2026-07-11,instamart,18506,hyderabad,1,499
2026-07-11,instamart,78553,central goa,1,99
2026-07-11,instamart,197453,bangalore,2,338
2026-07-11,instamart,18503,central goa,1,99
2026-07-11,instamart,18504,kolkata,2,638
2026-07-11,instamart,792937,bangalore,2,190
2026-07-11,instamart,18504,central goa,1,319
2026-07-11,instamart,63565,pune,1,189
2026-07-11,instamart,792937,bangalore,1,95
2026-07-11,instamart,792937,chennai,2,190
2026-07-11,instamart,18503,chennai,1,99
2026-07-11,instamart,18506,pune,1,499
2026-07-11,instamart,63565,hyderabad,1,189
2026-07-11,instamart,792937,chennai,2,190
2026-07-11,instamart,78553,hyderabad,1,99
2026-07-11,instamart,18503,chennai,1,99
2026-07-11,instamart,18504,mumbai,1,319
2026-07-11,instamart,78553,delhi,1,99
2026-07-11,instamart,18504,chennai,1,319
2026-07-11,instamart,68254,chennai,2,298
2026-07-11,instamart,18503,hyderabad,1,99
2026-07-11,instamart,18504,hyderabad,1,319
2026-07-11,instamart,792937,hyderabad,1,95
2026-07-14,instamart,18504,bangalore,1,319
2026-07-14,instamart,78553,udaipur,1,99
2026-07-14,instamart,18504,bangalore,1,319
2026-07-13,instamart,68254,bangalore,1,149
2026-07-13,instamart,18503,chennai,1,99
2026-07-13,instamart,68254,vellore,1,149
2026-07-13,instamart,197453,nagpur,1,169
2026-07-13,instamart,78553,kochi,1,99
2026-07-13,instamart,63565,rajkot,1,189
2026-07-13,instamart,792937,hyderabad,3,285
2026-07-13,instamart,18503,mumbai,1,99
2026-07-13,instamart,792937,bhubaneswar,1,95
2026-07-13,instamart,68254,chennai,2,298
2026-07-13,instamart,18506,bangalore,1,499
2026-07-13,instamart,18506,bangalore,1,499
2026-07-13,instamart,18503,vapi,2,198
2026-07-13,instamart,78553,kottayam,1,99
2026-07-13,instamart,18503,hyderabad,2,198
2026-07-13,instamart,78553,chennai,1,99
2026-07-13,instamart,68254,mumbai,1,149
2026-07-13,instamart,63565,pune,1,189
2026-07-13,instamart,18506,mumbai,1,499
2026-07-13,instamart,197453,bangalore,2,338
2026-07-13,instamart,63565,bangalore,1,189
2026-07-13,instamart,63565,chennai,1,189
2026-07-14,instamart,792937,delhi,1,95
2026-07-14,instamart,63565,hyderabad,1,189
2026-07-14,instamart,68254,mumbai,1,149
2026-07-14,instamart,68254,bangalore,2,298
2026-07-14,instamart,197453,noida,1,169
2026-07-14,instamart,78553,ahmedabad,1,99
2026-07-14,instamart,68254,bangalore,1,149
2026-07-14,instamart,18504,bangalore,1,319
2026-07-14,instamart,18503,hyderabad,1,99
2026-07-14,instamart,18503,hyderabad,1,99
2026-07-14,instamart,792937,delhi,2,190
2026-07-14,instamart,792937,bangalore,1,95
2026-07-14,instamart,792937,bangalore,1,95
2026-07-14,instamart,792937,delhi,1,95
2026-07-14,instamart,68254,kurnool,1,149
2026-07-14,instamart,792937,mumbai,1,95
2026-07-14,instamart,68254,mumbai,2,298
2026-07-14,instamart,68254,chennai,1,149
2026-07-14,instamart,18506,noida,1,499
2026-07-14,instamart,18504,palakkad,1,319
2026-07-14,instamart,68254,chennai,2,298
2026-07-14,instamart,792937,gurgaon,2,190
2026-07-14,instamart,18506,mumbai,1,499
2026-07-14,instamart,18503,pune,1,99
2026-07-14,instamart,197453,hyderabad,2,338
2026-07-14,instamart,792937,bangalore,1,95
2026-07-14,instamart,792937,bangalore,1,95
2026-07-14,instamart,63565,hyderabad,1,189
2026-07-14,instamart,792937,mumbai,1,95
2026-07-14,instamart,78553,jamshedpur,1,99
2026-07-14,instamart,792937,mangaluru,1,95
2026-07-14,instamart,68254,chennai,1,149
2026-07-14,instamart,78553,bangalore,1,99
2026-07-14,instamart,792937,mumbai,2,190
2026-07-16,instamart,18503,aurangabad,1,99
2026-07-16,instamart,68254,mumbai,1,149
2026-07-16,instamart,792937,delhi,1,95
2026-07-16,instamart,63565,chennai,1,189
2026-07-16,instamart,792937,bangalore,2,190
2026-07-16,instamart,792937,hyderabad,3,285
2026-07-16,instamart,197453,thanjavur,1,169
2026-07-16,instamart,18503,patna,1,99
2026-07-16,instamart,78553,chennai,1,99
2026-07-16,instamart,78553,indore,1,99
2026-07-16,instamart,63565,hyderabad,2,378
2026-07-16,instamart,792937,faridabad,1,95
2026-07-16,instamart,78553,chennai,1,99
2026-07-16,instamart,68254,hyderabad,2,298
2026-07-16,instamart,68254,chennai,1,149
2026-07-16,instamart,78553,bangalore,1,99
2026-07-16,instamart,792937,pune,1,95
2026-07-16,instamart,63565,delhi,1,189
2026-07-16,instamart,792937,noida 1,1,95
2026-07-16,instamart,18503,mumbai,1,99
2026-07-16,instamart,78553,nagpur,1,99
2026-07-16,instamart,63565,hyderabad,1,189
2026-07-16,instamart,18503,bangalore,1,99
2026-07-16,instamart,63565,kolkata,1,189
2026-07-16,instamart,78553,mumbai,2,198
2026-07-16,instamart,78553,vadodara,1,99
2026-07-16,instamart,197453,hyderabad,1,169
2026-07-16,instamart,18503,hyderabad,1,99
2026-07-16,instamart,18503,mumbai,1,99
2026-07-16,instamart,792937,vellore,1,95
2026-07-16,instamart,68254,chennai,1,149
2026-07-16,instamart,18503,mumbai,1,99
2026-07-16,instamart,18503,pune,1,99
2026-07-16,instamart,63565,mumbai,1,189
2026-07-16,instamart,18506,mumbai,1,499
2026-07-16,instamart,78553,mumbai,1,99
2026-07-16,instamart,18504,bangalore,1,319
2026-07-16,instamart,18504,hyderabad,1,319
2026-07-16,instamart,78553,bangalore,1,99
2026-07-16,instamart,68254,bangalore,2,298
2026-07-16,instamart,68254,hyderabad,1,149
2026-07-16,instamart,78553,bangalore,1,99
2026-07-16,instamart,18504,mumbai,1,319
2026-07-16,instamart,63565,hyderabad,1,189
2026-07-16,instamart,63565,mumbai,2,378
2026-07-16,instamart,18504,chennai,1,319
2026-07-16,instamart,63565,chennai,1,189
2026-07-16,instamart,18504,bangalore,1,319
2026-07-16,instamart,78553,latur,2,198
2026-07-16,instamart,68254,bangalore,2,298
2026-07-16,instamart,792937,hyderabad,3,285
2026-07-16,instamart,78553,silchar,1,99
2026-07-16,instamart,18503,bangalore,1,99
2026-07-16,instamart,68254,chennai,1,149
2026-07-16,instamart,18504,bangalore,1,319
2026-07-16,instamart,63565,ahmedabad,1,189
2026-07-16,instamart,18506,bangalore,1,499
2026-07-16,instamart,68254,bangalore,2,298
2026-07-16,instamart,63565,chennai,1,189
2026-07-16,instamart,792937,delhi,1,95
2026-07-16,instamart,18503,hyderabad,1,99
2026-07-16,instamart,68254,bangalore,1,149
2026-07-16,instamart,18504,nagercoil,1,319
2026-07-16,instamart,292876,bangalore,1,125
2026-07-16,instamart,18503,raipur,1,99
2026-07-16,instamart,68254,bangalore,1,149
2026-07-16,instamart,63565,mumbai,1,189
2026-07-16,instamart,63565,chennai,1,189
2026-07-16,instamart,63565,bangalore,2,378
2026-07-16,instamart,78553,bangalore,2,198
2026-07-16,instamart,68254,hyderabad,2,298
2026-07-16,instamart,792937,bangalore,3,285
2026-07-17,instamart,63565,lonavla,2,378
2026-07-17,instamart,57850,belgaum,1,109
2026-07-17,instamart,78553,mumbai,1,99
2026-07-17,instamart,78553,chennai,1,99
2026-07-17,instamart,68254,pune,1,149
2026-07-17,instamart,63565,delhi,1,189
2026-07-17,instamart,78553,mumbai,1,99
2026-07-17,instamart,18503,bangalore,1,99
2026-07-17,instamart,18504,chennai,2,638
2026-07-17,instamart,18503,hyderabad,2,198
2026-07-17,instamart,792937,mumbai,2,190
2026-07-17,instamart,792937,bangalore,2,190
2026-07-17,instamart,78553,anantapur,1,99
2026-07-17,instamart,63565,bangalore,1,189
2026-07-17,instamart,18504,mumbai,1,319
2026-07-17,instamart,18503,mumbai,1,99
2026-07-17,instamart,68254,delhi,1,149
2026-07-17,instamart,78553,hyderabad,3,297
2026-07-17,instamart,792937,hyderabad,1,95
2026-07-17,instamart,78553,mumbai,1,99
2026-07-17,instamart,197453,kolkata,1,169
2026-07-17,instamart,792937,bangalore,1,95
2026-07-17,instamart,68254,bangalore,1,149
2026-07-17,instamart,18503,kolkata,2,198
2026-07-17,instamart,18503,chennai,3,297
2026-07-17,instamart,18504,mumbai,1,319
2026-07-17,instamart,68254,chennai,1,149
2026-07-17,instamart,18504,trichy,1,319
2026-07-17,instamart,792937,bangalore,1,95
2026-07-17,instamart,792937,hyderabad,1,95
2026-07-17,instamart,63565,pune,1,189
2026-07-17,instamart,63565,bangalore,1,189
2026-07-17,instamart,63565,kolkata,1,189
2026-07-17,instamart,78553,central goa,1,99
2026-07-17,instamart,792937,delhi,1,95
2026-07-17,instamart,197453,bangalore,2,338
2026-07-18,instamart,18504,hyderabad,2,638
2026-07-18,instamart,18503,bangalore,2,198
2026-07-18,instamart,78553,vapi,1,99
2026-07-18,instamart,78553,bangalore,1,99
2026-07-18,instamart,18503,bangalore,1,99
2026-07-18,instamart,68254,hyderabad,1,149
2026-07-18,instamart,792937,hyderabad,1,95
2026-07-18,instamart,792937,chennai,2,190
2026-07-18,instamart,18504,hyderabad,1,319
2026-07-17,instamart,792937,central goa,1,95
2026-07-17,instamart,63565,bangalore,1,189
2026-07-17,instamart,78553,hyderabad,1,99
2026-07-17,instamart,18503,chennai,1,99
2026-07-17,instamart,792937,bangalore,1,95
2026-07-17,instamart,18503,pune,1,99
2026-07-17,instamart,68254,kolkata,1,149
2026-07-17,instamart,63565,bangalore,2,378
2026-07-17,instamart,63565,bangalore,3,567
2026-07-17,instamart,68254,bangalore,2,298
2026-07-17,instamart,63565,pune,1,189
2026-07-17,instamart,18503,kolkata,1,99
2026-07-17,instamart,78553,vadodara,2,198
2026-07-17,instamart,18506,mumbai,3,1497
2026-07-17,instamart,18503,patna,1,99
2026-07-17,instamart,792937,pune,1,95
2026-07-17,instamart,792937,mumbai,1,95
2026-07-17,instamart,63565,bangalore,1,189
2026-07-17,instamart,197453,bangalore,1,169
2026-07-17,instamart,18504,chennai,2,638
2026-07-17,instamart,18503,mumbai,1,99
2026-07-17,instamart,78553,bangalore,1,99
2026-07-17,instamart,792937,mumbai,1,95
2026-07-17,instamart,63565,bangalore,1,189
2026-07-17,instamart,63565,chennai,1,189
2026-07-17,instamart,63565,bangalore,1,189
2026-07-17,instamart,68254,delhi,1,149
2026-07-17,instamart,68254,mumbai,1,149
2026-07-17,instamart,197453,bangalore,1,169
2026-07-14,instamart,18503,surat,3,297
2026-07-14,instamart,792937,mumbai,1,95
2026-07-14,instamart,78553,bhubaneswar,1,99
2026-07-14,instamart,18506,jaipur,2,998
2026-07-14,instamart,78553,chennai,1,99
2026-07-14,instamart,792937,bangalore,2,190
2026-07-14,instamart,197453,pune,1,169
2026-07-14,instamart,18503,kolkata,2,198
2026-07-14,instamart,18503,pune,2,198
2026-07-14,instamart,78553,bangalore,1,99
2026-07-14,instamart,18504,hyderabad,1,319
2026-07-14,instamart,18503,hyderabad,1,99
2026-07-14,instamart,63565,noida,1,189
2026-07-14,instamart,792937,hyderabad,1,95
2026-07-14,instamart,18503,delhi,1,99
2026-07-14,instamart,18506,gurgaon,1,499
2026-07-14,instamart,78553,chennai,1,99
2026-07-14,instamart,792937,bangalore,1,95
2026-07-14,instamart,63565,delhi,1,189
2026-07-14,instamart,68254,gurgaon,1,149
2026-07-14,instamart,63565,mumbai,1,189
2026-07-14,instamart,78553,surat,1,99
2026-07-14,instamart,63565,mumbai,1,189
2026-07-14,instamart,197453,hyderabad,1,169
2026-07-14,instamart,792937,delhi,1,95
2026-07-14,instamart,18503,bangalore,1,99
2026-07-14,instamart,792937,bangalore,1,95
2026-07-14,instamart,63565,bangalore,2,378
2026-07-14,instamart,63565,bangalore,2,378
2026-07-13,instamart,78553,vizag,1,99
2026-07-13,instamart,18503,vellore,1,99
2026-07-13,instamart,63565,bangalore,1,189
2026-07-13,instamart,18503,chennai,1,99
2026-07-13,instamart,792937,hyderabad,1,95
2026-07-13,instamart,792937,bangalore,1,95
2026-07-13,instamart,78553,central goa,1,99
2026-07-13,instamart,63565,kolkata,1,189
2026-07-13,instamart,792937,bangalore,3,285
2026-07-13,instamart,792937,chandigarh,1,95
2026-07-13,instamart,18503,hyderabad,1,99
2026-07-13,instamart,792937,mysore,1,95
2026-07-13,instamart,18506,mumbai,2,998
2026-07-13,instamart,63565,hyderabad,1,189
2026-07-13,instamart,78553,bangalore,1,99
2026-07-13,instamart,78553,mysore,2,198
2026-07-13,instamart,18506,mumbai,2,998
2026-07-13,instamart,63565,indore,1,189
2026-07-13,instamart,792937,delhi,1,95
2026-07-13,instamart,78553,chennai,1,99
2026-07-13,instamart,18506,mumbai,2,998
2026-07-13,instamart,18504,chennai,1,319
2026-07-13,instamart,792937,bangalore,2,190
2026-07-13,instamart,68254,mumbai,1,149
2026-07-13,instamart,18504,moradabad,1,319
2026-07-13,instamart,63565,bangalore,1,189
2026-07-13,instamart,292876,delhi,1,125
2026-07-17,instamart,792937,bangalore,1,95
2026-07-17,instamart,63565,bangalore,1,189
2026-07-17,instamart,792937,bangalore,1,95
2026-07-17,instamart,78553,chennai,1,99
2026-07-17,instamart,63565,delhi,1,189
2026-07-17,instamart,792937,central goa,1,95
2026-07-17,instamart,792937,mumbai,1,95
2026-07-17,instamart,63565,manipal,1,189
2026-07-17,instamart,792937,chennai,1,95
2026-07-17,instamart,792937,bangalore,1,95
2026-07-17,instamart,18503,delhi,1,99
2026-07-17,instamart,68254,chennai,1,149
2026-07-17,instamart,78553,central goa,1,99
2026-07-17,instamart,63565,hyderabad,2,378
2026-07-17,instamart,18503,bilaspur,2,198
2026-07-17,instamart,18503,hyderabad,1,99
2026-07-17,instamart,18506,mumbai,1,499
2026-07-17,instamart,78553,chennai,1,99
2026-07-17,instamart,78553,bangalore,1,99
2026-07-17,instamart,792937,chennai,1,95
2026-07-17,instamart,18504,mumbai,2,638
2026-07-17,instamart,18503,hyderabad,3,297
2026-07-17,instamart,292876,faridabad,1,125
2026-07-17,instamart,78553,tirupati,1,99
2026-07-17,instamart,792937,bangalore,1,95
2026-07-17,instamart,18503,bangalore,1,99
2026-07-17,instamart,63565,chennai,1,189
2026-07-17,instamart,792937,jabalpur,1,95
2026-07-17,instamart,18506,mumbai,1,499
2026-07-17,instamart,18503,kolkata,1,99
2026-07-17,instamart,63565,hyderabad,1,189
2026-07-17,instamart,18503,bangalore,1,99
2026-07-17,instamart,792937,bangalore,2,190
2026-07-17,instamart,78553,chennai,1,99
2026-07-17,instamart,18504,bangalore,1,319
2026-07-17,instamart,78553,pune,1,99
2026-07-17,instamart,18503,bhubaneswar,2,198
2026-07-17,instamart,63565,hyderabad,1,189
2026-07-17,instamart,792937,mangaluru,1,95
2026-07-17,instamart,197453,pune,1,169
2026-07-17,instamart,18503,chennai,1,99
2026-07-17,instamart,18503,chennai,1,99
2026-07-17,instamart,63565,bangalore,1,189
2026-07-17,instamart,78553,bangalore,1,99
2026-07-17,instamart,63565,bangalore,1,189
2026-07-18,instamart,18503,bangalore,2,198
2026-07-18,instamart,18503,delhi,2,198
2026-07-18,instamart,18504,guwahati,1,319
2026-07-18,instamart,18506,chennai,1,499
2026-07-18,instamart,18504,hyderabad,1,319
2026-07-18,instamart,63565,delhi,1,189
2026-07-18,instamart,68254,bangalore,1,149
2026-07-18,instamart,18503,chennai,2,198
2026-07-18,instamart,78553,pune,3,297
2026-07-18,instamart,18503,chennai,2,198
2026-07-18,instamart,63565,bangalore,1,189
2026-07-18,instamart,18503,chennai,1,99
2026-07-18,instamart,18503,bangalore,1,99
2026-07-18,instamart,18506,bangalore,1,499
2026-07-18,instamart,78553,chennai,1,99
2026-07-18,instamart,78553,mumbai,1,99
2026-07-18,instamart,63565,bangalore,2,378
2026-07-18,instamart,18503,chennai,1,99
2026-07-18,instamart,78553,vizag,1,99
2026-07-18,instamart,792937,bangalore,3,285
2026-07-18,instamart,63565,bangalore,1,189
2026-07-18,instamart,18503,pune,1,99
2026-07-18,instamart,18506,mumbai,1,499
2026-07-18,instamart,792937,bangalore,1,95
2026-07-18,instamart,18504,hyderabad,1,319
2026-07-18,instamart,63565,lucknow,1,189
2026-07-18,instamart,63565,bangalore,1,189
2026-07-18,instamart,78553,mumbai,1,99
2026-07-18,instamart,68254,hyderabad,2,298
2026-07-18,instamart,63565,mumbai,1,189
2026-07-18,instamart,68254,bangalore,1,149
2026-07-18,instamart,18504,chennai,1,319
2026-07-18,instamart,197453,bangalore,1,169
2026-07-18,instamart,68254,gurgaon,1,149
2026-07-18,instamart,292876,patna,1,125
2026-07-18,instamart,63565,bangalore,1,189
2026-07-18,instamart,18506,mumbai,1,499
2026-07-18,instamart,18503,hyderabad,3,297
2026-07-18,instamart,68254,kolkata,2,298
2026-07-18,instamart,18503,bangalore,1,99
2026-07-18,instamart,63565,pune,2,378
2026-07-18,instamart,18504,mumbai,1,319
2026-07-18,instamart,68254,mumbai,1,149
2026-07-18,instamart,792937,ranchi,1,95
2026-07-18,instamart,18503,noida 1,1,99
2026-07-18,instamart,68254,bangalore,1,149
2026-07-18,instamart,68254,bangalore,1,149
2026-07-14,instamart,68254,central goa,1,149
2026-07-14,instamart,63565,bangalore,1,189
2026-07-14,instamart,78553,pune,1,99
2026-07-14,instamart,18506,mumbai,1,499
2026-07-14,instamart,18503,hyderabad,1,99
2026-07-14,instamart,18504,bangalore,1,319
2026-07-14,instamart,792937,bangalore,1,95
2026-07-14,instamart,18504,vizag,1,319
2026-07-14,instamart,78553,mumbai,1,99
2026-07-14,instamart,792937,mumbai,2,190
2026-07-14,instamart,78553,bangalore,3,297
2026-07-14,instamart,78553,mumbai,2,198
2026-07-14,instamart,18504,chennai,1,319
2026-07-14,instamart,18503,delhi,1,99
2026-07-14,instamart,68254,bangalore,1,149
2026-07-14,instamart,18504,chennai,1,319
2026-07-14,instamart,792937,delhi,1,95
2026-07-14,instamart,63565,bangalore,1,189
2026-07-14,instamart,78553,bangalore,1,99
2026-07-14,instamart,18503,pondicherry,2,198
2026-07-14,instamart,63565,delhi,1,189
2026-07-14,instamart,792937,delhi,1,95
2026-07-14,instamart,18506,chennai,1,499
2026-07-14,instamart,792937,gurgaon,1,95
2026-07-14,instamart,18504,coimbatore,1,319
2026-07-14,instamart,792937,hyderabad,1,95
2026-07-14,instamart,18503,chennai,1,99
2026-07-14,instamart,63565,delhi,1,189
2026-07-14,instamart,63565,bangalore,2,378
2026-07-14,instamart,18503,bangalore,1,99
2026-07-14,instamart,792937,bangalore,2,190
2026-07-14,instamart,197453,jaipur,1,169
2026-07-14,instamart,18503,chennai,2,198
2026-07-14,instamart,18503,bangalore,1,99
2026-07-14,instamart,792937,hyderabad,2,190
2026-07-14,instamart,18503,delhi,2,198
2026-07-14,instamart,68254,mumbai,1,149
2026-07-14,instamart,78553,vadodara,1,99
2026-07-14,instamart,78553,bangalore,2,198
2026-07-14,instamart,78553,bangalore,1,99
2026-07-14,instamart,63565,nizamabad,2,378
2026-07-14,instamart,63565,chennai,1,189
2026-07-14,instamart,18504,chennai,1,319
2026-07-14,instamart,18503,bangalore,2,198
2026-07-14,instamart,63565,bangalore,1,189
2026-07-14,instamart,18503,hyderabad,1,99
2026-07-14,instamart,68254,bangalore,1,149
2026-07-14,instamart,792937,bangalore,1,95
2026-07-13,instamart,78553,bangalore,1,99
2026-07-13,instamart,18503,bangalore,1,99
2026-07-13,instamart,792937,delhi,3,285
2026-07-13,instamart,18506,pune,1,499
2026-07-13,instamart,18504,chennai,1,319
2026-07-13,instamart,78553,vizag,1,99
2026-07-13,instamart,792937,bangalore,1,95
2026-07-13,instamart,78553,bangalore,1,99
2026-07-13,instamart,792937,bangalore,1,95
2026-07-13,instamart,18503,kolkata,1,99
2026-07-13,instamart,63565,bangalore,1,189
2026-07-13,instamart,792937,delhi,1,95
2026-07-13,instamart,18503,bangalore,2,198
2026-07-13,instamart,18503,bangalore,2,198
2026-07-13,instamart,57850,lucknow,1,109
2026-07-13,instamart,18503,bangalore,1,99
2026-07-13,instamart,63565,delhi,1,189
2026-07-13,instamart,68254,thiruvananthapuram,1,149
2026-07-13,instamart,63565,guwahati,1,189
2026-07-13,instamart,18503,bangalore,1,99
2026-07-13,instamart,792937,mumbai,1,95
2026-07-15,instamart,78553,bangalore,1,99
2026-07-15,instamart,63565,bangalore,1,189
2026-07-15,instamart,78553,noida,1,99
2026-07-15,instamart,68254,ludhiana,1,149
2026-07-15,instamart,68254,mumbai,1,149
2026-07-15,instamart,792937,pune,1,95
2026-07-15,instamart,792937,mangaluru,2,190
2026-07-15,instamart,68254,bangalore,1,149
2026-07-15,instamart,792937,bangalore,1,95
2026-07-15,instamart,63565,hyderabad,1,189
2026-07-15,instamart,63565,bangalore,1,189
2026-07-15,instamart,78553,bangalore,1,99
2026-07-15,instamart,18506,delhi,1,499
2026-07-15,instamart,78553,chennai,1,99
2026-07-15,instamart,68254,bangalore,1,149
2026-07-15,instamart,792937,hyderabad,2,190
2026-07-15,instamart,68254,bangalore,2,298
2026-07-15,instamart,197453,bangalore,1,169
2026-07-15,instamart,18504,mumbai,1,319
2026-07-15,instamart,18503,pune,1,99
2026-07-15,instamart,18503,aurangabad,2,198
2026-07-15,instamart,57850,vijayawada,1,109
2026-07-15,instamart,78553,tirupati,1,99
2026-07-15,instamart,63565,gurgaon,1,189
2026-07-15,instamart,78553,chennai,1,99
2026-07-15,instamart,18503,pune,1,99
2026-07-15,instamart,63565,ahmedabad,2,378
2026-07-16,instamart,18504,kochi,1,319
2026-07-16,instamart,18503,pune,1,99
2026-07-16,instamart,18503,chennai,1,99
2026-07-16,instamart,63565,bangalore,1,189
2026-07-16,instamart,792937,mumbai,1,95
2026-07-16,instamart,792937,hyderabad,3,285
2026-07-16,instamart,78553,bangalore,1,99
2026-07-16,instamart,63565,bangalore,1,189
2026-07-16,instamart,18504,mumbai,1,319
2026-07-16,instamart,78553,mumbai,1,99
2026-07-16,instamart,63565,bangalore,1,189
2026-07-16,instamart,18504,mumbai,1,319
2026-07-16,instamart,78553,ahmedabad,1,99
2026-07-16,instamart,68254,bangalore,1,149
2026-07-16,instamart,792937,mumbai,1,95
2026-07-16,instamart,18503,hyderabad,2,198
2026-07-16,instamart,68254,mumbai,1,149
2026-07-16,instamart,78553,bangalore,1,99
2026-07-16,instamart,18504,bangalore,1,319
2026-07-16,instamart,63565,pune,2,378
2026-07-16,instamart,18504,chennai,2,638
2026-07-16,instamart,292876,bangalore,1,125
2026-07-16,instamart,18504,nellore,1,319
2026-07-16,instamart,792937,mumbai,1,95
2026-07-16,instamart,18504,noida 1,1,339
2026-07-16,instamart,18504,karur,1,319
2026-07-16,instamart,78553,chennai,2,198
2026-07-16,instamart,63565,mumbai,1,189
2026-07-16,instamart,68254,hyderabad,2,298
2026-07-16,instamart,78553,pune,1,99
2026-07-16,instamart,18503,delhi,1,99
2026-07-13,instamart,292876,bangalore,2,250
2026-07-13,instamart,18504,mumbai,1,319
2026-07-13,instamart,792937,chennai,2,190
2026-07-13,instamart,792937,bangalore,2,190
2026-07-13,instamart,792937,bangalore,1,95
2026-07-13,instamart,792937,mumbai,1,95
2026-07-13,instamart,792937,delhi,1,95
2026-07-13,instamart,18504,mumbai,2,638
2026-07-13,instamart,792937,karimnagar,3,285
2026-07-13,instamart,63565,delhi,1,189
2026-07-13,instamart,68254,bangalore,1,149
2026-07-13,instamart,18504,mumbai,1,319
2026-07-13,instamart,792937,noida 1,1,95
2026-07-13,instamart,792937,kurnool,1,95
2026-07-13,instamart,792937,hyderabad,1,95
2026-07-13,instamart,18504,chennai,1,319
2026-07-13,instamart,78553,bangalore,1,99
2026-07-13,instamart,197453,bangalore,1,169
2026-07-13,instamart,18503,delhi,2,198
2026-07-13,instamart,68254,mumbai,1,149
2026-07-13,instamart,78553,chennai,1,99
2026-07-13,instamart,792937,gurgaon,1,95
2026-07-13,instamart,68254,delhi,2,298
2026-07-13,instamart,18503,pune,1,99
2026-07-13,instamart,18504,roorkee,1,319
2026-07-13,instamart,63565,hyderabad,1,189
2026-07-13,instamart,18503,delhi,3,297
2026-07-13,instamart,792937,bangalore,3,285
2026-07-13,instamart,18503,mumbai,1,99
2026-07-13,instamart,792937,central goa,1,95
2026-07-13,instamart,68254,mumbai,1,149
2026-07-13,instamart,18504,coimbatore,1,319
2026-07-13,instamart,68254,hyderabad,1,149
2026-07-13,instamart,792937,bangalore,1,95
2026-07-13,instamart,78553,ahmedabad,1,99
2026-07-13,instamart,68254,gurgaon,1,149
2026-07-13,instamart,78553,bangalore,1,99
2026-07-13,instamart,18503,hyderabad,1,99
2026-07-13,instamart,68254,delhi,1,149
2026-07-13,instamart,18503,aurangabad,1,99
2026-07-13,instamart,792937,bangalore,1,95
2026-07-13,instamart,68254,bangalore,1,149
2026-07-13,instamart,63565,mumbai,1,189
2026-07-13,instamart,18504,chennai,1,319
2026-07-13,instamart,18503,hyderabad,1,99
2026-07-13,instamart,792937,mumbai,3,285
2026-07-14,instamart,792937,bangalore,1,95
2026-07-14,instamart,63565,bangalore,1,189
2026-07-14,instamart,63565,noida,2,378
2026-07-14,instamart,63565,mumbai,1,189
2026-07-14,instamart,63565,hyderabad,2,378
2026-07-14,instamart,792937,delhi,2,190
2026-07-14,instamart,792937,bhubaneswar,2,190
2026-07-14,instamart,792937,bhubaneswar,1,95
2026-07-14,instamart,792937,chennai,1,95
2026-07-14,instamart,63565,kanpur,1,189
2026-07-14,instamart,792937,bangalore,1,95
2026-07-14,instamart,792937,mumbai,1,95
2026-07-14,instamart,18506,delhi,1,499
2026-07-14,instamart,78553,mumbai,1,99
2026-07-14,instamart,18504,vijayawada,1,319
2026-07-14,instamart,18503,gurgaon,1,99
2026-07-14,instamart,18503,bangalore,1,99
2026-07-14,instamart,792937,mumbai,2,190
2026-07-14,instamart,792937,bangalore,1,95
2026-07-14,instamart,18503,noida 1,1,99
2026-07-14,instamart,792937,bangalore,1,95
2026-07-14,instamart,197453,hyderabad,1,169
2026-07-14,instamart,197453,bangalore,1,169
2026-07-14,instamart,792937,bangalore,2,190
2026-07-14,instamart,792937,bangalore,2,190
2026-07-14,instamart,18503,bangalore,1,99
2026-07-14,instamart,18504,bangalore,1,319
2026-07-14,instamart,792937,kurnool,2,190
2026-07-14,instamart,18504,hyderabad,1,319
2026-07-14,instamart,792937,bangalore,1,95
2026-07-14,instamart,68254,kolkata,1,149
2026-07-14,instamart,63565,bangalore,1,189
2026-07-14,instamart,18503,chennai,1,99
2026-07-14,instamart,18503,mumbai,1,99
2026-07-14,instamart,78553,bangalore,1,99
2026-07-14,instamart,68254,mumbai,1,149
2026-07-14,instamart,78553,ahmedabad,1,99
2026-07-14,instamart,18503,hyderabad,1,99
2026-07-14,instamart,78553,central goa,1,99
2026-07-14,instamart,57850,pune,1,109
2026-07-14,instamart,18503,chennai,3,297
2026-07-14,instamart,78553,indore,1,99
2026-07-14,instamart,68254,delhi,1,149
2026-07-14,instamart,63565,bangalore,1,189
2026-07-14,instamart,18506,bangalore,2,998
2026-07-14,instamart,63565,central goa,1,189
2026-07-14,instamart,792937,davanagere,1,92
2026-07-14,instamart,78553,mumbai,1,99
2026-07-14,instamart,18503,bangalore,1,99
2026-07-14,instamart,68254,mumbai,1,149
2026-07-14,instamart,18506,noida 1,1,499
2026-07-14,instamart,68254,hyderabad,1,149
2026-07-14,instamart,68254,delhi,1,149
2026-07-14,instamart,63565,hyderabad,1,189
2026-07-14,instamart,63565,bangalore,1,189
2026-07-14,instamart,18506,kakinada,1,499
2026-07-14,instamart,792937,delhi,1,95
2026-07-14,instamart,18503,nashik,1,99
2026-07-14,instamart,18503,central goa,1,99
2026-07-14,instamart,18503,gurgaon,1,99
2026-07-14,instamart,78553,mumbai,1,99
2026-07-12,instamart,78553,guwahati,1,99
2026-07-12,instamart,792937,gurgaon,1,95
2026-07-12,instamart,63565,bangalore,1,189
2026-07-12,instamart,792937,bangalore,1,95
2026-07-12,instamart,18506,bangalore,1,499
2026-07-12,instamart,792937,bangalore,2,190
2026-07-12,instamart,78553,patiala,1,99
2026-07-12,instamart,63565,bangalore,1,189
2026-07-12,instamart,18504,chennai,1,319
2026-07-12,instamart,792937,pune,1,95
2026-07-12,instamart,78553,hyderabad,2,198
2026-07-12,instamart,18504,kozhikode,1,319
2026-07-12,instamart,18506,ahmedabad,1,499
2026-07-12,instamart,18504,vizag,3,957
2026-07-12,instamart,63565,bangalore,1,189
2026-07-12,instamart,792937,delhi,1,95
2026-07-12,instamart,68254,kolkata,1,149
2026-07-12,instamart,63565,gurgaon,1,189
2026-07-12,instamart,18504,kolkata,2,638
2026-07-11,instamart,18503,mysore,1,99
2026-07-11,instamart,18506,mumbai,1,499
2026-07-11,instamart,792937,chennai,2,190
2026-07-11,instamart,63565,allahabad,1,189
2026-07-11,instamart,197453,bangalore,1,169
2026-07-11,instamart,78553,pune,1,99
2026-07-11,instamart,78553,bangalore,1,99
2026-07-11,instamart,78553,chennai,1,99
2026-07-11,instamart,63565,bangalore,3,567
2026-07-11,instamart,68254,chennai,2,298
2026-07-11,instamart,18504,vizag,1,319
2026-07-11,instamart,18506,thiruvananthapuram,1,499
2026-07-11,instamart,792937,bangalore,1,95
2026-07-11,instamart,78553,chennai,1,99
2026-07-11,instamart,68254,chennai,1,149
2026-07-11,instamart,197453,nagpur,1,169
2026-07-11,instamart,63565,mangaluru,1,189
2026-07-11,instamart,68254,aligarh,1,149
2026-07-11,instamart,18503,bangalore,1,99
2026-07-11,instamart,792937,bangalore,2,190
2026-07-11,instamart,18503,hyderabad,2,198
2026-07-11,instamart,792937,gurgaon,1,95
2026-07-11,instamart,18503,chennai,1,99
2026-07-11,instamart,18503,hyderabad,2,198
2026-07-11,instamart,63565,delhi,1,189
2026-07-11,instamart,18504,pune,1,319
2026-07-11,instamart,18506,mumbai,1,499
2026-07-11,instamart,78553,chennai,1,99
2026-07-11,instamart,18506,bangalore,1,499
2026-07-11,instamart,18506,mumbai,2,998
2026-07-11,instamart,68254,bangalore,2,298
2026-07-11,instamart,18506,bangalore,2,998
2026-07-11,instamart,78553,chennai,1,99
2026-07-11,instamart,18503,karimnagar,1,99
2026-07-11,instamart,18503,lonavla,3,297
2026-07-11,instamart,792937,bangalore,2,190
2026-07-11,instamart,68254,bangalore,2,298
2026-07-11,instamart,792937,bangalore,1,95
2026-07-11,instamart,63565,bangalore,1,189
2026-07-11,instamart,792937,mumbai,1,95
2026-07-11,instamart,63565,bangalore,1,189
2026-07-11,instamart,18506,mumbai,1,499
2026-07-11,instamart,18504,mumbai,2,638
2026-07-11,instamart,18503,bangalore,1,99
2026-07-11,instamart,18504,mumbai,1,319
2026-07-11,instamart,78553,bhubaneswar,1,99
2026-07-11,instamart,78553,bangalore,1,99
2026-07-11,instamart,18503,pune,1,99
2026-07-11,instamart,18503,pune,3,297
2026-07-11,instamart,78553,bangalore,2,198
2026-07-11,instamart,18504,mumbai,2,638
2026-07-11,instamart,63565,gurgaon,2,378
2026-07-11,instamart,78553,hyderabad,2,198
2026-07-11,instamart,18504,bangalore,2,638
2026-07-11,instamart,18504,mumbai,1,319
2026-07-11,instamart,792937,bhubaneswar,1,95
2026-07-11,instamart,792937,bangalore,1,95
2026-07-11,instamart,63565,bangalore,2,378
2026-07-11,instamart,792937,hyderabad,2,190
2026-07-11,instamart,68254,hyderabad,1,149
2026-07-11,instamart,18503,mysore,1,99
2026-07-11,instamart,68254,chennai,2,298
2026-07-11,instamart,18504,bangalore,2,638
2026-07-11,instamart,18506,bangalore,2,998
2026-07-11,instamart,63565,kolkata,1,189
2026-07-20,instamart,63565,bangalore,2,378
2026-07-20,instamart,68254,hyderabad,1,149
2026-07-20,instamart,18503,nashik,1,99
2026-07-20,instamart,18503,chennai,1,99
2026-07-20,instamart,68254,mumbai,1,149
2026-07-20,instamart,78553,vadodara,2,198
2026-07-20,instamart,792937,chennai,1,95
2026-07-22,instamart,18506,mumbai,4,1996
2026-07-22,instamart,18503,kottayam,1,99
2026-07-22,instamart,68254,central goa,1,149
2026-07-22,instamart,18503,chennai,1,99
2026-07-22,instamart,18506,mumbai,1,499
2026-07-22,instamart,18503,bangalore,1,99
2026-07-22,instamart,18503,noida 1,2,198
2026-07-22,instamart,18504,bangalore,1,319
2026-07-21,instamart,63565,mumbai,1,189
2026-07-21,instamart,68254,chennai,1,149
2026-07-21,instamart,18506,delhi,1,499
2026-07-21,instamart,18506,chennai,1,499
2026-07-21,instamart,78553,chennai,1,99
2026-07-21,instamart,18503,delhi,1,99
2026-07-21,instamart,68254,delhi,1,149
2026-07-21,instamart,78553,mumbai,1,99
2026-07-21,instamart,63565,bangalore,1,189
2026-07-21,instamart,792937,hyderabad,1,95
2026-07-21,instamart,63565,bangalore,2,378
2026-07-21,instamart,18503,bangalore,1,99
2026-07-21,instamart,18503,hyderabad,1,99
2026-07-21,instamart,18506,delhi,2,998
2026-07-21,instamart,792937,bangalore,2,190
2026-07-21,instamart,18504,chennai,1,319
2026-07-21,instamart,68254,lucknow,1,149
2026-07-21,instamart,63565,delhi,1,189
2026-07-21,instamart,18503,hyderabad,2,198
2026-07-21,instamart,197453,bangalore,1,169
2026-07-21,instamart,78553,bangalore,2,198
2026-07-21,instamart,18503,gurgaon,1,99
2026-07-21,instamart,18503,pune,1,99
2026-07-21,instamart,63565,delhi,2,378
2026-07-21,instamart,57850,udaipur,1,109
2026-07-21,instamart,792937,hyderabad,2,190
2026-07-21,instamart,78553,bangalore,1,99
2026-07-21,instamart,63565,chennai,1,189
2026-07-21,instamart,63565,mumbai,1,189
2026-07-21,instamart,78553,bangalore,1,99
2026-07-21,instamart,18503,hyderabad,1,99
2026-07-21,instamart,18503,kochi,1,99
2026-07-21,instamart,792937,mumbai,1,95
2026-07-21,instamart,18504,bangalore,1,319
2026-07-21,instamart,792937,bangalore,1,95
2026-07-22,instamart,792937,mumbai,2,190
2026-07-22,instamart,78553,pune,1,99
2026-07-22,instamart,197453,bangalore,2,338
2026-07-22,instamart,78553,pune,1,99
2026-07-22,instamart,63565,hyderabad,3,567
2026-07-22,instamart,68254,mumbai,2,298
2026-07-22,instamart,792937,bangalore,1,95
2026-07-22,instamart,18503,pune,1,99
2026-07-22,instamart,68254,bangalore,1,149
2026-07-22,instamart,792937,chennai,2,190
2026-07-22,instamart,292876,patna,1,125
2026-07-22,instamart,792937,mumbai,1,95
2026-07-22,instamart,18503,bangalore,1,99
2026-07-22,instamart,18503,bangalore,2,198
2026-07-22,instamart,18504,trichy,1,319
2026-07-22,instamart,18503,bangalore,3,297
2026-07-22,instamart,18503,hyderabad,2,198
2026-07-22,instamart,63565,gurgaon,1,189
2026-07-22,instamart,792937,bangalore,3,285
2026-07-22,instamart,78553,central goa,1,99
2026-07-22,instamart,68254,bangalore,1,149
2026-07-22,instamart,78553,chennai,1,99
2026-07-22,instamart,68254,chennai,1,149
2026-07-22,instamart,792937,mumbai,1,95
2026-07-22,instamart,792937,chennai,1,95
2026-07-22,instamart,792937,delhi,3,285
2026-07-22,instamart,68254,delhi,1,149
2026-07-22,instamart,78553,pune,1,99
2026-07-22,instamart,792937,pune,1,95
2026-07-22,instamart,68254,bangalore,1,149
2026-07-21,instamart,292876,faridabad,1,125
2026-07-21,instamart,18503,pune,1,99
2026-07-21,instamart,78553,ahmedabad,1,99
2026-07-21,instamart,792937,gurgaon,2,190
2026-07-21,instamart,18503,hyderabad,3,297
2026-07-21,instamart,18503,bangalore,3,297
2026-07-21,instamart,68254,chennai,2,298
2026-07-21,instamart,18503,pune,1,99
2026-07-21,instamart,63565,pune,1,189
2026-07-21,instamart,63565,mumbai,1,189
2026-07-21,instamart,63565,mumbai,1,189
2026-07-21,instamart,792937,bangalore,1,95
2026-07-21,instamart,78553,mumbai,1,99
2026-07-21,instamart,792937,chennai,1,95
2026-07-21,instamart,63565,hyderabad,3,567
2026-07-21,instamart,63565,varanasi,1,189
2026-07-21,instamart,63565,bangalore,3,567
2026-07-21,instamart,792937,chennai,2,190
2026-07-21,instamart,792937,bangalore,3,285
2026-07-21,instamart,63565,bangalore,1,189
2026-07-21,instamart,18503,raipur,1,99
2026-07-21,instamart,18506,mumbai,1,499
2026-07-21,instamart,78553,mumbai,1,99
2026-07-21,instamart,68254,gurgaon,1,149
2026-07-21,instamart,78553,vijayawada,1,99
2026-07-21,instamart,68254,chennai,1,149
2026-07-22,instamart,63565,bangalore,1,189
2026-07-22,instamart,792937,mysore,2,190
2026-07-22,instamart,68254,hyderabad,1,149
2026-07-22,instamart,792937,mumbai,1,95
2026-07-22,instamart,792937,bangalore,1,95
2026-07-22,instamart,18504,chennai,1,319
2026-07-22,instamart,63565,noida 1,1,189
2026-07-23,instamart,18504,hyderabad,1,319
2026-07-23,instamart,792937,mumbai,1,95
2026-07-23,instamart,68254,hyderabad,1,149
2026-07-23,instamart,68254,chennai,1,149
2026-07-23,instamart,792937,delhi,1,95
2026-07-23,instamart,78553,pune,1,99
2026-07-23,instamart,63565,gurgaon,2,378
2026-07-23,instamart,792937,bangalore,1,95
2026-07-23,instamart,63565,bangalore,1,189
2026-07-23,instamart,63565,bangalore,1,189
2026-07-23,instamart,78553,kanchipuram,1,99
2026-07-23,instamart,18506,hyderabad,1,499
2026-07-23,instamart,18503,bangalore,1,99
2026-07-23,instamart,18506,kolkata,1,499
2026-07-23,instamart,63565,delhi,1,189
2026-07-23,instamart,792937,chennai,1,95
2026-07-23,instamart,792937,noida 1,1,95
2026-07-23,instamart,18503,bangalore,1,99
2026-07-23,instamart,63565,aligarh,1,189
2026-07-23,instamart,18503,raipur,1,99
2026-07-23,instamart,18503,hyderabad,1,99
2026-07-23,instamart,792937,delhi,1,95
2026-07-23,instamart,63565,vadodara,1,189
2026-07-23,instamart,18504,chennai,1,319
2026-07-23,instamart,63565,allahabad,1,189
2026-07-23,instamart,792937,bangalore,1,95
2026-07-23,instamart,68254,bangalore,1,149
2026-07-23,instamart,18504,pune,1,319
2026-07-23,instamart,18503,bangalore,1,99
2026-07-23,instamart,18503,bangalore,1,99
2026-07-23,instamart,18503,kolkata,2,198
2026-07-23,instamart,78553,central goa,1,99
2026-07-23,instamart,18506,patna,1,499
2026-07-23,instamart,18503,delhi,1,99
2026-07-23,instamart,63565,chennai,2,378
2026-07-23,instamart,18504,kozhikode,1,319
2026-07-23,instamart,63565,pune,1,189
2026-07-23,instamart,78553,bangalore,1,99
2026-07-23,instamart,78553,chennai,1,99
2026-07-23,instamart,18504,hyderabad,2,638
2026-07-23,instamart,78553,mumbai,1,99
2026-07-23,instamart,792937,pune,1,95
2026-07-23,instamart,78553,vizag,1,99
2026-07-23,instamart,18506,bangalore,1,499
2026-07-23,instamart,78553,noida 1,2,198
2026-07-23,instamart,78553,chennai,1,99
2026-07-23,instamart,78553,mumbai,2,198
2026-07-23,instamart,792937,bangalore,3,285
2026-07-23,instamart,18504,mumbai,1,319
2026-07-23,instamart,63565,surat,1,189
2026-07-23,instamart,18503,central goa,1,99
2026-07-23,instamart,18503,bangalore,1,99
2026-07-23,instamart,18503,kolkata,1,99
2026-07-23,instamart,792937,mumbai,1,95
2026-07-23,instamart,78553,ujjain,1,99
2026-07-23,instamart,63565,central goa,2,378
2026-07-23,instamart,18503,hyderabad,1,99
2026-07-23,instamart,792937,gurgaon,1,95
2026-07-23,instamart,18506,chennai,1,499
2026-07-23,instamart,63565,lucknow,1,189
2026-07-23,instamart,792937,mumbai,1,95
2026-07-23,instamart,78553,vijayawada,1,99
2026-07-23,instamart,78553,central goa,1,99
2026-07-23,instamart,63565,bangalore,1,189
2026-07-23,instamart,63565,mumbai,1,189
2026-07-10,instamart,792937,bangalore,3,285
2026-07-10,instamart,18506,pune,1,499
2026-07-10,instamart,63565,noida,1,189
2026-07-10,instamart,63565,bangalore,1,189
2026-07-10,instamart,63565,chennai,1,189
2026-07-10,instamart,63565,mumbai,1,189
2026-07-10,instamart,18504,bangalore,1,319
2026-07-10,instamart,78553,vadodara,1,99
2026-07-10,instamart,63565,bikaner,1,189
2026-07-10,instamart,792937,chennai,2,190
2026-07-10,instamart,63565,bangalore,1,189
2026-07-10,instamart,792937,bangalore,1,95
2026-07-10,instamart,18503,bangalore,1,99
2026-07-10,instamart,197453,bangalore,1,169
2026-07-09,instamart,792937,bangalore,3,285
2026-07-09,instamart,18504,bangalore,2,638
2026-07-09,instamart,63565,delhi,1,189
2026-07-09,instamart,792937,bangalore,1,95
2026-07-09,instamart,63565,mumbai,1,189
2026-07-09,instamart,18503,hyderabad,1,99
2026-07-09,instamart,63565,bangalore,1,189
2026-07-09,instamart,63565,mumbai,2,378
2026-07-09,instamart,63565,chennai,1,189
2026-07-09,instamart,18503,mumbai,1,99
2026-07-09,instamart,792937,hyderabad,1,95
2026-07-09,instamart,68254,chennai,1,149
2026-07-09,instamart,792937,chennai,1,95
2026-07-09,instamart,63565,chennai,1,189
2026-07-09,instamart,63565,chennai,1,189
2026-07-10,instamart,18504,thiruvananthapuram,1,319
2026-07-10,instamart,18503,bhubaneswar,1,99
2026-07-10,instamart,18503,noida,1,99
2026-07-10,instamart,63565,chennai,2,378
2026-07-10,instamart,63565,hyderabad,1,189
2026-07-10,instamart,68254,mumbai,1,149
2026-07-10,instamart,63565,bangalore,1,189
2026-07-10,instamart,792937,mumbai,1,95
2026-07-10,instamart,792937,bhubaneswar,1,95
2026-07-10,instamart,68254,delhi,1,149
2026-07-10,instamart,18504,mumbai,1,319
2026-07-10,instamart,792937,pune,1,95
2026-07-10,instamart,78553,gwalior,1,99
2026-07-10,instamart,18504,bangalore,1,319
2026-07-10,instamart,792937,noida 1,1,95
2026-07-10,instamart,63565,delhi,1,189
2026-07-10,instamart,63565,mumbai,1,189
2026-07-10,instamart,18506,bangalore,1,499
2026-07-10,instamart,63565,udaipur,1,189
2026-07-10,instamart,63565,pune,1,189
2026-07-10,instamart,18506,mumbai,1,499
2026-07-10,instamart,792937,bhubaneswar,2,190
2026-07-10,instamart,18503,bangalore,1,99
2026-07-10,instamart,78553,kochi,1,99
2026-07-10,instamart,18503,bangalore,1,99
2026-07-10,instamart,78553,pune,1,99
2026-07-10,instamart,63565,hyderabad,1,189
2026-07-10,instamart,197453,kolkata,1,169
2026-07-10,instamart,68254,mumbai,1,149
2026-07-10,instamart,292876,bangalore,1,125
2026-07-10,instamart,68254,hyderabad,2,298
2026-07-10,instamart,18503,bangalore,1,99
2026-07-21,instamart,78553,bangalore,2,198
2026-07-21,instamart,68254,chennai,1,149
2026-07-21,instamart,63565,delhi,1,189
2026-07-21,instamart,197453,jaipur,1,169
2026-07-21,instamart,18506,bhubaneswar,1,499
2026-07-21,instamart,68254,kolkata,1,149
2026-07-21,instamart,78553,bangalore,1,99
2026-07-21,instamart,792937,hyderabad,1,95
2026-07-21,instamart,197453,chennai,1,169
2026-07-21,instamart,292876,patna,1,125
2026-07-21,instamart,78553,mumbai,1,99
2026-07-21,instamart,18503,udaipur,2,198
2026-07-21,instamart,18506,pune,1,499
2026-07-21,instamart,18503,hyderabad,2,198
2026-07-21,instamart,63565,bangalore,1,189
2026-07-21,instamart,18503,hyderabad,1,99
2026-07-21,instamart,78553,bangalore,1,99
2026-07-21,instamart,792937,bangalore,1,95
2026-07-21,instamart,18503,delhi,1,99
2026-07-21,instamart,68254,bangalore,1,149
2026-07-22,instamart,18506,mumbai,1,499
2026-07-22,instamart,18503,thiruvallur,1,99
2026-07-22,instamart,63565,noida,1,189
2026-07-22,instamart,78553,bangalore,1,99
2026-07-22,instamart,78553,bangalore,1,99
2026-07-22,instamart,792937,delhi,1,95
2026-07-22,instamart,18503,mumbai,1,99
2026-07-22,instamart,63565,chennai,1,189
2026-07-21,instamart,63565,bangalore,1,189
2026-07-21,instamart,78553,bangalore,1,99
2026-07-21,instamart,18503,ranchi,3,297
2026-07-21,instamart,792937,delhi,1,95
2026-07-21,instamart,63565,jaipur,1,189
2026-07-21,instamart,57850,bangalore,1,109
2026-07-21,instamart,792937,karimnagar,1,95
2026-07-21,instamart,792937,bangalore,2,190
2026-07-21,instamart,78553,delhi,1,99
2026-07-21,instamart,63565,gurgaon,1,189
2026-07-21,instamart,18503,hyderabad,1,99
2026-07-21,instamart,78553,mumbai,1,99
2026-07-21,instamart,18504,bangalore,1,319
2026-07-21,instamart,18504,bangalore,1,319
2026-07-21,instamart,68254,kolkata,2,298
2026-07-21,instamart,792937,mumbai,2,190
2026-07-21,instamart,18504,chennai,1,319
2026-07-21,instamart,78553,ahmedabad,1,99
2026-07-21,instamart,18504,kakinada,1,319
2026-07-22,instamart,18504,mumbai,1,319
2026-07-22,instamart,68254,faridabad,1,149
2026-07-22,instamart,63565,kolkata,1,189
2026-07-22,instamart,792937,delhi,2,190
2026-07-16,instamart,18504,mumbai,4,1276
2026-07-16,instamart,18503,chennai,1,99
2026-07-16,instamart,63565,gurgaon,1,189
2026-07-16,instamart,18503,mumbai,1,99
2026-07-16,instamart,63565,chennai,1,189
2026-07-13,instamart,63565,delhi,1,189
2026-07-13,instamart,792937,chennai,1,95
2026-07-13,instamart,792937,bangalore,1,95
2026-07-13,instamart,68254,kochi,1,149
2026-07-16,instamart,63565,bangalore,1,189
2026-07-16,instamart,18504,central goa,1,319
2026-07-16,instamart,63565,lonavla,2,378
2026-07-16,instamart,78553,bangalore,1,99
2026-07-16,instamart,63565,agra,2,378
2026-07-16,instamart,18503,mumbai,1,99
2026-07-16,instamart,18504,mumbai,1,319
2026-07-16,instamart,78553,bangalore,1,99
2026-07-16,instamart,18503,pondicherry,1,99
2026-07-15,instamart,792937,hyderabad,1,95
2026-07-15,instamart,18506,hyderabad,1,499
2026-07-15,instamart,18503,mumbai,1,99
2026-07-15,instamart,18504,bangalore,1,319
2026-07-15,instamart,78553,central goa,1,99
2026-07-15,instamart,197453,pune,1,169
2026-07-15,instamart,78553,mumbai,1,99
2026-07-15,instamart,68254,bangalore,1,149
2026-07-15,instamart,68254,mumbai,1,149
2026-07-15,instamart,78553,vizag,2,198
2026-07-15,instamart,68254,mumbai,2,298
2026-07-15,instamart,78553,ahmedabad,1,99
2026-07-15,instamart,18504,bangalore,1,319
2026-07-15,instamart,78553,bangalore,1,99
2026-07-15,instamart,18506,mumbai,1,499
2026-07-15,instamart,18506,bangalore,2,998
2026-07-15,instamart,18503,pondicherry,2,198
2026-07-15,instamart,68254,hyderabad,2,298
2026-07-15,instamart,792937,delhi,1,95
2026-07-15,instamart,63565,kottayam,1,189
2026-07-15,instamart,18503,kochi,1,99
2026-07-15,instamart,792937,bangalore,2,190
2026-07-15,instamart,63565,chennai,1,189
2026-07-15,instamart,63565,lonavla,1,189
2026-07-15,instamart,68254,bangalore,1,149
2026-07-15,instamart,792937,mumbai,1,95
2026-07-15,instamart,18506,gurgaon,2,998
2026-07-15,instamart,792937,bangalore,3,285
2026-07-15,instamart,68254,hyderabad,1,149
2026-07-15,instamart,78553,pune,2,198
2026-07-15,instamart,792937,hyderabad,3,285
2026-07-15,instamart,78553,central goa,1,99
2026-07-15,instamart,18503,pune,1,99
2026-07-15,instamart,18504,kolkata,1,319
2026-07-15,instamart,78553,kakinada,1,99
2026-07-16,instamart,18503,agra,1,99
2026-07-16,instamart,18504,bangalore,2,638
2026-07-16,instamart,68254,noida 1,1,149
2026-07-16,instamart,18503,noida 1,1,99
2026-07-16,instamart,18504,chennai,1,319
2026-07-16,instamart,68254,kolkata,1,149
2026-07-16,instamart,63565,mumbai,1,189
2026-07-16,instamart,792937,bangalore,1,95
2026-07-22,instamart,18503,bangalore,2,198
2026-07-22,instamart,792937,faridabad,1,95
2026-07-22,instamart,18506,bangalore,1,499
2026-07-22,instamart,78553,ahmedabad,1,99
2026-07-22,instamart,68254,bangalore,1,149
2026-07-22,instamart,57850,chennai,1,109
2026-07-22,instamart,78553,vizag,1,99
2026-07-22,instamart,792937,bhubaneswar,1,95
2026-07-22,instamart,68254,bangalore,1,149
2026-07-22,instamart,63565,bangalore,2,378
2026-07-22,instamart,18503,pondicherry,2,198
2026-07-22,instamart,792937,bangalore,1,95
2026-07-22,instamart,63565,delhi,2,378
2026-07-22,instamart,63565,chennai,1,189
2026-07-22,instamart,18503,mumbai,2,198
2026-07-22,instamart,792937,delhi,1,95
2026-07-22,instamart,78553,chennai,1,99
2026-07-22,instamart,18506,kollam,1,499
2026-07-22,instamart,18503,noida,1,99
2026-07-22,instamart,63565,mumbai,2,378
2026-07-22,instamart,792937,hyderabad,2,190
2026-07-22,instamart,63565,delhi,1,189
2026-07-22,instamart,68254,delhi,2,298
2026-07-22,instamart,18504,pune,1,319
2026-07-21,instamart,18503,mumbai,1,99
2026-07-21,instamart,18503,hyderabad,1,99
2026-07-21,instamart,68254,chennai,2,298
2026-07-21,instamart,68254,bangalore,1,149
2026-07-21,instamart,792937,chennai,1,95
2026-07-21,instamart,78553,bangalore,1,99
2026-07-21,instamart,68254,udaipur,1,149
2026-07-21,instamart,63565,bangalore,1,189
2026-07-21,instamart,18506,delhi,1,499
2026-07-21,instamart,68254,kolkata,1,149
2026-07-21,instamart,18503,bangalore,1,99
2026-07-21,instamart,63565,delhi,1,189
2026-07-21,instamart,78553,chennai,1,99
2026-07-21,instamart,792937,chennai,3,285
2026-07-21,instamart,792937,bangalore,1,95
2026-07-21,instamart,63565,mumbai,1,189
2026-07-21,instamart,792937,delhi,1,95
2026-07-21,instamart,18504,dibrugarh,1,319
2026-07-21,instamart,18504,tirupur,1,319
2026-07-21,instamart,792937,pune,1,95
2026-07-21,instamart,18504,kolkata,2,638
2026-07-21,instamart,197453,kolkata,2,338
2026-07-21,instamart,68254,noida,1,149
2026-07-21,instamart,792937,mumbai,1,95
2026-07-21,instamart,18503,hyderabad,1,99
2026-07-21,instamart,63565,chennai,1,189
2026-07-22,instamart,78553,bangalore,3,297
2026-07-22,instamart,78553,guntur,1,99
2026-07-22,instamart,78553,bangalore,1,99
2026-07-22,instamart,68254,hyderabad,1,149
2026-07-22,instamart,18506,delhi,3,1497
2026-07-10,instamart,78553,chennai,1,99
2026-07-10,instamart,18506,bangalore,1,499
2026-07-10,instamart,68254,hyderabad,1,149
2026-07-10,instamart,18504,bangalore,1,319
2026-07-10,instamart,63565,bangalore,1,189
2026-07-10,instamart,78553,central goa,1,99
2026-07-10,instamart,18504,mumbai,1,319
2026-07-10,instamart,792937,hyderabad,1,95
2026-07-10,instamart,18506,hyderabad,1,499
2026-07-10,instamart,197453,bangalore,1,169
2026-07-10,instamart,18504,mumbai,1,319
2026-07-09,instamart,18503,delhi,1,99
2026-07-09,instamart,68254,bangalore,1,149
2026-07-09,instamart,68254,hyderabad,1,149
2026-07-09,instamart,18506,thiruvananthapuram,1,499
2026-07-09,instamart,68254,mumbai,1,149
2026-07-09,instamart,18504,kolkata,1,319
2026-07-09,instamart,63565,hyderabad,1,189
2026-07-09,instamart,18503,mumbai,1,99
2026-07-09,instamart,68254,mumbai,1,149
2026-07-09,instamart,18503,mysore,1,99
2026-07-09,instamart,18504,bangalore,1,319
2026-07-09,instamart,63565,mumbai,2,378
2026-07-09,instamart,792937,bangalore,3,285
2026-07-09,instamart,18506,mumbai,1,499
2026-07-09,instamart,18503,chennai,1,99
2026-07-09,instamart,18503,mumbai,1,99
2026-07-09,instamart,197453,pune,1,169
2026-07-08,instamart,18504,pune,1,319
2026-07-08,instamart,18506,tirupati,1,499
2026-07-08,instamart,63565,noida,1,189
2026-07-08,instamart,292876,kochi,1,125
2026-07-08,instamart,792937,chennai,1,95
2026-07-08,instamart,18503,chennai,1,99
2026-07-08,instamart,63565,noida,1,189
2026-07-08,instamart,63565,lucknow,1,189
2026-07-08,instamart,18503,chennai,1,99
2026-07-08,instamart,792937,bangalore,3,285
2026-07-08,instamart,63565,bangalore,1,189
2026-07-08,instamart,18503,mumbai,1,99
2026-07-08,instamart,792937,warangal,1,95
2026-07-08,instamart,63565,mangaluru,1,189
2026-07-08,instamart,68254,hyderabad,1,149
2026-07-08,instamart,792937,chennai,2,190
2026-07-08,instamart,792937,bhubaneswar,2,190
2026-07-08,instamart,63565,mumbai,2,378
2026-07-08,instamart,78553,ahmedabad,2,198
2026-07-08,instamart,63565,bangalore,1,189
2026-07-08,instamart,792937,delhi,1,95
2026-07-08,instamart,18503,hyderabad,1,99
2026-07-08,instamart,18504,chennai,1,319
2026-07-08,instamart,792937,bangalore,1,95
2026-07-08,instamart,78553,bangalore,2,198
2026-07-08,instamart,18503,mumbai,3,297
2026-07-08,instamart,792937,chennai,2,190
2026-07-08,instamart,792937,hyderabad,1,95
2026-07-08,instamart,63565,bangalore,1,189
2026-07-08,instamart,792937,hyderabad,1,95
2026-07-08,instamart,18503,nagpur,2,198
2026-07-08,instamart,18503,bangalore,2,198
2026-07-08,instamart,63565,mumbai,3,567
2026-07-08,instamart,68254,bangalore,2,298
2026-07-08,instamart,292876,delhi,2,250
2026-07-08,instamart,792937,hyderabad,1,95
2026-07-08,instamart,63565,bangalore,1,189
2026-07-08,instamart,18504,vijayawada,1,319
2026-07-08,instamart,792937,gurgaon,1,95
2026-07-08,instamart,18504,chennai,2,638
2026-07-08,instamart,792937,hyderabad,1,95
2026-07-08,instamart,292876,patna,2,250
2026-07-08,instamart,18504,delhi,1,319
2026-07-08,instamart,63565,warangal,1,189
2026-07-08,instamart,63565,delhi,1,189
2026-07-10,instamart,792937,bhubaneswar,1,95
2026-07-10,instamart,68254,kochi,1,149
2026-07-10,instamart,63565,bangalore,1,189
2026-07-10,instamart,18503,pune,1,99
2026-07-10,instamart,18503,thiruvalla,1,99
2026-07-10,instamart,792937,chennai,1,95
2026-07-10,instamart,63565,rudrapur,1,189
2026-07-10,instamart,78553,kochi,1,99
2026-07-10,instamart,78553,bangalore,1,99
2026-07-10,instamart,63565,chennai,2,378
2026-07-09,instamart,68254,hyderabad,2,298
2026-07-09,instamart,18503,mumbai,1,99
2026-07-09,instamart,792937,bangalore,1,95
2026-07-09,instamart,78553,bangalore,1,99
2026-07-09,instamart,68254,hyderabad,2,298
2026-07-09,instamart,78553,bangalore,1,99
2026-07-09,instamart,78553,bangalore,1,99
2026-07-09,instamart,18503,pondicherry,1,99
2026-07-09,instamart,792937,delhi,1,95
2026-07-09,instamart,18503,delhi,1,99
2026-07-09,instamart,78553,bangalore,1,99
2026-07-09,instamart,18503,aurangabad,1,99
2026-07-09,instamart,18504,kozhikode,1,319
2026-07-09,instamart,197453,bangalore,1,169
2026-07-09,instamart,197453,delhi,1,169
2026-07-09,instamart,78553,kochi,1,99
2026-07-08,instamart,63565,bangalore,1,189
2026-07-08,instamart,68254,bangalore,1,149
2026-07-08,instamart,18503,delhi,1,99
2026-07-08,instamart,18506,delhi,2,998
2026-07-08,instamart,18503,pune,2,198
2026-07-08,instamart,78553,thiruvananthapuram,1,99
2026-07-08,instamart,63565,bangalore,1,189
2026-07-08,instamart,792937,pune,1,95
2026-07-08,instamart,63565,chennai,2,378
2026-07-08,instamart,63565,bangalore,1,189
2026-07-08,instamart,78553,bangalore,1,99
2026-07-08,instamart,792937,delhi,1,95
2026-07-08,instamart,68254,bangalore,1,149
2026-07-08,instamart,792937,pune,2,190
2026-07-09,instamart,792937,bangalore,6,570
2026-07-09,instamart,78553,mysore,1,99
2026-07-09,instamart,78553,kochi,1,99
2026-07-09,instamart,63565,bangalore,1,189
2026-07-09,instamart,63565,mumbai,1,189
2026-07-09,instamart,57850,kochi,1,109
2026-07-10,instamart,18503,indore,3,297
2026-07-10,instamart,68254,chennai,1,149
2026-07-10,instamart,68254,bangalore,1,149
2026-07-10,instamart,18503,mumbai,1,99
2026-07-10,instamart,792937,hyderabad,1,95
2026-07-10,instamart,18504,kolkata,1,319
2026-07-10,instamart,18504,bangalore,1,319
2026-07-10,instamart,197453,bangalore,1,169
2026-07-10,instamart,57850,kochi,1,109
2026-07-10,instamart,18506,bangalore,1,499
2026-07-10,instamart,18503,mumbai,1,99
2026-07-16,instamart,792937,bangalore,1,95
2026-07-16,instamart,78553,mumbai,1,99
2026-07-16,instamart,63565,mumbai,1,189
2026-07-16,instamart,18503,pune,1,99
2026-07-16,instamart,78553,bangalore,2,198
2026-07-16,instamart,18503,mumbai,3,297
2026-07-16,instamart,18503,mumbai,1,99
2026-07-16,instamart,792937,bangalore,1,95
2026-07-16,instamart,78553,hyderabad,1,99
2026-07-16,instamart,63565,delhi,1,189
2026-07-16,instamart,792937,delhi,1,95
2026-07-16,instamart,18503,bangalore,1,99
2026-07-16,instamart,792937,bangalore,1,95
2026-07-16,instamart,18503,bhubaneswar,1,99
2026-07-16,instamart,792937,hyderabad,1,95
2026-07-16,instamart,197453,hyderabad,2,338
2026-07-15,instamart,63565,mumbai,1,189
2026-07-15,instamart,78553,rajahmundry,1,99
2026-07-15,instamart,792937,delhi,2,190
2026-07-15,instamart,63565,pune,1,189
2026-07-15,instamart,18503,hyderabad,1,99
2026-07-15,instamart,792937,hyderabad,1,95
2026-07-15,instamart,68254,aligarh,1,149
2026-07-15,instamart,18504,mumbai,1,319
2026-07-15,instamart,18504,ongole,1,319
2026-07-15,instamart,18503,mumbai,1,99
2026-07-15,instamart,792937,chandigarh,1,95
2026-07-15,instamart,63565,bangalore,1,189
2026-07-15,instamart,63565,hyderabad,1,189
2026-07-15,instamart,792937,mysore,1,95
2026-07-15,instamart,18506,bangalore,1,499
2026-07-15,instamart,68254,mumbai,1,149
2026-07-15,instamart,792937,bangalore,1,95
2026-07-15,instamart,18503,noida 1,1,99
2026-07-15,instamart,792937,hyderabad,1,95
2026-07-15,instamart,78553,lucknow,1,99
2026-07-15,instamart,792937,bhubaneswar,2,194
2026-07-15,instamart,792937,hubli,3,285
2026-07-15,instamart,18504,mumbai,1,319
2026-07-15,instamart,78553,chennai,1,99
2026-07-15,instamart,18503,pune,1,99
2026-07-15,instamart,63565,delhi,1,189
2026-07-15,instamart,792937,delhi,1,95
2026-07-15,instamart,792937,mumbai,1,95
2026-07-15,instamart,18504,bangalore,1,319
2026-07-15,instamart,68254,jalandhar,1,149
2026-07-15,instamart,18503,bhubaneswar,1,99
2026-07-15,instamart,18503,bangalore,1,99
2026-07-15,instamart,18503,hyderabad,1,99
2026-07-15,instamart,18504,mumbai,1,319
2026-07-15,instamart,18506,bangalore,1,499
2026-07-15,instamart,18506,kolkata,1,499
2026-07-15,instamart,78553,chennai,1,99
2026-07-15,instamart,18503,bangalore,1,99
2026-07-15,instamart,792937,chennai,1,95
2026-07-15,instamart,63565,bangalore,1,189
2026-07-16,instamart,78553,kakinada,1,99
2026-07-16,instamart,792937,karimnagar,1,95
2026-07-16,instamart,63565,mumbai,1,189
2026-07-16,instamart,792937,mumbai,2,190
2026-07-16,instamart,68254,bangalore,1,149
2026-07-16,instamart,18503,bangalore,1,99
2026-07-16,instamart,78553,central goa,1,99
2026-07-16,instamart,18503,bhubaneswar,1,99
2026-07-16,instamart,68254,delhi,2,298
2026-07-16,instamart,792937,mumbai,1,95
2026-07-16,instamart,18504,bangalore,1,319
2026-07-16,instamart,792937,mumbai,1,95
2026-07-16,instamart,792937,mumbai,1,95
2026-07-16,instamart,18503,chennai,1,99
2026-07-16,instamart,18503,noida 1,1,99
2026-07-16,instamart,63565,delhi,1,189
2026-07-16,instamart,63565,mumbai,1,189
2026-07-16,instamart,18503,noida,3,297
2026-07-16,instamart,18504,hyderabad,2,638
2026-07-22,instamart,18503,bangalore,1,99
2026-07-22,instamart,792937,chennai,1,95
2026-07-22,instamart,63565,chennai,2,378
2026-07-22,instamart,792937,bangalore,1,95
2026-07-22,instamart,792937,chennai,1,95
2026-07-22,instamart,18506,mumbai,1,499
2026-07-22,instamart,792937,bangalore,1,95
2026-07-22,instamart,18503,bangalore,1,99
2026-07-22,instamart,63565,mumbai,3,567
2026-07-22,instamart,18504,bangalore,1,319
2026-07-22,instamart,78553,vadodara,2,198
2026-07-22,instamart,63565,bangalore,1,189
2026-07-22,instamart,63565,bangalore,3,567
2026-07-22,instamart,78553,bangalore,1,99
2026-07-22,instamart,792937,bangalore,1,95
2026-07-22,instamart,63565,pune,1,189
2026-07-22,instamart,68254,chennai,1,149
2026-07-22,instamart,18503,hyderabad,2,198
2026-07-22,instamart,792937,hyderabad,3,285
2026-07-22,instamart,792937,bangalore,1,95
2026-07-22,instamart,18504,coimbatore,1,319
2026-07-22,instamart,792937,pune,1,95
2026-07-22,instamart,18504,chennai,1,319
2026-07-22,instamart,792937,ranchi,1,95
2026-07-22,instamart,792937,bangalore,1,95
2026-07-22,instamart,68254,bangalore,1,149
2026-07-22,instamart,78553,noida 1,2,198
2026-07-22,instamart,18503,chennai,1,99
2026-07-22,instamart,63565,mumbai,1,189
2026-07-22,instamart,63565,amritsar,1,189
2026-07-22,instamart,78553,delhi,1,99
2026-07-22,instamart,78553,bangalore,1,99
2026-07-22,instamart,18503,hyderabad,1,99
2026-07-22,instamart,78553,rajahmundry,1,99
2026-07-22,instamart,18504,tirupati,1,319
2026-07-22,instamart,18506,kanpur,1,499
2026-07-22,instamart,197453,pune,1,169
2026-07-22,instamart,792937,chennai,1,95
2026-07-22,instamart,63565,mumbai,1,189
2026-07-22,instamart,792937,mumbai,1,95
2026-07-22,instamart,18506,delhi,1,499
2026-07-22,instamart,18506,mumbai,2,998
2026-07-22,instamart,792937,hyderabad,1,95
2026-07-22,instamart,792937,delhi,1,95
2026-07-22,instamart,78553,bangalore,1,99
2026-07-22,instamart,18503,patna,1,99
2026-07-22,instamart,63565,mumbai,2,378
2026-07-22,instamart,18503,bhubaneswar,1,99
2026-07-22,instamart,78553,bangalore,1,99
2026-07-22,instamart,63565,hyderabad,1,189
2026-07-22,instamart,78553,bangalore,1,99
2026-07-22,instamart,78553,pune,1,99
2026-07-22,instamart,18503,hyderabad,1,99
2026-07-22,instamart,78553,mumbai,1,99
2026-07-22,instamart,18504,noida 1,1,339
2026-07-22,instamart,792937,faridabad,1,95
2026-07-22,instamart,78553,chennai,1,99
2026-07-22,instamart,792937,chennai,3,285
2026-07-22,instamart,63565,hyderabad,1,189
2026-07-22,instamart,78553,chennai,1,99
2026-07-22,instamart,63565,chennai,1,189
2026-07-22,instamart,792937,mumbai,1,95
2026-07-22,instamart,78553,mumbai,1,99
2026-07-22,instamart,18504,hyderabad,1,319
2026-07-22,instamart,18503,chennai,1,99
2026-07-12,instamart,18506,mumbai,2,998
2026-07-12,instamart,68254,mumbai,1,149
2026-07-12,instamart,78553,bangalore,1,99
2026-07-12,instamart,18506,mumbai,2,998
2026-07-12,instamart,18504,kottayam,1,319
2026-07-12,instamart,78553,pune,1,99
2026-07-12,instamart,63565,bangalore,1,189
2026-07-12,instamart,792937,hyderabad,2,190
2026-07-10,instamart,18504,coimbatore,2,638
2026-07-10,instamart,792937,pune,1,95
2026-07-10,instamart,792937,delhi,1,95
2026-07-10,instamart,63565,manipal,1,189
2026-07-10,instamart,18503,mumbai,2,198
2026-07-10,instamart,63565,chennai,1,189
2026-07-10,instamart,18503,chennai,2,198
2026-07-10,instamart,18503,kochi,1,99
2026-07-10,instamart,18503,mumbai,3,297
2026-07-10,instamart,78553,central goa,2,198
2026-07-10,instamart,18506,mumbai,2,998
2026-07-10,instamart,63565,chennai,1,189
2026-07-10,instamart,18503,chennai,1,99
2026-07-10,instamart,792937,pune,2,190
2026-07-10,instamart,792937,hyderabad,3,285
2026-07-09,instamart,792937,chennai,2,190
2026-07-09,instamart,78553,chennai,1,99
2026-07-09,instamart,792937,hyderabad,1,95
2026-07-09,instamart,18504,mumbai,1,319
2026-07-09,instamart,68254,chennai,1,149
2026-07-09,instamart,78553,bangalore,1,99
2026-07-09,instamart,18503,jaipur,1,99
2026-07-09,instamart,792937,bangalore,1,95
2026-07-09,instamart,792937,bangalore,1,95
2026-07-09,instamart,63565,pune,2,378
2026-07-09,instamart,18503,hyderabad,1,99
2026-07-09,instamart,18503,bangalore,1,99
2026-07-09,instamart,18503,noida 1,1,99
2026-07-09,instamart,18504,noida 1,1,319
2026-07-09,instamart,63565,mumbai,1,189
2026-07-09,instamart,78553,kottayam,1,99
2026-07-09,instamart,18503,hyderabad,1,99
2026-07-09,instamart,63565,mumbai,1,189
2026-07-09,instamart,63565,mumbai,3,567
2026-07-09,instamart,18506,mumbai,1,499
2026-07-09,instamart,68254,mumbai,1,149
2026-07-09,instamart,63565,delhi,2,378
2026-07-09,instamart,68254,delhi,1,149
2026-07-09,instamart,792937,bhubaneswar,1,95
2026-07-09,instamart,63565,bangalore,1,189
2026-07-09,instamart,792937,mumbai,3,285
2026-07-09,instamart,18503,pune,1,99
2026-07-09,instamart,78553,pune,1,99
2026-07-09,instamart,63565,bangalore,1,189
2026-07-09,instamart,63565,ludhiana,1,189
2026-07-09,instamart,18503,delhi,1,99
2026-07-10,instamart,197453,bangalore,1,169
2026-07-10,instamart,78553,bangalore,1,99
2026-07-10,instamart,18503,bangalore,1,99
2026-07-10,instamart,792937,chennai,1,95
2026-07-10,instamart,18503,hyderabad,1,99
2026-07-10,instamart,68254,mumbai,1,140
2026-07-10,instamart,792937,bangalore,1,95
2026-07-10,instamart,792937,central goa,1,95
2026-07-10,instamart,792937,bangalore,1,95
2026-07-10,instamart,197453,hyderabad,1,169
2026-07-10,instamart,792937,bangalore,1,95
2026-07-09,instamart,792937,delhi,3,285
2026-07-09,instamart,792937,bangalore,1,95
2026-07-09,instamart,792937,chennai,1,95
2026-07-09,instamart,78553,bangalore,1,99
2026-07-09,instamart,68254,thiruvalla,1,149
2026-07-09,instamart,18504,bangalore,1,319
2026-07-09,instamart,68254,patiala,1,149
2026-07-09,instamart,18503,surat,1,99
2026-07-09,instamart,78553,bangalore,1,99
2026-07-09,instamart,792937,bangalore,1,95
2026-07-09,instamart,18503,bangalore,1,99
2026-07-09,instamart,792937,mangaluru,2,190
2026-07-09,instamart,792937,hyderabad,1,95
2026-07-09,instamart,68254,surat,1,149
2026-07-09,instamart,68254,hyderabad,1,149
2026-07-09,instamart,63565,delhi,1,189
2026-07-09,instamart,792937,bhubaneswar,1,95
2026-07-09,instamart,18506,chennai,1,499
2026-07-09,instamart,18503,delhi,1,99
2026-07-09,instamart,63565,hyderabad,1,189
2026-07-09,instamart,197453,hyderabad,1,169
2026-07-09,instamart,63565,mumbai,1,189
2026-07-09,instamart,68254,hyderabad,2,298
2026-07-09,instamart,78553,surat,1,99
2026-07-09,instamart,18503,pune,1,99
2026-07-09,instamart,18503,patna,1,99
2026-07-09,instamart,63565,bangalore,1,189
2026-07-09,instamart,68254,karimnagar,1,149
2026-07-09,instamart,63565,thiruvallur,1,189
2026-07-10,instamart,68254,mumbai,2,298
2026-07-10,instamart,78553,bangalore,1,99
2026-07-10,instamart,68254,chennai,1,149
2026-07-10,instamart,78553,mumbai,1,99
2026-07-10,instamart,68254,kolkata,2,298
2026-07-10,instamart,18503,pune,1,99
2026-07-10,instamart,18503,bangalore,1,99
2026-07-10,instamart,68254,hyderabad,1,149
2026-07-10,instamart,63565,mumbai,1,189
2026-07-10,instamart,78553,bhubaneswar,1,99
2026-07-10,instamart,63565,delhi,1,189
2026-07-10,instamart,68254,delhi,2,298
2026-07-10,instamart,18503,chennai,1,99
2026-07-10,instamart,63565,bangalore,1,189
2026-07-10,instamart,63565,hyderabad,1,189
2026-07-10,instamart,63565,bangalore,1,189
2026-07-10,instamart,18504,bangalore,1,319
2026-07-10,instamart,68254,hyderabad,2,298
2026-07-10,instamart,18503,bangalore,2,198
2026-07-10,instamart,18504,hyderabad,1,319
2026-07-10,instamart,792937,mumbai,1,95
2026-07-10,instamart,63565,mumbai,3,567
2026-07-10,instamart,18503,hyderabad,1,99
2026-07-10,instamart,78553,bangalore,1,99
2026-07-10,instamart,18503,bangalore,1,99
2026-07-10,instamart,18503,rajkot,1,99
2026-07-10,instamart,18503,pune,1,99
2026-07-10,instamart,792937,bangalore,3,285
2026-07-10,instamart,18503,pune,4,396
2026-07-10,instamart,792937,chennai,3,285
2026-07-10,instamart,18504,bangalore,1,319
2026-07-10,instamart,18503,chennai,1,99
2026-07-10,instamart,197453,kolkata,1,169
2026-07-10,instamart,18503,pune,1,99
2026-07-10,instamart,18503,mumbai,2,198
2026-07-10,instamart,63565,bangalore,1,189
2026-07-10,instamart,792937,noida 1,1,95
2026-07-10,instamart,18503,bangalore,1,99
2026-07-10,instamart,78553,hyderabad,1,99
2026-07-10,instamart,63565,allahabad,1,189
2026-07-10,instamart,18504,rajahmundry,1,319
2026-07-10,instamart,18506,mumbai,1,499
2026-07-10,instamart,18504,central goa,2,638
2026-07-10,instamart,18504,chennai,2,638
2026-07-10,instamart,63565,mumbai,1,189
2026-07-10,instamart,18503,chennai,1,99
2026-07-10,instamart,18506,chennai,1,499
2026-07-10,instamart,792937,mumbai,1,95
2026-07-10,instamart,63565,delhi,1,189
2026-07-10,instamart,18503,kottayam,1,99
2026-07-10,instamart,18504,mumbai,2,638
2026-07-10,instamart,18503,pune,2,198
2026-07-10,instamart,18504,coimbatore,1,319
2026-07-10,instamart,792937,hyderabad,3,285
2026-07-10,instamart,68254,hyderabad,1,149
2026-07-10,instamart,792937,bangalore,1,95
2026-07-10,instamart,18503,kolkata,1,99
2026-07-10,instamart,792937,gurgaon,1,95
2026-07-09,instamart,792937,bangalore,3,285
2026-07-09,instamart,63565,bangalore,1,189
2026-07-09,instamart,78553,chennai,1,99
2026-07-09,instamart,63565,hyderabad,1,189
2026-07-09,instamart,18503,bangalore,1,99
2026-07-09,instamart,68254,bangalore,1,149
2026-07-09,instamart,63565,mumbai,2,378
2026-07-09,instamart,78553,bangalore,2,198
2026-07-09,instamart,63565,mumbai,5,945
2026-07-09,instamart,63565,hyderabad,1,189
2026-07-09,instamart,18504,kolkata,1,319
2026-07-09,instamart,18506,bangalore,1,499
2026-07-09,instamart,63565,chandigarh,1,189
2026-07-09,instamart,18503,hyderabad,2,198
2026-07-09,instamart,63565,pune,1,189
2026-07-09,instamart,68254,hyderabad,1,149
2026-07-09,instamart,78553,hyderabad,1,99
2026-07-09,instamart,18503,tirupati,1,99
2026-07-09,instamart,792937,bangalore,1,95
2026-07-09,instamart,18503,pune,1,99
2026-07-09,instamart,63565,pune,1,189
2026-07-09,instamart,792937,bangalore,1,95
2026-07-09,instamart,197453,bangalore,1,169
2026-07-09,instamart,792937,chennai,1,95
2026-07-09,instamart,18503,ranchi,1,99
2026-07-09,instamart,792937,bangalore,1,95
2026-07-09,instamart,78553,guwahati,1,99
2026-07-09,instamart,18503,hyderabad,1,99
2026-07-09,instamart,292876,jaipur,1,125
2026-07-09,instamart,63565,bangalore,1,189
2026-07-09,instamart,63565,bangalore,1,189
2026-07-09,instamart,68254,kolkata,1,149
2026-07-09,instamart,78553,hyderabad,1,99
2026-07-09,instamart,63565,mumbai,1,189
2026-07-09,instamart,68254,kollam,1,149
2026-07-09,instamart,78553,bangalore,1,99
2026-07-09,instamart,792937,bangalore,1,95
2026-07-09,instamart,18506,mumbai,1,499
2026-07-10,instamart,78553,central goa,1,99
2026-07-10,instamart,68254,mumbai,1,149
2026-07-10,instamart,18503,mumbai,1,99
2026-07-10,instamart,18504,mumbai,1,319
2026-07-10,instamart,68254,kolkata,2,298
2026-07-10,instamart,78553,bangalore,1,99
2026-07-10,instamart,18506,mumbai,1,499
2026-07-10,instamart,18503,pune,1,99
2026-07-10,instamart,63565,hyderabad,1,189
2026-07-10,instamart,78553,mysore,1,99
2026-07-10,instamart,792937,pune,2,190
2026-07-10,instamart,18503,central goa,1,99
2026-07-10,instamart,18506,mumbai,1,499
2026-07-10,instamart,18503,hyderabad,2,198
2026-07-10,instamart,792937,bangalore,2,190
2026-07-10,instamart,63565,pune,3,567
2026-07-10,instamart,78553,vizag,1,99
2026-07-10,instamart,18503,bangalore,1,99
2026-07-10,instamart,18503,bangalore,1,99
2026-07-10,instamart,18503,mumbai,1,99
2026-07-10,instamart,78553,bangalore,1,99
2026-07-10,instamart,63565,gurgaon,1,189
2026-07-10,instamart,18503,bangalore,1,99
2026-07-10,instamart,18503,mangaluru,1,99
2026-07-10,instamart,63565,chennai,2,378
2026-07-10,instamart,63565,chennai,1,189
2026-07-10,instamart,68254,bangalore,1,149
2026-07-10,instamart,78553,bangalore,1,99
2026-07-10,instamart,78553,mumbai,2,198
2026-07-10,instamart,792937,chennai,1,95
2026-07-10,instamart,78553,vizag,1,99
2026-07-10,instamart,18503,chennai,1,99
2026-07-10,instamart,78553,mumbai,1,99
2026-07-10,instamart,63565,mumbai,2,378
2026-07-09,instamart,68254,hyderabad,1,149
2026-07-09,instamart,292876,central goa,1,125
2026-07-09,instamart,792937,hyderabad,1,95
2026-07-09,instamart,78553,noida,1,99
2026-07-09,instamart,68254,hyderabad,1,149
2026-07-09,instamart,197453,pune,2,338
2026-07-09,instamart,792937,bangalore,1,95
2026-07-09,instamart,63565,pune,2,378
2026-07-09,instamart,792937,bangalore,1,95
2026-07-09,instamart,18503,bangalore,1,99
2026-07-09,instamart,63565,bangalore,1,189
2026-07-09,instamart,63565,chennai,1,189
2026-07-09,instamart,792937,hyderabad,1,95
2026-07-09,instamart,18504,chennai,1,319
2026-07-09,instamart,63565,pune,1,189
2026-07-09,instamart,78553,bangalore,1,99
2026-07-09,instamart,18503,hyderabad,1,99
2026-07-09,instamart,78553,hyderabad,1,99
2026-07-09,instamart,18506,bangalore,1,499
2026-07-09,instamart,792937,bangalore,1,95
2026-07-09,instamart,18503,kochi,1,99
2026-07-09,instamart,792937,delhi,1,95
2026-07-09,instamart,197453,hyderabad,1,169
2026-07-09,instamart,18504,bangalore,1,319
2026-07-09,instamart,63565,delhi,2,378
2026-07-10,instamart,63565,bangalore,1,189
2026-07-10,instamart,18504,coimbatore,1,319
2026-07-10,instamart,18503,chennai,1,99
2026-07-10,instamart,18506,noida 1,1,499
2026-07-10,instamart,792937,chennai,1,95
2026-07-10,instamart,18504,chennai,2,638
2026-07-10,instamart,792937,bangalore,1,95
2026-07-10,instamart,68254,thrissur,1,149
2026-07-10,instamart,18504,chennai,1,319
2026-07-10,instamart,78553,pune,1,99
2026-07-10,instamart,18506,mysore,1,499
2026-07-10,instamart,18503,pune,1,99
2026-07-10,instamart,792937,noida 1,1,95
2026-07-09,instamart,18504,karur,1,319
2026-07-09,instamart,18503,kochi,1,99
2026-07-09,instamart,18503,mumbai,1,99
2026-07-09,instamart,78553,vizianagaram,1,99
2026-07-09,instamart,63565,bangalore,1,189
2026-07-09,instamart,792937,hyderabad,2,190
2026-07-09,instamart,18503,bangalore,3,297
2026-07-09,instamart,18503,nashik,1,99
2026-07-09,instamart,18504,chennai,1,319
2026-07-09,instamart,18504,bangalore,2,638
2026-07-09,instamart,63565,mumbai,1,189
2026-07-09,instamart,68254,anantapur,1,149
2026-07-09,instamart,18503,kochi,1,99
2026-07-21,instamart,78553,vizag,1,99
2026-07-21,instamart,18504,chennai,1,319
2026-07-21,instamart,792937,bangalore,1,95
2026-07-21,instamart,18504,pune,1,319
2026-07-21,instamart,18504,hyderabad,1,319
2026-07-21,instamart,18504,coimbatore,1,319
2026-07-21,instamart,792937,agra,1,95
2026-07-21,instamart,78553,vijayawada,2,198
2026-07-21,instamart,792937,mumbai,1,95
2026-07-21,instamart,63565,gwalior,1,189
2026-07-21,instamart,78553,bangalore,1,99
2026-07-21,instamart,18506,mumbai,1,499
2026-07-21,instamart,68254,mumbai,1,149
2026-07-21,instamart,68254,gurgaon,1,149
2026-07-21,instamart,68254,gurgaon,1,149
2026-07-22,instamart,792937,noida 1,1,95
2026-07-22,instamart,78553,delhi,1,99
2026-07-22,instamart,78553,bangalore,1,99
2026-07-22,instamart,78553,bhopal,1,99
2026-07-21,instamart,78553,bangalore,3,297
2026-07-21,instamart,78553,surat,1,99
2026-07-21,instamart,63565,bangalore,1,189
2026-07-21,instamart,78553,central goa,1,99
2026-07-21,instamart,68254,chennai,1,149
2026-07-21,instamart,18503,bhubaneswar,1,99
2026-07-21,instamart,78553,bangalore,1,99
2026-07-21,instamart,68254,mumbai,1,149
2026-07-21,instamart,68254,gurgaon,1,149
2026-07-21,instamart,57850,kochi,1,109
2026-07-21,instamart,18503,chennai,1,99
2026-07-21,instamart,18504,bangalore,1,319
2026-07-21,instamart,792937,bangalore,1,95
2026-07-21,instamart,18503,raipur,3,297
2026-07-21,instamart,78553,bangalore,1,99
2026-07-21,instamart,78553,bangalore,1,99
2026-07-21,instamart,18504,coimbatore,1,319
2026-07-21,instamart,63565,pune,1,189
2026-07-21,instamart,68254,delhi,1,149
2026-07-21,instamart,78553,bangalore,2,198
2026-07-21,instamart,18503,chennai,1,99
2026-07-21,instamart,18506,kolkata,1,499
2026-07-21,instamart,18503,bangalore,1,99
2026-07-21,instamart,18503,bangalore,1,99
2026-07-21,instamart,18506,lucknow,1,499
2026-07-21,instamart,78553,chennai,1,99
2026-07-21,instamart,18504,hyderabad,2,638
2026-07-21,instamart,78553,noida 1,1,99
2026-07-21,instamart,792937,pune,1,95
2026-07-21,instamart,18504,chennai,1,319
2026-07-21,instamart,18503,hyderabad,1,99
2026-07-21,instamart,18503,hyderabad,1,99
2026-07-21,instamart,68254,rajkot,1,149
2026-07-21,instamart,63565,gurgaon,1,189
2026-07-21,instamart,18503,ranchi,6,594
2026-07-21,instamart,78553,bangalore,1,99
2026-07-21,instamart,18504,hyderabad,1,319
2026-07-21,instamart,18506,bangalore,1,499
2026-07-21,instamart,78553,chennai,1,99
2026-07-23,instamart,63565,bangalore,1,189
2026-07-23,instamart,78553,mumbai,1,99
2026-07-23,instamart,78553,vijayawada,1,99
2026-07-23,instamart,18503,mangaluru,1,99
2026-07-23,instamart,78553,bangalore,3,297
2026-07-23,instamart,792937,chennai,3,285
2026-07-23,instamart,18503,mumbai,1,99
2026-07-23,instamart,63565,gurgaon,1,189
2026-07-23,instamart,792937,bangalore,1,95
2026-07-23,instamart,68254,anantapur,1,149
2026-07-23,instamart,68254,hyderabad,1,149
2026-07-23,instamart,63565,chennai,4,756
2026-07-14,instamart,197453,bangalore,2,338
2026-07-14,instamart,792937,bangalore,1,95
2026-07-14,instamart,68254,delhi,1,149
2026-07-14,instamart,68254,hyderabad,1,149
2026-07-14,instamart,18503,mumbai,1,99
2026-07-14,instamart,792937,noida,1,95
2026-07-14,instamart,18503,bangalore,2,198
2026-07-14,instamart,18503,mumbai,1,99
2026-07-14,instamart,792937,bangalore,1,95
2026-07-14,instamart,792937,mumbai,1,95
2026-07-14,instamart,197453,noida,1,169
2026-07-14,instamart,792937,hyderabad,3,285
2026-07-14,instamart,63565,bangalore,1,189
2026-07-14,instamart,18504,chennai,1,319
2026-07-14,instamart,63565,hyderabad,1,189
2026-07-14,instamart,63565,chennai,2,378
2026-07-14,instamart,78553,mysore,1,99
2026-07-14,instamart,18504,hyderabad,1,319
2026-07-14,instamart,18503,chennai,1,99
2026-07-14,instamart,18506,mumbai,2,998
2026-07-14,instamart,197453,bangalore,2,338
2026-07-14,instamart,63565,kolkata,2,378
2026-07-14,instamart,18504,bangalore,1,319
2026-07-14,instamart,63565,mumbai,2,378
2026-07-13,instamart,68254,hyderabad,2,298
2026-07-13,instamart,18504,bangalore,1,319
2026-07-13,instamart,18506,kolkata,1,499
2026-07-13,instamart,63565,mumbai,1,189
2026-07-13,instamart,68254,coimbatore,1,149
2026-07-13,instamart,78553,bangalore,3,297
2026-07-13,instamart,18503,pondicherry,1,99
2026-07-13,instamart,18506,mumbai,1,499
2026-07-13,instamart,78553,chennai,1,99
2026-07-13,instamart,68254,kolkata,1,149
2026-07-13,instamart,18504,mumbai,1,319
2026-07-13,instamart,18504,chennai,1,319
2026-07-13,instamart,792937,hyderabad,1,95
2026-07-13,instamart,63565,agra,1,189
2026-07-13,instamart,792937,kurnool,1,95
2026-07-13,instamart,18504,mumbai,1,319
2026-07-13,instamart,63565,hyderabad,1,189
2026-07-13,instamart,63565,nellore,1,189
2026-07-13,instamart,78553,bangalore,1,99
2026-07-13,instamart,68254,hyderabad,1,149
2026-07-13,instamart,78553,ahmedabad,1,99
2026-07-13,instamart,63565,dehradun,1,189
2026-07-13,instamart,18503,bangalore,1,99
2026-07-13,instamart,63565,mumbai,1,189
2026-07-13,instamart,18503,delhi,1,99
2026-07-13,instamart,63565,bangalore,1,189
2026-07-13,instamart,792937,bangalore,1,95
2026-07-13,instamart,18504,bangalore,1,319
2026-07-13,instamart,78553,bangalore,1,99
2026-07-13,instamart,68254,bangalore,1,149
2026-07-13,instamart,68254,bangalore,1,149
2026-07-13,instamart,792937,bangalore,1,95
2026-07-13,instamart,78553,bangalore,2,198
2026-07-13,instamart,18503,mangaluru,1,99
2026-07-13,instamart,197453,patna,1,169
2026-07-13,instamart,63565,chennai,1,189
2026-07-23,instamart,63565,mangaluru,1,189
2026-07-23,instamart,792937,bangalore,1,95
2026-07-23,instamart,18503,bangalore,1,99
2026-07-23,instamart,63565,bangalore,1,189
2026-07-23,instamart,78553,bangalore,1,99
2026-07-23,instamart,792937,bangalore,1,95
2026-07-23,instamart,792937,delhi,3,285
2026-07-23,instamart,197453,nagpur,1,169
2026-07-23,instamart,68254,kochi,1,149
2026-07-23,instamart,18503,noida 1,1,99
2026-07-23,instamart,18503,bangalore,1,99
2026-07-23,instamart,18503,bhubaneswar,1,99
2026-07-23,instamart,792937,chennai,1,95
2026-07-23,instamart,18503,mangaluru,2,198
2026-07-11,instamart,18503,chennai,3,297
2026-07-11,instamart,68254,mumbai,2,298
2026-07-11,instamart,63565,delhi,1,189
2026-07-11,instamart,792937,hyderabad,1,95
2026-07-11,instamart,792937,mumbai,1,95
2026-07-11,instamart,18504,hyderabad,1,319
2026-07-11,instamart,792937,bangalore,1,95
2026-07-11,instamart,792937,delhi,1,95
2026-07-11,instamart,18503,mumbai,1,99
2026-07-11,instamart,78553,bhilai,1,99
2026-07-11,instamart,18504,bangalore,1,319
2026-07-11,instamart,18503,pune,1,99
2026-07-11,instamart,18503,gurgaon,1,99
2026-07-11,instamart,18506,mumbai,1,499
2026-07-11,instamart,18503,mumbai,1,99
2026-07-11,instamart,57850,bangalore,1,109
2026-07-11,instamart,78553,bangalore,1,99
2026-07-11,instamart,18504,coimbatore,4,1276
2026-07-11,instamart,18504,bangalore,2,638
2026-07-11,instamart,792937,hyderabad,3,285
2026-07-11,instamart,63565,mumbai,1,189
2026-07-11,instamart,197453,jaipur,1,169
2026-07-11,instamart,18506,bangalore,1,499
2026-07-11,instamart,78553,chennai,1,99
2026-07-11,instamart,68254,bangalore,1,149
2026-07-11,instamart,18503,pune,1,99
2026-07-11,instamart,63565,hyderabad,1,189
2026-07-11,instamart,792937,hyderabad,1,95
2026-07-11,instamart,18504,noida 1,1,319
2026-07-11,instamart,63565,mumbai,4,756
2026-07-11,instamart,18503,kolkata,2,198
2026-07-11,instamart,68254,hyderabad,2,298
2026-07-11,instamart,68254,lucknow,1,149
2026-07-11,instamart,18504,bangalore,1,319
2026-07-11,instamart,63565,bangalore,1,189
2026-07-11,instamart,63565,gurgaon,2,378
2026-07-11,instamart,18503,mangaluru,1,99
2026-07-11,instamart,18506,patna,1,499
2026-07-11,instamart,63565,bangalore,2,378
2026-07-11,instamart,68254,hyderabad,1,149
2026-07-11,instamart,78553,noida 1,1,99
2026-07-11,instamart,63565,amritsar,1,189
2026-07-11,instamart,18503,hyderabad,1,99
2026-07-11,instamart,792937,chennai,1,95
2026-07-11,instamart,78553,ahmedabad,1,99
2026-07-12,instamart,63565,hyderabad,1,189
2026-07-12,instamart,63565,chennai,1,189
2026-07-12,instamart,78553,bangalore,1,99
2026-07-12,instamart,68254,hyderabad,1,149
2026-07-12,instamart,18506,mumbai,1,499
2026-07-12,instamart,792937,bangalore,1,95
2026-07-12,instamart,792937,mumbai,1,95
2026-07-12,instamart,792937,bangalore,1,95
2026-07-12,instamart,18506,bangalore,2,998
2026-07-12,instamart,792937,bangalore,1,95
2026-07-12,instamart,197453,pune,1,169
2026-07-12,instamart,63565,central goa,1,189
2026-07-12,instamart,792937,hyderabad,2,190
2026-07-12,instamart,68254,chennai,1,149
2026-07-12,instamart,18506,bangalore,1,499
2026-07-12,instamart,18504,bangalore,1,319
2026-07-12,instamart,792937,bangalore,4,380
2026-07-12,instamart,68254,aligarh,1,149
2026-07-12,instamart,18503,kochi,1,99
2026-07-12,instamart,63565,bangalore,1,189
2026-07-12,instamart,63565,kolkata,1,189
2026-07-12,instamart,18506,mumbai,1,499
2026-07-12,instamart,18504,warangal,1,319
2026-07-12,instamart,18504,chennai,1,319
2026-07-12,instamart,18504,mumbai,3,957
2026-07-12,instamart,18503,bangalore,1,99
2026-07-12,instamart,18504,coimbatore,2,638
2026-07-12,instamart,18503,bhubaneswar,3,297
2026-07-12,instamart,63565,mumbai,1,189
2026-07-12,instamart,18503,delhi,1,99
2026-07-12,instamart,792937,delhi,1,95
2026-07-12,instamart,792937,mangaluru,1,95
2026-07-12,instamart,792937,bangalore,1,95
2026-07-12,instamart,63565,chennai,1,189
2026-07-12,instamart,63565,bangalore,1,189
2026-07-12,instamart,18506,bangalore,2,998
2026-07-12,instamart,792937,delhi,2,190
2026-07-12,instamart,18503,pune,1,99
2026-07-12,instamart,68254,bangalore,1,149
2026-07-12,instamart,792937,bangalore,3,285
2026-07-12,instamart,63565,bangalore,2,378
2026-07-12,instamart,78553,hyderabad,2,198
2026-07-13,instamart,57850,kochi,1,109
2026-07-13,instamart,18503,mumbai,1,99
2026-07-13,instamart,792937,gurgaon,2,190
2026-07-13,instamart,68254,bangalore,1,149
2026-07-13,instamart,18504,coimbatore,1,319
2026-07-13,instamart,63565,faridabad,2,378
2026-07-13,instamart,18504,bangalore,1,319
2026-07-13,instamart,68254,delhi,1,149
2026-07-13,instamart,57850,kanpur,1,109
2026-07-13,instamart,792937,chennai,1,95
2026-07-13,instamart,792937,ranchi,1,95
2026-07-13,instamart,68254,chennai,1,149
2026-07-13,instamart,792937,gurgaon,1,95
2026-07-13,instamart,792937,hyderabad,1,95
2026-07-13,instamart,18503,bangalore,1,99
2026-07-13,instamart,18504,kozhikode,1,319
2026-07-13,instamart,63565,bangalore,1,189
2026-07-13,instamart,78553,bangalore,1,99
2026-07-13,instamart,792937,bangalore,2,190
2026-07-13,instamart,68254,bangalore,2,298
2026-07-13,instamart,78553,vapi,1,99
2026-07-13,instamart,78553,chennai,1,99
2026-07-13,instamart,63565,gurgaon,2,378
2026-07-13,instamart,78553,bangalore,1,99
2026-07-13,instamart,68254,hyderabad,2,298
2026-07-13,instamart,18503,bangalore,1,99
2026-07-13,instamart,68254,mumbai,1,149
2026-07-13,instamart,68254,central goa,1,149
2026-07-13,instamart,63565,bangalore,1,189
2026-07-13,instamart,197453,kolkata,1,169
2026-07-13,instamart,792937,mumbai,1,95
2026-07-13,instamart,18504,central goa,1,319
2026-07-13,instamart,63565,nashik,1,189
2026-07-13,instamart,68254,gurgaon,1,149
2026-07-13,instamart,18504,mumbai,1,319
2026-07-13,instamart,78553,bangalore,1,99
2026-07-13,instamart,78553,bangalore,1,99
2026-07-13,instamart,63565,kolkata,1,189
2026-07-13,instamart,18506,karimnagar,1,499
2026-07-13,instamart,197453,bangalore,1,169
2026-07-13,instamart,792937,delhi,1,95
2026-07-13,instamart,63565,central goa,1,189
2026-07-13,instamart,792937,mumbai,3,285
2026-07-23,instamart,18504,chennai,1,319
2026-07-23,instamart,68254,chennai,1,149
2026-07-23,instamart,18503,vellore,2,198
2026-07-23,instamart,18503,hyderabad,2,198
2026-07-23,instamart,63565,mumbai,1,189
2026-07-23,instamart,792937,hyderabad,2,190
2026-07-23,instamart,18504,jaipur,1,319
2026-07-23,instamart,18504,vizag,1,319
2026-07-23,instamart,197453,bangalore,1,169
2026-07-23,instamart,78553,bangalore,2,198
2026-07-16,instamart,792937,pune,1,95
2026-07-16,instamart,792937,delhi,1,95
2026-07-16,instamart,68254,bangalore,1,149
2026-07-16,instamart,78553,noida 1,1,99
2026-07-16,instamart,68254,delhi,1,149
2026-07-16,instamart,63565,bangalore,1,189
2026-07-16,instamart,78553,delhi,1,99
2026-07-16,instamart,792937,bangalore,1,95
2026-07-16,instamart,68254,bangalore,2,298
2026-07-16,instamart,68254,bangalore,2,298
2026-07-16,instamart,18506,thiruvananthapuram,1,499
2026-07-16,instamart,78553,bangalore,1,99
2026-07-16,instamart,18503,chennai,1,99
2026-07-16,instamart,78553,pune,1,99
2026-07-16,instamart,78553,vizag,1,99
2026-07-16,instamart,18506,mumbai,1,499
2026-07-16,instamart,792937,nagpur,2,190
2026-07-16,instamart,792937,chennai,2,190
2026-07-16,instamart,18504,coimbatore,1,319
2026-07-15,instamart,78553,chennai,1,99
2026-07-15,instamart,18504,chennai,1,319
2026-07-15,instamart,792937,pune,1,95
2026-07-15,instamart,18506,mumbai,1,499
2026-07-15,instamart,63565,mangaluru,1,189
2026-07-15,instamart,792937,bangalore,2,190
2026-07-15,instamart,197453,bangalore,1,169
2026-07-15,instamart,68254,chennai,1,149
2026-07-15,instamart,18503,lonavla,3,297
2026-07-15,instamart,792937,bangalore,1,95
2026-07-15,instamart,18503,gurgaon,2,198
2026-07-15,instamart,18504,bangalore,1,319
2026-07-15,instamart,197453,hyderabad,1,169
2026-07-15,instamart,78553,mumbai,1,99
2026-07-15,instamart,63565,chennai,1,189
2026-07-15,instamart,18503,bangalore,2,198
2026-07-15,instamart,68254,chennai,1,149
2026-07-15,instamart,18506,bangalore,1,499
2026-07-15,instamart,63565,mumbai,1,189
2026-07-15,instamart,78553,chennai,1,99
2026-07-15,instamart,78553,bangalore,1,99
2026-07-15,instamart,18506,bangalore,1,499
2026-07-15,instamart,18504,chennai,1,319
2026-07-15,instamart,18503,kolkata,1,99
2026-07-15,instamart,18504,tirupati,1,319
2026-07-15,instamart,18506,ahmedabad,1,499
2026-07-15,instamart,68254,bangalore,1,149
2026-07-15,instamart,63565,delhi,1,189
2026-07-15,instamart,792937,hyderabad,1,95
2026-07-15,instamart,18504,mumbai,1,319
2026-07-15,instamart,18506,mumbai,3,1497
2026-07-15,instamart,18503,noida 1,1,99
2026-07-15,instamart,18504,vizag,1,319
2026-07-15,instamart,63565,mumbai,3,567
2026-07-15,instamart,792937,ranchi,2,190
2026-07-16,instamart,68254,hyderabad,2,298
2026-07-16,instamart,63565,hyderabad,1,189
2026-07-16,instamart,792937,mumbai,1,95
2026-07-16,instamart,792937,bangalore,1,95
2026-07-16,instamart,18503,chennai,1,99
2026-07-16,instamart,63565,guwahati,1,189
2026-07-16,instamart,197453,hyderabad,1,169
2026-07-16,instamart,18503,kolkata,2,198
2026-07-16,instamart,18503,kolkata,3,297
2026-07-08,instamart,68254,bangalore,1,149
2026-07-08,instamart,78553,surat,1,99
2026-07-08,instamart,63565,gurgaon,1,189
2026-07-08,instamart,792937,bangalore,1,95
2026-07-08,instamart,63565,amravati,2,378
2026-07-08,instamart,63565,bangalore,1,189
2026-07-08,instamart,68254,mumbai,2,298
2026-07-08,instamart,792937,hyderabad,1,95
2026-07-08,instamart,792937,hyderabad,2,190
2026-07-08,instamart,18506,hyderabad,1,499
2026-07-08,instamart,63565,bangalore,1,189
2026-07-08,instamart,63565,delhi,1,189
2026-07-08,instamart,792937,bangalore,1,95
2026-07-08,instamart,78553,chennai,1,99
2026-07-08,instamart,18503,chennai,1,99
2026-07-08,instamart,68254,chennai,1,149
2026-07-08,instamart,18504,salem,1,319
2026-07-08,instamart,78553,bangalore,1,99
2026-07-08,instamart,18504,central goa,2,638
2026-07-08,instamart,63565,bangalore,1,189
2026-07-08,instamart,68254,kolkata,2,298
2026-07-08,instamart,63565,mumbai,2,378
2026-07-08,instamart,63565,chennai,1,189
2026-07-08,instamart,63565,mumbai,1,189
2026-07-08,instamart,792937,bangalore,2,190
2026-07-08,instamart,63565,kolkata,1,189
2026-07-08,instamart,792937,mumbai,1,95
2026-07-08,instamart,78553,kochi,1,99
2026-07-08,instamart,792937,pune,1,95
2026-07-08,instamart,68254,kolkata,1,149
2026-07-08,instamart,68254,bangalore,1,149
2026-07-08,instamart,63565,gurgaon,1,189
2026-07-08,instamart,63565,chennai,1,189
2026-07-08,instamart,792937,bangalore,1,95
2026-07-08,instamart,197453,bangalore,1,169
2026-07-08,instamart,18503,mumbai,1,99
2026-07-08,instamart,18503,hyderabad,1,99
2026-07-08,instamart,792937,bangalore,1,95
2026-07-08,instamart,18503,delhi,1,99
2026-07-08,instamart,197453,bangalore,1,169
2026-07-08,instamart,68254,delhi,1,149
2026-07-08,instamart,18503,bangalore,2,198
2026-07-08,instamart,63565,chennai,1,189
2026-07-08,instamart,18504,chennai,2,638
2026-07-08,instamart,63565,bangalore,1,189
2026-07-08,instamart,63565,chennai,2,378
2026-07-08,instamart,63565,hyderabad,1,189
2026-07-08,instamart,792937,central goa,1,95
2026-07-08,instamart,18504,chennai,1,319
2026-07-08,instamart,18504,mumbai,2,638
2026-07-08,instamart,78553,bhopal,1,99
2026-07-08,instamart,68254,bangalore,1,149
2026-07-08,instamart,197453,hyderabad,2,338
2026-07-08,instamart,792937,chennai,2,190
2026-07-08,instamart,18503,gurgaon,1,99
2026-07-08,instamart,78553,ongole,1,99
2026-07-08,instamart,18504,bangalore,1,319
2026-07-08,instamart,18503,delhi,1,99
2026-07-08,instamart,18503,bangalore,1,99
2026-07-08,instamart,18503,hyderabad,1,99
2026-07-08,instamart,78553,bangalore,1,99
2026-07-08,instamart,63565,hyderabad,1,189
2026-07-10,instamart,63565,pune,1,189
2026-07-10,instamart,68254,kolkata,1,149
2026-07-10,instamart,18503,mumbai,1,99
2026-07-10,instamart,18503,delhi,2,198
2026-07-10,instamart,18503,central goa,1,99
2026-07-10,instamart,18503,bangalore,1,99
2026-07-10,instamart,18506,hyderabad,1,499
2026-07-10,instamart,18506,bangalore,1,499
2026-07-10,instamart,18504,vijayawada,1,319
2026-07-10,instamart,78553,chennai,1,99
2026-07-10,instamart,18503,chennai,1,99
2026-07-10,instamart,18503,vellore,1,99
2026-07-10,instamart,63565,thrissur,1,189
2026-07-10,instamart,792937,bangalore,1,95
2026-07-10,instamart,792937,bangalore,1,95
2026-07-10,instamart,78553,ahmedabad,1,99
2026-07-10,instamart,792937,bangalore,1,95
2026-07-10,instamart,197453,bangalore,1,169
2026-07-10,instamart,63565,hyderabad,1,189
2026-07-10,instamart,792937,bangalore,1,95
2026-07-10,instamart,63565,bangalore,1,189
2026-07-09,instamart,68254,bangalore,1,149
2026-07-09,instamart,18504,hyderabad,1,319
2026-07-09,instamart,63565,mumbai,1,189
2026-07-09,instamart,18503,chennai,1,99
2026-07-09,instamart,18504,tirunelveli,1,319
2026-07-09,instamart,792937,noida,1,95
2026-07-09,instamart,792937,bangalore,2,190
2026-07-09,instamart,63565,delhi,1,189
2026-07-09,instamart,18504,pondicherry,1,319
2026-07-09,instamart,78553,ahmedabad,1,99
2026-07-09,instamart,792937,chennai,1,95
2026-07-09,instamart,78553,shivamogga,1,99
2026-07-09,instamart,63565,bangalore,1,189
2026-07-09,instamart,63565,bangalore,1,189
2026-07-09,instamart,68254,mumbai,1,149
2026-07-09,instamart,78553,indore,1,99
2026-07-09,instamart,63565,bangalore,2,378
2026-07-09,instamart,78553,kochi,2,198
2026-07-09,instamart,18503,mumbai,1,99
2026-07-09,instamart,792937,central goa,1,95
2026-07-09,instamart,63565,mumbai,1,189
2026-07-09,instamart,18503,hyderabad,1,99
2026-07-10,instamart,78553,pune,1,99
2026-07-10,instamart,197453,bangalore,1,169
2026-07-10,instamart,63565,mumbai,1,189
2026-07-10,instamart,78553,chandigarh,1,99
2026-07-10,instamart,792937,noida 1,1,99
2026-07-10,instamart,78553,vizag,1,99
2026-07-10,instamart,18503,noida 1,1,99
2026-07-10,instamart,78553,bangalore,1,99
2026-07-10,instamart,18503,pune,1,99
2026-07-10,instamart,792937,hyderabad,2,190
2026-07-10,instamart,63565,noida 1,2,378
2026-07-10,instamart,63565,bangalore,1,189
2026-07-12,instamart,18503,hyderabad,3,297
2026-07-12,instamart,18504,chennai,1,319
2026-07-12,instamart,18504,mumbai,1,319
2026-07-12,instamart,18503,hyderabad,1,99
2026-07-12,instamart,792937,delhi,1,95
2026-07-12,instamart,18503,bangalore,1,99
2026-07-12,instamart,68254,delhi,1,149
2026-07-12,instamart,792937,bangalore,1,95
2026-07-12,instamart,18503,delhi,1,99
2026-07-12,instamart,18506,mumbai,1,499
2026-07-12,instamart,68254,mumbai,1,149
2026-07-12,instamart,68254,chennai,1,149
2026-07-12,instamart,63565,delhi,1,189
2026-07-12,instamart,68254,gurgaon,1,149
2026-07-12,instamart,63565,mumbai,1,189
2026-07-12,instamart,18506,amritsar,1,499
2026-07-12,instamart,792937,kurnool,1,95
2026-07-12,instamart,18503,chennai,1,99
2026-07-12,instamart,792937,bangalore,2,190
2026-07-12,instamart,792937,hyderabad,3,285
2026-07-12,instamart,18503,hyderabad,2,198
2026-07-12,instamart,68254,delhi,1,149
2026-07-12,instamart,63565,mumbai,1,189
2026-07-12,instamart,68254,hyderabad,1,149
2026-07-12,instamart,792937,delhi,1,95
2026-07-12,instamart,63565,chennai,1,189
2026-07-12,instamart,63565,kanpur,1,189
2026-07-17,instamart,792937,chennai,3,285
2026-07-17,instamart,63565,mumbai,1,189
2026-07-17,instamart,792937,delhi,1,95
2026-07-17,instamart,78553,bangalore,1,99
2026-07-17,instamart,18503,gurgaon,1,99
2026-07-17,instamart,18503,chennai,1,99
2026-07-17,instamart,78553,bangalore,1,99
2026-07-17,instamart,63565,agra,1,189
2026-07-18,instamart,18504,guntur,1,319
2026-07-18,instamart,18504,bangalore,1,319
2026-07-18,instamart,63565,bangalore,1,189
2026-07-18,instamart,18504,bangalore,1,319
2026-07-18,instamart,792937,chennai,2,190
2026-07-18,instamart,78553,bangalore,2,198
2026-07-18,instamart,792937,delhi,3,285
2026-07-18,instamart,792937,bangalore,1,95
2026-07-18,instamart,792937,bhopal,1,95
2026-07-18,instamart,18504,mumbai,1,319
2026-07-18,instamart,18503,hyderabad,1,99
2026-07-18,instamart,18503,kolkata,1,99
2026-07-18,instamart,68254,bangalore,1,149
2026-07-18,instamart,18504,chennai,1,319
2026-07-18,instamart,18503,bangalore,1,99
2026-07-18,instamart,292876,warangal,1,125
2026-07-18,instamart,78553,bangalore,1,99
2026-07-18,instamart,18503,hyderabad,1,99
2026-07-19,instamart,18503,bangalore,1,99
2026-07-19,instamart,63565,mumbai,1,189
2026-07-19,instamart,63565,bangalore,1,189
2026-07-19,instamart,78553,chennai,1,99
2026-07-19,instamart,78553,central goa,1,99
2026-07-19,instamart,18504,bangalore,1,319
2026-07-19,instamart,792937,hyderabad,1,95
2026-07-19,instamart,18504,hyderabad,1,319
2026-07-19,instamart,18503,mumbai,1,99
2026-07-19,instamart,63565,bangalore,1,189
2026-07-20,instamart,18504,bangalore,1,319
2026-07-20,instamart,68254,bangalore,1,149
2026-07-20,instamart,78553,bangalore,1,99
2026-07-20,instamart,18506,gurgaon,1,499
2026-07-20,instamart,792937,bangalore,3,285
2026-07-20,instamart,68254,chennai,2,298
2026-07-20,instamart,18503,mumbai,2,198
2026-07-20,instamart,68254,mumbai,1,149
2026-07-20,instamart,78553,bangalore,1,99
2026-07-20,instamart,792937,mumbai,2,190
2026-07-20,instamart,197453,pune,1,169
2026-07-20,instamart,792937,mumbai,1,95
2026-07-20,instamart,68254,bangalore,1,149
2026-07-20,instamart,18504,tirupati,1,319
2026-07-20,instamart,68254,vellore,1,149
2026-07-20,instamart,18506,hyderabad,1,499
2026-07-20,instamart,18504,alappuzha,1,319
2026-07-20,instamart,78553,central goa,1,99
2026-07-20,instamart,792937,bangalore,2,190
2026-07-20,instamart,68254,hyderabad,1,149
2026-07-20,instamart,78553,bangalore,1,99
2026-07-20,instamart,18503,hyderabad,1,99
2026-07-20,instamart,63565,delhi,1,189
2026-07-20,instamart,18506,noida,1,499
2026-07-20,instamart,18503,bhubaneswar,1,99
2026-07-20,instamart,78553,mumbai,1,99
2026-07-20,instamart,63565,kota,1,189
2026-07-20,instamart,78553,mumbai,1,99
2026-07-20,instamart,18504,hyderabad,2,638
2026-07-20,instamart,18506,mumbai,1,499
2026-07-20,instamart,792937,bangalore,1,95
2026-07-20,instamart,63565,pune,1,189
2026-07-20,instamart,18503,mumbai,1,99
2026-07-23,instamart,18504,bangalore,1,319
2026-07-23,instamart,18503,mumbai,1,99
2026-07-23,instamart,78553,chennai,1,99
2026-07-23,instamart,78553,pune,3,297
2026-07-23,instamart,18504,mumbai,2,638
2026-07-23,instamart,18503,chennai,3,297
2026-07-23,instamart,18503,chennai,1,99
2026-07-23,instamart,78553,bangalore,2,198
2026-07-23,instamart,18503,kolkata,1,99
2026-07-23,instamart,18504,bangalore,1,319
2026-07-23,instamart,68254,hyderabad,2,298
2026-07-23,instamart,18504,bangalore,1,319
2026-07-23,instamart,18503,chennai,2,198
2026-07-23,instamart,792937,mumbai,1,95
2026-07-23,instamart,792937,bangalore,1,95
2026-07-23,instamart,63565,bangalore,1,189
2026-07-23,instamart,792937,mumbai,2,190
2026-07-23,instamart,792937,chennai,1,95
2026-07-23,instamart,78553,chennai,2,198
2026-07-23,instamart,63565,bangalore,1,189
2026-07-23,instamart,18504,bangalore,1,319
2026-07-23,instamart,18503,mumbai,3,297
2026-07-23,instamart,18503,hyderabad,1,99
2026-07-23,instamart,78553,noida 1,1,99
2026-07-23,instamart,792937,gurgaon,1,95
2026-07-23,instamart,792937,mumbai,2,190
2026-07-23,instamart,18504,kozhikode,1,319
2026-07-14,instamart,63565,bareilly,2,378
2026-07-14,instamart,18506,kolkata,1,499
2026-07-14,instamart,18503,hyderabad,2,198
2026-07-14,instamart,68254,chennai,2,298
2026-07-14,instamart,78553,raipur,1,99
2026-07-14,instamart,78553,central goa,2,198
2026-07-14,instamart,63565,chennai,1,189
2026-07-14,instamart,78553,kochi,1,99
2026-07-14,instamart,63565,hyderabad,2,378
2026-07-14,instamart,792937,hyderabad,1,95
2026-07-14,instamart,78553,bangalore,1,99
2026-07-14,instamart,63565,mumbai,1,189
2026-07-14,instamart,18504,mumbai,1,319
2026-07-14,instamart,18503,pune,1,99
2026-07-14,instamart,18504,mumbai,1,319
2026-07-14,instamart,57850,chennai,1,109
2026-07-14,instamart,18504,bangalore,1,319
2026-07-14,instamart,792937,chennai,1,95
2026-07-14,instamart,78553,mumbai,2,198
2026-07-14,instamart,63565,chennai,1,189
2026-07-14,instamart,792937,mumbai,2,190
2026-07-14,instamart,78553,chennai,2,198
2026-07-14,instamart,78553,central goa,1,99
2026-07-14,instamart,18504,vizag,1,319
2026-07-14,instamart,57850,thiruvananthapuram,1,109
2026-07-14,instamart,78553,bangalore,1,99
2026-07-14,instamart,63565,delhi,1,189
2026-07-14,instamart,18504,kolkata,1,319
2026-07-14,instamart,792937,bangalore,1,95
2026-07-14,instamart,792937,bangalore,1,95
2026-07-14,instamart,63565,bangalore,2,378
2026-07-14,instamart,18503,bangalore,1,99
2026-07-15,instamart,792937,bangalore,3,285
2026-07-15,instamart,18504,guntur,1,319
2026-07-15,instamart,78553,bangalore,1,99
2026-07-15,instamart,78553,bangalore,1,99
2026-07-16,instamart,792937,mumbai,1,95
2026-07-16,instamart,197453,hyderabad,1,169
2026-07-16,instamart,18503,bangalore,1,99
2026-07-16,instamart,18503,chennai,1,99
2026-07-16,instamart,18503,kolkata,2,198
2026-07-16,instamart,18506,bangalore,1,499
2026-07-16,instamart,792937,chennai,1,95
2026-07-16,instamart,78553,chennai,1,99
2026-07-16,instamart,792937,hyderabad,1,95
2026-07-16,instamart,792937,bangalore,1,95
2026-07-16,instamart,792937,bangalore,1,95
2026-07-16,instamart,18503,bangalore,1,99
2026-07-16,instamart,63565,surat,1,189
2026-07-16,instamart,63565,kolkata,1,189
2026-07-16,instamart,78553,chennai,1,99
2026-07-16,instamart,63565,pune,1,189
2026-07-16,instamart,68254,hyderabad,2,298
2026-07-16,instamart,792937,bangalore,1,95
2026-07-16,instamart,18504,kozhikode,1,319
2026-07-16,instamart,78553,mumbai,1,99
2026-07-16,instamart,78553,bangalore,1,99
2026-07-16,instamart,63565,bangalore,2,378
2026-07-16,instamart,78553,bangalore,1,99
2026-07-16,instamart,197453,delhi,1,169
2026-07-16,instamart,68254,hyderabad,1,149
2026-07-16,instamart,18504,madurai,1,319
2026-07-16,instamart,78553,pune,1,99
2026-07-16,instamart,18503,noida 1,2,198
2026-07-15,instamart,63565,bangalore,1,189
2026-07-15,instamart,18503,warangal,1,99
2026-07-15,instamart,18504,shivamogga,1,319
2026-07-15,instamart,792937,mumbai,1,95
2026-07-15,instamart,63565,ahmedabad,1,189
2026-07-15,instamart,18504,ongole,2,638
2026-07-15,instamart,63565,jaipur,1,189
2026-07-15,instamart,68254,bangalore,1,149
2026-07-15,instamart,18503,pune,1,99
2026-07-15,instamart,78553,guwahati,1,99
2026-07-15,instamart,18504,bangalore,1,319
2026-07-15,instamart,18504,vijayawada,1,319
2026-07-15,instamart,792937,delhi,3,285
2026-07-15,instamart,78553,bhubaneswar,1,99
2026-07-18,instamart,18506,bangalore,1,499
2026-07-18,instamart,18503,mumbai,2,198
2026-07-18,instamart,792937,noida 1,1,95
2026-07-18,instamart,792937,mumbai,1,95
2026-07-18,instamart,792937,vellore,1,95
2026-07-18,instamart,18504,mumbai,1,319
2026-07-18,instamart,792937,delhi,1,95
2026-07-18,instamart,63565,pune,3,567
2026-07-18,instamart,18503,hyderabad,3,297
2026-07-18,instamart,68254,bangalore,2,298
2026-07-18,instamart,792937,gurgaon,1,95
2026-07-18,instamart,68254,guntur,1,149
2026-07-18,instamart,63565,hyderabad,1,189
2026-07-18,instamart,18503,bangalore,1,99
2026-07-18,instamart,78553,bangalore,1,99
2026-07-18,instamart,792937,bangalore,1,95
2026-07-18,instamart,78553,noida 1,1,99
2026-07-18,instamart,18504,bangalore,1,319
2026-07-18,instamart,18503,bhubaneswar,1,99
2026-07-18,instamart,63565,bangalore,1,189
2026-07-18,instamart,63565,bangalore,2,378
2026-07-18,instamart,792937,gurgaon,2,190
2026-07-18,instamart,78553,tirupati,2,198
2026-07-15,instamart,792937,noida,1,95
2026-07-15,instamart,78553,bangalore,2,198
2026-07-15,instamart,197453,hyderabad,1,169
2026-07-15,instamart,792937,mumbai,2,190
2026-07-15,instamart,18503,delhi,3,297
2026-07-15,instamart,792937,chennai,1,95
2026-07-15,instamart,18503,chennai,1,99
2026-07-15,instamart,18503,pune,2,198
2026-07-15,instamart,78553,bangalore,1,99
2026-07-15,instamart,18506,bangalore,1,499
2026-07-15,instamart,792937,khammam,3,285
2026-07-15,instamart,18503,central goa,1,99
2026-07-15,instamart,68254,hyderabad,1,149
2026-07-15,instamart,68254,bangalore,1,149
2026-07-15,instamart,792937,mumbai,2,190
2026-07-15,instamart,63565,delhi,1,189
2026-07-15,instamart,18506,mumbai,1,499
2026-07-15,instamart,63565,mumbai,1,189
2026-07-15,instamart,792937,bhubaneswar,1,95
2026-07-15,instamart,18503,delhi,1,99
2026-07-15,instamart,68254,chennai,1,149
2026-07-15,instamart,68254,bangalore,1,149
2026-07-15,instamart,78553,nagpur,1,99
2026-07-15,instamart,18504,hyderabad,1,319
2026-07-12,instamart,18504,coimbatore,1,319
2026-07-12,instamart,63565,hyderabad,1,189
2026-07-12,instamart,18504,trichy,1,319
2026-07-12,instamart,18503,bangalore,1,99
2026-07-12,instamart,197453,pune,1,169
2026-07-12,instamart,792937,noida 1,1,95
2026-07-12,instamart,63565,chennai,1,189
2026-07-12,instamart,18504,mumbai,1,319
2026-07-12,instamart,792937,bangalore,2,190
2026-07-12,instamart,18503,mumbai,1,99
2026-07-12,instamart,18503,hubli,1,99
2026-07-12,instamart,78553,bangalore,1,99
2026-07-12,instamart,63565,pune,1,189
2026-07-12,instamart,63565,bangalore,1,189
2026-07-12,instamart,792937,hyderabad,3,285
2026-07-12,instamart,18503,bangalore,1,99
2026-07-12,instamart,18503,mumbai,1,99
2026-07-12,instamart,792937,bangalore,2,190
2026-07-12,instamart,63565,chennai,1,189
2026-07-12,instamart,18504,bangalore,2,638
2026-07-12,instamart,18503,mumbai,1,99
2026-07-12,instamart,18503,kolkata,1,99
2026-07-12,instamart,78553,noida 1,1,99
2026-07-12,instamart,792937,chennai,2,190
2026-07-12,instamart,63565,bangalore,1,189
2026-07-12,instamart,792937,hyderabad,1,95
2026-07-12,instamart,78553,bangalore,1,99
2026-07-12,instamart,18506,mumbai,1,499
2026-07-12,instamart,18503,bangalore,1,99
2026-07-12,instamart,18504,bangalore,1,319
2026-07-12,instamart,18506,mumbai,1,499
2026-07-12,instamart,63565,mumbai,1,189
2026-07-12,instamart,18503,mumbai,1,99
2026-07-12,instamart,792937,bangalore,1,95
2026-07-12,instamart,18504,bangalore,1,319
2026-07-12,instamart,792937,hyderabad,3,285
2026-07-12,instamart,78553,bangalore,1,99
2026-07-12,instamart,63565,ahmedabad,1,189
2026-07-12,instamart,68254,bangalore,1,149
2026-07-12,instamart,63565,lonavla,1,189
2026-07-12,instamart,78553,allahabad,1,99
2026-07-12,instamart,63565,hyderabad,1,189
2026-07-12,instamart,18506,gurgaon,1,499
2026-07-12,instamart,18503,mumbai,1,99
2026-07-12,instamart,792937,bangalore,1,95
2026-07-12,instamart,18506,faridabad,1,499
2026-07-12,instamart,78553,bangalore,1,99
2026-07-12,instamart,18506,mumbai,2,998
2026-07-12,instamart,63565,bangalore,1,189
2026-07-12,instamart,18504,bangalore,1,319
2026-07-12,instamart,18503,hyderabad,1,99
2026-07-12,instamart,63565,bangalore,1,189
2026-07-12,instamart,18506,hyderabad,1,499
2026-07-12,instamart,18503,pune,1,99
2026-07-12,instamart,792937,hyderabad,1,95
2026-07-12,instamart,63565,hyderabad,1,189
2026-07-12,instamart,18503,central goa,3,297
2026-07-12,instamart,63565,gurgaon,1,189
2026-07-12,instamart,18503,bangalore,1,99
2026-07-12,instamart,792937,hubli,2,190
2026-07-12,instamart,18503,mumbai,1,99
2026-07-12,instamart,68254,chennai,1,149
2026-07-12,instamart,18503,pune,1,99
2026-07-12,instamart,792937,mumbai,2,190
2026-07-16,instamart,63565,delhi,1,189
2026-07-16,instamart,18503,bangalore,1,99
2026-07-16,instamart,18503,patna,1,99
2026-07-16,instamart,78553,noida 1,1,99
2026-07-16,instamart,78553,mysore,4,396
2026-07-16,instamart,18506,bangalore,1,499
2026-07-16,instamart,792937,hyderabad,2,190
2026-07-16,instamart,63565,chennai,1,189
2026-07-16,instamart,63565,chennai,2,378
2026-07-16,instamart,18503,pune,2,198
2026-07-16,instamart,18504,anantapur,1,319
2026-07-16,instamart,63565,chennai,1,189
2026-07-16,instamart,63565,ludhiana,1,189
2026-07-16,instamart,18506,chennai,2,998
2026-07-16,instamart,792937,bangalore,2,190
2026-07-16,instamart,68254,mumbai,2,298
2026-07-16,instamart,78553,bangalore,1,99
2026-07-16,instamart,792937,chennai,1,95
2026-07-16,instamart,78553,vijayawada,1,99
2026-07-16,instamart,18503,hyderabad,1,99
2026-07-16,instamart,18503,chennai,1,99
2026-07-16,instamart,63565,pune,1,189
2026-07-16,instamart,18503,chennai,1,99
2026-07-16,instamart,792937,gurgaon,2,190
2026-07-16,instamart,18504,chennai,2,638
2026-07-16,instamart,18503,gurgaon,1,99
2026-07-16,instamart,78553,chennai,1,99
2026-07-16,instamart,78553,varanasi,1,99
2026-07-16,instamart,68254,bangalore,1,149
2026-07-16,instamart,18503,bangalore,2,198
2026-07-16,instamart,68254,central goa,1,149
2026-07-16,instamart,18506,patna,1,499
2026-07-16,instamart,18503,bangalore,1,99
2026-07-16,instamart,63565,bangalore,1,189
2026-07-16,instamart,292876,moradabad,1,125
2026-07-16,instamart,792937,bangalore,2,190
2026-07-16,instamart,78553,bangalore,1,99
2026-07-16,instamart,792937,delhi,1,95
2026-07-16,instamart,18504,bangalore,1,319
2026-07-16,instamart,792937,bangalore,1,95
2026-07-16,instamart,78553,chennai,2,198
2026-07-16,instamart,78553,bangalore,1,99
2026-07-16,instamart,68254,hyderabad,1,149
2026-07-16,instamart,68254,vapi,1,149
2026-07-16,instamart,78553,central goa,1,99
2026-07-16,instamart,18503,bangalore,1,99
2026-07-16,instamart,792937,bangalore,1,95
2026-07-16,instamart,18504,thanjavur,1,319
2026-07-16,instamart,63565,bangalore,1,189
2026-07-16,instamart,197453,pune,1,169
2026-07-16,instamart,63565,bangalore,1,189
2026-07-16,instamart,63565,gurgaon,2,378
2026-07-16,instamart,78553,chennai,1,99
2026-07-16,instamart,18506,kolkata,2,998
2026-07-16,instamart,18503,mumbai,1,99
2026-07-16,instamart,18503,mumbai,1,99
2026-07-16,instamart,18506,bangalore,1,499
2026-07-16,instamart,197453,bangalore,1,169
2026-07-16,instamart,63565,kolkata,1,189
2026-07-16,instamart,18503,delhi,1,99
2026-07-16,instamart,18506,mumbai,1,499
2026-07-16,instamart,18504,kolkata,1,319
2026-07-16,instamart,78553,bangalore,1,99
2026-07-16,instamart,18503,tirupati,2,198
2026-07-08,instamart,18503,karimnagar,2,198
2026-07-08,instamart,63565,chennai,1,189
2026-07-08,instamart,792937,delhi,2,190
2026-07-08,instamart,78553,bangalore,1,99
2026-07-08,instamart,68254,pune,2,298
2026-07-08,instamart,197453,bangalore,1,169
2026-07-08,instamart,197453,bangalore,1,169
2026-07-08,instamart,63565,vadodara,1,189
2026-07-08,instamart,18504,chennai,1,319
2026-07-08,instamart,78553,bangalore,1,99
2026-07-08,instamart,792937,mumbai,1,95
2026-07-08,instamart,18506,dehradun,1,499
2026-07-08,instamart,78553,bangalore,1,99
2026-07-08,instamart,792937,bangalore,1,95
2026-07-08,instamart,63565,mumbai,2,378
2026-07-08,instamart,78553,bangalore,1,99
2026-07-08,instamart,18503,kochi,1,99
2026-07-08,instamart,78553,noida,1,99
2026-07-08,instamart,78553,chennai,1,99
2026-07-08,instamart,63565,mumbai,1,189
2026-07-08,instamart,792937,bangalore,1,95
2026-07-08,instamart,78553,mumbai,1,99
2026-07-08,instamart,78553,hyderabad,1,99
2026-07-08,instamart,78553,siliguri,3,297
2026-07-08,instamart,18503,chennai,3,297
2026-07-08,instamart,18503,aurangabad,1,99
2026-07-08,instamart,63565,gurgaon,1,189
2026-07-08,instamart,792937,delhi,1,95
2026-07-08,instamart,78553,bangalore,1,99
2026-07-08,instamart,63565,delhi,2,378
2026-07-08,instamart,68254,mumbai,1,149
2026-07-08,instamart,78553,bangalore,1,99
2026-07-08,instamart,68254,bangalore,3,447
2026-07-08,instamart,78553,bangalore,1,99
2026-07-08,instamart,18503,mumbai,1,99
2026-07-08,instamart,18504,mumbai,1,319
2026-07-08,instamart,68254,hyderabad,2,298
2026-07-08,instamart,68254,mumbai,1,149
2026-07-08,instamart,63565,gurgaon,1,189
2026-07-08,instamart,63565,mumbai,3,567
2026-07-08,instamart,18503,delhi,3,297
2026-07-08,instamart,18506,delhi,1,499
2026-07-08,instamart,197453,bangalore,1,169
2026-07-08,instamart,63565,bangalore,1,189
2026-07-08,instamart,18503,bangalore,1,99
2026-07-08,instamart,63565,kota,1,189
2026-07-08,instamart,18503,kochi,1,99
2026-07-08,instamart,792937,bangalore,1,95
2026-07-08,instamart,68254,mumbai,1,149
2026-07-08,instamart,18503,mysore,1,99
2026-07-08,instamart,197453,kozhikode,2,338
2026-07-08,instamart,18503,delhi,3,297
2026-07-08,instamart,792937,bangalore,3,285
2026-07-08,instamart,18503,pune,1,99
2026-07-08,instamart,78553,bhopal,1,99
2026-07-08,instamart,68254,bangalore,1,149
2026-07-08,instamart,78553,bangalore,1,99
2026-07-08,instamart,18504,kurnool,1,319
2026-07-08,instamart,18506,hyderabad,1,499
2026-07-08,instamart,63565,mumbai,5,945
2026-07-08,instamart,18506,ranchi,1,499
2026-07-08,instamart,63565,bangalore,1,189
2026-07-08,instamart,78553,bangalore,1,99
2026-07-08,instamart,68254,delhi,1,149
2026-07-08,instamart,68254,mumbai,1,149
2026-07-08,instamart,78553,bangalore,2,198
2026-07-08,instamart,18503,jaipur,1,99
2026-07-08,instamart,792937,chennai,2,190
2026-07-08,instamart,18503,chennai,1,99
2026-07-08,instamart,78553,kochi,1,99
2026-07-08,instamart,18503,chennai,1,99
2026-07-08,instamart,78553,bangalore,1,99
2026-07-08,instamart,18503,bangalore,1,99
2026-07-08,instamart,18503,delhi,1,99
2026-07-08,instamart,792937,bhubaneswar,1,95
2026-07-08,instamart,18503,pune,1,99
2026-07-08,instamart,18503,mumbai,1,99
2026-07-08,instamart,68254,chennai,1,149
2026-07-08,instamart,63565,bangalore,1,189
2026-07-08,instamart,792937,mumbai,1,95
2026-07-08,instamart,792937,gurgaon,1,95
2026-07-08,instamart,18503,hyderabad,1,99
2026-07-08,instamart,792937,mangaluru,2,190
2026-07-08,instamart,792937,mumbai,1,95
2026-07-08,instamart,18504,bangalore,1,319
2026-07-08,instamart,792937,bangalore,2,190
2026-07-08,instamart,792937,bangalore,1,95
2026-07-08,instamart,78553,bangalore,1,99
2026-07-08,instamart,78553,central goa,1,99
2026-07-08,instamart,18503,gurgaon,1,99
2026-07-08,instamart,63565,bangalore,3,567
2026-07-08,instamart,18504,bangalore,1,319
2026-07-08,instamart,68254,mumbai,2,298
2026-07-08,instamart,18504,pune,1,319
2026-07-08,instamart,792937,chennai,2,190
2026-07-08,instamart,78553,kochi,1,99
2026-07-08,instamart,18504,chennai,1,319
2026-07-08,instamart,63565,mumbai,2,378
2026-07-08,instamart,78553,rohtak,1,99
2026-07-08,instamart,78553,kollam,1,99
2026-07-08,instamart,792937,chennai,1,95
2026-07-08,instamart,18503,chennai,1,99
2026-07-08,instamart,18503,kochi,1,99
2026-07-08,instamart,63565,mumbai,1,189
2026-07-08,instamart,78553,bangalore,1,99
2026-07-08,instamart,63565,palakkad,1,189
2026-07-08,instamart,78553,kolhapur,2,198
2026-07-08,instamart,18503,bangalore,3,297
2026-07-08,instamart,78553,bangalore,1,99
2026-07-08,instamart,68254,chennai,1,149
2026-07-08,instamart,78553,pune,1,99
2026-07-08,instamart,18506,pune,1,499
2026-07-08,instamart,63565,pune,1,189
2026-07-08,instamart,18503,pune,2,198
2026-07-08,instamart,63565,bangalore,1,189
2026-07-08,instamart,63565,bangalore,1,189
2026-07-08,instamart,78553,bangalore,1,99
2026-07-08,instamart,292876,noida 1,1,125
2026-07-08,instamart,18504,vizag,1,319
2026-07-08,instamart,292876,bangalore,1,125
2026-07-08,instamart,78553,noida 1,1,99
2026-07-08,instamart,63565,chennai,2,378
2026-07-08,instamart,18503,mumbai,1,99
2026-07-08,instamart,18503,thrissur,1,99
2026-07-08,instamart,63565,bangalore,1,189
2026-07-08,instamart,63565,bangalore,1,189
2026-07-08,instamart,792937,mumbai,1,95
2026-07-08,instamart,68254,hyderabad,1,149
2026-07-08,instamart,792937,bangalore,2,190
2026-07-08,instamart,792937,delhi,1,99
2026-07-08,instamart,78553,hyderabad,1,99
2026-07-08,instamart,63565,mumbai,1,189
2026-07-08,instamart,63565,mumbai,2,378
2026-07-08,instamart,18504,bangalore,1,319
2026-07-08,instamart,78553,bangalore,1,99
2026-07-08,instamart,792937,bhubaneswar,1,95
2026-07-08,instamart,78553,bangalore,1,99
2026-07-08,instamart,18503,mumbai,1,99
2026-07-08,instamart,792937,mumbai,1,95
2026-07-08,instamart,18503,thiruvananthapuram,1,99
2026-07-08,instamart,63565,mumbai,2,378
2026-07-08,instamart,78553,mumbai,1,99
2026-07-08,instamart,68254,hyderabad,1,149
2026-07-08,instamart,78553,noida 1,1,99
2026-07-08,instamart,78553,bangalore,2,198
2026-07-08,instamart,18504,kozhikode,1,319
2026-07-08,instamart,18503,kochi,1,99
2026-07-08,instamart,18503,bangalore,1,99
2026-07-08,instamart,18506,bangalore,1,499
2026-07-08,instamart,197453,hyderabad,1,169
2026-07-08,instamart,63565,mumbai,3,567
2026-07-08,instamart,792937,delhi,3,285
2026-07-08,instamart,792937,delhi,1,95
2026-07-08,instamart,18503,gurgaon,2,198
2026-07-08,instamart,78553,bangalore,1,99
2026-07-08,instamart,292876,rohtak,1,125
2026-07-08,instamart,63565,nagpur,3,567
2026-07-08,instamart,792937,chennai,1,95
2026-07-08,instamart,63565,bangalore,1,189
2026-07-08,instamart,18503,bangalore,2,198
2026-07-08,instamart,792937,central goa,1,95
2026-07-08,instamart,78553,bangalore,1,99
2026-07-08,instamart,78553,kochi,1,99
2026-07-08,instamart,18503,delhi,1,99
2026-07-08,instamart,68254,delhi,1,149
2026-07-08,instamart,63565,bangalore,2,378
2026-07-08,instamart,78553,jaipur,2,198
2026-07-08,instamart,68254,pune,1,149
2026-07-08,instamart,792937,hyderabad,2,190
2026-07-08,instamart,63565,hyderabad,1,189
2026-07-08,instamart,18503,bilaspur,1,99
2026-07-08,instamart,68254,hyderabad,1,149
2026-07-08,instamart,78553,chennai,1,99
2026-07-08,instamart,792937,pune,1,95
2026-07-08,instamart,63565,mumbai,2,378
2026-07-08,instamart,78553,vizag,1,99
2026-07-08,instamart,18506,ahmedabad,1,499
2026-07-08,instamart,68254,hyderabad,1,149
2026-07-08,instamart,68254,hyderabad,1,149
2026-07-08,instamart,68254,bangalore,1,149
2026-07-08,instamart,68254,bangalore,1,149
2026-07-08,instamart,792937,bangalore,1,95
2026-07-08,instamart,18503,chennai,1,99
2026-07-08,instamart,68254,mumbai,1,149
2026-07-08,instamart,78553,kochi,1,99
2026-07-08,instamart,18503,bangalore,1,99
2026-07-08,instamart,78553,hyderabad,1,99
2026-07-08,instamart,18506,delhi,1,499
2026-07-08,instamart,792937,faridabad,1,95
2026-07-08,instamart,18503,mangaluru,1,99
2026-07-08,instamart,792937,bangalore,1,95
2026-07-08,instamart,63565,bangalore,1,189
2026-07-08,instamart,18506,delhi,1,499
2026-07-11,instamart,63565,noida 1,1,189
2026-07-11,instamart,68254,kolkata,1,149
2026-07-11,instamart,18506,mumbai,1,499
2026-07-11,instamart,792937,bangalore,1,95
2026-07-11,instamart,63565,bangalore,2,378
2026-07-12,instamart,18503,bangalore,3,297
2026-07-12,instamart,792937,mumbai,1,95
2026-07-12,instamart,63565,mumbai,1,189
2026-07-12,instamart,18503,delhi,1,99
2026-07-12,instamart,63565,saharanpur,1,189
2026-07-12,instamart,63565,chennai,1,189
2026-07-12,instamart,18503,bangalore,1,99
2026-07-12,instamart,18506,bangalore,1,499
2026-07-12,instamart,63565,mumbai,1,189
2026-07-12,instamart,18504,kozhikode,5,1595
2026-07-12,instamart,63565,bangalore,1,189
2026-07-12,instamart,63565,chennai,1,189
2026-07-12,instamart,78553,central goa,2,198
2026-07-12,instamart,18504,kochi,1,319
2026-07-12,instamart,18504,bangalore,1,319
2026-07-12,instamart,18503,mysore,1,99
2026-07-12,instamart,18503,mumbai,1,99
2026-07-12,instamart,63565,bangalore,1,189
2026-07-12,instamart,792937,kurnool,3,285
2026-07-12,instamart,68254,delhi,1,149
2026-07-12,instamart,792937,bangalore,1,95
2026-07-12,instamart,18503,bangalore,1,99
2026-07-12,instamart,78553,hyderabad,1,99
2026-07-12,instamart,18503,kochi,1,99
2026-07-12,instamart,63565,chennai,1,189
2026-07-12,instamart,18504,mumbai,1,319
2026-07-12,instamart,18503,mangaluru,1,99
2026-07-12,instamart,68254,mumbai,2,298
2026-07-12,instamart,63565,chennai,2,378
2026-07-12,instamart,792937,hyderabad,1,95
2026-07-12,instamart,63565,kanpur,1,189
2026-07-12,instamart,63565,lucknow,1,189
2026-07-12,instamart,68254,karur,1,149
2026-07-12,instamart,792937,noida 1,1,95
2026-07-12,instamart,63565,bangalore,2,378
2026-07-12,instamart,68254,chennai,2,298
2026-07-12,instamart,63565,bangalore,1,189
2026-07-12,instamart,18504,palakkad,1,319
2026-07-12,instamart,18506,chennai,1,499
2026-07-12,instamart,18504,kolkata,1,319
2026-07-12,instamart,18503,bangalore,1,99
2026-07-12,instamart,68254,lonavla,1,149
2026-07-12,instamart,68254,pune,1,149
2026-07-12,instamart,18504,mumbai,1,319
2026-07-12,instamart,78553,bangalore,2,198
2026-07-12,instamart,792937,chennai,3,285
2026-07-12,instamart,18503,hyderabad,1,99
2026-07-12,instamart,18503,mumbai,1,99
2026-07-12,instamart,78553,noida 1,1,99
2026-07-12,instamart,78553,mumbai,1,99
2026-07-12,instamart,18504,bangalore,1,319
2026-07-12,instamart,792937,bangalore,1,95
2026-07-12,instamart,792937,hyderabad,2,190
2026-07-12,instamart,18506,mumbai,2,998
2026-07-08,instamart,792937,hyderabad,3,285
2026-07-08,instamart,18503,patna,1,99
2026-07-08,instamart,18504,bangalore,1,319
2026-07-08,instamart,18504,bangalore,1,319
2026-07-08,instamart,18506,delhi,2,998
2026-07-08,instamart,78553,kochi,1,99
2026-07-08,instamart,63565,chennai,1,189
2026-07-08,instamart,63565,bangalore,1,189
2026-07-08,instamart,78553,bangalore,2,198
2026-07-08,instamart,18504,bangalore,1,319
2026-07-08,instamart,63565,chennai,1,189
2026-07-08,instamart,792937,mumbai,3,285
2026-07-08,instamart,18504,delhi,1,319
2026-07-08,instamart,792937,gurgaon,4,380
2026-07-08,instamart,63565,bangalore,1,189
2026-07-08,instamart,197453,pune,1,169
2026-07-08,instamart,792937,mumbai,1,95
2026-07-08,instamart,68254,rajkot,2,298
2026-07-08,instamart,63565,bangalore,2,378
2026-07-08,instamart,63565,bangalore,2,378
2026-07-08,instamart,63565,chennai,1,189
2026-07-08,instamart,78553,lucknow,1,99
2026-07-08,instamart,18503,hyderabad,1,99
2026-07-08,instamart,792937,mumbai,1,95
2026-07-08,instamart,197453,bangalore,1,169
2026-07-08,instamart,78553,pune,2,198
2026-07-08,instamart,18503,bangalore,1,99
2026-07-08,instamart,792937,pune,1,95
2026-07-08,instamart,63565,mumbai,1,189
2026-07-08,instamart,792937,hyderabad,1,95
2026-07-08,instamart,792937,bangalore,2,190
2026-07-08,instamart,197453,hyderabad,1,169
2026-07-08,instamart,792937,mumbai,1,95
2026-07-08,instamart,18506,bangalore,1,499
2026-07-08,instamart,792937,chennai,1,95
2026-07-08,instamart,78553,bangalore,1,99
2026-07-08,instamart,18504,chennai,2,638
2026-07-08,instamart,792937,nagpur,1,95
2026-07-08,instamart,792937,mysore,2,190
2026-07-08,instamart,18503,aurangabad,1,99
2026-07-08,instamart,63565,mumbai,2,378
2026-07-08,instamart,18504,bangalore,1,319
2026-07-08,instamart,18504,mumbai,1,319
2026-07-08,instamart,68254,hyderabad,1,149
2026-07-08,instamart,78553,chennai,1,99
2026-07-08,instamart,18506,delhi,2,998
2026-07-08,instamart,63565,mumbai,2,378
2026-07-08,instamart,792937,mumbai,1,95
2026-07-08,instamart,18506,bangalore,1,499
2026-07-08,instamart,68254,gurgaon,1,149
2026-07-08,instamart,68254,chennai,1,149
2026-07-08,instamart,18504,delhi,1,319
2026-07-08,instamart,18504,mumbai,1,319
2026-07-08,instamart,792937,noida 1,1,95
2026-07-08,instamart,18503,mumbai,1,99
2026-07-08,instamart,63565,pune,1,189
2026-07-08,instamart,792937,hyderabad,3,285
2026-07-08,instamart,792937,bhubaneswar,1,95
2026-07-08,instamart,792937,chennai,3,285
2026-07-08,instamart,18504,nellore,1,319
2026-07-08,instamart,792937,pune,1,95
2026-07-08,instamart,18504,hyderabad,1,319
2026-07-08,instamart,792937,ranchi,2,190
2026-07-08,instamart,792937,chennai,1,95
2026-07-08,instamart,792937,chennai,1,95
2026-07-08,instamart,792937,pune,1,95
2026-07-08,instamart,63565,faridabad,1,189
2026-07-08,instamart,78553,mumbai,1,99
2026-07-08,instamart,78553,silchar,1,99
2026-07-08,instamart,197453,bangalore,1,169
2026-07-08,instamart,18504,bangalore,1,319
2026-07-08,instamart,78553,mysore,1,99
2026-07-08,instamart,78553,kochi,1,99
2026-07-08,instamart,18506,bangalore,1,499
2026-07-08,instamart,18503,bangalore,1,99
2026-07-08,instamart,792937,bangalore,3,285
2026-07-08,instamart,63565,kolkata,1,189
2026-07-08,instamart,63565,bangalore,1,189
2026-07-08,instamart,792937,gurgaon,1,95
2026-07-08,instamart,63565,bangalore,1,189
2026-07-08,instamart,63565,vadodara,2,378
2026-07-08,instamart,78553,bangalore,1,99
2026-07-08,instamart,792937,bangalore,1,95
2026-07-08,instamart,63565,bangalore,2,378
2026-07-08,instamart,18503,chennai,1,99
2026-07-08,instamart,18503,bangalore,1,99
2026-07-08,instamart,18503,mysore,1,99
2026-07-08,instamart,63565,pune,2,378
2026-07-08,instamart,63565,ahmedabad,1,189
2026-07-08,instamart,78553,bangalore,1,99
2026-07-08,instamart,18503,bhubaneswar,1,99
2026-07-08,instamart,78553,noida,1,99
2026-07-08,instamart,792937,bangalore,1,95
2026-07-08,instamart,78553,ahmedabad,1,99
2026-07-08,instamart,18503,bangalore,1,99
2026-07-08,instamart,792937,ranchi,1,95
2026-07-08,instamart,792937,hyderabad,3,285
2026-07-08,instamart,18503,guwahati,1,99
2026-07-08,instamart,18504,kolkata,1,319
2026-07-08,instamart,18503,bangalore,1,99
2026-07-08,instamart,18503,pune,1,99
2026-07-08,instamart,78553,central goa,1,99
2026-07-08,instamart,292876,hyderabad,1,125
2026-07-08,instamart,18504,mumbai,2,638
2026-07-08,instamart,18503,kolkata,2,198
2026-07-08,instamart,78553,kochi,1,99
2026-07-08,instamart,68254,warangal,1,149
2026-07-08,instamart,18503,mumbai,1,99
2026-07-08,instamart,18506,pune,3,1497
2026-07-08,instamart,78553,mysore,1,99
2026-07-08,instamart,78553,bangalore,2,198
2026-07-08,instamart,792937,bhubaneswar,1,95
2026-07-08,instamart,68254,udaipur,1,149
2026-07-08,instamart,18503,pune,1,99
2026-07-08,instamart,78553,bangalore,1,99
2026-07-08,instamart,63565,surat,3,567
2026-07-08,instamart,18503,kochi,1,99
2026-07-19,instamart,78553,kota,1,99
2026-07-19,instamart,78553,vadodara,1,99
2026-07-19,instamart,78553,guntur,1,99
2026-07-19,instamart,792937,gurgaon,1,95
2026-07-19,instamart,792937,mumbai,2,190
2026-07-19,instamart,63565,lonavla,2,378
2026-07-19,instamart,63565,chennai,2,378
2026-07-19,instamart,18504,coimbatore,1,319
2026-07-19,instamart,68254,chennai,2,298
2026-07-19,instamart,68254,bangalore,2,298
2026-07-19,instamart,18503,patna,1,99
2026-07-19,instamart,18503,hyderabad,1,99
2026-07-19,instamart,78553,guntur,1,99
2026-07-19,instamart,78553,mumbai,2,198
2026-07-19,instamart,18503,patna,1,99
2026-07-19,instamart,792937,bangalore,4,380
2026-07-20,instamart,63565,lucknow,1,189
2026-07-20,instamart,63565,bangalore,1,189
2026-07-20,instamart,792937,mumbai,1,95
2026-07-20,instamart,792937,chennai,3,285
2026-07-20,instamart,18503,gurgaon,1,99
2026-07-20,instamart,78553,bangalore,1,99
2026-07-20,instamart,78553,bangalore,1,99
2026-07-20,instamart,78553,bangalore,1,99
2026-07-20,instamart,63565,delhi,1,189
2026-07-20,instamart,78553,bangalore,1,99
2026-07-20,instamart,18504,bangalore,1,319
2026-07-20,instamart,78553,central goa,1,99
2026-07-20,instamart,792937,hyderabad,1,95
2026-07-20,instamart,18504,vizag,1,319
2026-07-20,instamart,18503,pune,1,99
2026-07-20,instamart,18504,kochi,2,638
2026-07-20,instamart,63565,delhi,1,189
2026-07-20,instamart,792937,bangalore,1,95
2026-07-20,instamart,18504,vizag,1,319
2026-07-20,instamart,63565,chennai,1,189
2026-07-20,instamart,18503,bangalore,1,99
2026-07-20,instamart,68254,bangalore,2,298
2026-07-20,instamart,78553,manipal,3,297
2026-07-20,instamart,18504,bangalore,1,319
2026-07-20,instamart,78553,bhopal,1,99
2026-07-20,instamart,78553,chennai,1,99
2026-07-20,instamart,792937,bangalore,1,95
2026-07-20,instamart,78553,noida 1,1,99
2026-07-20,instamart,78553,central goa,1,99
2026-07-20,instamart,18504,kozhikode,1,319
2026-07-15,instamart,78553,vizag,1,99
2026-07-15,instamart,68254,mumbai,2,298
2026-07-15,instamart,792937,hyderabad,1,95
2026-07-15,instamart,78553,bangalore,1,99
2026-07-15,instamart,63565,delhi,1,189
2026-07-15,instamart,18504,tirunelveli,1,319
2026-07-15,instamart,792937,hyderabad,1,95
2026-07-15,instamart,18503,vadodara,1,99
2026-07-15,instamart,63565,khammam,1,189
2026-07-15,instamart,792937,chennai,1,95
2026-07-15,instamart,18503,hubli,1,99
2026-07-15,instamart,18503,vellore,1,99
2026-07-15,instamart,63565,surat,1,189
2026-07-15,instamart,18506,bangalore,1,499
2026-07-15,instamart,18503,mangaluru,1,99
2026-07-15,instamart,78553,chennai,4,396
2026-07-15,instamart,792937,delhi,2,190
2026-07-15,instamart,63565,lucknow,1,189
2026-07-15,instamart,792937,chennai,1,95
2026-07-15,instamart,63565,delhi,2,378
2026-07-15,instamart,78553,mysore,1,99
2026-07-15,instamart,63565,bangalore,2,378
2026-07-15,instamart,63565,mumbai,2,378
2026-07-15,instamart,18503,pune,1,99
2026-07-15,instamart,18503,hyderabad,1,99
2026-07-15,instamart,792937,bangalore,1,95
2026-07-15,instamart,792937,ranchi,1,95
2026-07-15,instamart,792937,gurgaon,1,95
2026-07-15,instamart,78553,bangalore,1,99
2026-07-15,instamart,78553,central goa,1,99
2026-07-15,instamart,18506,delhi,1,499
2026-07-15,instamart,792937,bangalore,2,190
2026-07-15,instamart,18503,chennai,1,99
2026-07-15,instamart,63565,bangalore,1,189
2026-07-15,instamart,792937,chennai,1,95
2026-07-15,instamart,78553,pune,1,99
2026-07-15,instamart,792937,mumbai,2,190
2026-07-15,instamart,18503,gurgaon,1,99
2026-07-15,instamart,63565,bangalore,1,189
2026-07-15,instamart,18504,bangalore,1,319
2026-07-15,instamart,18506,kolkata,1,499
2026-07-15,instamart,78553,mumbai,1,99
2026-07-15,instamart,18506,bangalore,1,499
2026-07-15,instamart,792937,mumbai,2,190
2026-07-15,instamart,78553,bangalore,1,99
2026-07-15,instamart,78553,ahmedabad,2,198
2026-07-15,instamart,68254,bangalore,2,298
2026-07-15,instamart,63565,hyderabad,2,378
2026-07-15,instamart,792937,bangalore,1,95
2026-07-15,instamart,68254,madurai,1,149
2026-07-15,instamart,792937,chennai,1,95
2026-07-15,instamart,18504,pune,1,319
2026-07-15,instamart,18504,kolkata,1,319
2026-07-15,instamart,78553,vijayawada,2,198
2026-07-15,instamart,63565,chennai,1,189
2026-07-15,instamart,78553,chennai,1,99
2026-07-15,instamart,18504,thrissur,1,319
2026-07-15,instamart,78553,bangalore,3,297
2026-07-15,instamart,792937,bangalore,2,190
2026-07-15,instamart,63565,bangalore,1,189
2026-07-15,instamart,78553,bangalore,1,99
2026-07-15,instamart,63565,pune,1,189
2026-07-15,instamart,68254,mumbai,1,149
2026-07-15,instamart,792937,chennai,1,95
2026-07-15,instamart,18503,bangalore,1,99
2026-07-15,instamart,18503,bangalore,2,198
2026-07-15,instamart,18503,kolkata,2,198
2026-07-15,instamart,18503,pune,1,99
2026-07-15,instamart,18504,chennai,1,319
2026-07-15,instamart,78553,noida,1,99
2026-07-15,instamart,68254,hyderabad,1,149
2026-07-15,instamart,18503,jalandhar,1,99
2026-07-15,instamart,68254,chennai,1,149
2026-07-15,instamart,792937,mumbai,1,95
2026-07-15,instamart,18503,bangalore,1,99
2026-07-15,instamart,197453,bangalore,2,338
2026-07-15,instamart,792937,mangaluru,1,95
2026-07-15,instamart,792937,delhi,3,285
2026-07-15,instamart,18503,chennai,1,99
2026-07-15,instamart,68254,chennai,1,149
2026-07-15,instamart,63565,chandigarh,1,189
2026-07-15,instamart,78553,vijayawada,2,198
2026-07-15,instamart,792937,bangalore,2,190
2026-07-15,instamart,792937,bangalore,2,190
2026-07-15,instamart,68254,mumbai,1,149
2026-07-15,instamart,78553,bangalore,1,99
2026-07-15,instamart,63565,pune,2,378
2026-07-15,instamart,18503,kolkata,1,99
2026-07-15,instamart,18504,vizag,1,319
2026-07-15,instamart,63565,chennai,1,189
2026-07-15,instamart,792937,chennai,2,190
2026-07-15,instamart,68254,bangalore,1,149
2026-07-15,instamart,18506,pune,1,499
2026-07-15,instamart,792937,hyderabad,1,95
2026-07-15,instamart,78553,bangalore,1,99
2026-07-15,instamart,792937,mumbai,1,95
2026-07-15,instamart,792937,bangalore,1,95
2026-07-15,instamart,792937,hyderabad,1,95
2026-07-15,instamart,68254,bangalore,1,149
2026-07-15,instamart,63565,mumbai,1,189
2026-07-15,instamart,792937,mumbai,2,190
2026-07-15,instamart,18504,mumbai,1,319
2026-07-15,instamart,18504,mumbai,1,319
2026-07-15,instamart,57850,kochi,1,109
2026-07-15,instamart,68254,chennai,1,149
2026-07-15,instamart,792937,delhi,1,95
2026-07-15,instamart,18503,noida 1,1,99
2026-07-15,instamart,18503,vadodara,1,99
2026-07-15,instamart,68254,bangalore,3,447
2026-07-15,instamart,18503,kolkata,1,99
2026-07-15,instamart,18506,kanpur,1,499
2026-07-15,instamart,68254,chennai,2,298
2026-07-15,instamart,63565,mumbai,1,189
2026-07-15,instamart,18504,mumbai,2,638
2026-07-15,instamart,63565,bangalore,2,378
2026-07-15,instamart,63565,hyderabad,1,189
2026-07-15,instamart,197453,hyderabad,2,338
2026-07-12,instamart,792937,jaipur,1,95
2026-07-12,instamart,18504,mumbai,1,319
2026-07-12,instamart,78553,bangalore,1,99
2026-07-12,instamart,78553,bhubaneswar,1,99
2026-07-12,instamart,63565,bangalore,1,189
2026-07-12,instamart,18503,chennai,1,99
2026-07-12,instamart,78553,kochi,1,99
2026-07-12,instamart,792937,bangalore,1,95
2026-07-12,instamart,18504,mumbai,1,319
2026-07-12,instamart,18503,chennai,3,297
2026-07-12,instamart,78553,ahmedabad,2,198
2026-07-12,instamart,792937,hyderabad,1,95
2026-07-12,instamart,18503,mumbai,1,99
2026-07-12,instamart,68254,kochi,1,149
2026-07-12,instamart,18504,central goa,1,319
2026-07-12,instamart,63565,bangalore,1,189
2026-07-12,instamart,68254,mumbai,1,149
2026-07-12,instamart,18506,vapi,1,499
2026-07-12,instamart,68254,gurgaon,1,149
2026-07-12,instamart,18503,kochi,1,99
2026-07-12,instamart,18506,mumbai,1,499
2026-07-12,instamart,63565,chennai,1,189
2026-07-12,instamart,63565,bangalore,1,189
2026-07-12,instamart,18504,delhi,2,638
2026-07-12,instamart,63565,ahmedabad,1,189
2026-07-12,instamart,18504,kozhikode,2,638
2026-07-12,instamart,792937,bangalore,1,95
2026-07-12,instamart,18506,mumbai,1,499
2026-07-12,instamart,78553,pune,1,99
2026-07-12,instamart,63565,mumbai,1,189
2026-07-14,instamart,63565,bangalore,1,189
2026-07-14,instamart,68254,gurgaon,1,149
2026-07-14,instamart,63565,mumbai,1,189
2026-07-14,instamart,792937,bangalore,1,95
2026-07-14,instamart,18503,hyderabad,1,99
2026-07-14,instamart,63565,pune,1,189
2026-07-14,instamart,18503,mumbai,1,99
2026-07-14,instamart,18504,chennai,1,319
2026-07-14,instamart,18504,thrissur,2,638
2026-07-14,instamart,18504,mumbai,1,319
2026-07-14,instamart,18503,chennai,1,99
2026-07-14,instamart,78553,pune,1,99
2026-07-14,instamart,68254,mumbai,1,149
2026-07-14,instamart,792937,bangalore,2,190
2026-07-14,instamart,78553,bangalore,2,198
2026-07-14,instamart,792937,gwalior,1,95
2026-07-14,instamart,68254,chennai,1,149
2026-07-14,instamart,18504,coimbatore,1,319
2026-07-14,instamart,68254,central goa,1,149
2026-07-14,instamart,18503,jaipur,1,99
2026-07-14,instamart,78553,bangalore,1,99
2026-07-14,instamart,63565,delhi,1,189
2026-07-14,instamart,63565,bangalore,1,189
2026-07-19,instamart,18504,bangalore,1,319
2026-07-19,instamart,78553,guntur,1,99
2026-07-19,instamart,18503,hyderabad,1,99
2026-07-19,instamart,18503,bangalore,1,99
2026-07-19,instamart,18504,chennai,1,319
2026-07-19,instamart,63565,delhi,1,189
2026-07-19,instamart,18503,kolkata,3,297
2026-07-19,instamart,68254,bangalore,1,149
2026-07-19,instamart,68254,kochi,1,149
2026-07-19,instamart,63565,bangalore,1,189
2026-07-19,instamart,63565,chandigarh,1,189
2026-07-19,instamart,68254,bangalore,2,298
2026-07-19,instamart,63565,pune,1,189
2026-07-19,instamart,18503,pune,1,99
2026-07-19,instamart,78553,bangalore,1,99
2026-07-19,instamart,78553,bangalore,2,198
2026-07-19,instamart,63565,bangalore,1,189
2026-07-19,instamart,78553,bangalore,1,99
2026-07-19,instamart,792937,bangalore,1,95
2026-07-20,instamart,792937,bangalore,1,95
2026-07-20,instamart,63565,mumbai,1,189
2026-07-20,instamart,78553,kakinada,1,99
2026-07-20,instamart,18506,manipal,1,499
2026-07-20,instamart,792937,delhi,1,95
2026-07-20,instamart,78553,bangalore,1,99
2026-07-20,instamart,78553,vadodara,1,99
2026-07-20,instamart,792937,delhi,1,95
2026-07-20,instamart,68254,hyderabad,1,149
2026-07-20,instamart,78553,chennai,1,99
2026-07-20,instamart,78553,bangalore,2,198
2026-07-20,instamart,78553,mumbai,1,99
2026-07-20,instamart,63565,hyderabad,1,189
2026-07-20,instamart,792937,bangalore,1,95
2026-07-20,instamart,78553,ludhiana,1,99
2026-07-20,instamart,792937,noida 1,1,95
2026-07-20,instamart,792937,chennai,6,570
2026-07-20,instamart,18504,bangalore,1,319
2026-07-20,instamart,78553,mysore,2,198
2026-07-20,instamart,63565,kanpur,1,189
2026-07-20,instamart,63565,ludhiana,1,189
2026-07-20,instamart,18504,guntur,1,319
2026-07-20,instamart,18503,bangalore,1,99
2026-07-20,instamart,18503,delhi,1,99
2026-07-20,instamart,78553,mumbai,2,198
2026-07-20,instamart,18504,hyderabad,1,319
2026-07-20,instamart,197453,hyderabad,1,169
2026-07-20,instamart,78553,mumbai,1,99
2026-07-20,instamart,18504,madurai,2,638
2026-07-20,instamart,63565,kolkata,1,189
2026-07-20,instamart,792937,bhubaneswar,3,285
2026-07-20,instamart,18503,patna,1,99
2026-07-20,instamart,57850,bangalore,1,109
2026-07-20,instamart,68254,hyderabad,1,149
2026-07-20,instamart,18506,delhi,3,1497
2026-07-20,instamart,18503,kolkata,1,99
2026-07-20,instamart,68254,shivamogga,1,149
2026-07-20,instamart,18504,coimbatore,1,319
2026-07-20,instamart,68254,gurgaon,1,149
2026-07-20,instamart,63565,bangalore,2,378
2026-07-20,instamart,292876,patna,1,125
2026-07-20,instamart,78553,central goa,1,99
2026-07-20,instamart,68254,mumbai,1,149
2026-07-20,instamart,792937,bangalore,2,190
2026-07-20,instamart,57850,thiruvananthapuram,1,109
2026-07-20,instamart,68254,mumbai,1,149
2026-07-20,instamart,18503,bangalore,3,297
2026-07-20,instamart,792937,mumbai,1,95
2026-07-20,instamart,18503,patna,1,99
2026-07-20,instamart,18506,mumbai,1,499
2026-07-20,instamart,18504,chennai,1,319
2026-07-20,instamart,792937,chennai,2,190
2026-07-20,instamart,18504,chennai,1,319
2026-07-20,instamart,18506,pune,1,499
2026-07-20,instamart,792937,bangalore,1,95
2026-07-20,instamart,18503,noida 1,1,99
2026-07-20,instamart,63565,bangalore,1,189
2026-07-20,instamart,18503,chennai,1,99
2026-07-20,instamart,792937,chennai,1,95
2026-07-20,instamart,792937,bangalore,3,285
2026-07-20,instamart,18504,mumbai,1,319
2026-07-12,instamart,18504,pune,1,319
2026-07-12,instamart,18504,tirupati,1,319
2026-07-12,instamart,68254,ajmer,1,149
2026-07-12,instamart,18503,mangaluru,1,99
2026-07-12,instamart,18503,delhi,1,99
2026-07-12,instamart,792937,hyderabad,1,95
2026-07-12,instamart,68254,chennai,1,149
2026-07-12,instamart,18503,hyderabad,3,297
2026-07-12,instamart,792937,bangalore,1,95
2026-07-12,instamart,18503,chennai,1,99
2026-07-12,instamart,78553,chandigarh,1,99
2026-07-12,instamart,63565,mumbai,2,378
2026-07-12,instamart,18503,kolkata,1,99
2026-07-12,instamart,18503,surat,1,99
2026-07-12,instamart,18503,nashik,1,99
2026-07-12,instamart,292876,bangalore,1,125
2026-07-12,instamart,18506,chennai,2,998
2026-07-12,instamart,18504,mumbai,1,319
2026-07-12,instamart,78553,chennai,1,99
2026-07-12,instamart,68254,chennai,1,149
2026-07-12,instamart,78553,vadodara,2,198
2026-07-12,instamart,18503,chennai,2,198
2026-07-12,instamart,63565,delhi,2,378
2026-07-12,instamart,18506,patna,1,499
2026-07-12,instamart,63565,chandigarh,1,189
2026-07-12,instamart,18503,mumbai,1,99
2026-07-12,instamart,18504,bangalore,1,319
2026-07-12,instamart,792937,bangalore,1,95
2026-07-12,instamart,18503,bangalore,1,99
2026-07-12,instamart,18503,vellore,1,99
2026-07-12,instamart,18503,hyderabad,2,198
2026-07-12,instamart,78553,kochi,1,99
2026-07-12,instamart,792937,noida 1,1,95
2026-07-12,instamart,78553,bangalore,1,99
2026-07-12,instamart,63565,bangalore,1,189
2026-07-12,instamart,63565,kanpur,1,189
2026-07-12,instamart,18506,mumbai,2,998
2026-07-12,instamart,68254,chennai,2,298
2026-07-12,instamart,63565,kolkata,1,189
2026-07-12,instamart,18503,jaipur,1,99
2026-07-12,instamart,792937,bangalore,1,95
2026-07-12,instamart,18503,hyderabad,1,99
2026-07-12,instamart,57850,vijayawada,1,109
2026-07-12,instamart,63565,dehradun,1,189
2026-07-12,instamart,18504,vellore,1,319
2026-07-12,instamart,792937,gurgaon,1,95
2026-07-12,instamart,78553,bangalore,1,99
2026-07-12,instamart,18504,hyderabad,1,319
2026-07-12,instamart,18506,mumbai,4,1996
2026-07-12,instamart,792937,mangaluru,1,95
2026-07-12,instamart,18503,pune,1,99
2026-07-12,instamart,63565,bangalore,1,189
2026-07-12,instamart,63565,pune,1,189
2026-07-12,instamart,63565,pune,1,189
2026-07-12,instamart,78553,central goa,1,99
2026-07-12,instamart,68254,pune,1,149
2026-07-12,instamart,63565,bangalore,1,189
2026-07-12,instamart,78553,central goa,1,99
2026-07-12,instamart,18506,mumbai,1,499
2026-07-12,instamart,18506,bangalore,1,499
2026-07-12,instamart,18504,erode,1,319
2026-07-12,instamart,18504,chennai,1,319
2026-07-12,instamart,792937,chennai,1,95
2026-07-12,instamart,18503,pune,2,198
2026-07-12,instamart,78553,central goa,1,99
2026-07-12,instamart,792937,bangalore,1,95
2026-07-12,instamart,197453,bangalore,1,169
2026-07-12,instamart,78553,rajahmundry,1,99
2026-07-12,instamart,78553,bangalore,2,198
2026-07-11,instamart,63565,bangalore,2,378
2026-07-11,instamart,63565,bangalore,1,189
2026-07-11,instamart,18506,pune,1,499
2026-07-11,instamart,18503,chennai,1,99
2026-07-11,instamart,792937,bangalore,1,95
2026-07-11,instamart,792937,hyderabad,1,95
2026-07-11,instamart,63565,panipat,3,567
2026-07-11,instamart,78553,mysore,1,99
2026-07-11,instamart,792937,bangalore,2,190
2026-07-13,instamart,78553,agra,3,297
2026-07-13,instamart,18503,hyderabad,3,297
2026-07-13,instamart,63565,kottayam,1,189
2026-07-13,instamart,18503,bangalore,1,99
2026-07-13,instamart,18504,bangalore,1,319
2026-07-13,instamart,68254,mumbai,1,149
2026-07-13,instamart,292876,belgaum,1,125
2026-07-13,instamart,78553,vijayawada,2,198
2026-07-13,instamart,78553,hyderabad,1,99
2026-07-13,instamart,63565,coimbatore,1,189
2026-07-13,instamart,63565,delhi,1,189
2026-07-13,instamart,63565,noida,1,189
2026-07-13,instamart,18506,kolkata,1,499
2026-07-13,instamart,18504,mumbai,1,319
2026-07-13,instamart,63565,bangalore,4,756
2026-07-13,instamart,792937,chennai,2,190
2026-07-13,instamart,18503,chennai,2,198
2026-07-13,instamart,63565,hyderabad,1,189
2026-07-13,instamart,292876,patna,1,125
2026-07-13,instamart,63565,pune,1,189
2026-07-13,instamart,68254,hyderabad,1,149
2026-07-13,instamart,78553,bangalore,1,99
2026-07-13,instamart,18506,bangalore,1,499
2026-07-13,instamart,63565,mumbai,1,189
2026-07-13,instamart,63565,chennai,2,378
2026-07-13,instamart,68254,dehradun,1,149
2026-07-13,instamart,78553,hyderabad,1,99
2026-07-13,instamart,18504,mumbai,1,319
2026-07-13,instamart,18503,ludhiana,1,99
2026-07-13,instamart,68254,hyderabad,1,149
2026-07-13,instamart,792937,bangalore,2,190
2026-07-13,instamart,63565,chennai,1,189
2026-07-13,instamart,78553,central goa,1,99
2026-07-13,instamart,18504,mumbai,1,319
2026-07-13,instamart,68254,chennai,1,149
2026-07-13,instamart,18503,chennai,1,99
2026-07-14,instamart,18504,bangalore,1,319
2026-07-14,instamart,197453,karur,1,169
2026-07-14,instamart,18503,pune,1,99
2026-07-14,instamart,63565,delhi,2,378
2026-07-14,instamart,18503,noida 1,1,99
2026-07-14,instamart,63565,chennai,1,189
2026-07-14,instamart,792937,mysore,1,95
2026-07-14,instamart,78553,hyderabad,1,99
2026-07-14,instamart,63565,faridabad,2,378
2026-07-20,instamart,68254,bangalore,1,149
2026-07-20,instamart,78553,mumbai,1,99
2026-07-20,instamart,78553,chennai,1,99
2026-07-20,instamart,78553,lucknow,1,99
2026-07-20,instamart,18503,lucknow,1,99
2026-07-20,instamart,78553,shivamogga,2,198
2026-07-20,instamart,78553,central goa,1,99
2026-07-20,instamart,78553,bangalore,1,99
2026-07-20,instamart,18503,chennai,1,99
2026-07-20,instamart,197453,delhi,1,169
2026-07-20,instamart,792937,delhi,1,95
2026-07-20,instamart,792937,bangalore,1,95
2026-07-20,instamart,18506,bhubaneswar,1,499
2026-07-20,instamart,78553,pune,1,99
2026-07-20,instamart,18503,bangalore,1,99
2026-07-20,instamart,63565,coimbatore,1,189
2026-07-20,instamart,792937,bangalore,1,95
2026-07-20,instamart,18503,bangalore,1,99
2026-07-20,instamart,792937,hyderabad,1,95
2026-07-20,instamart,18503,bangalore,2,198
2026-07-20,instamart,792937,bangalore,2,190
2026-07-20,instamart,68254,saharanpur,1,149
2026-07-20,instamart,18506,kolkata,1,499
2026-07-20,instamart,63565,bangalore,2,378
2026-07-20,instamart,18504,chennai,1,319
2026-07-20,instamart,292876,bangalore,1,125
2026-07-20,instamart,68254,bangalore,1,149
2026-07-20,instamart,792937,pune,1,95
2026-07-20,instamart,63565,pune,1,189
2026-07-20,instamart,68254,thrissur,1,149
2026-07-20,instamart,792937,gurgaon,1,95
2026-07-20,instamart,18506,mumbai,1,499
2026-07-20,instamart,68254,mumbai,1,149
2026-07-20,instamart,78553,vapi,1,99
2026-07-20,instamart,63565,chennai,2,378
2026-07-20,instamart,78553,bangalore,1,99
2026-07-20,instamart,18506,bangalore,2,998
2026-07-20,instamart,792937,chennai,2,190
2026-07-20,instamart,68254,chennai,1,149
2026-07-20,instamart,18506,kolhapur,1,499
2026-07-20,instamart,18504,hyderabad,1,319
2026-07-20,instamart,792937,bangalore,2,190
2026-07-20,instamart,78553,ambala,1,99
2026-07-20,instamart,78553,bangalore,1,99
2026-07-20,instamart,63565,pune,3,567
2026-07-20,instamart,18504,hyderabad,1,319
2026-07-19,instamart,792937,hyderabad,1,95
2026-07-19,instamart,78553,bangalore,1,99
2026-07-19,instamart,18504,bangalore,1,319
2026-07-19,instamart,78553,belgaum,1,99
2026-07-19,instamart,792937,chennai,1,95
2026-07-19,instamart,792937,bangalore,1,95
2026-07-19,instamart,18503,chennai,1,99
2026-07-19,instamart,78553,vadodara,2,198
2026-07-19,instamart,18503,hyderabad,1,99
2026-07-19,instamart,18503,chennai,1,99
2026-07-19,instamart,18503,chennai,1,99
2026-07-19,instamart,18503,hyderabad,1,99
2026-07-19,instamart,18504,mumbai,1,319
2026-07-19,instamart,18506,kochi,1,499
2026-07-20,instamart,63565,mumbai,1,189
2026-07-20,instamart,792937,mumbai,1,95
2026-07-20,instamart,792937,mumbai,1,95
2026-07-20,instamart,792937,bhubaneswar,2,190
2026-07-20,instamart,78553,ahmedabad,1,99
2026-07-20,instamart,63565,bangalore,1,189
2026-07-20,instamart,63565,bangalore,1,189
2026-07-20,instamart,18506,chennai,1,499
2026-07-20,instamart,68254,bangalore,2,298
2026-07-20,instamart,63565,bangalore,1,189
2026-07-20,instamart,78553,vadodara,1,99
2026-07-20,instamart,78553,bangalore,2,198
2026-07-20,instamart,63565,bangalore,1,189
2026-07-20,instamart,78553,shivamogga,1,99
2026-07-20,instamart,63565,mangaluru,1,189
2026-07-20,instamart,63565,pune,1,189
2026-07-20,instamart,18503,hyderabad,1,99
2026-07-20,instamart,78553,chennai,1,99
2026-07-20,instamart,792937,central goa,1,95
2026-07-20,instamart,63565,bangalore,1,189
2026-07-20,instamart,63565,hubli,1,189
2026-07-20,instamart,18503,chennai,1,99
2026-07-20,instamart,63565,pune,2,378
2026-07-20,instamart,63565,chennai,2,378
2026-07-20,instamart,78553,chennai,1,99
2026-07-20,instamart,78553,vijayawada,1,99
2026-07-20,instamart,18503,hyderabad,2,198
2026-07-20,instamart,792937,mumbai,1,95
2026-07-20,instamart,292876,bangalore,1,125
2026-07-20,instamart,18503,central goa,1,99
2026-07-20,instamart,78553,pune,1,99
2026-07-20,instamart,18503,hyderabad,1,99
2026-07-20,instamart,68254,central goa,1,149
2026-07-23,instamart,68254,hyderabad,1,149
2026-07-23,instamart,18503,bangalore,1,99
2026-07-23,instamart,18503,chennai,1,99
2026-07-23,instamart,78553,pune,2,198
2026-07-23,instamart,78553,mumbai,2,198
2026-07-23,instamart,68254,chennai,2,298
2026-07-23,instamart,18503,delhi,3,297
2026-07-23,instamart,792937,chennai,1,95
2026-07-23,instamart,18506,delhi,2,998
2026-07-23,instamart,292876,delhi,1,125
2026-07-23,instamart,792937,bangalore,1,95
2026-07-23,instamart,78553,bangalore,1,99
2026-07-23,instamart,63565,chennai,1,189
2026-07-23,instamart,78553,mumbai,2,198
2026-07-23,instamart,792937,noida,1,95
2026-07-23,instamart,78553,mumbai,1,99
2026-07-23,instamart,63565,bangalore,1,189
2026-07-23,instamart,792937,bangalore,1,95
2026-07-23,instamart,78553,mumbai,1,99
2026-07-23,instamart,18503,gurgaon,1,99
2026-07-23,instamart,78553,mumbai,2,198
2026-07-23,instamart,18503,chennai,1,99
2026-07-23,instamart,63565,hyderabad,1,189
2026-07-23,instamart,18504,eluru,1,319
2026-07-23,instamart,18503,hyderabad,1,99
2026-07-23,instamart,792937,delhi,1,95
2026-07-23,instamart,18503,hyderabad,3,297
2026-07-23,instamart,68254,bangalore,2,298
2026-07-17,instamart,78553,pune,1,99
2026-07-18,instamart,18506,pune,1,499
2026-07-18,instamart,18503,pune,1,99
2026-07-18,instamart,18504,bangalore,1,319
2026-07-18,instamart,792937,bangalore,1,95
2026-07-18,instamart,78553,central goa,3,297
2026-07-18,instamart,792937,warangal,3,285
2026-07-18,instamart,197453,pune,1,169
2026-07-18,instamart,68254,lonavla,1,149
2026-07-18,instamart,18506,hyderabad,1,499
2026-07-18,instamart,792937,hyderabad,2,190
2026-07-18,instamart,18503,hyderabad,1,99
2026-07-18,instamart,63565,hyderabad,1,189
2026-07-18,instamart,18504,chennai,1,319
2026-07-18,instamart,18503,chennai,1,99
2026-07-18,instamart,18503,bangalore,3,297
2026-07-18,instamart,18504,bangalore,1,319
2026-07-18,instamart,63565,warangal,1,189
2026-07-18,instamart,197453,bangalore,1,169
2026-07-18,instamart,63565,bangalore,1,189
2026-07-18,instamart,78553,noida 1,1,99
2026-07-18,instamart,18503,chennai,1,99
2026-07-18,instamart,68254,hyderabad,1,149
2026-07-18,instamart,792937,bangalore,1,95
2026-07-18,instamart,63565,bangalore,1,189
2026-07-18,instamart,68254,delhi,1,149
2026-07-18,instamart,78553,mumbai,1,99
2026-07-18,instamart,78553,pune,1,99
2026-07-18,instamart,63565,chennai,2,378
2026-07-18,instamart,63565,bangalore,2,378
2026-07-18,instamart,68254,mumbai,1,149
2026-07-18,instamart,792937,mumbai,1,95
2026-07-18,instamart,197453,bangalore,1,169
2026-07-18,instamart,18503,hyderabad,1,99
2026-07-18,instamart,18503,chennai,1,99
2026-07-18,instamart,18506,ahmedabad,1,499
2026-07-18,instamart,78553,bangalore,1,99
2026-07-18,instamart,18504,mumbai,2,638
2026-07-18,instamart,18503,bangalore,3,297
2026-07-18,instamart,63565,mumbai,2,378
2026-07-18,instamart,63565,pune,1,189
2026-07-18,instamart,18503,bangalore,1,99
2026-07-18,instamart,78553,vijayawada,1,99
2026-07-18,instamart,792937,noida,1,95
2026-07-18,instamart,18503,delhi,1,99
2026-07-18,instamart,18506,mumbai,1,499
2026-07-18,instamart,18506,bangalore,1,499
2026-07-18,instamart,18506,bangalore,1,499
2026-07-18,instamart,18504,bangalore,2,638
2026-07-18,instamart,792937,pune,1,95
2026-07-18,instamart,792937,mumbai,1,95
2026-07-18,instamart,63565,mumbai,2,378
2026-07-18,instamart,792937,bangalore,2,190
2026-07-18,instamart,63565,bangalore,1,189
2026-07-18,instamart,18503,mumbai,1,99
2026-07-18,instamart,18504,pune,1,319
2026-07-18,instamart,68254,chennai,1,149
2026-07-18,instamart,792937,noida 1,1,95
2026-07-18,instamart,18503,bangalore,2,198
2026-07-18,instamart,792937,mumbai,2,190
2026-07-18,instamart,68254,bangalore,2,298
2026-07-18,instamart,68254,chennai,2,298
2026-07-18,instamart,68254,khammam,1,149
2026-07-18,instamart,68254,mumbai,1,149
2026-07-18,instamart,18504,kolkata,1,319
2026-07-18,instamart,63565,bangalore,2,378
2026-07-18,instamart,68254,bangalore,2,298
2026-07-18,instamart,197453,thanjavur,1,169
2026-07-18,instamart,792937,chennai,1,95
2026-07-18,instamart,18504,hyderabad,1,319
2026-07-18,instamart,18504,chennai,1,319
2026-07-18,instamart,18503,central goa,1,99
2026-07-18,instamart,18506,bangalore,1,499
2026-07-18,instamart,792937,chennai,1,95
2026-07-18,instamart,63565,delhi,1,189
2026-07-18,instamart,78553,bangalore,1,99
2026-07-18,instamart,68254,bangalore,1,149
2026-07-18,instamart,18503,mumbai,1,99
2026-07-18,instamart,18503,pune,1,99
2026-07-18,instamart,63565,pune,1,189
2026-07-18,instamart,63565,gorakhpur,1,189
2026-07-18,instamart,792937,bhubaneswar,1,95
2026-07-18,instamart,63565,gurgaon,1,189
2026-07-18,instamart,792937,mumbai,2,190
2026-07-18,instamart,197453,kolkata,1,169
2026-07-18,instamart,18506,bangalore,2,998
2026-07-18,instamart,78553,mumbai,1,99
2026-07-18,instamart,68254,pune,2,298
2026-07-18,instamart,18503,bhubaneswar,2,198
2026-07-17,instamart,18503,chennai,3,297
2026-07-17,instamart,18504,kochi,1,319
2026-07-17,instamart,792937,bangalore,2,190
2026-07-17,instamart,18504,mumbai,1,319
2026-07-17,instamart,792937,mumbai,1,95
2026-07-17,instamart,63565,bangalore,1,189
2026-07-17,instamart,78553,bangalore,1,99
2026-07-17,instamart,18504,chennai,1,319
2026-07-17,instamart,68254,warangal,1,149
2026-07-17,instamart,63565,hyderabad,1,189
2026-07-17,instamart,18503,kolkata,1,99
2026-07-17,instamart,78553,chennai,2,198
2026-07-17,instamart,792937,mumbai,3,285
2026-07-17,instamart,18503,warangal,1,99
2026-07-17,instamart,18504,central goa,1,319
2026-07-17,instamart,18506,kochi,1,499
2026-07-17,instamart,18503,delhi,1,99
2026-07-17,instamart,18504,bangalore,2,638
2026-07-17,instamart,792937,bangalore,1,95
2026-07-17,instamart,63565,bangalore,1,189
2026-07-17,instamart,63565,hyderabad,1,189
2026-07-17,instamart,78553,bangalore,1,99
2026-07-17,instamart,63565,mumbai,1,189
2026-07-17,instamart,63565,surat,1,189
2026-07-17,instamart,63565,pune,4,756
2026-07-17,instamart,78553,bangalore,2,198
2026-07-17,instamart,18503,mumbai,1,99
2026-07-17,instamart,792937,hyderabad,2,190
2026-07-17,instamart,197453,bangalore,1,169
2026-07-17,instamart,78553,lonavla,1,99
2026-07-17,instamart,18504,mumbai,1,319
2026-07-17,instamart,68254,bangalore,3,447
2026-07-17,instamart,68254,bangalore,1,149
2026-07-17,instamart,792937,chennai,1,95
2026-07-10,instamart,63565,delhi,1,189
2026-07-10,instamart,792937,bangalore,1,95
2026-07-10,instamart,792937,bangalore,1,95
2026-07-10,instamart,792937,bhubaneswar,1,95
2026-07-10,instamart,18503,bhilai,1,99
2026-07-10,instamart,18503,delhi,2,198
2026-07-10,instamart,68254,bangalore,1,149
2026-07-10,instamart,63565,bangalore,5,945
2026-07-10,instamart,18504,hyderabad,1,319
2026-07-10,instamart,18503,hyderabad,1,99
2026-07-10,instamart,18503,hyderabad,2,198
2026-07-10,instamart,18503,chennai,1,99
2026-07-10,instamart,792937,chennai,1,95
2026-07-10,instamart,792937,mumbai,2,190
2026-07-10,instamart,78553,chennai,2,198
2026-07-10,instamart,63565,pune,1,189
2026-07-10,instamart,792937,hyderabad,1,95
2026-07-10,instamart,78553,vizag,1,99
2026-07-10,instamart,18506,chennai,1,499
2026-07-10,instamart,792937,delhi,1,95
2026-07-10,instamart,68254,bangalore,1,149
2026-07-10,instamart,68254,delhi,1,149
2026-07-10,instamart,18504,mumbai,1,319
2026-07-10,instamart,792937,bangalore,1,95
2026-07-10,instamart,68254,hyderabad,1,149
2026-07-10,instamart,792937,bangalore,1,95
2026-07-10,instamart,18504,kolkata,1,319
2026-07-10,instamart,18503,bangalore,1,99
2026-07-10,instamart,63565,lucknow,1,189
2026-07-10,instamart,18503,patna,1,99
2026-07-10,instamart,68254,mumbai,1,149
2026-07-10,instamart,68254,guwahati,1,149
2026-07-10,instamart,78553,chennai,1,99
2026-07-10,instamart,18503,mumbai,1,99
2026-07-10,instamart,792937,gurgaon,1,95
2026-07-10,instamart,63565,pune,2,378
2026-07-10,instamart,18504,mumbai,2,638
2026-07-10,instamart,63565,pune,1,189
2026-07-10,instamart,18503,bangalore,2,198
2026-07-10,instamart,63565,kolkata,1,189
2026-07-10,instamart,18504,bangalore,1,319
2026-07-10,instamart,18506,mumbai,1,499
2026-07-10,instamart,792937,bangalore,1,95
2026-07-10,instamart,18503,indore,1,99
2026-07-10,instamart,792937,bangalore,1,95
2026-07-10,instamart,68254,mumbai,1,149
2026-07-10,instamart,792937,delhi,1,95
2026-07-10,instamart,18503,nashik,1,99
2026-07-10,instamart,18503,patna,1,99
2026-07-10,instamart,78553,chennai,1,99
2026-07-10,instamart,792937,hyderabad,2,190
2026-07-10,instamart,63565,chennai,1,189
2026-07-10,instamart,18503,mumbai,1,99
2026-07-10,instamart,18506,pune,1,499
2026-07-10,instamart,18503,ranchi,1,99
2026-07-10,instamart,68254,bangalore,1,149
2026-07-10,instamart,18506,bangalore,1,499
2026-07-10,instamart,18503,gurgaon,1,99
2026-07-10,instamart,792937,aligarh,1,95
2026-07-10,instamart,68254,delhi,1,149
2026-07-10,instamart,78553,kakinada,1,99
2026-07-10,instamart,68254,delhi,2,298
2026-07-10,instamart,63565,chennai,1,189
2026-07-10,instamart,78553,warangal,1,99
2026-07-10,instamart,63565,hyderabad,1,189
2026-07-10,instamart,68254,bangalore,1,149
2026-07-22,instamart,78553,karimnagar,1,99
2026-07-22,instamart,68254,bangalore,1,149
2026-07-22,instamart,18504,pune,1,319
2026-07-22,instamart,18503,hyderabad,1,99
2026-07-22,instamart,18506,mumbai,1,499
2026-07-22,instamart,792937,gurgaon,2,190
2026-07-22,instamart,78553,nagpur,1,99
2026-07-22,instamart,792937,bangalore,1,95
2026-07-22,instamart,63565,roorkee,1,189
2026-07-22,instamart,18503,mumbai,1,99
2026-07-22,instamart,197453,bangalore,1,169
2026-07-22,instamart,68254,bangalore,1,149
2026-07-22,instamart,18503,bhubaneswar,1,99
2026-07-22,instamart,78553,vijayawada,1,99
2026-07-22,instamart,792937,mumbai,1,95
2026-07-22,instamart,18503,bangalore,2,198
2026-07-22,instamart,18504,bangalore,1,319
2026-07-22,instamart,18503,jaipur,1,99
2026-07-22,instamart,792937,chennai,1,95
2026-07-22,instamart,78553,mysore,3,297
2026-07-22,instamart,18503,mumbai,2,198
2026-07-22,instamart,68254,bangalore,1,149
2026-07-22,instamart,68254,bangalore,1,149
2026-07-22,instamart,792937,pune,1,95
2026-07-22,instamart,18504,hyderabad,1,319
2026-07-22,instamart,18503,delhi,2,198
2026-07-22,instamart,792937,bangalore,1,95
2026-07-22,instamart,68254,central goa,1,149
2026-07-22,instamart,18504,kozhikode,1,319
2026-07-22,instamart,792937,gwalior,1,95
2026-07-22,instamart,18506,bangalore,1,499
2026-07-22,instamart,68254,hyderabad,1,149
2026-07-22,instamart,68254,mumbai,1,149
2026-07-22,instamart,18504,bangalore,1,319
2026-07-22,instamart,792937,bangalore,1,95
2026-07-22,instamart,63565,gurgaon,2,378
2026-07-22,instamart,78553,bangalore,1,99
2026-07-20,instamart,18503,chennai,1,99
2026-07-20,instamart,78553,bangalore,1,99
2026-07-20,instamart,792937,bangalore,1,95
2026-07-20,instamart,18503,hyderabad,2,198
2026-07-20,instamart,792937,bangalore,1,95
2026-07-20,instamart,18504,hyderabad,1,319
2026-07-20,instamart,792937,bangalore,3,285
2026-07-20,instamart,18503,hyderabad,1,99
2026-07-20,instamart,78553,vizag,1,99
2026-07-20,instamart,792937,chennai,1,95
2026-07-20,instamart,78553,bangalore,1,99
2026-07-20,instamart,78553,vizag,1,99
2026-07-20,instamart,792937,chennai,1,95
2026-07-20,instamart,18504,pune,1,319
2026-07-20,instamart,18503,pune,1,99
2026-07-20,instamart,792937,pune,1,95
2026-07-20,instamart,78553,vijayawada,1,99
2026-07-20,instamart,78553,ahmedabad,1,99
2026-07-20,instamart,792937,bangalore,1,95
2026-07-20,instamart,78553,bangalore,2,198
2026-07-20,instamart,63565,khammam,1,189
2026-07-20,instamart,68254,bangalore,1,149
2026-07-20,instamart,792937,mumbai,2,190
2026-07-20,instamart,18504,coimbatore,1,319
2026-07-20,instamart,63565,chennai,1,189
2026-07-20,instamart,68254,kottayam,1,149
2026-07-20,instamart,792937,mumbai,1,95
2026-07-20,instamart,792937,mumbai,2,190
2026-07-20,instamart,18504,hyderabad,1,319
2026-07-20,instamart,63565,hyderabad,1,189
2026-07-20,instamart,18503,siliguri,3,297
2026-07-20,instamart,78553,pune,1,99
2026-07-20,instamart,792937,delhi,2,190
2026-07-20,instamart,792937,karimnagar,1,95
2026-07-20,instamart,792937,delhi,1,95
2026-07-20,instamart,18503,bangalore,1,99
2026-07-20,instamart,78553,nagpur,1,99
2026-07-20,instamart,63565,pune,1,189
2026-07-20,instamart,18503,hyderabad,1,99
2026-07-23,instamart,78553,warangal,1,99
2026-07-23,instamart,63565,hyderabad,1,189
2026-07-23,instamart,78553,davanagere,1,99
2026-07-23,instamart,68254,mumbai,1,149
2026-07-23,instamart,18506,bangalore,1,499
2026-07-23,instamart,792937,rohtak,1,95
2026-07-23,instamart,197453,kolkata,1,169
2026-07-23,instamart,63565,pune,1,189
2026-07-23,instamart,78553,central goa,2,198
2026-07-23,instamart,792937,hyderabad,1,95
2026-07-23,instamart,63565,mumbai,1,189
2026-07-23,instamart,792937,delhi,2,190
2026-07-23,instamart,197453,hyderabad,1,169
2026-07-23,instamart,18504,bangalore,1,319
2026-07-23,instamart,68254,anantapur,1,149
2026-07-23,instamart,197453,madurai,1,169
2026-07-23,instamart,68254,bangalore,1,149
2026-07-23,instamart,68254,belgaum,1,149
2026-07-23,instamart,197453,bangalore,1,169
2026-07-23,instamart,68254,delhi,1,149
2026-07-23,instamart,68254,bangalore,1,149
2026-07-23,instamart,792937,bangalore,1,95
2026-07-23,instamart,78553,bangalore,2,198
2026-07-23,instamart,792937,bangalore,1,95
2026-07-23,instamart,78553,bangalore,1,99
2026-07-23,instamart,68254,chennai,1,149
2026-07-23,instamart,78553,chennai,1,99
2026-07-23,instamart,18503,chennai,1,99
2026-07-23,instamart,18503,kolkata,1,99
2026-07-23,instamart,18503,mumbai,1,99
2026-07-23,instamart,63565,erode,1,189
2026-07-23,instamart,18506,chennai,2,998
2026-07-23,instamart,78553,panipat,1,99
2026-07-23,instamart,68254,chennai,2,298
2026-07-23,instamart,18506,bangalore,1,499
2026-07-23,instamart,18503,aurangabad,1,99
2026-07-23,instamart,18504,mumbai,1,319
2026-07-23,instamart,18504,palakkad,1,319
2026-07-23,instamart,18503,gurgaon,1,99
2026-07-23,instamart,63565,chennai,1,189
2026-07-23,instamart,63565,bangalore,1,189
2026-07-23,instamart,18503,mumbai,1,99
2026-07-23,instamart,18506,pune,1,499
2026-07-23,instamart,68254,chennai,1,149
2026-07-23,instamart,63565,central goa,1,189
2026-07-23,instamart,18504,hyderabad,1,319
2026-07-23,instamart,78553,vadodara,1,99
2026-07-23,instamart,792937,chennai,1,95
2026-07-23,instamart,63565,pune,1,189
2026-07-23,instamart,18506,bangalore,1,499
2026-07-23,instamart,18503,hyderabad,2,198
2026-07-23,instamart,78553,chennai,2,198
2026-07-11,instamart,63565,chennai,2,378
2026-07-11,instamart,18503,mumbai,2,198
2026-07-11,instamart,792937,bangalore,3,285
2026-07-11,instamart,78553,chennai,1,99
2026-07-11,instamart,792937,hyderabad,1,95
2026-07-11,instamart,68254,chennai,1,149
2026-07-11,instamart,18503,mumbai,1,99
2026-07-11,instamart,63565,chennai,1,189
2026-07-11,instamart,792937,bangalore,1,95
2026-07-11,instamart,63565,pune,1,189
2026-07-11,instamart,792937,delhi,1,95
2026-07-11,instamart,63565,bangalore,1,189
2026-07-11,instamart,18504,noida,1,319
2026-07-11,instamart,18503,mangaluru,1,99
2026-07-11,instamart,78553,bangalore,1,99
2026-07-11,instamart,18503,chennai,1,99
2026-07-11,instamart,18503,bangalore,2,198
2026-07-11,instamart,68254,bangalore,1,149
2026-07-11,instamart,68254,bangalore,1,149
2026-07-11,instamart,292876,mumbai,1,125
2026-07-11,instamart,792937,bangalore,1,95
2026-07-11,instamart,18504,bangalore,1,319
2026-07-11,instamart,18504,bangalore,2,638
2026-07-11,instamart,18504,bangalore,2,638
2026-07-11,instamart,63565,delhi,3,567
2026-07-11,instamart,18504,mumbai,2,638
2026-07-11,instamart,792937,khammam,1,95
2026-07-11,instamart,18506,hyderabad,1,499
2026-07-11,instamart,78553,lucknow,1,99
2026-07-11,instamart,792937,bangalore,4,380
2026-07-11,instamart,18503,kolkata,1,99
2026-07-11,instamart,792937,delhi,1,95
2026-07-11,instamart,18504,hyderabad,2,638
2026-07-11,instamart,68254,hyderabad,1,149
2026-07-11,instamart,63565,hyderabad,1,189
2026-07-11,instamart,78553,tirupati,1,99
2026-07-11,instamart,63565,mumbai,4,756
2026-07-11,instamart,63565,pune,1,189
2026-07-11,instamart,78553,bangalore,1,99
2026-07-11,instamart,63565,delhi,2,378
2026-07-11,instamart,18504,bangalore,1,319
2026-07-11,instamart,68254,guwahati,1,149
2026-07-11,instamart,792937,mysore,1,95
2026-07-11,instamart,18503,pune,2,198
2026-07-11,instamart,18504,kakinada,1,319
2026-07-11,instamart,18503,bangalore,2,198
2026-07-11,instamart,18506,mumbai,1,499
2026-07-11,instamart,18503,noida 1,1,99
2026-07-11,instamart,18503,mumbai,1,99
2026-07-11,instamart,792937,hyderabad,3,285
2026-07-11,instamart,18506,mumbai,3,1497
2026-07-11,instamart,63565,chennai,1,189
2026-07-11,instamart,78553,lonavla,2,198
2026-07-11,instamart,18503,bhubaneswar,1,99
2026-07-11,instamart,68254,kurnool,1,149
2026-07-11,instamart,18504,bangalore,1,319
2026-07-11,instamart,63565,pune,1,189
2026-07-11,instamart,63565,khammam,1,189
2026-07-11,instamart,18504,bangalore,1,319
2026-07-11,instamart,68254,bangalore,2,298
2026-07-11,instamart,792937,mumbai,1,95
2026-07-11,instamart,792937,chennai,1,95
2026-07-11,instamart,18506,delhi,2,998
2026-07-11,instamart,78553,agra,1,99
2026-07-11,instamart,68254,thiruvananthapuram,1,149
2026-07-11,instamart,792937,bangalore,1,95
2026-07-11,instamart,18506,bangalore,1,499
2026-07-11,instamart,18506,kolkata,1,499
2026-07-11,instamart,18506,bangalore,1,499
2026-07-11,instamart,792937,mumbai,1,95
2026-07-11,instamart,78553,vadodara,1,99
2026-07-11,instamart,18503,mumbai,1,99
2026-07-11,instamart,18504,mumbai,2,638
2026-07-11,instamart,68254,kochi,1,149
2026-07-11,instamart,18506,pune,1,499
2026-07-11,instamart,18504,bangalore,1,319
2026-07-11,instamart,78553,chennai,1,99
2026-07-11,instamart,68254,kolkata,1,149
2026-07-11,instamart,18504,hyderabad,1,319
2026-07-11,instamart,18503,udaipur,1,99
2026-07-11,instamart,68254,bangalore,2,298
2026-07-11,instamart,18503,mumbai,1,99
2026-07-11,instamart,78553,bangalore,1,99
2026-07-11,instamart,18503,mumbai,2,198
2026-07-11,instamart,18503,tirupati,1,99
2026-07-11,instamart,792937,chennai,1,95
2026-07-11,instamart,18504,mumbai,1,319
2026-07-11,instamart,792937,chennai,1,95
2026-07-11,instamart,18504,chennai,3,957
2026-07-11,instamart,63565,bangalore,1,189
2026-07-11,instamart,197453,bangalore,1,169
2026-07-11,instamart,18503,delhi,3,297
2026-07-11,instamart,792937,mumbai,1,95
2026-07-11,instamart,18506,kochi,1,499
2026-07-11,instamart,18503,bangalore,1,99
2026-07-11,instamart,78553,chennai,1,99
2026-07-11,instamart,68254,chennai,2,298
2026-07-11,instamart,68254,hyderabad,1,149
2026-07-11,instamart,792937,mumbai,1,95
2026-07-11,instamart,78553,bangalore,1,99
2026-07-11,instamart,18504,bangalore,2,638
2026-07-11,instamart,792937,bangalore,1,95
2026-07-11,instamart,18503,noida,1,99
2026-07-11,instamart,18503,bangalore,1,99
2026-07-11,instamart,292876,silchar,1,125
2026-07-11,instamart,63565,delhi,1,189
2026-07-11,instamart,18504,hyderabad,1,319
2026-07-11,instamart,78553,chennai,1,99
2026-07-11,instamart,68254,bangalore,3,447
2026-07-20,instamart,68254,chennai,2,298
2026-07-20,instamart,63565,bangalore,1,189
2026-07-20,instamart,792937,mumbai,1,95
2026-07-20,instamart,18504,kolkata,1,319
2026-07-20,instamart,78553,manipal,1,99
2026-07-20,instamart,68254,gurgaon,1,149
2026-07-20,instamart,18503,hubli,1,99
2026-07-20,instamart,792937,gurgaon,1,95
2026-07-20,instamart,18503,bangalore,1,99
2026-07-20,instamart,792937,hyderabad,2,190
2026-07-20,instamart,78553,bangalore,1,99
2026-07-20,instamart,63565,chennai,1,189
2026-07-20,instamart,78553,chennai,1,99
2026-07-20,instamart,63565,pune,3,567
2026-07-20,instamart,792937,mumbai,2,190
2026-07-20,instamart,63565,bangalore,1,189
2026-07-20,instamart,792937,chennai,1,95
2026-07-20,instamart,792937,bangalore,1,95
2026-07-20,instamart,792937,hubli,1,95
2026-07-20,instamart,18504,mumbai,2,638
2026-07-20,instamart,18504,jaipur,1,319
2026-07-20,instamart,18503,bangalore,1,99
2026-07-20,instamart,57850,kottayam,1,109
2026-07-20,instamart,63565,hyderabad,1,189
2026-07-20,instamart,63565,lucknow,1,189
2026-07-20,instamart,78553,bangalore,1,99
2026-07-20,instamart,78553,chennai,1,99
2026-07-20,instamart,63565,patna,1,189
2026-07-20,instamart,68254,delhi,1,149
2026-07-20,instamart,792937,chennai,1,95
2026-07-20,instamart,63565,ahmedabad,1,189
2026-07-20,instamart,63565,bangalore,1,189
2026-07-20,instamart,792937,hyderabad,1,95
2026-07-16,instamart,18506,vapi,1,499
2026-07-16,instamart,63565,pune,1,189
2026-07-16,instamart,63565,bangalore,1,189
2026-07-16,instamart,18504,kozhikode,1,319
2026-07-16,instamart,78553,ahmedabad,1,99
2026-07-16,instamart,68254,hyderabad,2,298
2026-07-16,instamart,18504,bangalore,1,319
2026-07-16,instamart,792937,delhi,1,95
2026-07-16,instamart,78553,chennai,1,99
2026-07-16,instamart,78553,chennai,1,99
2026-07-16,instamart,68254,mumbai,1,149
2026-07-16,instamart,78553,bangalore,1,99
2026-07-16,instamart,792937,bangalore,2,190
2026-07-16,instamart,78553,chennai,2,198
2026-07-16,instamart,792937,bangalore,2,190
2026-07-16,instamart,18503,chennai,3,297
2026-07-16,instamart,792937,faridabad,1,95
2026-07-16,instamart,792937,chennai,1,95
2026-07-16,instamart,18503,bangalore,1,99
2026-07-16,instamart,78553,chennai,1,99
2026-07-16,instamart,78553,chennai,1,99
2026-07-16,instamart,18506,bangalore,1,499
2026-07-16,instamart,78553,chennai,1,99
2026-07-16,instamart,792937,chennai,1,95
2026-07-16,instamart,18504,vizag,1,319
2026-07-16,instamart,78553,mumbai,1,99
2026-07-16,instamart,18503,mumbai,1,99
2026-07-16,instamart,18506,pune,1,499
2026-07-16,instamart,18504,bangalore,1,319
2026-07-16,instamart,18504,hyderabad,1,319
2026-07-16,instamart,792937,delhi,2,190
2026-07-16,instamart,78553,chennai,1,99
2026-07-16,instamart,792937,bangalore,3,285
2026-07-16,instamart,68254,mumbai,1,149
2026-07-16,instamart,18504,pune,1,319
2026-07-16,instamart,78553,bangalore,2,198
2026-07-16,instamart,78553,bangalore,1,99
2026-07-16,instamart,68254,bangalore,1,149
2026-07-16,instamart,68254,chennai,1,149
2026-07-16,instamart,18504,bangalore,1,319
2026-07-16,instamart,18503,chennai,2,198
2026-07-16,instamart,792937,mumbai,2,190
2026-07-11,instamart,792937,chennai,1,95
2026-07-11,instamart,792937,delhi,2,190
2026-07-11,instamart,63565,mumbai,2,378
2026-07-11,instamart,18503,pune,2,198
2026-07-11,instamart,63565,hyderabad,1,189
2026-07-11,instamart,792937,mumbai,1,95
2026-07-11,instamart,63565,anantapur,2,378
2026-07-11,instamart,63565,vapi,1,189
2026-07-11,instamart,18506,central goa,1,499
2026-07-11,instamart,792937,bangalore,1,95
2026-07-11,instamart,792937,hyderabad,3,285
2026-07-11,instamart,18503,bangalore,1,99
2026-07-11,instamart,68254,chennai,2,298
2026-07-11,instamart,18503,bangalore,6,594
2026-07-11,instamart,792937,delhi,1,95
2026-07-11,instamart,68254,bangalore,1,149
2026-07-11,instamart,18506,mumbai,1,499
2026-07-11,instamart,792937,gurgaon,1,95
2026-07-11,instamart,197453,bangalore,1,169
2026-07-11,instamart,18504,ranchi,1,319
2026-07-11,instamart,78553,pune,1,99
2026-07-11,instamart,18504,tirupati,1,319
2026-07-11,instamart,78553,chennai,1,99
2026-07-11,instamart,792937,noida 1,1,95
2026-07-11,instamart,63565,pune,1,189
2026-07-11,instamart,18503,delhi,1,99
2026-07-11,instamart,197453,bangalore,1,169
2026-07-11,instamart,68254,bangalore,1,149
2026-07-11,instamart,63565,mumbai,1,189
2026-07-11,instamart,18506,bangalore,1,499
2026-07-11,instamart,18506,hyderabad,1,499
2026-07-11,instamart,18506,bangalore,2,998
2026-07-11,instamart,18504,bangalore,1,319
2026-07-11,instamart,792937,chennai,1,95
2026-07-11,instamart,63565,kanpur,1,189
2026-07-11,instamart,792937,chennai,1,95
2026-07-11,instamart,78553,bangalore,1,99
2026-07-11,instamart,78553,kollam,1,99
2026-07-11,instamart,18503,hyderabad,1,99
2026-07-11,instamart,68254,gurgaon,1,149
2026-07-11,instamart,18506,bangalore,2,998
2026-07-11,instamart,18503,bangalore,2,198
2026-07-11,instamart,18504,bangalore,3,957
2026-07-11,instamart,78553,central goa,1,99
2026-07-11,instamart,78553,panipat,1,99
2026-07-11,instamart,18503,chennai,2,198
2026-07-11,instamart,78553,silchar,1,99
2026-07-11,instamart,18503,bangalore,1,99
2026-07-11,instamart,68254,bangalore,1,149
2026-07-11,instamart,78553,mumbai,2,198
2026-07-11,instamart,18503,tirupati,2,198
2026-07-11,instamart,18503,bangalore,2,198
2026-07-11,instamart,18504,mumbai,2,638
2026-07-11,instamart,68254,bangalore,2,298
2026-07-11,instamart,792937,agra,1,95
2026-07-11,instamart,18503,bangalore,1,99
2026-07-11,instamart,68254,hyderabad,1,149
2026-07-11,instamart,68254,kurnool,1,149
2026-07-11,instamart,63565,chennai,1,189
2026-07-11,instamart,18503,bangalore,1,99
2026-07-11,instamart,18503,nanded,1,99
2026-07-11,instamart,78553,central goa,1,99
2026-07-11,instamart,78553,kochi,2,198
2026-07-09,instamart,78553,hyderabad,7,693
2026-07-09,instamart,792937,hyderabad,1,95
2026-07-09,instamart,292876,mumbai,1,125
2026-07-09,instamart,18503,noida 1,1,99
2026-07-09,instamart,78553,kochi,1,99
2026-07-09,instamart,792937,bangalore,1,95
2026-07-09,instamart,78553,pune,1,99
2026-07-09,instamart,63565,pune,1,189
2026-07-09,instamart,18503,bangalore,1,99
2026-07-09,instamart,792937,bangalore,1,95
2026-07-09,instamart,63565,bangalore,2,378
2026-07-09,instamart,63565,bangalore,1,189
2026-07-09,instamart,78553,hyderabad,1,99
2026-07-09,instamart,792937,delhi,1,95
2026-07-09,instamart,18503,bangalore,1,99
2026-07-09,instamart,18504,central goa,1,319
2026-07-09,instamart,18504,mumbai,1,319
2026-07-09,instamart,792937,pune,2,190
2026-07-09,instamart,18503,delhi,3,297
2026-07-09,instamart,68254,ahmedabad,1,149
2026-07-09,instamart,78553,vijayawada,1,99
2026-07-09,instamart,78553,chennai,1,99
2026-07-09,instamart,78553,ahmedabad,1,99
2026-07-09,instamart,792937,central goa,1,95
2026-07-09,instamart,78553,mumbai,1,99
2026-07-10,instamart,18504,chennai,2,638
2026-07-10,instamart,792937,bangalore,1,95
2026-07-10,instamart,63565,hyderabad,1,189
2026-07-10,instamart,78553,pune,1,99
2026-07-10,instamart,78553,mumbai,1,99
2026-07-10,instamart,78553,kolkata,1,99
2026-07-10,instamart,792937,chennai,1,95
2026-07-10,instamart,78553,bangalore,1,99
2026-07-10,instamart,792937,bangalore,1,95
2026-07-10,instamart,63565,kolkata,1,189
2026-07-10,instamart,18504,mumbai,1,319
2026-07-10,instamart,792937,hyderabad,3,285
2026-07-10,instamart,292876,patna,1,125
2026-07-10,instamart,18503,thiruvananthapuram,1,99
2026-07-10,instamart,78553,bangalore,1,99
2026-07-10,instamart,792937,hyderabad,1,95
2026-07-10,instamart,68254,chennai,1,149
2026-07-10,instamart,63565,bangalore,1,189
2026-07-10,instamart,78553,kolhapur,1,99
2026-07-10,instamart,78553,central goa,1,99
2026-07-10,instamart,63565,rohtak,1,189
2026-07-10,instamart,792937,chennai,1,95
2026-07-10,instamart,63565,pune,2,378
2026-07-10,instamart,18504,bangalore,1,319
2026-07-10,instamart,68254,hyderabad,3,447
2026-07-10,instamart,63565,bangalore,2,378
2026-07-17,instamart,18504,bangalore,1,319
2026-07-17,instamart,792937,bangalore,1,95
2026-07-17,instamart,78553,central goa,1,99
2026-07-17,instamart,18503,bhilai,1,99
2026-07-17,instamart,792937,hyderabad,1,95
2026-07-17,instamart,18503,bangalore,1,99
2026-07-17,instamart,792937,bangalore,1,95
2026-07-17,instamart,63565,bangalore,1,189
2026-07-17,instamart,63565,chennai,1,189
2026-07-17,instamart,63565,kolkata,2,378
2026-07-17,instamart,792937,hyderabad,1,95
2026-07-17,instamart,18504,madurai,1,319
2026-07-17,instamart,68254,kolkata,1,149
2026-07-17,instamart,18503,noida 1,2,198
2026-07-17,instamart,78553,hyderabad,1,99
2026-07-17,instamart,18504,tirupur,1,319
2026-07-17,instamart,18503,nashik,1,99
2026-07-17,instamart,18504,hyderabad,1,319
2026-07-17,instamart,78553,bangalore,1,99
2026-07-17,instamart,18503,kolkata,1,99
2026-07-17,instamart,18506,mumbai,1,499
2026-07-17,instamart,78553,warangal,1,99
2026-07-17,instamart,68254,chennai,2,298
2026-07-17,instamart,792937,nagpur,3,285
2026-07-17,instamart,18506,bangalore,1,499
2026-07-17,instamart,18503,mumbai,2,198
2026-07-17,instamart,792937,delhi,1,95
2026-07-17,instamart,63565,delhi,1,189
2026-07-17,instamart,792937,bangalore,1,95
2026-07-17,instamart,18504,vizag,1,319
2026-07-17,instamart,78553,chandigarh,1,99
2026-07-17,instamart,792937,mumbai,2,190
2026-07-17,instamart,18503,chennai,1,99
2026-07-17,instamart,792937,gurgaon,1,95
2026-07-17,instamart,18503,chennai,1,99
2026-07-17,instamart,792937,gurgaon,1,95
2026-07-17,instamart,68254,mumbai,2,298
2026-07-17,instamart,63565,noida,1,189
2026-07-17,instamart,63565,bangalore,1,189
2026-07-17,instamart,63565,hyderabad,1,189
2026-07-17,instamart,18503,hyderabad,1,99
2026-07-17,instamart,18503,chennai,1,99
2026-07-17,instamart,78553,bangalore,1,99
2026-07-17,instamart,78553,bangalore,2,198
2026-07-17,instamart,18506,chennai,2,998
2026-07-17,instamart,68254,hyderabad,1,149
2026-07-17,instamart,63565,hyderabad,2,378
2026-07-17,instamart,792937,bangalore,1,95
2026-07-17,instamart,18506,mumbai,2,998
2026-07-17,instamart,78553,bangalore,2,198
2026-07-17,instamart,18503,mumbai,1,99
2026-07-17,instamart,68254,jaipur,1,149
2026-07-17,instamart,63565,pune,1,189
2026-07-17,instamart,792937,bangalore,2,190
2026-07-17,instamart,792937,delhi,1,95
2026-07-17,instamart,63565,hyderabad,1,189
2026-07-17,instamart,792937,bangalore,2,190
2026-07-17,instamart,792937,chennai,5,475
2026-07-17,instamart,78553,pune,2,198
2026-07-17,instamart,792937,bangalore,1,95
2026-07-17,instamart,18503,pune,1,99
2026-07-17,instamart,63565,delhi,1,189
2026-07-17,instamart,78553,bangalore,1,99
2026-07-17,instamart,63565,hyderabad,1,189
2026-07-17,instamart,78553,ahmedabad,1,99
2026-07-17,instamart,18503,kolkata,1,99
2026-07-17,instamart,63565,hyderabad,1,189
2026-07-17,instamart,18503,delhi,1,99
2026-07-17,instamart,63565,pune,1,189
2026-07-17,instamart,78553,bangalore,1,99
2026-07-17,instamart,18506,mumbai,1,499
2026-07-17,instamart,792937,chennai,1,95
2026-07-17,instamart,18504,chennai,1,319
2026-07-17,instamart,792937,chennai,1,95
2026-07-17,instamart,78553,bangalore,2,198
2026-07-17,instamart,68254,mumbai,1,149
2026-07-17,instamart,792937,gurgaon,2,190
2026-07-17,instamart,18503,kurnool,1,99
2026-07-17,instamart,792937,delhi,1,95
2026-07-17,instamart,63565,bangalore,1,189
2026-07-17,instamart,18506,pune,1,499
2026-07-17,instamart,63565,pune,1,189
2026-07-17,instamart,78553,bangalore,2,198
2026-07-17,instamart,18504,kolkata,1,319
2026-07-17,instamart,68254,kochi,1,149
2026-07-17,instamart,18506,central goa,1,499
2026-07-17,instamart,63565,shivamogga,1,189
2026-07-17,instamart,18503,mumbai,2,198
2026-07-17,instamart,63565,delhi,1,189
2026-07-17,instamart,68254,mumbai,1,149
2026-07-17,instamart,63565,bangalore,2,378
2026-07-09,instamart,18504,bangalore,1,319
2026-07-09,instamart,18504,bangalore,1,319
2026-07-09,instamart,18503,bangalore,1,99
2026-07-09,instamart,18503,bangalore,2,198
2026-07-09,instamart,792937,delhi,1,95
2026-07-09,instamart,197453,bangalore,1,169
2026-07-09,instamart,792937,central goa,1,95
2026-07-09,instamart,63565,pune,1,189
2026-07-09,instamart,792937,mumbai,2,190
2026-07-09,instamart,68254,mumbai,2,298
2026-07-09,instamart,63565,mumbai,1,189
2026-07-09,instamart,18503,kolkata,1,99
2026-07-09,instamart,78553,vijayawada,1,99
2026-07-09,instamart,18504,mumbai,1,319
2026-07-09,instamart,63565,chennai,1,189
2026-07-09,instamart,792937,bangalore,3,285
2026-07-09,instamart,78553,bangalore,1,99
2026-07-09,instamart,78553,kochi,1,99
2026-07-09,instamart,18504,mumbai,1,319
2026-07-09,instamart,18504,mumbai,1,319
2026-07-09,instamart,78553,central goa,1,99
2026-07-09,instamart,18503,hyderabad,1,99
2026-07-09,instamart,792937,bangalore,1,95
2026-07-09,instamart,792937,delhi,1,95
2026-07-09,instamart,78553,dibrugarh,1,99
2026-07-09,instamart,63565,pune,1,189
2026-07-09,instamart,18504,chennai,1,319
2026-07-09,instamart,63565,ahmedabad,1,189
2026-07-09,instamart,18506,bangalore,1,499
2026-07-09,instamart,792937,bangalore,1,95
2026-07-09,instamart,78553,hyderabad,3,297
2026-07-09,instamart,792937,noida 1,1,95
2026-07-09,instamart,18503,chennai,1,99
2026-07-09,instamart,18503,gurgaon,1,99
2026-07-09,instamart,18504,chennai,1,319
2026-07-09,instamart,792937,bangalore,2,190
2026-07-09,instamart,792937,bangalore,2,190
2026-07-09,instamart,18504,chennai,2,638
2026-07-09,instamart,78553,kochi,1,99
2026-07-09,instamart,792937,bangalore,1,95
2026-07-09,instamart,18503,bangalore,1,99
2026-07-09,instamart,792937,bangalore,1,95
2026-07-09,instamart,78553,tirupati,1,99
2026-07-09,instamart,792937,mumbai,1,95
2026-07-09,instamart,18504,bangalore,1,319
2026-07-09,instamart,18504,bangalore,1,319
2026-07-09,instamart,792937,bangalore,3,285
2026-07-09,instamart,63565,delhi,1,189
2026-07-09,instamart,68254,bangalore,1,149
2026-07-09,instamart,18503,aurangabad,1,99
2026-07-09,instamart,63565,chennai,2,378
2026-07-09,instamart,18503,kolkata,1,99
2026-07-09,instamart,18503,bangalore,1,99
2026-07-09,instamart,68254,bangalore,1,149
2026-07-09,instamart,63565,mumbai,3,567
2026-07-09,instamart,18503,bangalore,1,99
2026-07-09,instamart,78553,pune,1,99
2026-07-09,instamart,792937,central goa,1,95
2026-07-09,instamart,63565,chennai,1,189
2026-07-09,instamart,792937,chennai,1,95
2026-07-09,instamart,63565,delhi,1,189
2026-07-09,instamart,792937,bhubaneswar,1,95
2026-07-09,instamart,18503,chennai,2,198
2026-07-09,instamart,18503,bangalore,1,99
2026-07-09,instamart,63565,mumbai,1,189
2026-07-09,instamart,78553,bangalore,1,99
2026-07-09,instamart,18504,tirupati,1,319
2026-07-09,instamart,68254,chennai,1,149
2026-07-09,instamart,18506,hyderabad,1,499
2026-07-09,instamart,63565,bangalore,1,189
2026-07-09,instamart,18503,bangalore,1,99
2026-07-09,instamart,18503,jamshedpur,1,99
2026-07-09,instamart,18503,anantapur,3,297
2026-07-09,instamart,197453,bangalore,1,169
2026-07-09,instamart,63565,delhi,1,189
2026-07-09,instamart,68254,central goa,1,149
2026-07-09,instamart,18503,sri ganganagar,1,99
2026-07-09,instamart,18506,patna,1,499
2026-07-09,instamart,63565,bangalore,1,189
2026-07-09,instamart,78553,manipal,1,99
2026-07-09,instamart,18504,mumbai,1,319
2026-07-09,instamart,63565,bangalore,1,189
2026-07-09,instamart,18504,guwahati,1,319
2026-07-09,instamart,68254,hyderabad,1,149
2026-07-09,instamart,18503,bangalore,2,198
2026-07-09,instamart,63565,chennai,2,378
2026-07-09,instamart,197453,pune,1,169
2026-07-09,instamart,792937,bhubaneswar,2,190
2026-07-09,instamart,63565,mumbai,2,378
2026-07-09,instamart,18504,bangalore,1,319
2026-07-09,instamart,792937,delhi,1,95
2026-07-09,instamart,792937,mumbai,1,95
2026-07-09,instamart,18503,kochi,1,99
2026-07-09,instamart,792937,mumbai,1,95
2026-07-09,instamart,63565,bangalore,1,189
2026-07-09,instamart,792937,bangalore,1,95
2026-07-09,instamart,78553,ahmedabad,1,99
2026-07-09,instamart,792937,delhi,1,95
2026-07-09,instamart,18503,chennai,1,99
2026-07-09,instamart,197453,ahmedabad,1,169
2026-07-09,instamart,197453,pune,1,169
2026-07-09,instamart,68254,mumbai,1,149
2026-07-09,instamart,78553,warangal,1,99
2026-07-09,instamart,792937,bangalore,1,95
2026-07-09,instamart,63565,karimnagar,1,189
2026-07-09,instamart,78553,bangalore,1,99
2026-07-09,instamart,68254,hyderabad,1,149
2026-07-09,instamart,18503,chennai,1,99
2026-07-09,instamart,78553,bangalore,1,99
2026-07-09,instamart,792937,bangalore,1,95
2026-07-09,instamart,792937,delhi,1,95
2026-07-09,instamart,57850,bangalore,1,109
2026-07-09,instamart,792937,bangalore,1,95
2026-07-09,instamart,78553,kochi,1,99
2026-07-09,instamart,78553,chennai,1,99
2026-07-09,instamart,792937,chennai,2,190
2026-07-09,instamart,18503,pune,1,99
2026-07-09,instamart,78553,chennai,1,99
2026-07-09,instamart,78553,bangalore,1,99
2026-07-09,instamart,792937,bangalore,1,95
2026-07-09,instamart,18504,bangalore,1,319
2026-07-09,instamart,78553,kochi,1,99
2026-07-09,instamart,18503,bangalore,1,99
2026-07-09,instamart,18503,bangalore,1,99
2026-07-09,instamart,792937,delhi,1,95
2026-07-09,instamart,792937,bangalore,1,95
2026-07-09,instamart,792937,bhubaneswar,1,95
2026-07-09,instamart,18503,bhubaneswar,1,99
2026-07-09,instamart,63565,pune,3,567
2026-07-09,instamart,78553,bangalore,1,99
2026-07-09,instamart,792937,chennai,1,95
2026-07-09,instamart,68254,delhi,1,149
2026-07-09,instamart,68254,mumbai,3,447
2026-07-09,instamart,792937,pune,2,190
2026-07-09,instamart,63565,guwahati,1,189
2026-07-09,instamart,63565,bangalore,2,378
2026-07-09,instamart,792937,bangalore,1,95
2026-07-09,instamart,78553,kottayam,1,99
2026-07-09,instamart,792937,bangalore,1,95
2026-07-09,instamart,18506,gurgaon,1,449
2026-07-09,instamart,292876,kottayam,1,125
2026-07-09,instamart,63565,mumbai,2,378
2026-07-09,instamart,18504,bangalore,2,638
2026-07-09,instamart,18503,bangalore,3,297
2026-07-09,instamart,63565,mangaluru,1,189
2026-07-09,instamart,792937,bangalore,2,190
2026-07-09,instamart,18506,delhi,1,499
2026-07-09,instamart,18503,bangalore,1,99
2026-07-09,instamart,18504,mumbai,1,319
2026-07-09,instamart,18506,mumbai,1,499
2026-07-09,instamart,18503,chennai,1,99
2026-07-18,instamart,78553,chennai,1,99
2026-07-18,instamart,78553,chennai,1,99
2026-07-18,instamart,18506,mumbai,1,499
2026-07-18,instamart,18503,pune,1,99
2026-07-18,instamart,18503,bangalore,1,99
2026-07-18,instamart,18503,bangalore,1,99
2026-07-18,instamart,18506,mumbai,1,499
2026-07-18,instamart,18504,kolkata,1,319
2026-07-18,instamart,792937,bangalore,2,190
2026-07-18,instamart,18503,bangalore,2,198
2026-07-18,instamart,68254,gurgaon,4,596
2026-07-18,instamart,68254,mumbai,1,149
2026-07-18,instamart,78553,jabalpur,1,99
2026-07-18,instamart,18504,coimbatore,1,319
2026-07-18,instamart,18503,pune,1,99
2026-07-18,instamart,78553,bangalore,1,99
2026-07-18,instamart,18504,chennai,1,319
2026-07-18,instamart,78553,ujjain,1,99
2026-07-18,instamart,63565,pune,1,189
2026-07-18,instamart,18504,kochi,1,319
2026-07-18,instamart,18504,thrissur,2,638
2026-07-18,instamart,197453,bangalore,1,169
2026-07-18,instamart,18503,noida 1,1,99
2026-07-18,instamart,63565,delhi,2,378
2026-07-18,instamart,18504,mumbai,1,319
2026-07-18,instamart,78553,mysore,1,99
2026-07-18,instamart,63565,delhi,1,189
2026-07-18,instamart,18503,chennai,1,99
2026-07-18,instamart,18503,bangalore,2,198
2026-07-18,instamart,18504,kolkata,1,319
2026-07-18,instamart,18504,mumbai,1,319
2026-07-18,instamart,78553,vizag,1,99
2026-07-18,instamart,18503,hyderabad,1,99
2026-07-18,instamart,78553,vadodara,1,99
2026-07-18,instamart,792937,hyderabad,1,95
2026-07-18,instamart,78553,vadodara,1,99
2026-07-18,instamart,792937,bangalore,3,285
2026-07-18,instamart,792937,chennai,1,95
2026-07-18,instamart,792937,chennai,1,95
2026-07-18,instamart,18504,bangalore,3,957
2026-07-18,instamart,18506,pune,1,499
2026-07-18,instamart,63565,bangalore,1,189
2026-07-18,instamart,792937,central goa,1,95
2026-07-18,instamart,792937,bangalore,1,95
2026-07-18,instamart,792937,chennai,1,95
2026-07-18,instamart,78553,bangalore,1,99
2026-07-18,instamart,18503,chennai,2,198
2026-07-18,instamart,18504,bangalore,2,638
2026-07-21,instamart,63565,delhi,1,189
2026-07-21,instamart,78553,raipur,1,99
2026-07-21,instamart,68254,mumbai,1,149
2026-07-21,instamart,18503,delhi,1,99
2026-07-21,instamart,63565,mumbai,1,189
2026-07-21,instamart,792937,bangalore,1,95
2026-07-21,instamart,792937,hyderabad,1,95
2026-07-21,instamart,18503,hyderabad,3,297
2026-07-21,instamart,18504,hyderabad,1,319
2026-07-21,instamart,18503,pune,1,99
2026-07-21,instamart,78553,bangalore,1,99
2026-07-21,instamart,63565,hyderabad,1,189
2026-07-21,instamart,78553,mumbai,1,99
2026-07-21,instamart,57850,kochi,1,109
2026-07-21,instamart,63565,bangalore,2,378
2026-07-21,instamart,63565,jabalpur,1,189
2026-07-21,instamart,792937,chennai,1,95
2026-07-21,instamart,792937,mumbai,1,95
2026-07-21,instamart,63565,bangalore,1,189
2026-07-21,instamart,18503,chennai,2,198
2026-07-21,instamart,63565,delhi,1,189
2026-07-21,instamart,792937,bangalore,1,95
2026-07-21,instamart,68254,vizag,1,149
2026-07-21,instamart,18504,mumbai,1,319
2026-07-21,instamart,78553,bangalore,1,99
2026-07-21,instamart,18504,bangalore,1,319
2026-07-21,instamart,68254,mumbai,1,149
2026-07-21,instamart,78553,bangalore,1,99
2026-07-21,instamart,792937,delhi,2,190
2026-07-21,instamart,78553,vijayawada,1,99
2026-07-21,instamart,78553,gurgaon,1,99
2026-07-21,instamart,792937,chennai,1,95
2026-07-21,instamart,78553,bangalore,1,99
2026-07-21,instamart,63565,bangalore,1,189
2026-07-21,instamart,78553,chennai,1,99
2026-07-21,instamart,292876,central goa,2,250
2026-07-21,instamart,18504,hyderabad,2,638
2026-07-21,instamart,18504,hyderabad,2,638
2026-07-21,instamart,18503,hyderabad,1,99
2026-07-21,instamart,63565,bikaner,1,189
2026-07-21,instamart,18503,bangalore,1,99
2026-07-21,instamart,18503,bangalore,1,99
2026-07-21,instamart,792937,gurgaon,1,95
2026-07-21,instamart,18503,kolkata,1,99
2026-07-21,instamart,792937,mumbai,1,95
2026-07-21,instamart,197453,bangalore,1,169
2026-07-21,instamart,792937,jabalpur,1,95
2026-07-21,instamart,68254,hyderabad,1,149
2026-07-21,instamart,63565,delhi,2,378
2026-07-21,instamart,78553,bangalore,1,99
2026-07-21,instamart,18503,pune,1,99
2026-07-21,instamart,18504,mumbai,2,638
2026-07-21,instamart,792937,hyderabad,3,285
2026-07-21,instamart,18506,hyderabad,1,499
2026-07-21,instamart,792937,bangalore,1,95
2026-07-21,instamart,78553,bangalore,1,99
2026-07-21,instamart,18503,noida 1,2,198
2026-07-21,instamart,78553,central goa,1,99
2026-07-21,instamart,197453,bangalore,2,338
2026-07-22,instamart,68254,hyderabad,2,298
2026-07-22,instamart,68254,bangalore,1,149
2026-07-22,instamart,792937,bangalore,1,95
2026-07-22,instamart,792937,mumbai,1,95
2026-07-22,instamart,18506,noida 1,1,499
2026-07-22,instamart,792937,chennai,1,95
2026-07-22,instamart,78553,vadodara,3,297
2026-07-22,instamart,68254,bangalore,1,149
2026-07-22,instamart,63565,delhi,2,378
2026-07-22,instamart,18504,madurai,1,319
2026-07-22,instamart,792937,chennai,1,95
2026-07-22,instamart,78553,hyderabad,1,99
2026-07-22,instamart,78553,chennai,1,99
2026-07-22,instamart,78553,mumbai,1,99
2026-07-22,instamart,18503,bangalore,1,99
2026-07-22,instamart,63565,bangalore,1,189
2026-07-22,instamart,78553,ahmedabad,1,99
2026-07-22,instamart,18503,hyderabad,2,198
2026-07-22,instamart,18503,udaipur,1,99
2026-07-22,instamart,18506,mumbai,1,499
2026-07-22,instamart,78553,bangalore,2,198
2026-07-22,instamart,18504,chennai,2,638
2026-07-22,instamart,63565,shivamogga,1,189
2026-07-22,instamart,68254,hyderabad,1,149
2026-07-22,instamart,63565,chennai,1,189
2026-07-22,instamart,18503,noida,1,99
2026-07-22,instamart,68254,hyderabad,1,149
2026-07-22,instamart,18503,hyderabad,1,99
2026-07-22,instamart,78553,mumbai,1,99
2026-07-22,instamart,792937,bangalore,3,285
2026-07-22,instamart,792937,bangalore,1,95
2026-07-22,instamart,57850,ahmedabad,1,109
2026-07-22,instamart,18503,hyderabad,1,99
2026-07-22,instamart,792937,delhi,5,475
2026-07-22,instamart,63565,bangalore,2,378
2026-07-22,instamart,78553,central goa,1,99
2026-07-22,instamart,18506,mumbai,1,499
2026-07-22,instamart,18503,noida 1,1,99
2026-07-22,instamart,18503,hyderabad,1,99
2026-07-22,instamart,18504,chennai,2,638
2026-07-22,instamart,78553,mumbai,1,99
2026-07-22,instamart,78553,noida,1,99
2026-07-22,instamart,18504,bangalore,1,319
2026-07-22,instamart,18504,coimbatore,1,319
2026-07-22,instamart,18504,coimbatore,1,319
2026-07-22,instamart,18504,hyderabad,1,319
2026-07-22,instamart,792937,karimnagar,3,285
2026-07-22,instamart,18503,tumakuru,1,99
2026-07-22,instamart,78553,bangalore,1,99
2026-07-22,instamart,68254,chennai,1,149
2026-07-22,instamart,78553,mumbai,1,99
2026-07-22,instamart,63565,noida 1,2,378
2026-07-22,instamart,18503,delhi,2,198
2026-07-10,instamart,18503,mangaluru,1,99
2026-07-10,instamart,68254,chennai,1,149
2026-07-10,instamart,63565,bangalore,1,189
2026-07-10,instamart,63565,mumbai,2,378
2026-07-10,instamart,78553,pune,1,99
2026-07-10,instamart,63565,khammam,1,189
2026-07-10,instamart,18504,chennai,2,638
2026-07-10,instamart,18503,pondicherry,1,99
2026-07-10,instamart,78553,bangalore,1,99
2026-07-10,instamart,78553,pune,1,99
2026-07-10,instamart,63565,mumbai,1,189
2026-07-10,instamart,18503,bangalore,1,99
2026-07-10,instamart,68254,mumbai,2,298
2026-07-10,instamart,68254,bangalore,1,149
2026-07-10,instamart,63565,hyderabad,1,189
2026-07-10,instamart,18503,hyderabad,1,99
2026-07-10,instamart,792937,bangalore,1,95
2026-07-10,instamart,78553,pune,2,198
2026-07-10,instamart,792937,delhi,1,95
2026-07-10,instamart,792937,mangaluru,1,95
2026-07-10,instamart,18503,mumbai,1,99
2026-07-10,instamart,792937,bangalore,1,95
2026-07-10,instamart,792937,chennai,1,95
2026-07-10,instamart,18503,mumbai,1,99
2026-07-10,instamart,792937,bangalore,1,95
2026-07-10,instamart,18503,hyderabad,1,99
2026-07-10,instamart,18503,bangalore,1,99
2026-07-10,instamart,63565,chennai,1,189
2026-07-10,instamart,63565,mumbai,2,378
2026-07-10,instamart,63565,chandigarh,2,340
2026-07-18,instamart,792937,bangalore,1,95
2026-07-18,instamart,18503,hyderabad,2,198
2026-07-18,instamart,18504,bangalore,1,319
2026-07-18,instamart,63565,delhi,1,189
2026-07-18,instamart,18506,chennai,1,499
2026-07-18,instamart,18504,hyderabad,1,319
2026-07-18,instamart,792937,bangalore,1,95
2026-07-18,instamart,18503,mangaluru,1,99
2026-07-18,instamart,792937,mumbai,1,95
2026-07-18,instamart,18504,bangalore,1,319
2026-07-18,instamart,78553,warangal,2,198
2026-07-18,instamart,792937,bangalore,3,285
2026-07-18,instamart,68254,bangalore,1,149
2026-07-18,instamart,78553,mumbai,1,99
2026-07-18,instamart,18503,bangalore,1,99
2026-07-18,instamart,63565,bangalore,1,189
2026-07-18,instamart,68254,hyderabad,1,149
2026-07-18,instamart,78553,bangalore,1,99
2026-07-18,instamart,63565,bangalore,1,189
2026-07-18,instamart,63565,bangalore,2,378
2026-07-18,instamart,78553,dibrugarh,2,198
2026-07-18,instamart,18503,hyderabad,3,297
2026-07-18,instamart,792937,bangalore,1,95
2026-07-18,instamart,68254,hyderabad,1,149
2026-07-18,instamart,792937,bangalore,1,95
2026-07-18,instamart,18503,chennai,1,99
2026-07-18,instamart,792937,bangalore,1,95
2026-07-18,instamart,68254,bangalore,1,149
2026-07-18,instamart,792937,pune,1,95
2026-07-18,instamart,18504,hyderabad,1,319
2026-07-18,instamart,78553,mumbai,1,99
2026-07-18,instamart,68254,bangalore,1,149
2026-07-18,instamart,63565,hyderabad,1,189
2026-07-18,instamart,78553,pune,1,99
2026-07-18,instamart,63565,hyderabad,1,189
2026-07-18,instamart,197453,bangalore,2,338
2026-07-18,instamart,78553,vizag,2,198
2026-07-18,instamart,18503,bangalore,2,198
2026-07-18,instamart,792937,gurgaon,1,95
2026-07-18,instamart,18506,mumbai,1,499
2026-07-18,instamart,18504,mumbai,1,319
2026-07-18,instamart,792937,chennai,1,95
2026-07-18,instamart,197453,bangalore,1,169
2026-07-18,instamart,18506,delhi,1,499
2026-07-18,instamart,68254,hyderabad,1,149
2026-07-18,instamart,78553,ahmedabad,1,99
2026-07-18,instamart,18503,nashik,1,99
2026-07-18,instamart,78553,hyderabad,1,99
2026-07-18,instamart,63565,kolkata,1,189
2026-07-18,instamart,63565,bangalore,2,378
2026-07-14,instamart,63565,bangalore,1,189
2026-07-14,instamart,18503,pune,3,297
2026-07-14,instamart,18503,bangalore,1,99
2026-07-14,instamart,78553,chennai,1,99
2026-07-14,instamart,792937,mumbai,1,95
2026-07-14,instamart,78553,bangalore,1,99
2026-07-14,instamart,792937,gurgaon,1,95
2026-07-14,instamart,792937,gurgaon,1,95
2026-07-14,instamart,78553,bangalore,1,99
2026-07-14,instamart,792937,pune,1,95
2026-07-14,instamart,63565,eluru,1,189
2026-07-14,instamart,78553,mumbai,2,198
2026-07-14,instamart,78553,central goa,2,198
2026-07-14,instamart,18503,bhimavaram,1,99
2026-07-14,instamart,78553,bangalore,1,99
2026-07-14,instamart,78553,bangalore,1,99
2026-07-14,instamart,792937,bangalore,2,190
2026-07-14,instamart,792937,kurnool,3,285
2026-07-14,instamart,18506,mumbai,1,499
2026-07-14,instamart,792937,vellore,1,95
2026-07-14,instamart,792937,bangalore,1,95
2026-07-14,instamart,792937,mumbai,1,95
2026-07-14,instamart,63565,chennai,2,378
2026-07-18,instamart,63565,bangalore,2,378
2026-07-18,instamart,63565,mumbai,2,378
2026-07-18,instamart,18504,bangalore,1,319
2026-07-18,instamart,792937,bhubaneswar,1,95
2026-07-18,instamart,68254,bangalore,1,149
2026-07-18,instamart,78553,bangalore,1,99
2026-07-18,instamart,18503,hyderabad,1,99
2026-07-18,instamart,18503,udaipur,1,99
2026-07-18,instamart,63565,bangalore,1,189
2026-07-18,instamart,63565,lucknow,1,189
2026-07-18,instamart,18506,noida,3,1497
2026-07-18,instamart,78553,central goa,1,99
2026-07-18,instamart,792937,bangalore,1,95
2026-07-18,instamart,792937,kurnool,1,95
2026-07-18,instamart,18506,mumbai,1,499
2026-07-18,instamart,63565,gurgaon,1,189
2026-07-18,instamart,18504,mumbai,1,319
2026-07-18,instamart,18503,mysore,1,99
2026-07-18,instamart,68254,bangalore,1,149
2026-07-18,instamart,78553,vadodara,1,99
2026-07-18,instamart,792937,gurgaon,1,95
2026-07-18,instamart,63565,chennai,1,189
2026-07-18,instamart,18504,hyderabad,1,319
2026-07-18,instamart,78553,vizag,1,99
2026-07-18,instamart,63565,noida,1,189
2026-07-18,instamart,63565,bangalore,1,189
2026-07-18,instamart,18504,mumbai,1,319
2026-07-18,instamart,792937,bangalore,1,95
2026-07-18,instamart,792937,bangalore,1,95
2026-07-18,instamart,78553,chennai,1,99
2026-07-18,instamart,63565,gurgaon,1,189
2026-07-18,instamart,792937,bangalore,2,190
2026-07-18,instamart,18506,pune,1,499
2026-07-18,instamart,18503,kochi,1,99
2026-07-18,instamart,18506,nashik,1,499
2026-07-18,instamart,78553,delhi,1,99
2026-07-18,instamart,792937,mysore,2,190
2026-07-18,instamart,18503,nashik,2,198
2026-07-18,instamart,18504,bangalore,1,319
2026-07-18,instamart,68254,bangalore,1,149
2026-07-18,instamart,792937,delhi,1,95
2026-07-18,instamart,18503,faridabad,1,99
2026-07-18,instamart,18504,chennai,1,319
2026-07-18,instamart,68254,mumbai,1,149
2026-07-18,instamart,792937,bangalore,2,190
2026-07-18,instamart,18504,thrissur,2,638
2026-07-18,instamart,18506,noida,1,499
2026-07-18,instamart,18503,thiruvananthapuram,1,99
2026-07-18,instamart,18503,bhubaneswar,1,99
2026-07-18,instamart,63565,gurgaon,2,378
2026-07-18,instamart,18504,bangalore,2,638
2026-07-19,instamart,68254,hyderabad,2,298
2026-07-19,instamart,792937,bangalore,1,95
2026-07-19,instamart,68254,mumbai,1,149
2026-07-19,instamart,197453,bangalore,1,169
2026-07-19,instamart,63565,madurai,1,189
2026-07-19,instamart,63565,bangalore,2,378
2026-07-19,instamart,792937,chennai,1,95
2026-07-19,instamart,292876,bangalore,1,125
2026-07-19,instamart,18503,hyderabad,1,99
2026-07-19,instamart,68254,chennai,2,298
2026-07-19,instamart,18506,bangalore,1,499
2026-07-19,instamart,18506,mumbai,1,499
2026-07-19,instamart,18503,bangalore,1,99
2026-07-19,instamart,18504,chennai,2,638
2026-07-19,instamart,63565,bangalore,2,378
2026-07-19,instamart,18504,kolkata,1,319
2026-07-19,instamart,68254,mumbai,1,149
2026-07-19,instamart,792937,bangalore,2,190
2026-07-19,instamart,792937,chennai,2,190
2026-07-19,instamart,18504,chennai,2,638
2026-07-19,instamart,18503,delhi,1,99
2026-07-19,instamart,63565,noida,1,189
2026-07-19,instamart,18506,hyderabad,1,499
2026-07-19,instamart,792937,bangalore,1,95
2026-07-19,instamart,63565,mumbai,1,189
2026-07-19,instamart,18504,bangalore,1,319
2026-07-19,instamart,18503,bangalore,1,99
2026-07-19,instamart,197453,hyderabad,1,169
2026-07-19,instamart,18503,mumbai,1,99
2026-07-19,instamart,18506,mumbai,1,499
2026-07-19,instamart,18503,pune,1,99
2026-07-19,instamart,18504,mumbai,1,319
2026-07-19,instamart,68254,mumbai,1,149
2026-07-19,instamart,78553,hyderabad,1,99
2026-07-19,instamart,18504,chennai,1,319
2026-07-19,instamart,18504,hyderabad,1,319
2026-07-19,instamart,792937,bhubaneswar,1,95
2026-07-19,instamart,57850,kottayam,1,109
2026-07-19,instamart,792937,hyderabad,2,190
2026-07-19,instamart,18503,pondicherry,3,297
2026-07-19,instamart,18503,hyderabad,3,297
2026-07-19,instamart,18503,gurgaon,1,99
2026-07-19,instamart,18503,hyderabad,1,99
2026-07-19,instamart,18503,bangalore,1,99
2026-07-19,instamart,63565,kolkata,1,189
2026-07-19,instamart,63565,pune,1,189
2026-07-19,instamart,18503,kochi,1,99
2026-07-19,instamart,18506,delhi,2,898
2026-07-19,instamart,63565,moradabad,1,189
2026-07-19,instamart,792937,bangalore,1,95
2026-07-19,instamart,63565,chennai,1,189
2026-07-19,instamart,792937,mumbai,2,190
2026-07-19,instamart,63565,delhi,1,189
2026-07-19,instamart,792937,chennai,1,95
2026-07-19,instamart,792937,bangalore,2,190
2026-07-19,instamart,792937,bangalore,1,95
2026-07-19,instamart,63565,mumbai,1,189
2026-07-19,instamart,78553,noida,2,198
2026-07-19,instamart,18504,mumbai,1,319
2026-07-19,instamart,18503,gurgaon,1,99
2026-07-19,instamart,18503,bangalore,1,99
2026-07-19,instamart,197453,bangalore,1,169
2026-07-19,instamart,18503,hyderabad,1,99
2026-07-19,instamart,68254,hyderabad,1,149
2026-07-19,instamart,18506,gurgaon,1,499
2026-07-19,instamart,63565,delhi,1,189
2026-07-19,instamart,78553,pune,1,99
2026-07-19,instamart,63565,mumbai,1,189
2026-07-19,instamart,18503,bangalore,1,99
2026-07-19,instamart,197453,bangalore,1,169
2026-07-19,instamart,18503,hyderabad,1,99
2026-07-19,instamart,63565,mumbai,1,189
2026-07-19,instamart,63565,mumbai,1,189
2026-07-19,instamart,68254,hyderabad,1,149
2026-07-19,instamart,78553,vizag,1,99
2026-07-19,instamart,63565,chennai,3,567
2026-07-19,instamart,68254,chennai,2,298
2026-07-19,instamart,18504,mumbai,1,319
2026-07-19,instamart,18503,mumbai,1,99
2026-07-19,instamart,18504,bangalore,1,319
2026-07-19,instamart,18504,hyderabad,1,319
2026-07-19,instamart,18503,central goa,1,99
2026-07-19,instamart,792937,bangalore,1,95
2026-07-19,instamart,792937,mumbai,2,190
2026-07-19,instamart,68254,kochi,1,149
2026-07-19,instamart,63565,gurgaon,1,189
2026-07-09,instamart,63565,hubli,2,378
2026-07-09,instamart,18503,pune,1,99
2026-07-09,instamart,18503,bangalore,1,99
2026-07-09,instamart,18503,mumbai,1,99
2026-07-09,instamart,68254,bangalore,1,149
2026-07-09,instamart,792937,bangalore,1,95
2026-07-09,instamart,197453,kolkata,1,169
2026-07-09,instamart,18503,pondicherry,1,99
2026-07-09,instamart,792937,chennai,1,95
2026-07-09,instamart,18506,mumbai,1,499
2026-07-09,instamart,63565,chennai,2,378
2026-07-09,instamart,78553,bangalore,1,99
2026-07-09,instamart,18506,chennai,1,499
2026-07-09,instamart,792937,bangalore,1,95
2026-07-09,instamart,792937,hyderabad,1,95
2026-07-09,instamart,18503,gurgaon,1,99
2026-07-09,instamart,63565,pune,1,189
2026-07-09,instamart,792937,bangalore,1,95
2026-07-09,instamart,63565,chennai,1,189
2026-07-09,instamart,792937,bangalore,1,95
2026-07-09,instamart,78553,pune,1,99
2026-07-09,instamart,78553,pune,2,198
2026-07-09,instamart,792937,mysore,1,95
2026-07-09,instamart,78553,central goa,1,99
2026-07-09,instamart,792937,pune,1,95
2026-07-09,instamart,792937,warangal,1,95
2026-07-09,instamart,18506,gurgaon,1,499
2026-07-09,instamart,197453,delhi,1,169
2026-07-09,instamart,18503,mumbai,1,99
2026-07-09,instamart,18503,hyderabad,1,99
2026-07-09,instamart,57850,guwahati,1,109
2026-07-09,instamart,792937,hyderabad,1,95
2026-07-09,instamart,68254,mumbai,1,149
2026-07-09,instamart,18503,bangalore,1,99
2026-07-22,instamart,63565,kolkata,1,200
2026-07-22,instamart,18503,kolkata,2,198
2026-07-22,instamart,792937,bangalore,1,95
2026-07-22,instamart,18503,chennai,1,99
2026-07-22,instamart,18504,chennai,1,319
2026-07-22,instamart,197453,pune,1,169
2026-07-22,instamart,78553,ahmedabad,1,99
2026-07-22,instamart,18503,delhi,4,396
2026-07-22,instamart,18503,bhubaneswar,1,99
2026-07-22,instamart,18503,hyderabad,2,198
2026-07-22,instamart,792937,delhi,2,190
2026-07-22,instamart,68254,mumbai,2,298
2026-07-22,instamart,78553,lucknow,1,99
2026-07-22,instamart,78553,pune,1,99
2026-07-22,instamart,18503,pune,1,99
2026-07-22,instamart,18503,bhubaneswar,2,198
2026-07-22,instamart,18504,bangalore,3,957
2026-07-22,instamart,18503,hyderabad,1,99
2026-07-22,instamart,68254,thiruvananthapuram,1,149
2026-07-22,instamart,68254,ambala,1,149
2026-07-22,instamart,63565,delhi,2,378
2026-07-22,instamart,792937,hyderabad,2,190
2026-07-22,instamart,63565,gurgaon,3,567
2026-07-10,instamart,792937,hyderabad,1,95
2026-07-10,instamart,68254,madurai,1,149
2026-07-10,instamart,792937,hyderabad,1,95
2026-07-10,instamart,68254,bangalore,1,149
2026-07-10,instamart,18504,bangalore,1,319
2026-07-10,instamart,792937,mumbai,2,190
2026-07-10,instamart,63565,delhi,2,378
2026-07-10,instamart,792937,bangalore,2,190
2026-07-10,instamart,68254,hyderabad,4,596
2026-07-10,instamart,292876,patna,2,250
2026-07-10,instamart,68254,chennai,2,298
2026-07-10,instamart,792937,hyderabad,1,95
2026-07-10,instamart,63565,hyderabad,1,189
2026-07-10,instamart,63565,bangalore,2,378
2026-07-10,instamart,78553,pune,1,99
2026-07-10,instamart,18503,hyderabad,1,99
2026-07-10,instamart,63565,bangalore,1,189
2026-07-10,instamart,18504,karimnagar,1,319
2026-07-10,instamart,18503,pune,1,99
2026-07-10,instamart,68254,jabalpur,1,149
2026-07-10,instamart,68254,pune,1,149
2026-07-10,instamart,792937,pune,1,95
2026-07-10,instamart,63565,delhi,2,378
2026-07-10,instamart,63565,gurgaon,1,189
2026-07-10,instamart,792937,bangalore,1,95
2026-07-10,instamart,18504,thanjavur,1,319
2026-07-10,instamart,68254,chennai,1,149
2026-07-10,instamart,78553,vadodara,1,99
2026-07-10,instamart,792937,delhi,5,475
2026-07-10,instamart,18506,pune,1,499
2026-07-10,instamart,18506,mumbai,1,499
2026-07-10,instamart,18503,central goa,1,99
2026-07-10,instamart,63565,hyderabad,1,189
2026-07-10,instamart,18503,bangalore,2,198
2026-07-10,instamart,792937,chennai,1,95
2026-07-10,instamart,63565,mumbai,1,189
2026-07-10,instamart,792937,bangalore,1,95
2026-07-10,instamart,18503,bangalore,1,99
2026-07-10,instamart,68254,mumbai,2,298
2026-07-17,instamart,68254,bangalore,1,149
2026-07-17,instamart,792937,bangalore,1,95
2026-07-17,instamart,78553,sri ganganagar,2,198
2026-07-17,instamart,18504,kolkata,1,319
2026-07-17,instamart,63565,manipal,1,189
2026-07-17,instamart,68254,bangalore,1,149
2026-07-17,instamart,63565,bangalore,1,189
2026-07-17,instamart,792937,bangalore,1,95
2026-07-17,instamart,18504,bangalore,1,319
2026-07-17,instamart,63565,bangalore,1,189
2026-07-17,instamart,18504,mumbai,1,319
2026-07-17,instamart,792937,bangalore,2,190
2026-07-17,instamart,18506,mumbai,1,499
2026-07-17,instamart,792937,warangal,1,95
2026-07-17,instamart,63565,delhi,1,189
2026-07-17,instamart,18503,chennai,1,99
2026-07-17,instamart,197453,hyderabad,1,169
2026-07-17,instamart,63565,delhi,1,189
2026-07-17,instamart,197453,kolkata,1,169
2026-07-10,instamart,63565,mumbai,1,189
2026-07-10,instamart,68254,hyderabad,1,149
2026-07-10,instamart,78553,chennai,1,99
2026-07-10,instamart,63565,bangalore,2,378
2026-07-10,instamart,18506,bangalore,1,499
2026-07-10,instamart,18504,mumbai,1,319
2026-07-10,instamart,792937,bangalore,1,95
2026-07-10,instamart,68254,bangalore,1,149
2026-07-10,instamart,63565,indore,1,189
2026-07-10,instamart,18503,bangalore,1,99
2026-07-10,instamart,18506,bangalore,3,1497
2026-07-10,instamart,18504,mumbai,1,319
2026-07-10,instamart,18504,mumbai,1,319
2026-07-10,instamart,18503,central goa,1,99
2026-07-10,instamart,78553,belgaum,1,99
2026-07-10,instamart,63565,trichy,1,189
2026-07-10,instamart,792937,chennai,1,95
2026-07-10,instamart,63565,mumbai,1,189
2026-07-10,instamart,63565,chennai,3,567
2026-07-10,instamart,63565,ahmedabad,1,189
2026-07-10,instamart,792937,central goa,1,95
2026-07-10,instamart,18506,mumbai,1,499
2026-07-10,instamart,63565,mumbai,1,189
2026-07-10,instamart,18503,bangalore,2,198
2026-07-10,instamart,63565,gurgaon,2,378
2026-07-10,instamart,68254,hyderabad,2,298
2026-07-10,instamart,63565,hyderabad,1,189
2026-07-10,instamart,18506,mumbai,2,998
2026-07-10,instamart,68254,mumbai,1,149
2026-07-10,instamart,18506,bangalore,1,499
2026-07-10,instamart,18506,mumbai,2,998
2026-07-10,instamart,78553,mumbai,1,99
2026-07-10,instamart,18503,mumbai,2,198
2026-07-23,instamart,18506,kochi,1,499
2026-07-23,instamart,792937,mumbai,2,190
2026-07-23,instamart,63565,bangalore,2,378
2026-07-23,instamart,78553,mumbai,2,198
2026-07-23,instamart,78553,bangalore,1,99
2026-07-23,instamart,78553,mysore,1,99
2026-07-23,instamart,792937,delhi,1,95
2026-07-23,instamart,792937,delhi,1,95
2026-07-23,instamart,63565,delhi,2,378
2026-07-23,instamart,792937,bangalore,1,95
2026-07-23,instamart,792937,chennai,1,95
2026-07-23,instamart,792937,chennai,1,95
2026-07-23,instamart,63565,pune,1,189
2026-07-23,instamart,63565,bangalore,1,189
2026-07-23,instamart,78553,chennai,3,297
2026-07-23,instamart,68254,gurgaon,1,149
2026-07-23,instamart,68254,bangalore,1,149
2026-07-23,instamart,63565,bangalore,1,189
2026-07-23,instamart,792937,pune,1,95
2026-07-23,instamart,68254,gurgaon,1,149
2026-07-23,instamart,18506,surat,1,499
2026-07-23,instamart,792937,delhi,3,285
2026-07-23,instamart,18503,delhi,1,99
2026-07-23,instamart,18504,bangalore,1,319
2026-07-23,instamart,792937,delhi,1,95
2026-07-23,instamart,18503,kochi,1,99
2026-07-23,instamart,792937,bikaner,1,95
2026-07-23,instamart,63565,bangalore,1,189
2026-07-21,instamart,78553,mumbai,2,198
2026-07-21,instamart,78553,hyderabad,1,99
2026-07-21,instamart,792937,bangalore,1,95
2026-07-21,instamart,18504,tirunelveli,1,319
2026-07-21,instamart,18503,chennai,1,99
2026-07-21,instamart,78553,hyderabad,1,99
2026-07-21,instamart,63565,pune,1,189
2026-07-21,instamart,68254,bangalore,1,149
2026-07-21,instamart,78553,chennai,2,198
2026-07-21,instamart,78553,mumbai,1,99
2026-07-21,instamart,63565,jabalpur,1,189
2026-07-21,instamart,197453,bangalore,2,338
2026-07-21,instamart,78553,chennai,1,99
2026-07-21,instamart,78553,chennai,1,99
2026-07-21,instamart,18503,bangalore,1,99
2026-07-21,instamart,18504,chennai,1,319
2026-07-21,instamart,18503,hyderabad,1,99
2026-07-21,instamart,792937,ranchi,3,285
2026-07-21,instamart,68254,delhi,1,149
2026-07-21,instamart,78553,bangalore,2,198
2026-07-21,instamart,78553,chennai,1,99
2026-07-21,instamart,78553,vizag,1,99
2026-07-21,instamart,18503,pune,1,99
2026-07-21,instamart,18503,mumbai,1,99
2026-07-21,instamart,63565,dindigul,1,189
2026-07-21,instamart,18503,hyderabad,1,99
2026-07-21,instamart,78553,thiruvananthapuram,1,99
2026-07-21,instamart,18503,bangalore,1,99
2026-07-21,instamart,18503,bhubaneswar,1,99
2026-07-21,instamart,18504,thrissur,3,957
2026-07-21,instamart,18503,bangalore,1,99
2026-07-21,instamart,18503,hyderabad,1,99
2026-07-21,instamart,63565,delhi,1,189
2026-07-21,instamart,197453,lonavla,2,338
2026-07-21,instamart,63565,bangalore,1,189
2026-07-21,instamart,63565,bangalore,1,189
2026-07-21,instamart,18503,bangalore,1,99
2026-07-21,instamart,792937,mumbai,2,190
2026-07-21,instamart,78553,mumbai,1,99
2026-07-21,instamart,18503,bangalore,2,198
2026-07-21,instamart,792937,mumbai,2,190
2026-07-21,instamart,792937,mumbai,3,285
2026-07-21,instamart,78553,chennai,1,99
2026-07-21,instamart,68254,hyderabad,1,149
2026-07-21,instamart,63565,chennai,1,189
2026-07-21,instamart,792937,noida 1,1,95
2026-07-21,instamart,792937,gurgaon,2,190
2026-07-21,instamart,18503,agra,1,99
2026-07-21,instamart,792937,hyderabad,2,190
2026-07-21,instamart,63565,pune,1,189
2026-07-21,instamart,792937,bangalore,1,95
2026-07-21,instamart,18503,tirupati,1,99
2026-07-21,instamart,18506,mumbai,2,998
2026-07-21,instamart,78553,tirupati,1,99
2026-07-21,instamart,18506,ahmedabad,2,998
2026-07-21,instamart,78553,mumbai,1,99
2026-07-21,instamart,18504,pune,1,319
2026-07-21,instamart,68254,hyderabad,2,298
2026-07-21,instamart,792937,chennai,1,95
2026-07-21,instamart,78553,bangalore,2,198
2026-07-21,instamart,18504,hyderabad,2,638
2026-07-10,instamart,18504,mangaluru,2,638
2026-07-10,instamart,78553,vizag,1,99
2026-07-10,instamart,792937,chennai,1,95
2026-07-10,instamart,792937,noida,1,99
2026-07-10,instamart,792937,mumbai,1,95
2026-07-10,instamart,792937,noida 1,1,95
2026-07-10,instamart,78553,bangalore,2,198
2026-07-10,instamart,292876,bangalore,2,250
2026-07-10,instamart,63565,central goa,1,189
2026-07-10,instamart,18503,nagpur,1,99
2026-07-10,instamart,63565,mumbai,1,189
2026-07-10,instamart,78553,chennai,1,99
2026-07-10,instamart,63565,mumbai,1,189
2026-07-10,instamart,18503,bangalore,1,99
2026-07-10,instamart,18503,central goa,1,99
2026-07-10,instamart,63565,bangalore,1,189
2026-07-10,instamart,792937,bangalore,1,95
2026-07-10,instamart,63565,mumbai,5,945
2026-07-10,instamart,68254,bangalore,1,149
2026-07-10,instamart,792937,bangalore,1,95
2026-07-10,instamart,63565,bangalore,1,189
2026-07-10,instamart,792937,hyderabad,1,95
2026-07-10,instamart,63565,mumbai,1,189
2026-07-10,instamart,792937,bangalore,1,95
2026-07-10,instamart,63565,pune,1,189
2026-07-10,instamart,78553,bangalore,1,99
2026-07-10,instamart,18503,bangalore,1,99
2026-07-10,instamart,63565,delhi,2,378
2026-07-10,instamart,792937,bangalore,1,95
2026-07-10,instamart,63565,belgaum,4,756
2026-07-10,instamart,63565,bangalore,1,189
2026-07-10,instamart,18506,chennai,1,499
2026-07-10,instamart,18504,mumbai,1,319
2026-07-10,instamart,792937,ranchi,1,95
2026-07-10,instamart,18504,kozhikode,1,319
2026-07-10,instamart,63565,mumbai,4,756
2026-07-10,instamart,18504,hyderabad,3,957
2026-07-10,instamart,792937,mumbai,1,95
2026-07-10,instamart,63565,lucknow,1,189
2026-07-10,instamart,792937,bangalore,1,95
2026-07-22,instamart,792937,chennai,2,190
2026-07-22,instamart,78553,vizag,1,99
2026-07-22,instamart,18506,hyderabad,1,499
2026-07-22,instamart,78553,delhi,1,99
2026-07-22,instamart,792937,noida 1,1,95
2026-07-22,instamart,18504,mumbai,1,319
2026-07-22,instamart,78553,mumbai,1,99
2026-07-22,instamart,792937,chennai,1,95
2026-07-22,instamart,63565,pune,1,189
2026-07-22,instamart,197453,bangalore,1,169
2026-07-22,instamart,68254,central goa,1,149
2026-07-22,instamart,78553,pune,1,99
2026-07-22,instamart,18503,mumbai,3,297
2026-07-22,instamart,18503,gurgaon,2,198
2026-07-22,instamart,68254,bangalore,1,149
2026-07-22,instamart,78553,chennai,1,99
2026-07-22,instamart,18503,hyderabad,1,99
2026-07-22,instamart,63565,rohtak,1,189
2026-07-22,instamart,18503,bangalore,1,99
2026-07-22,instamart,18504,karaikkudi,1,319
2026-07-22,instamart,18504,kolkata,1,319
2026-07-22,instamart,78553,bangalore,1,99
2026-07-14,instamart,68254,bangalore,1,149
2026-07-14,instamart,63565,mumbai,1,189
2026-07-14,instamart,68254,chennai,2,298
2026-07-14,instamart,18506,bangalore,1,499
2026-07-14,instamart,18504,delhi,1,319
2026-07-14,instamart,792937,bangalore,1,95
2026-07-14,instamart,18503,delhi,2,198
2026-07-14,instamart,68254,chennai,1,149
2026-07-14,instamart,78553,delhi,1,99
2026-07-14,instamart,68254,indore,1,149
2026-07-14,instamart,792937,bangalore,1,95
2026-07-14,instamart,792937,gurgaon,1,95
2026-07-14,instamart,792937,hyderabad,1,95
2026-07-14,instamart,63565,delhi,1,189
2026-07-14,instamart,63565,chennai,1,189
2026-07-14,instamart,792937,mumbai,1,95
2026-07-14,instamart,18503,noida,1,99
2026-07-14,instamart,78553,central goa,2,198
2026-07-14,instamart,18503,pune,1,99
2026-07-14,instamart,63565,bangalore,1,189
2026-07-14,instamart,18504,bangalore,1,319
2026-07-14,instamart,78553,central goa,1,99
2026-07-14,instamart,792937,bangalore,1,95
2026-07-14,instamart,63565,chennai,1,189
2026-07-14,instamart,792937,pune,1,95
2026-07-10,instamart,18503,bangalore,1,99
2026-07-10,instamart,18504,bangalore,1,319
2026-07-10,instamart,18503,pune,1,99
2026-07-10,instamart,63565,ludhiana,1,189
2026-07-10,instamart,63565,mumbai,1,189
2026-07-10,instamart,78553,manipal,1,99
2026-07-10,instamart,78553,hyderabad,2,198
2026-07-10,instamart,57850,central goa,1,109
2026-07-10,instamart,18503,pune,2,198
2026-07-10,instamart,78553,bangalore,1,99
2026-07-10,instamart,68254,bangalore,1,149
2026-07-10,instamart,63565,mumbai,1,189
2026-07-10,instamart,63565,chennai,2,378
2026-07-10,instamart,792937,chennai,2,190
2026-07-10,instamart,18503,chennai,1,99
2026-07-10,instamart,792937,bangalore,1,95
2026-07-10,instamart,57850,patna,1,109
2026-07-10,instamart,792937,chennai,2,190
2026-07-10,instamart,18506,mumbai,1,499
2026-07-10,instamart,78553,bangalore,1,99
2026-07-10,instamart,18503,kochi,1,99
2026-07-10,instamart,792937,vellore,1,95
2026-07-10,instamart,18503,mumbai,1,99
2026-07-10,instamart,18504,chennai,1,319
2026-07-10,instamart,792937,nagpur,1,95
2026-07-10,instamart,292876,moradabad,1,125
2026-07-10,instamart,63565,kolkata,1,189
2026-07-10,instamart,792937,bangalore,1,95
2026-07-10,instamart,63565,mumbai,1,189
2026-07-10,instamart,68254,bangalore,1,149
2026-07-10,instamart,18503,bhubaneswar,1,99
2026-07-10,instamart,18506,bangalore,1,499
2026-07-10,instamart,18504,nellore,1,319
2026-07-10,instamart,792937,bangalore,2,190
2026-07-10,instamart,792937,bangalore,2,190
2026-07-16,instamart,68254,mumbai,1,149
2026-07-16,instamart,63565,kolkata,1,189
2026-07-16,instamart,792937,bhubaneswar,1,95
2026-07-16,instamart,78553,central goa,1,99
2026-07-16,instamart,18504,chennai,2,638
2026-07-16,instamart,18506,delhi,1,499
2026-07-16,instamart,68254,jabalpur,1,149
2026-07-16,instamart,18503,kolkata,3,297
2026-07-16,instamart,68254,hyderabad,2,298
2026-07-16,instamart,68254,thiruvananthapuram,1,149
2026-07-16,instamart,197453,bangalore,1,169
2026-07-16,instamart,18503,kolkata,2,198
2026-07-16,instamart,68254,mumbai,1,149
2026-07-16,instamart,18503,bangalore,1,99
2026-07-16,instamart,63565,mumbai,2,378
2026-07-16,instamart,68254,bangalore,1,149
2026-07-16,instamart,63565,bangalore,1,189
2026-07-16,instamart,68254,mumbai,1,149
2026-07-16,instamart,792937,delhi,2,190
2026-07-16,instamart,792937,bhubaneswar,1,95
2026-07-16,instamart,197453,kolkata,2,338
2026-07-16,instamart,792937,mumbai,1,95
2026-07-16,instamart,792937,bangalore,3,285
2026-07-16,instamart,78553,chennai,1,99
2026-07-16,instamart,18503,hyderabad,1,99
2026-07-16,instamart,78553,bangalore,1,99
2026-07-16,instamart,18503,bangalore,1,99
2026-07-16,instamart,18503,hyderabad,3,297
2026-07-16,instamart,792937,bangalore,3,285
2026-07-16,instamart,18504,mumbai,1,319
2026-07-16,instamart,78553,bangalore,1,99
2026-07-16,instamart,792937,bangalore,2,190
2026-07-16,instamart,18506,eluru,1,499
2026-07-16,instamart,18503,kolkata,1,99
2026-07-16,instamart,18504,bangalore,2,638
2026-07-16,instamart,63565,belgaum,6,1134
2026-07-16,instamart,78553,chennai,1,99
2026-07-16,instamart,18506,mumbai,2,998
2026-07-16,instamart,792937,bangalore,2,190
2026-07-16,instamart,18504,bangalore,1,319
2026-07-16,instamart,78553,ahmedabad,1,99
2026-07-16,instamart,68254,central goa,1,149
2026-07-16,instamart,63565,bangalore,1,189
2026-07-16,instamart,792937,mysore,2,190
2026-07-16,instamart,63565,bangalore,1,189
2026-07-16,instamart,18506,delhi,1,499
2026-07-16,instamart,792937,mumbai,2,190
2026-07-16,instamart,63565,central goa,1,189
2026-07-16,instamart,63565,chennai,1,189
2026-07-16,instamart,18503,kolkata,2,198
2026-07-16,instamart,792937,bangalore,1,95
2026-07-16,instamart,18504,bangalore,2,638
2026-07-16,instamart,18504,bangalore,1,319
2026-07-16,instamart,63565,bangalore,2,378
2026-07-16,instamart,63565,bangalore,1,189
2026-07-16,instamart,18504,thrissur,1,319
2026-07-16,instamart,63565,chennai,1,189
2026-07-16,instamart,197453,chennai,1,169
2026-07-16,instamart,68254,pune,1,149
2026-07-16,instamart,18504,chennai,2,638
2026-07-22,instamart,18503,bangalore,1,99
2026-07-22,instamart,78553,bangalore,1,99
2026-07-22,instamart,63565,delhi,3,567
2026-07-22,instamart,18503,hyderabad,1,99
2026-07-22,instamart,18504,chennai,1,319
2026-07-22,instamart,78553,chennai,1,99
2026-07-22,instamart,63565,bangalore,1,189
2026-07-22,instamart,792937,bangalore,1,95
2026-07-22,instamart,18504,chennai,1,319
2026-07-22,instamart,78553,amravati,1,99
2026-07-22,instamart,792937,hyderabad,1,95
2026-07-22,instamart,792937,hyderabad,2,190
2026-07-22,instamart,18504,kolkata,1,319
2026-07-22,instamart,78553,chennai,1,99
2026-07-22,instamart,18504,chennai,1,319
2026-07-22,instamart,78553,warangal,1,99
2026-07-22,instamart,78553,central goa,1,99
2026-07-22,instamart,18503,nellore,1,99
2026-07-22,instamart,68254,mumbai,1,149
2026-07-22,instamart,792937,bangalore,1,95
2026-07-22,instamart,78553,vijayawada,1,99
2026-07-11,instamart,78553,mumbai,1,99
2026-07-11,instamart,63565,bangalore,1,189
2026-07-11,instamart,18504,kozhikode,2,638
2026-07-11,instamart,197453,bangalore,1,169
2026-07-11,instamart,18503,bangalore,1,99
2026-07-11,instamart,18503,hyderabad,1,99
2026-07-11,instamart,68254,gurgaon,1,149
2026-07-11,instamart,63565,mumbai,1,189
2026-07-11,instamart,63565,mumbai,1,189
2026-07-11,instamart,792937,bangalore,2,190
2026-07-11,instamart,78553,bangalore,2,198
2026-07-11,instamart,792937,bangalore,2,190
2026-07-11,instamart,68254,bangalore,1,149
2026-07-11,instamart,68254,bhimavaram,1,149
2026-07-11,instamart,18504,mangaluru,1,319
2026-07-11,instamart,792937,bangalore,2,190
2026-07-11,instamart,18504,mumbai,1,319
2026-07-11,instamart,63565,mumbai,1,189
2026-07-11,instamart,792937,aligarh,1,95
2026-07-11,instamart,57850,jabalpur,1,109
2026-07-11,instamart,18506,bangalore,1,499
2026-07-11,instamart,18503,pune,2,198
2026-07-11,instamart,78553,noida 1,1,99
2026-07-11,instamart,63565,hyderabad,3,567
2026-07-12,instamart,63565,pune,1,189
2026-07-12,instamart,18504,coimbatore,1,319
2026-07-12,instamart,18503,hyderabad,2,198
2026-07-12,instamart,18506,mumbai,1,499
2026-07-12,instamart,63565,chennai,1,189
2026-07-12,instamart,18503,chennai,1,99
2026-07-12,instamart,18503,kolkata,1,99
2026-07-12,instamart,68254,chennai,3,447
2026-07-12,instamart,68254,chennai,1,149
2026-07-12,instamart,63565,bangalore,2,378
2026-07-24,instamart,18503,chennai,3,297
2026-07-24,instamart,792937,chandigarh,1,95
2026-07-25,instamart,68254,khammam,1,149
2026-07-26,instamart,63565,mumbai,1,189
2026-07-26,instamart,18503,mysore,1,99
2026-07-26,instamart,78553,pune,2,198
2026-07-25,instamart,68254,dehradun,1,149
2026-07-26,instamart,78553,dehradun,1,99
2026-07-26,instamart,18503,delhi,1,99
2026-07-24,instamart,68254,mumbai,1,149
2026-07-25,instamart,18506,hyderabad,2,998
2026-07-25,instamart,63565,mumbai,1,189
2026-07-24,instamart,792937,bangalore,1,95
2026-07-25,instamart,78553,chennai,1,99
2026-07-26,instamart,792937,bangalore,1,95
2026-07-24,instamart,68254,bangalore,1,149
2026-07-24,instamart,792937,bangalore,2,190
2026-07-24,instamart,792937,bangalore,1,95
2026-07-24,instamart,792937,mumbai,1,95
2026-07-25,instamart,197453,pune,1,169
2026-07-24,instamart,792937,bangalore,2,190
2026-07-24,instamart,792937,mumbai,1,95
2026-07-26,instamart,18506,bangalore,1,499
2026-07-24,instamart,197453,pune,2,338
2026-07-26,instamart,18503,pune,1,99
2026-07-24,instamart,68254,chennai,1,149
2026-07-24,instamart,18503,bangalore,1,99
2026-07-24,instamart,78553,bangalore,1,99
2026-07-24,instamart,18504,guntur,1,319
2026-07-25,instamart,78553,pune,1,99
2026-07-24,instamart,18503,bangalore,1,99
2026-07-26,instamart,792937,bangalore,1,95
2026-07-25,instamart,78553,vizag,1,99
2026-07-24,instamart,68254,delhi,1,149
2026-07-24,instamart,18506,bangalore,1,499
2026-07-24,instamart,18503,bangalore,1,99
2026-07-26,instamart,78553,mumbai,2,198
2026-07-25,instamart,18503,hyderabad,2,198
2026-07-26,instamart,18504,mumbai,2,638
2026-07-24,instamart,792937,chennai,3,285
2026-07-26,instamart,78553,vizag,1,99
2026-07-25,instamart,78553,bangalore,1,99
2026-07-24,instamart,18504,mumbai,1,319
2026-07-24,instamart,18506,hyderabad,1,499
2026-07-24,instamart,792937,mumbai,1,95
2026-07-25,instamart,18506,kochi,1,499
2026-07-25,instamart,78553,chandigarh,1,99
2026-07-25,instamart,792937,bangalore,1,95
2026-07-25,instamart,68254,mumbai,1,149
2026-07-24,instamart,18506,mumbai,2,998
2026-07-24,instamart,18504,bangalore,1,319
2026-07-26,instamart,68254,bangalore,1,149
2026-07-25,instamart,792937,hyderabad,1,95
2026-07-24,instamart,792937,bhubaneswar,1,95
2026-07-24,instamart,792937,mumbai,1,95
2026-07-24,instamart,18503,bangalore,1,99
2026-07-25,instamart,18503,bangalore,1,99
2026-07-24,instamart,78553,bangalore,1,99
2026-07-24,instamart,78553,tirupati,1,99
2026-07-25,instamart,18503,mathura,1,99
2026-07-25,instamart,792937,mumbai,1,95
2026-07-24,instamart,78553,pune,1,99
2026-07-26,instamart,78553,bangalore,1,99
2026-07-26,instamart,68254,chennai,1,149
2026-07-25,instamart,18504,kolkata,1,319
2026-07-25,instamart,78553,vizag,1,99
2026-07-26,instamart,63565,mumbai,3,567
2026-07-24,instamart,68254,mumbai,1,149
2026-07-26,instamart,18503,mumbai,2,198
2026-07-26,instamart,63565,bangalore,1,189
2026-07-26,instamart,18503,delhi,2,198
2026-07-26,instamart,18503,bangalore,1,99
2026-07-25,instamart,68254,bangalore,1,149
2026-07-25,instamart,18506,pune,1,499
2026-07-24,instamart,68254,bangalore,1,149
2026-07-25,instamart,792937,chennai,2,190
2026-07-24,instamart,18504,bangalore,1,319
2026-07-25,instamart,68254,bangalore,1,149
2026-07-26,instamart,78553,chennai,1,99
2026-07-25,instamart,18506,hyderabad,1,499
2026-07-26,instamart,63565,mumbai,1,189
2026-07-26,instamart,792937,noida 1,1,95
2026-07-24,instamart,792937,pune,1,95
2026-07-24,instamart,78553,bangalore,2,198
2026-07-26,instamart,68254,bangalore,1,149
2026-07-26,instamart,18503,bhubaneswar,1,99
2026-07-24,instamart,18503,patna,1,99
2026-07-24,instamart,197453,bangalore,1,169
2026-07-24,instamart,18504,mumbai,2,638
2026-07-24,instamart,792937,bhubaneswar,1,95
2026-07-25,instamart,792937,mumbai,1,95
2026-07-24,instamart,792937,hyderabad,1,95
2026-07-26,instamart,18503,patna,1,99
2026-07-26,instamart,18506,mumbai,1,499
2026-07-25,instamart,68254,chennai,1,149
2026-07-24,instamart,78553,bangalore,1,99
2026-07-24,instamart,18504,hyderabad,1,319
2026-07-25,instamart,18504,vijayawada,1,319
2026-07-24,instamart,18503,pune,1,99
2026-07-25,instamart,18504,chennai,1,319
2026-07-25,instamart,78553,chennai,1,99
2026-07-24,instamart,63565,gurgaon,1,189
2026-07-24,instamart,18503,chennai,1,99
2026-07-25,instamart,197453,hyderabad,2,338
2026-07-26,instamart,18503,bangalore,2,198
2026-07-26,instamart,78553,bangalore,1,99
2026-07-24,instamart,792937,vellore,2,190
2026-07-24,instamart,63565,bangalore,2,378
2026-07-26,instamart,63565,bangalore,1,189
2026-07-24,instamart,18504,hyderabad,1,319
2026-07-26,instamart,78553,bangalore,1,99
2026-07-25,instamart,63565,mumbai,1,189
2026-07-24,instamart,78553,bangalore,1,99
2026-07-26,instamart,78553,guntur,1,99
2026-07-26,instamart,18503,thiruvalla,1,99
2026-07-26,instamart,18504,chennai,1,319
2026-07-24,instamart,63565,mumbai,2,378
2026-07-26,instamart,792937,chennai,1,95
2026-07-24,instamart,792937,belgaum,1,95
2026-07-26,instamart,18506,kolkata,1,499
2026-07-26,instamart,78553,bangalore,1,99
2026-07-25,instamart,18504,mumbai,1,319
2026-07-25,instamart,78553,mumbai,1,99
2026-07-26,instamart,63565,pune,1,189
2026-07-24,instamart,78553,mumbai,1,99
2026-07-26,instamart,18503,hyderabad,1,99
2026-07-24,instamart,68254,hyderabad,1,149
2026-07-24,instamart,18503,kolkata,1,99
2026-07-26,instamart,57850,bangalore,1,109
2026-07-25,instamart,63565,pune,1,189
2026-07-26,instamart,63565,mumbai,3,567
2026-07-24,instamart,18503,chennai,2,198
2026-07-26,instamart,18504,chennai,2,638
2026-07-25,instamart,63565,bangalore,1,189
2026-07-24,instamart,792937,bangalore,1,95
2026-07-25,instamart,197453,bangalore,1,169
2026-07-26,instamart,792937,mumbai,1,95
2026-07-24,instamart,18503,pondicherry,1,99
2026-07-26,instamart,78553,bangalore,1,99
2026-07-26,instamart,63565,chennai,1,189
2026-07-25,instamart,68254,hyderabad,1,149
2026-07-24,instamart,792937,gurgaon,1,95
2026-07-24,instamart,18503,noida 1,1,99
2026-07-25,instamart,63565,chennai,1,189
2026-07-25,instamart,18506,mumbai,1,499
2026-07-24,instamart,18506,mumbai,1,499
2026-07-25,instamart,18506,bangalore,1,499
2026-07-24,instamart,18504,pune,1,319
2026-07-24,instamart,68254,hyderabad,1,149
2026-07-25,instamart,18504,chennai,1,319
2026-07-26,instamart,18503,chennai,1,99
2026-07-26,instamart,18506,delhi,1,499
2026-07-24,instamart,78553,mumbai,2,198
2026-07-24,instamart,18503,hyderabad,3,297
2026-07-26,instamart,63565,dehradun,1,189
2026-07-24,instamart,18503,bhubaneswar,1,99
2026-07-25,instamart,78553,chennai,1,99
2026-07-25,instamart,792937,bangalore,1,95
2026-07-25,instamart,18504,vizag,1,319
2026-07-26,instamart,63565,bangalore,1,189
2026-07-25,instamart,63565,kolkata,1,189
2026-07-24,instamart,78553,pune,1,99
2026-07-26,instamart,18506,bangalore,1,499
2026-07-24,instamart,792937,bangalore,1,95
2026-07-24,instamart,792937,mumbai,1,95
2026-07-24,instamart,18504,bangalore,1,319
2026-07-24,instamart,18504,hyderabad,1,319
2026-07-24,instamart,18504,bangalore,2,638
2026-07-26,instamart,78553,manipal,1,99
2026-07-24,instamart,63565,kolkata,1,189
2026-07-24,instamart,68254,hyderabad,1,149
2026-07-26,instamart,68254,pune,1,149
2026-07-25,instamart,63565,pune,1,189
2026-07-25,instamart,18503,kolkata,1,99
2026-07-24,instamart,792937,gurgaon,1,95
2026-07-26,instamart,63565,bangalore,1,189
2026-07-26,instamart,792937,bangalore,1,95
2026-07-25,instamart,18503,hyderabad,2,198
2026-07-24,instamart,18504,coimbatore,1,319
2026-07-25,instamart,18504,chennai,1,319
2026-07-26,instamart,18503,chennai,2,198
2026-07-25,instamart,68254,mumbai,1,149
2026-07-24,instamart,63565,delhi,1,189
2026-07-24,instamart,63565,hyderabad,1,189
2026-07-26,instamart,18504,tirupur,1,319
2026-07-26,instamart,18503,mumbai,1,99
2026-07-25,instamart,78553,mumbai,1,99
2026-07-25,instamart,78553,mumbai,2,198
2026-07-25,instamart,68254,bangalore,2,298
2026-07-26,instamart,18503,mumbai,3,297
2026-07-24,instamart,18503,pune,1,99
2026-07-25,instamart,18506,chennai,1,499
2026-07-24,instamart,18503,bangalore,1,99
2026-07-24,instamart,18503,bangalore,2,198
2026-07-24,instamart,18504,chennai,1,319
2026-07-26,instamart,63565,mangaluru,1,189
2026-07-26,instamart,18503,bangalore,1,99
2026-07-24,instamart,792937,bangalore,1,95
2026-07-24,instamart,197453,faridabad,1,169
2026-07-25,instamart,63565,bangalore,1,189
2026-07-24,instamart,78553,bangalore,1,99
2026-07-25,instamart,63565,bangalore,1,189
2026-07-25,instamart,197453,hyderabad,2,338
2026-07-26,instamart,18506,mumbai,1,499
2026-07-25,instamart,197453,bangalore,1,169
2026-07-26,instamart,792937,noida 1,1,95
2026-07-25,instamart,78553,chandigarh,1,99
2026-07-26,instamart,792937,noida,1,95
2026-07-25,instamart,792937,chennai,1,95
2026-07-25,instamart,18503,hyderabad,1,99
2026-07-25,instamart,57850,jaipur,1,109
2026-07-25,instamart,78553,bangalore,1,99
2026-07-26,instamart,68254,bangalore,1,149
2026-07-26,instamart,78553,hyderabad,3,297
2026-07-26,instamart,68254,hyderabad,1,149
2026-07-26,instamart,792937,chennai,2,190
2026-07-24,instamart,18503,hyderabad,2,198
2026-07-24,instamart,78553,chennai,2,198
2026-07-24,instamart,792937,bangalore,3,285
2026-07-26,instamart,792937,bangalore,2,190
2026-07-25,instamart,792937,aligarh,3,285
2026-07-26,instamart,18504,hyderabad,2,638
2026-07-25,instamart,68254,bangalore,2,298
2026-07-25,instamart,792937,bangalore,1,95
2026-07-25,instamart,78553,mumbai,1,99
2026-07-25,instamart,792937,mumbai,1,95
2026-07-25,instamart,18503,noida 1,1,99
2026-07-25,instamart,18504,thrissur,1,319
2026-07-24,instamart,78553,bangalore,1,99
2026-07-26,instamart,18504,mumbai,1,319
2026-07-25,instamart,792937,chennai,1,95
2026-07-24,instamart,18504,mumbai,1,319
2026-07-24,instamart,63565,hyderabad,1,189
2026-07-25,instamart,78553,mumbai,1,99
2026-07-25,instamart,18503,bangalore,1,99
2026-07-24,instamart,197453,pune,1,169
2026-07-25,instamart,18504,vizag,1,319
2026-07-26,instamart,792937,bangalore,1,95
2026-07-25,instamart,18506,bangalore,1,499
2026-07-24,instamart,68254,bangalore,1,149
2026-07-25,instamart,792937,hyderabad,1,95
2026-07-24,instamart,792937,noida,1,95
2026-07-25,instamart,792937,bangalore,1,95
2026-07-26,instamart,68254,bangalore,1,149
2026-07-24,instamart,78553,bangalore,1,99
2026-07-26,instamart,18503,manipal,1,99
2026-07-26,instamart,63565,chennai,1,189
2026-07-24,instamart,63565,central goa,1,189
2026-07-25,instamart,18503,kolkata,2,198
2026-07-26,instamart,78553,bangalore,1,99
2026-07-26,instamart,63565,bangalore,4,756
2026-07-25,instamart,18504,chennai,2,638
2026-07-26,instamart,68254,bangalore,1,149
2026-07-25,instamart,78553,mumbai,1,99
2026-07-26,instamart,18503,mumbai,1,99
2026-07-26,instamart,78553,chennai,1,99
2026-07-24,instamart,792937,mumbai,1,95
2026-07-25,instamart,18503,mumbai,1,99
2026-07-24,instamart,792937,bangalore,1,95
2026-07-24,instamart,792937,delhi,1,95
2026-07-26,instamart,63565,delhi,1,189
2026-07-26,instamart,63565,mumbai,1,189
2026-07-24,instamart,18503,mumbai,1,99
2026-07-24,instamart,63565,faridabad,1,189
2026-07-24,instamart,63565,chennai,1,189
2026-07-26,instamart,78553,bangalore,1,99
2026-07-25,instamart,792937,bangalore,1,95
2026-07-24,instamart,68254,hyderabad,1,149
2026-07-26,instamart,18503,gurgaon,1,99
2026-07-26,instamart,78553,pune,1,99
2026-07-26,instamart,792937,mangaluru,2,190
2026-07-24,instamart,78553,noida,1,99
2026-07-25,instamart,63565,bangalore,1,189
2026-07-26,instamart,68254,chennai,1,149
2026-07-25,instamart,63565,bangalore,1,189
2026-07-25,instamart,792937,chennai,1,95
2026-07-25,instamart,18503,hyderabad,1,99
2026-07-25,instamart,18504,vijayawada,5,1595
2026-07-25,instamart,18504,hyderabad,1,319
2026-07-26,instamart,68254,bangalore,2,298
2026-07-26,instamart,18503,chennai,1,99
2026-07-24,instamart,78553,vizag,1,99
2026-07-25,instamart,63565,pune,1,189
2026-07-25,instamart,18503,bangalore,1,99
2026-07-25,instamart,18503,central goa,1,99
2026-07-25,instamart,78553,bangalore,1,99
2026-07-24,instamart,792937,mumbai,1,95
2026-07-25,instamart,292876,vizag,1,125
2026-07-26,instamart,792937,bangalore,1,95
2026-07-25,instamart,18503,hyderabad,1,99
2026-07-25,instamart,57850,hyderabad,1,109
2026-07-24,instamart,792937,hyderabad,1,95
2026-07-25,instamart,68254,mumbai,1,149
2026-07-25,instamart,18503,hyderabad,1,99
2026-07-24,instamart,18503,hyderabad,1,99
2026-07-24,instamart,792937,pune,1,95
2026-07-26,instamart,18504,bangalore,1,319
2026-07-25,instamart,792937,mumbai,1,95
2026-07-24,instamart,292876,patna,1,125
2026-07-26,instamart,78553,mumbai,1,99
2026-07-26,instamart,63565,ahmedabad,2,378
2026-07-25,instamart,18503,noida,1,99
2026-07-25,instamart,63565,mumbai,2,378
2026-07-26,instamart,78553,pune,1,99
2026-07-25,instamart,18504,guntur,2,638
2026-07-24,instamart,68254,chennai,2,298
2026-07-25,instamart,18504,bangalore,2,638
2026-07-24,instamart,792937,bangalore,1,95
2026-07-26,instamart,18504,kanpur,1,319
2026-07-25,instamart,18504,nanded,1,319
2026-07-25,instamart,18504,kolkata,1,319
2026-07-26,instamart,792937,delhi,1,95
2026-07-24,instamart,63565,chennai,1,189
2026-07-26,instamart,18504,mumbai,1,319
2026-07-25,instamart,792937,bangalore,1,95
2026-07-24,instamart,792937,mumbai,1,95
2026-07-26,instamart,68254,kolkata,1,149
2026-07-24,instamart,78553,mumbai,1,99
2026-07-24,instamart,78553,mysore,1,99
2026-07-24,instamart,63565,chandigarh,1,189
2026-07-25,instamart,68254,bangalore,2,298
2026-07-26,instamart,63565,patna,2,378
2026-07-26,instamart,63565,chennai,1,189
2026-07-25,instamart,68254,kolkata,1,149
2026-07-24,instamart,792937,chennai,1,95
2026-07-26,instamart,197453,pune,1,169
2026-07-26,instamart,78553,bangalore,1,99
2026-07-25,instamart,18503,bangalore,1,99
2026-07-26,instamart,18506,mumbai,2,998
2026-07-25,instamart,792937,pune,1,95
2026-07-24,instamart,78553,bangalore,1,99
2026-07-24,instamart,18506,gurgaon,2,998
2026-07-24,instamart,792937,chennai,1,95
2026-07-26,instamart,63565,chennai,1,189
2026-07-25,instamart,78553,roorkee,1,99
2026-07-24,instamart,292876,delhi,1,125
2026-07-25,instamart,68254,tirupati,1,149
2026-07-26,instamart,18503,pune,3,297
2026-07-25,instamart,18503,shivamogga,1,99
2026-07-26,instamart,68254,bangalore,2,298
2026-07-24,instamart,792937,mumbai,3,285
2026-07-25,instamart,18503,pune,1,99
2026-07-25,instamart,78553,bangalore,1,99
2026-07-25,instamart,18503,bangalore,1,99
2026-07-24,instamart,78553,vizag,1,99
2026-07-26,instamart,18504,hyderabad,1,319
2026-07-25,instamart,18504,bangalore,1,319
2026-07-24,instamart,792937,pune,1,95
2026-07-26,instamart,18504,hyderabad,1,319
2026-07-25,instamart,792937,chennai,1,95
2026-07-25,instamart,18503,mumbai,1,99
2026-07-25,instamart,68254,eluru,1,149
2026-07-26,instamart,63565,hyderabad,1,189
2026-07-24,instamart,18506,thiruvananthapuram,1,499
2026-07-24,instamart,18506,chennai,1,499
2026-07-25,instamart,18503,vadodara,2,198
2026-07-25,instamart,18503,bangalore,1,99
2026-07-26,instamart,792937,delhi,1,95
2026-07-24,instamart,18504,chennai,1,319
2026-07-24,instamart,18503,chennai,1,99
2026-07-26,instamart,18504,thrissur,1,319
2026-07-25,instamart,18503,bangalore,2,198
2026-07-26,instamart,18506,kolkata,1,499
2026-07-25,instamart,68254,bangalore,1,149
2026-07-24,instamart,18503,mumbai,2,198
2026-07-26,instamart,63565,chennai,2,378
2026-07-25,instamart,78553,vijayawada,3,297
2026-07-24,instamart,18503,hyderabad,3,297
2026-07-24,instamart,68254,chennai,2,298
2026-07-25,instamart,18503,bangalore,1,99
2026-07-24,instamart,78553,vizag,1,99
2026-07-25,instamart,18504,chennai,1,319
2026-07-24,instamart,68254,kochi,1,149
2026-07-26,instamart,18504,rajahmundry,1,319
2026-07-25,instamart,18503,chennai,2,198
2026-07-24,instamart,18503,bangalore,1,99
2026-07-24,instamart,792937,mumbai,1,95
2026-07-25,instamart,18503,bangalore,1,99
2026-07-24,instamart,18503,nellore,1,99
2026-07-25,instamart,792937,bhubaneswar,1,95
2026-07-25,instamart,78553,chennai,1,99
2026-07-24,instamart,68254,gurgaon,2,298
2026-07-25,instamart,63565,hyderabad,1,189
2026-07-26,instamart,18503,mumbai,1,99
2026-07-26,instamart,792937,chandigarh,1,95
2026-07-24,instamart,63565,bangalore,1,189
2026-07-24,instamart,18506,hyderabad,1,499
2026-07-25,instamart,792937,hyderabad,2,190
2026-07-24,instamart,63565,chennai,1,189
2026-07-25,instamart,18504,chennai,1,319
2026-07-25,instamart,63565,chennai,2,378
2026-07-26,instamart,63565,gurgaon,1,189
2026-07-24,instamart,18506,gurgaon,1,499
2026-07-26,instamart,18503,chennai,1,99
2026-07-26,instamart,68254,bangalore,1,149
2026-07-26,instamart,68254,khammam,1,149
2026-07-26,instamart,63565,bangalore,1,189
2026-07-24,instamart,792937,gurgaon,1,95
2026-07-26,instamart,792937,bangalore,1,95
2026-07-26,instamart,792937,chennai,1,95
2026-07-24,instamart,63565,bangalore,1,189
2026-07-26,instamart,63565,bangalore,1,189
2026-07-26,instamart,78553,bangalore,2,198
2026-07-25,instamart,68254,bangalore,2,298
2026-07-24,instamart,792937,chennai,3,285
2026-07-24,instamart,18504,bangalore,2,638
2026-07-24,instamart,792937,chennai,3,285
2026-07-25,instamart,18504,coimbatore,2,638
2026-07-24,instamart,18503,bhubaneswar,1,99
2026-07-24,instamart,792937,noida,1,95
2026-07-24,instamart,68254,bangalore,1,149
2026-07-25,instamart,63565,bangalore,2,378
2026-07-26,instamart,63565,delhi,1,189
2026-07-24,instamart,63565,manipal,1,189
2026-07-25,instamart,792937,mumbai,1,95
2026-07-26,instamart,792937,chennai,1,95
2026-07-25,instamart,78553,bangalore,1,99
2026-07-24,instamart,78553,jalandhar,1,99
2026-07-25,instamart,18506,bangalore,1,499
2026-07-24,instamart,792937,bangalore,1,95
2026-07-24,instamart,18504,mumbai,1,319
2026-07-24,instamart,792937,mumbai,1,95
2026-07-25,instamart,63565,bangalore,1,189
2026-07-25,instamart,78553,bangalore,1,99
2026-07-26,instamart,18503,hyderabad,2,198
2026-07-25,instamart,18504,bangalore,1,319
2026-07-24,instamart,63565,udaipur,1,189
2026-07-24,instamart,78553,mysore,2,198
2026-07-25,instamart,78553,mumbai,2,198
2026-07-25,instamart,792937,bangalore,3,285
2026-07-25,instamart,18503,mumbai,1,99
2026-07-25,instamart,18503,delhi,1,99
2026-07-25,instamart,18504,bangalore,1,319
2026-07-25,instamart,78553,vizag,1,99
2026-07-25,instamart,18504,coimbatore,1,319
2026-07-26,instamart,78553,ahmedabad,1,99
2026-07-24,instamart,292876,hubli,1,125
2026-07-25,instamart,68254,chennai,1,149
2026-07-26,instamart,18503,bangalore,1,99
2026-07-24,instamart,18503,hyderabad,1,99
2026-07-26,instamart,68254,delhi,1,149
2026-07-25,instamart,18504,kolkata,1,319
2026-07-25,instamart,792937,gurgaon,1,95
2026-07-26,instamart,18503,noida,1,99
2026-07-25,instamart,18503,bangalore,2,198
2026-07-25,instamart,68254,mumbai,1,149
2026-07-25,instamart,18504,bangalore,1,319
2026-07-24,instamart,792937,bhubaneswar,1,95
2026-07-25,instamart,18503,bangalore,1,99
2026-07-24,instamart,63565,pune,1,189
2026-07-24,instamart,68254,bangalore,1,149
2026-07-25,instamart,63565,mumbai,1,189
2026-07-24,instamart,18504,hyderabad,1,319
2026-07-24,instamart,18503,kolkata,1,99
2026-07-24,instamart,792937,chennai,1,95
2026-07-25,instamart,792937,bangalore,1,95
2026-07-25,instamart,78553,bangalore,1,99
2026-07-24,instamart,18504,kozhikode,2,638
2026-07-25,instamart,792937,bangalore,1,95
2026-07-26,instamart,63565,jaipur,1,189
2026-07-26,instamart,18504,kolkata,1,319
2026-07-26,instamart,18503,bangalore,2,198
2026-07-25,instamart,63565,khammam,1,189
2026-07-24,instamart,792937,bangalore,2,190
2026-07-25,instamart,18506,bangalore,1,499
2026-07-26,instamart,18504,chennai,1,319
2026-07-25,instamart,63565,jodhpur,1,189
2026-07-25,instamart,18503,mumbai,2,198
2026-07-26,instamart,792937,bangalore,1,95
2026-07-26,instamart,18504,mumbai,1,319
2026-07-24,instamart,18503,kolkata,1,99
2026-07-26,instamart,792937,vellore,1,95
2026-07-26,instamart,63565,mumbai,5,945
2026-07-25,instamart,63565,delhi,3,567
2026-07-25,instamart,68254,chennai,2,298
2026-07-24,instamart,18503,hyderabad,3,297
2026-07-26,instamart,18503,bangalore,3,297
2026-07-25,instamart,57850,hyderabad,2,218
2026-07-24,instamart,78553,noida 1,1,99
2026-07-25,instamart,792937,delhi,1,95
2026-07-24,instamart,78553,bangalore,1,99
2026-07-24,instamart,63565,lonavla,1,189
2026-07-26,instamart,18503,mumbai,1,99
2026-07-26,instamart,68254,pune,1,149
2026-07-25,instamart,63565,mumbai,1,189
2026-07-25,instamart,18504,pune,1,319
2026-07-24,instamart,63565,pune,1,189
2026-07-26,instamart,78553,mumbai,1,99
2026-07-24,instamart,68254,noida 1,1,149
2026-07-26,instamart,18503,kolkata,1,99
2026-07-24,instamart,78553,indore,1,99
2026-07-25,instamart,78553,central goa,1,99
2026-07-26,instamart,18503,pune,1,99
2026-07-26,instamart,68254,chennai,1,149
2026-07-24,instamart,68254,mumbai,1,149
2026-07-26,instamart,63565,mumbai,1,189
2026-07-26,instamart,792937,bhubaneswar,1,95
2026-07-24,instamart,792937,chennai,1,95
2026-07-25,instamart,792937,gurgaon,1,95
2026-07-25,instamart,78553,pune,1,99
2026-07-25,instamart,63565,bangalore,1,189
2026-07-24,instamart,18504,kozhikode,1,319
2026-07-25,instamart,63565,surat,1,189
2026-07-26,instamart,18503,hyderabad,3,297
2026-07-26,instamart,18503,kolkata,2,198
2026-07-25,instamart,68254,hyderabad,2,298
2026-07-25,instamart,792937,hyderabad,3,285
2026-07-26,instamart,792937,bangalore,1,95
2026-07-26,instamart,18503,kolkata,1,99
2026-07-25,instamart,792937,mumbai,1,95
2026-07-26,instamart,18503,delhi,1,99
2026-07-24,instamart,78553,bangalore,1,99
2026-07-24,instamart,68254,mumbai,1,149
2026-07-24,instamart,78553,chennai,1,99
2026-07-25,instamart,792937,chennai,1,95
2026-07-24,instamart,78553,chennai,1,99
2026-07-25,instamart,18503,hyderabad,1,99
2026-07-25,instamart,68254,mumbai,1,149
2026-07-26,instamart,78553,bangalore,1,99
2026-07-25,instamart,68254,mumbai,1,149
2026-07-24,instamart,792937,bangalore,2,190
2026-07-24,instamart,18504,hyderabad,1,319
2026-07-26,instamart,18506,mumbai,2,998
2026-07-26,instamart,18503,bhubaneswar,1,99
2026-07-26,instamart,63565,kolkata,1,189
2026-07-25,instamart,78553,raipur,1,99
2026-07-25,instamart,78553,bangalore,2,198
2026-07-26,instamart,792937,mumbai,1,95
2026-07-24,instamart,63565,mumbai,1,189
2026-07-25,instamart,792937,chennai,1,95
2026-07-24,instamart,792937,mumbai,2,190
2026-07-26,instamart,78553,chandigarh,1,99
2026-07-25,instamart,792937,pune,1,95
2026-07-25,instamart,78553,lonavla,2,198
2026-07-25,instamart,63565,bangalore,3,567
2026-07-25,instamart,18503,gurgaon,1,99
2026-07-26,instamart,792937,noida 1,1,95
2026-07-25,instamart,18504,kolkata,1,319
2026-07-24,instamart,18506,noida 1,1,499
2026-07-26,instamart,792937,gurgaon,2,190
2026-07-25,instamart,197453,hyderabad,1,169
2026-07-24,instamart,63565,chennai,1,189
2026-07-26,instamart,18503,chennai,1,99
2026-07-24,instamart,68254,chennai,1,149
2026-07-25,instamart,63565,kota,1,189
2026-07-25,instamart,18504,pune,1,319
2026-07-25,instamart,18504,vellore,1,319
2026-07-25,instamart,792937,chennai,1,95
2026-07-24,instamart,792937,delhi,2,190
2026-07-25,instamart,292876,bangalore,1,125
2026-07-26,instamart,78553,chennai,1,99
2026-07-26,instamart,792937,bangalore,1,95
2026-07-25,instamart,18503,mangaluru,1,99
2026-07-26,instamart,18504,vizag,1,319
2026-07-24,instamart,68254,mumbai,1,149
2026-07-26,instamart,792937,mumbai,1,95
2026-07-26,instamart,68254,chennai,1,149
2026-07-24,instamart,18503,hyderabad,1,99
2026-07-26,instamart,68254,bangalore,1,149
2026-07-26,instamart,18504,kolkata,1,319
2026-07-26,instamart,18503,mumbai,1,99
2026-07-24,instamart,792937,hyderabad,2,190
2026-07-24,instamart,63565,bangalore,3,567
2026-07-24,instamart,63565,delhi,2,378
2026-07-25,instamart,197453,noida 1,1,169
2026-07-24,instamart,792937,bangalore,4,380
2026-07-24,instamart,792937,bangalore,2,190
2026-07-25,instamart,18504,kozhikode,2,638
2026-07-24,instamart,63565,bangalore,1,189
2026-07-25,instamart,18504,chennai,1,319
2026-07-26,instamart,18504,ranchi,1,319
2026-07-24,instamart,78553,pune,1,99
2026-07-24,instamart,197453,bangalore,1,167
2026-07-25,instamart,78553,hyderabad,1,99
2026-07-26,instamart,18503,bangalore,1,99
2026-07-26,instamart,18503,mangaluru,1,99
2026-07-25,instamart,792937,chennai,1,95
2026-07-25,instamart,18503,hyderabad,1,99
2026-07-24,instamart,18506,hyderabad,1,499
2026-07-25,instamart,63565,chennai,1,189
2026-07-26,instamart,78553,bhubaneswar,1,99
2026-07-24,instamart,78553,mumbai,1,99
2026-07-25,instamart,68254,chennai,2,298
2026-07-24,instamart,792937,chennai,2,190
2026-07-24,instamart,18506,mumbai,1,499
2026-07-25,instamart,792937,nagpur,1,95
2026-07-25,instamart,18504,mumbai,1,319
2026-07-25,instamart,18504,kolkata,1,319
2026-07-24,instamart,78553,central goa,1,99
2026-07-25,instamart,18506,bangalore,3,1497
2026-07-24,instamart,63565,bangalore,1,189
2026-07-26,instamart,792937,noida 1,1,95
2026-07-26,instamart,197453,hyderabad,1,169
2026-07-24,instamart,68254,mumbai,1,149
2026-07-24,instamart,18503,kolkata,1,99
2026-07-24,instamart,18503,tirupati,1,99
2026-07-24,instamart,63565,delhi,1,189
2026-07-26,instamart,18503,bangalore,1,99
2026-07-25,instamart,18506,chennai,1,499
2026-07-26,instamart,68254,gurgaon,1,149
2026-07-24,instamart,792937,chennai,1,95
2026-07-26,instamart,78553,bangalore,1,99
2026-07-24,instamart,18506,nashik,1,499
2026-07-24,instamart,63565,bangalore,1,189
2026-07-24,instamart,18503,bangalore,1,99
2026-07-25,instamart,68254,bangalore,1,149
2026-07-26,instamart,792937,delhi,1,95
2026-07-26,instamart,792937,bangalore,1,95
2026-07-24,instamart,78553,pune,1,99
2026-07-26,instamart,792937,mysore,2,190
2026-07-25,instamart,18503,pondicherry,1,99
2026-07-25,instamart,18504,bangalore,1,319
2026-07-24,instamart,18503,bhopal,1,99
2026-07-26,instamart,18503,kolkata,2,198
2026-07-25,instamart,68254,hyderabad,2,298
2026-07-24,instamart,792937,central goa,1,95
2026-07-25,instamart,197453,hyderabad,1,169
2026-07-26,instamart,78553,mumbai,1,99
2026-07-26,instamart,18506,bangalore,1,499
2026-07-26,instamart,792937,mumbai,1,95
2026-07-24,instamart,57850,delhi,1,109
2026-07-25,instamart,792937,mumbai,1,95
2026-07-26,instamart,63565,chennai,1,189
2026-07-24,instamart,63565,gurgaon,1,189
2026-07-26,instamart,78553,bangalore,2,198
2026-07-26,instamart,68254,gurgaon,1,149
2026-07-24,instamart,78553,bangalore,1,99
2026-07-25,instamart,78553,mumbai,1,99
2026-07-24,instamart,792937,bangalore,1,95
2026-07-24,instamart,18504,central goa,1,319
2026-07-24,instamart,18506,gurgaon,8,3592
2026-07-25,instamart,792937,delhi,1,95
2026-07-25,instamart,78553,chandigarh,1,99
2026-07-25,instamart,18503,thiruvalla,1,99
2026-07-24,instamart,792937,chennai,2,190
2026-07-26,instamart,792937,hyderabad,1,95
2026-07-25,instamart,68254,hyderabad,1,149
2026-07-24,instamart,78553,mysore,2,198
2026-07-26,instamart,68254,bangalore,1,149
2026-07-24,instamart,68254,bangalore,2,298
2026-07-25,instamart,63565,mumbai,4,756
2026-07-25,instamart,78553,bangalore,2,198
2026-07-24,instamart,18504,bangalore,2,638
2026-07-25,instamart,68254,chennai,2,298
2026-07-26,instamart,792937,bhubaneswar,1,95
2026-07-24,instamart,63565,amritsar,1,189
2026-07-24,instamart,792937,hyderabad,2,190
2026-07-26,instamart,78553,bangalore,1,99
2026-07-26,instamart,18503,jaipur,1,99
2026-07-24,instamart,18503,pondicherry,1,99
2026-07-24,instamart,78553,pune,1,99
2026-07-24,instamart,197453,pune,1,169
2026-07-26,instamart,78553,bhopal,1,99
2026-07-25,instamart,63565,pune,1,189
2026-07-26,instamart,78553,bangalore,1,99
2026-07-25,instamart,63565,bangalore,1,189
2026-07-26,instamart,78553,bangalore,1,99
2026-07-26,instamart,18503,chennai,1,99
2026-07-26,instamart,78553,lonavla,1,99
2026-07-26,instamart,18506,pune,1,499
2026-07-25,instamart,18503,bhubaneswar,1,99
2026-07-24,instamart,792937,bhubaneswar,1,95
2026-07-25,instamart,18503,mumbai,1,99
2026-07-25,instamart,63565,bangalore,1,189
2026-07-25,instamart,197453,bangalore,1,169
2026-07-26,instamart,63565,faridabad,1,189
2026-07-26,instamart,78553,surat,1,99
2026-07-25,instamart,18503,chennai,1,99
2026-07-24,instamart,197453,pune,2,338
2026-07-25,instamart,18503,hyderabad,2,198
2026-07-25,instamart,792937,bangalore,2,190
2026-07-26,instamart,18503,gurgaon,2,198
2026-07-25,instamart,68254,chennai,3,447
2026-07-25,instamart,63565,pune,1,189
2026-07-25,instamart,68254,kottayam,1,149
2026-07-25,instamart,63565,delhi,1,189
2026-07-25,instamart,18503,gurgaon,1,99
2026-07-24,instamart,78553,bangalore,2,198
2026-07-26,instamart,18503,chennai,1,99
2026-07-26,instamart,78553,chennai,1,99
2026-07-25,instamart,63565,warangal,1,189
2026-07-25,instamart,18504,mumbai,1,319
2026-07-25,instamart,68254,chennai,1,149
2026-07-25,instamart,792937,faridabad,1,95
2026-07-24,instamart,792937,bangalore,1,95
2026-07-26,instamart,18503,pune,1,99
2026-07-25,instamart,18503,gurgaon,1,99
2026-07-26,instamart,68254,mumbai,1,149
2026-07-25,instamart,78553,noida 1,1,99
2026-07-26,instamart,68254,pune,1,149
2026-07-24,instamart,78553,bangalore,2,198
2026-07-24,instamart,18504,pune,2,638
2026-07-26,instamart,68254,mumbai,1,149
2026-07-25,instamart,18503,mumbai,1,99
2026-07-25,instamart,18506,mumbai,1,499
2026-07-25,instamart,78553,mumbai,3,297
2026-07-26,instamart,18503,noida 1,2,198
2026-07-25,instamart,78553,bangalore,2,198
2026-07-24,instamart,18503,chennai,3,297
2026-07-25,instamart,68254,bangalore,1,149
2026-07-26,instamart,792937,bangalore,1,95
2026-07-26,instamart,18503,chennai,1,99
2026-07-24,instamart,792937,chennai,2,190
2026-07-26,instamart,792937,bangalore,1,95
2026-07-24,instamart,18504,chennai,1,319
2026-07-25,instamart,18503,bangalore,1,99
2026-07-25,instamart,18504,lucknow,1,319
2026-07-24,instamart,792937,bangalore,1,95
2026-07-25,instamart,63565,panipat,1,189
2026-07-24,instamart,78553,bangalore,1,99
2026-07-25,instamart,18503,bangalore,1,99
2026-07-25,instamart,78553,bangalore,1,99
2026-07-26,instamart,78553,mumbai,1,99
2026-07-24,instamart,63565,bangalore,2,378
2026-07-25,instamart,63565,delhi,1,189
2026-07-25,instamart,78553,bangalore,1,99
2026-07-25,instamart,18503,kolkata,1,99
2026-07-24,instamart,78553,indore,1,99
2026-07-24,instamart,18504,rajahmundry,1,319
2026-07-26,instamart,68254,vizag,1,149
2026-07-26,instamart,63565,pune,2,378
2026-07-25,instamart,78553,mumbai,1,99
2026-07-25,instamart,63565,noida 1,1,189
2026-07-25,instamart,63565,delhi,1,189
2026-07-26,instamart,18504,mumbai,1,319
2026-07-25,instamart,18503,bangalore,3,297
2026-07-24,instamart,63565,delhi,3,567
2026-07-25,instamart,792937,hyderabad,2,190
2026-07-26,instamart,18503,udaipur,1,99
2026-07-26,instamart,792937,bangalore,2,190
2026-07-26,instamart,18503,mumbai,1,99
2026-07-24,instamart,18503,chennai,1,99
2026-07-24,instamart,792937,bangalore,2,190
2026-07-25,instamart,197453,bangalore,1,169
2026-07-25,instamart,792937,chennai,2,190
2026-07-25,instamart,18503,amritsar,1,99
2026-07-24,instamart,78553,chennai,1,99
2026-07-25,instamart,18504,chennai,1,319
2026-07-25,instamart,63565,pune,1,189
2026-07-26,instamart,18506,mumbai,1,499
2026-07-24,instamart,18503,mysore,1,99
2026-07-26,instamart,18503,bhopal,1,99
2026-07-25,instamart,78553,chennai,1,99
2026-07-25,instamart,792937,tirupati,1,95
2026-07-24,instamart,68254,chennai,1,149
2026-07-26,instamart,63565,bangalore,1,189
2026-07-24,instamart,18503,kurnool,1,99
2026-07-25,instamart,792937,bangalore,1,95
2026-07-25,instamart,197453,kolkata,1,169
2026-07-26,instamart,68254,bangalore,2,298
2026-07-24,instamart,68254,delhi,2,298
2026-07-24,instamart,78553,bangalore,3,297
2026-07-24,instamart,78553,mumbai,3,297
2026-07-24,instamart,18503,chennai,1,99
2026-07-25,instamart,63565,mumbai,1,189
2026-07-25,instamart,63565,pune,1,189
2026-07-25,instamart,78553,warangal,1,99
2026-07-24,instamart,78553,bangalore,1,99
2026-07-25,instamart,792937,bangalore,1,95
2026-07-25,instamart,18504,guwahati,1,319
2026-07-25,instamart,792937,mumbai,1,95
2026-07-25,instamart,792937,noida,1,95
2026-07-26,instamart,792937,hyderabad,2,190
2026-07-24,instamart,78553,pune,1,99
2026-07-25,instamart,63565,bangalore,1,189
2026-07-26,instamart,78553,indore,1,99
2026-07-24,instamart,68254,bangalore,1,149
2026-07-24,instamart,18504,anantapur,1,319
2026-07-24,instamart,78553,mumbai,1,99
2026-07-24,instamart,18504,mumbai,1,319
2026-07-24,instamart,78553,noida 1,1,99
2026-07-25,instamart,63565,pune,1,189
2026-07-26,instamart,68254,mumbai,1,149
2026-07-24,instamart,18506,hyderabad,1,499
2026-07-24,instamart,197453,hyderabad,2,338
2026-07-24,instamart,78553,mysore,2,198
2026-07-26,instamart,63565,chennai,2,378
2026-07-25,instamart,792937,bikaner,2,190
2026-07-25,instamart,68254,hyderabad,2,298
2026-07-25,instamart,18504,bangalore,2,638
2026-07-24,instamart,63565,delhi,1,189
2026-07-25,instamart,18504,bangalore,1,319
2026-07-26,instamart,63565,bangalore,1,189
2026-07-25,instamart,18503,bangalore,1,99
2026-07-24,instamart,18504,mumbai,1,319
2026-07-26,instamart,18503,bhubaneswar,1,99
2026-07-26,instamart,18503,bangalore,1,99
2026-07-24,instamart,197453,bangalore,1,169
2026-07-24,instamart,792937,noida 1,1,95
2026-07-26,instamart,18503,kolkata,1,99
2026-07-24,instamart,68254,hyderabad,1,149
2026-07-24,instamart,18506,delhi,1,499
2026-07-24,instamart,18503,mumbai,1,99
2026-07-24,instamart,792937,bhubaneswar,1,95
2026-07-25,instamart,63565,gurgaon,2,378
2026-07-24,instamart,78553,bangalore,1,99
2026-07-25,instamart,792937,bangalore,1,95
2026-07-26,instamart,63565,surat,2,378
2026-07-26,instamart,792937,bangalore,1,95
2026-07-24,instamart,792937,hyderabad,1,95
2026-07-25,instamart,18506,bangalore,1,499
2026-07-25,instamart,197453,bangalore,1,167
2026-07-25,instamart,78553,mumbai,2,198
2026-07-24,instamart,63565,bangalore,2,378
2026-07-25,instamart,18503,bangalore,3,297
2026-07-26,instamart,68254,bangalore,2,298
2026-07-24,instamart,68254,nellore,1,149
2026-07-25,instamart,63565,chennai,1,189
2026-07-24,instamart,68254,bangalore,1,149
2026-07-25,instamart,18504,mumbai,1,319
2026-07-24,instamart,18503,bangalore,1,99
2026-07-24,instamart,18506,mumbai,1,499
2026-07-26,instamart,78553,mumbai,1,99
2026-07-26,instamart,792937,chennai,2,190
2026-07-24,instamart,792937,delhi,1,95
2026-07-25,instamart,63565,sonipat,2,378
2026-07-25,instamart,18503,bangalore,1,99
2026-07-26,instamart,78553,bangalore,1,99
2026-07-24,instamart,18503,noida 1,1,99
2026-07-25,instamart,792937,chennai,2,190
2026-07-26,instamart,78553,vizag,1,99
2026-07-25,instamart,18503,delhi,1,99
2026-07-26,instamart,78553,chennai,1,99
2026-07-25,instamart,18503,hyderabad,1,99
2026-07-26,instamart,18503,bangalore,1,99
2026-07-24,instamart,78553,central goa,1,99
2026-07-24,instamart,18503,bangalore,1,99
2026-07-24,instamart,18503,delhi,1,99
2026-07-25,instamart,18503,chennai,2,198
2026-07-26,instamart,68254,anantapur,1,149
2026-07-25,instamart,18504,mumbai,2,638
2026-07-24,instamart,78553,bangalore,1,99
2026-07-25,instamart,68254,bangalore,1,149
2026-07-24,instamart,68254,bangalore,1,149
2026-07-25,instamart,68254,bangalore,1,149
2026-07-24,instamart,18503,bangalore,1,99
2026-07-26,instamart,68254,tirupati,1,149
2026-07-25,instamart,18506,hyderabad,1,499
2026-07-25,instamart,18503,chennai,1,99
2026-07-24,instamart,18503,gurgaon,1,99
2026-07-25,instamart,68254,kochi,1,149
2026-07-24,instamart,197453,pune,1,169
2026-07-24,instamart,78553,mumbai,1,99
2026-07-24,instamart,68254,bangalore,1,149
2026-07-26,instamart,68254,noida,1,149
2026-07-26,instamart,18503,bangalore,1,99
2026-07-24,instamart,792937,gurgaon,1,95
2026-07-26,instamart,18503,chennai,2,198
2026-07-24,instamart,792937,bangalore,1,95
2026-07-26,instamart,18503,noida 1,2,198
2026-07-26,instamart,78553,hyderabad,4,396
2026-07-25,instamart,78553,vadodara,2,198
2026-07-24,instamart,18504,bangalore,2,638
2026-07-24,instamart,68254,mumbai,1,149
2026-07-25,instamart,792937,pune,1,95
2026-07-26,instamart,18503,hyderabad,1,99
2026-07-24,instamart,792937,pune,1,95
2026-07-26,instamart,792937,noida,1,95
2026-07-24,instamart,78553,bangalore,1,99
2026-07-24,instamart,792937,mumbai,1,95
2026-07-25,instamart,792937,nagpur,1,95
2026-07-24,instamart,792937,bangalore,1,95
2026-07-26,instamart,63565,mumbai,1,189
2026-07-25,instamart,63565,bangalore,1,189
2026-07-25,instamart,63565,mumbai,1,189
2026-07-25,instamart,18503,bangalore,3,297
2026-07-25,instamart,18504,bangalore,1,319
2026-07-26,instamart,792937,warangal,1,95
2026-07-25,instamart,18504,chennai,1,319
2026-07-25,instamart,18504,bangalore,1,319
2026-07-24,instamart,63565,pune,1,189
2026-07-25,instamart,68254,chennai,1,149
2026-07-26,instamart,68254,chennai,2,298
2026-07-24,instamart,78553,udaipur,1,99
2026-07-24,instamart,18503,noida,1,99
2026-07-25,instamart,78553,vijayawada,1,99
2026-07-24,instamart,63565,kolkata,1,200
2026-07-25,instamart,78553,chandigarh,1,99
2026-07-25,instamart,63565,bangalore,1,189
2026-07-25,instamart,792937,hyderabad,1,95
2026-07-24,instamart,792937,gurgaon,1,95
2026-07-24,instamart,68254,central goa,1,149
2026-07-26,instamart,78553,central goa,2,198
2026-07-26,instamart,78553,mumbai,2,198
2026-07-26,instamart,18503,hyderabad,2,198
2026-07-25,instamart,792937,bangalore,1,95
2026-07-26,instamart,63565,mumbai,2,378
2026-07-24,instamart,78553,chennai,1,99
2026-07-26,instamart,18506,bangalore,1,499
2026-07-25,instamart,18503,jaipur,1,99
2026-07-26,instamart,18503,hyderabad,1,99
2026-07-25,instamart,792937,bangalore,1,95
2026-07-26,instamart,197453,bangalore,1,169
2026-07-25,instamart,792937,faridabad,1,95
2026-07-26,instamart,792937,bangalore,1,95
2026-07-25,instamart,18506,bangalore,1,499
2026-07-24,instamart,68254,mumbai,1,149
2026-07-24,instamart,18504,hyderabad,1,319
2026-07-26,instamart,18503,amravati,2,198
2026-07-25,instamart,78553,chandigarh,1,99
2026-07-26,instamart,68254,kochi,1,149
2026-07-25,instamart,792937,hyderabad,1,95
2026-07-24,instamart,18506,noida,1,499
2026-07-25,instamart,18503,mumbai,1,99
2026-07-26,instamart,792937,bangalore,1,95
2026-07-24,instamart,78553,mumbai,2,198
2026-07-25,instamart,792937,bangalore,2,190
2026-07-24,instamart,63565,bangalore,2,378
2026-07-24,instamart,78553,mumbai,2,198
2026-07-24,instamart,68254,kochi,1,149
2026-07-25,instamart,63565,chennai,1,189
2026-07-25,instamart,78553,bangalore,1,99
2026-07-24,instamart,18504,bangalore,1,319
2026-07-24,instamart,792937,pune,1,95
2026-07-26,instamart,792937,ranchi,1,95
2026-07-25,instamart,792937,bangalore,2,190
2026-07-24,instamart,18503,gurgaon,1,99
2026-07-25,instamart,18506,nashik,1,499
2026-07-24,instamart,792937,noida,1,95
2026-07-25,instamart,18503,bangalore,1,99
2026-07-24,instamart,18503,pune,1,99
2026-07-24,instamart,18503,hyderabad,1,99
2026-07-24,instamart,68254,kolkata,1,149
2026-07-24,instamart,18503,raipur,1,99
2026-07-24,instamart,63565,mumbai,2,378
2026-07-25,instamart,18503,nellore,1,99
2026-07-26,instamart,18503,hyderabad,1,99
2026-07-24,instamart,78553,mumbai,1,99
2026-07-24,instamart,63565,mumbai,1,189
2026-07-25,instamart,18503,bangalore,1,99
2026-07-25,instamart,792937,mumbai,1,95
2026-07-25,instamart,63565,pune,2,378
2026-07-25,instamart,78553,mumbai,2,198
2026-07-25,instamart,792937,mumbai,2,190
2026-07-25,instamart,18503,hyderabad,3,297
2026-07-25,instamart,78553,chennai,2,198
2026-07-24,instamart,63565,mumbai,2,378
2026-07-24,instamart,792937,mumbai,3,285
2026-07-25,instamart,792937,chennai,3,285
2026-07-25,instamart,792937,bangalore,2,190
2026-07-24,instamart,792937,noida 1,1,95
2026-07-26,instamart,18503,hyderabad,2,198
2026-07-26,instamart,68254,mumbai,1,149
2026-07-25,instamart,78553,rajahmundry,1,99
2026-07-25,instamart,63565,bangalore,1,189
2026-07-25,instamart,792937,chennai,2,190
2026-07-24,instamart,18503,hyderabad,1,99
2026-07-24,instamart,78553,noida,1,99
2026-07-26,instamart,63565,bangalore,1,189
2026-07-26,instamart,78553,vadodara,1,99
2026-07-25,instamart,792937,hyderabad,1,95
2026-07-26,instamart,792937,faridabad,1,95
2026-07-24,instamart,792937,bangalore,1,95
2026-07-25,instamart,18503,mumbai,1,99
2026-07-26,instamart,63565,manipal,1,189
2026-07-24,instamart,792937,bangalore,1,95
2026-07-24,instamart,792937,chennai,1,95
2026-07-26,instamart,63565,bangalore,3,567
2026-07-25,instamart,792937,delhi,2,190
2026-07-26,instamart,78553,mumbai,2,198
2026-07-26,instamart,18503,hyderabad,2,198
2026-07-24,instamart,18503,delhi,3,297
2026-07-26,instamart,78553,bangalore,1,99
2026-07-26,instamart,18503,pune,1,99
2026-07-25,instamart,18503,delhi,1,99
2026-07-24,instamart,792937,chennai,1,95
2026-07-24,instamart,18503,bangalore,1,99
2026-07-26,instamart,18503,bangalore,1,99
2026-07-24,instamart,792937,bangalore,1,95
2026-07-26,instamart,78553,ahmedabad,1,99
2026-07-24,instamart,792937,bangalore,2,190
2026-07-24,instamart,197453,bangalore,1,169
2026-07-26,instamart,68254,mumbai,1,149
2026-07-25,instamart,792937,mumbai,2,190
2026-07-24,instamart,18506,bangalore,1,499
2026-07-24,instamart,63565,mumbai,3,567
2026-07-24,instamart,78553,bangalore,1,99
2026-07-26,instamart,63565,hyderabad,1,189
2026-07-26,instamart,18506,mumbai,1,499
2026-07-26,instamart,18506,hyderabad,1,499
2026-07-26,instamart,197453,bangalore,1,169
2026-07-24,instamart,792937,mumbai,1,95
2026-07-24,instamart,68254,bangalore,1,149
2026-07-24,instamart,68254,hyderabad,2,298
2026-07-25,instamart,63565,mumbai,1,189
2026-07-25,instamart,197453,bangalore,1,169
2026-07-26,instamart,792937,mumbai,1,95
2026-07-25,instamart,68254,mumbai,1,149
2026-07-25,instamart,18504,nellore,1,319
2026-07-25,instamart,18503,bangalore,1,99
2026-07-26,instamart,18503,delhi,2,198
2026-07-24,instamart,63565,khammam,1,189
2026-07-24,instamart,68254,hyderabad,1,149
2026-07-25,instamart,63565,mumbai,1,189
2026-07-24,instamart,78553,guntur,1,99
2026-07-24,instamart,63565,bangalore,1,189
2026-07-25,instamart,78553,raipur,1,99
2026-07-25,instamart,18504,tirupur,1,319
2026-07-26,instamart,78553,noida,1,99
2026-07-26,instamart,18503,kolkata,1,99
2026-07-26,instamart,197453,bangalore,1,169
2026-07-25,instamart,68254,lucknow,2,298
2026-07-24,instamart,68254,bangalore,2,298
2026-07-24,instamart,792937,bangalore,1,95
2026-07-24,instamart,68254,bangalore,1,149
2026-07-26,instamart,18504,vijayawada,1,319
2026-07-24,instamart,63565,pune,1,189
2026-07-25,instamart,78553,bangalore,1,99
2026-07-25,instamart,18503,chennai,1,99
2026-07-24,instamart,63565,chennai,2,378
2026-07-26,instamart,792937,bangalore,1,95
2026-07-25,instamart,792937,pune,1,95
2026-07-25,instamart,18504,bangalore,1,319
2026-07-26,instamart,18503,bangalore,2,198
2026-07-24,instamart,63565,delhi,1,189
2026-07-24,instamart,197453,bangalore,1,169
2026-07-26,instamart,78553,guntur,1,99
2026-07-25,instamart,792937,chennai,2,190
2026-07-25,instamart,197453,pune,1,169
2026-07-26,instamart,18506,mumbai,1,499
2026-07-25,instamart,68254,delhi,1,149
2026-07-26,instamart,18504,vellore,1,319
2026-07-24,instamart,18503,delhi,1,99
2026-07-25,instamart,78553,chennai,1,99
2026-07-24,instamart,78553,chennai,2,198
2026-07-24,instamart,197453,hyderabad,1,169
2026-07-25,instamart,63565,delhi,1,189
2026-07-26,instamart,68254,chennai,1,149
2026-07-26,instamart,18506,ahmedabad,1,499
2026-07-26,instamart,78553,mumbai,3,297
2026-07-24,instamart,78553,mumbai,2,198
2026-07-24,instamart,18503,pune,3,297
2026-07-25,instamart,78553,mumbai,2,198
2026-07-24,instamart,68254,hyderabad,2,298
2026-07-25,instamart,18504,bangalore,1,319
2026-07-26,instamart,18503,mumbai,1,99
2026-07-25,instamart,18503,pune,1,99
2026-07-26,instamart,792937,chennai,1,95
2026-07-24,instamart,18503,hyderabad,1,99
2026-07-24,instamart,63565,tirupati,1,189
2026-07-24,instamart,78553,bangalore,2,198
2026-07-25,instamart,792937,chennai,2,190
2026-07-25,instamart,68254,gurgaon,1,149
2026-07-26,instamart,78553,bangalore,1,99
2026-07-25,instamart,18504,bangalore,1,319
2026-07-24,instamart,197453,hyderabad,1,169
2026-07-25,instamart,68254,chennai,1,149
2026-07-24,instamart,18503,mumbai,2,198
2026-07-25,instamart,78553,chennai,1,99
2026-07-24,instamart,63565,mumbai,1,189
2026-07-25,instamart,18506,hyderabad,1,499
2026-07-25,instamart,18503,bangalore,2,198
2026-07-26,instamart,63565,pune,3,567
2026-07-26,instamart,18504,chennai,2,638
2026-07-25,instamart,18503,hyderabad,1,99
2026-07-24,instamart,792937,pune,1,95
2026-07-26,instamart,63565,mumbai,1,189
2026-07-25,instamart,68254,chennai,1,149
2026-07-24,instamart,18503,tirupati,2,198
2026-07-24,instamart,68254,kurnool,1,149
2026-07-26,instamart,18504,bangalore,1,319
2026-07-26,instamart,18503,mangaluru,1,99
2026-07-25,instamart,78553,pune,1,99
2026-07-24,instamart,63565,delhi,1,189
2026-07-25,instamart,78553,vijayawada,1,99
2026-07-26,instamart,63565,delhi,1,189
2026-07-24,instamart,792937,hyderabad,2,190
2026-07-25,instamart,18503,kolkata,1,99
2026-07-25,instamart,18506,delhi,1,499
2026-07-25,instamart,18503,bangalore,1,99
2026-07-25,instamart,18506,bangalore,1,499
2026-07-26,instamart,18504,hyderabad,1,319
2026-07-24,instamart,18504,chennai,1,319
2026-07-25,instamart,792937,mumbai,1,95
2026-07-25,instamart,68254,ahmedabad,1,149
2026-07-26,instamart,78553,bangalore,1,99
2026-07-24,instamart,18503,chennai,4,396
2026-07-25,instamart,18506,mumbai,1,499
2026-07-24,instamart,63565,bangalore,2,378
2026-07-26,instamart,792937,chennai,2,190
2026-07-25,instamart,68254,bangalore,1,149
2026-07-25,instamart,63565,lucknow,2,378
2026-07-26,instamart,68254,chennai,1,149
2026-07-26,instamart,792937,bangalore,1,95
2026-07-26,instamart,63565,gurgaon,1,189
2026-07-25,instamart,18504,coimbatore,1,319
2026-07-25,instamart,18503,ranchi,1,99
2026-07-24,instamart,792937,ranchi,1,95
2026-07-24,instamart,18503,pune,1,99
2026-07-25,instamart,18504,thrissur,1,319
2026-07-25,instamart,18504,bangalore,1,319
2026-07-25,instamart,18506,ahmedabad,1,499
2026-07-26,instamart,292876,bangalore,1,125
2026-07-25,instamart,63565,hyderabad,1,189
2026-07-24,instamart,78553,shivamogga,1,99
2026-07-26,instamart,18503,chennai,1,99
2026-07-25,instamart,792937,mumbai,1,95
2026-07-26,instamart,18504,mumbai,1,319
2026-07-24,instamart,78553,kochi,1,99
2026-07-24,instamart,63565,chennai,1,189
2026-07-26,instamart,18503,hyderabad,1,99
2026-07-25,instamart,197453,bangalore,1,169
2026-07-26,instamart,18503,noida 1,1,99
2026-07-24,instamart,68254,mumbai,1,149
2026-07-24,instamart,63565,gurgaon,1,189
2026-07-25,instamart,63565,bangalore,2,378
2026-07-25,instamart,18503,mangaluru,2,198
2026-07-26,instamart,792937,pune,2,190
2026-07-25,instamart,63565,warangal,1,189
2026-07-26,instamart,18504,mumbai,2,638
2026-07-24,instamart,63565,pune,2,378
2026-07-25,instamart,18504,kozhikode,2,638
2026-07-24,instamart,792937,bangalore,1,95
2026-07-25,instamart,78553,bangalore,2,198
2026-07-25,instamart,78553,tirupati,2,198
2026-07-25,instamart,18503,hyderabad,3,297
2026-07-26,instamart,792937,mumbai,3,285
2026-07-25,instamart,63565,bangalore,1,189
2026-07-26,instamart,68254,mumbai,1,149
2026-07-24,instamart,18506,delhi,1,499
2026-07-24,instamart,63565,bangalore,2,378
2026-07-25,instamart,68254,pune,1,149
2026-07-25,instamart,68254,hyderabad,1,149
2026-07-24,instamart,18504,mumbai,1,319
2026-07-25,instamart,78553,vizag,1,99
2026-07-26,instamart,68254,pune,1,149
2026-07-25,instamart,792937,chennai,1,95
2026-07-25,instamart,57850,coimbatore,1,109
2026-07-24,instamart,68254,udaipur,1,149
2026-07-25,instamart,792937,hyderabad,1,95
2026-07-25,instamart,78553,hyderabad,1,99
2026-07-26,instamart,68254,pune,1,149
2026-07-26,instamart,792937,warangal,1,95
2026-07-26,instamart,78553,bangalore,1,99
2026-07-26,instamart,18503,kolhapur,1,99
2026-07-24,instamart,792937,noida 1,1,95
2026-07-25,instamart,68254,bangalore,1,149
2026-07-25,instamart,63565,mumbai,1,189
2026-07-25,instamart,63565,bangalore,2,378
2026-07-26,instamart,63565,bangalore,1,189
2026-07-26,instamart,68254,mumbai,1,149
2026-07-25,instamart,63565,bangalore,1,189
2026-07-26,instamart,68254,hyderabad,1,149
2026-07-24,instamart,63565,mumbai,2,378
2026-07-25,instamart,78553,mathura,2,198
2026-07-25,instamart,792937,bangalore,2,190
2026-07-24,instamart,78553,belgaum,2,198
2026-07-24,instamart,18504,hyderabad,2,638
2026-07-25,instamart,68254,mumbai,2,298
2026-07-25,instamart,78553,bangalore,1,99
2026-07-24,instamart,18503,noida 1,1,99
2026-07-26,instamart,78553,central goa,1,99
2026-07-24,instamart,792937,mumbai,1,95
2026-07-25,instamart,18504,kolhapur,1,319
2026-07-25,instamart,63565,mumbai,1,189
2026-07-24,instamart,63565,bangalore,1,189
2026-07-25,instamart,68254,bangalore,1,149
2026-07-25,instamart,68254,bangalore,1,149
2026-07-25,instamart,18503,chennai,2,198
2026-07-24,instamart,18503,hyderabad,1,99
2026-07-25,instamart,68254,mumbai,1,149
2026-07-24,instamart,18503,gurgaon,1,99
2026-07-25,instamart,197453,kolkata,1,169
2026-07-25,instamart,18503,bangalore,1,99
2026-07-24,instamart,68254,hyderabad,1,149
2026-07-24,instamart,18503,pune,1,99
2026-07-26,instamart,63565,udaipur,1,189
2026-07-24,instamart,18504,vizag,1,319
2026-07-26,instamart,18503,faridabad,1,99
2026-07-26,instamart,78553,chennai,1,99
2026-07-24,instamart,18504,mumbai,1,319
2026-07-26,instamart,197453,bangalore,1,169
2026-07-26,instamart,18506,aurangabad,1,499
2026-07-24,instamart,68254,delhi,1,149
2026-07-25,instamart,68254,hyderabad,1,149
2026-07-26,instamart,792937,mumbai,2,190
2026-07-26,instamart,18503,mumbai,1,99
2026-07-26,instamart,18506,mumbai,1,499
2026-07-24,instamart,78553,bangalore,3,297
2026-07-24,instamart,197453,bangalore,2,338
2026-07-25,instamart,792937,pune,5,475
2026-07-24,instamart,792937,bangalore,1,95
2026-07-25,instamart,78553,vizag,2,198
2026-07-25,instamart,792937,mumbai,1,95
2026-07-26,instamart,63565,bangalore,1,189
2026-07-25,instamart,18503,hyderabad,1,99
2026-07-25,instamart,68254,mumbai,1,149
2026-07-25,instamart,68254,warangal,1,149
2026-07-26,instamart,68254,bangalore,2,298
2026-07-26,instamart,63565,bangalore,1,189
2026-07-25,instamart,78553,delhi,1,99
2026-07-24,instamart,18503,tumakuru,1,99
2026-07-26,instamart,78553,bangalore,1,99
2026-07-25,instamart,63565,kolkata,1,189
2026-07-25,instamart,792937,mumbai,1,95
2026-07-25,instamart,792937,hyderabad,2,190
2026-07-24,instamart,68254,bangalore,1,149
2026-07-24,instamart,18503,nellore,1,99
2026-07-24,instamart,792937,bangalore,1,95
2026-07-25,instamart,63565,bangalore,1,189
2026-07-26,instamart,18504,hyderabad,1,319
2026-07-26,instamart,18503,delhi,1,99
2026-07-24,instamart,68254,mumbai,1,149
2026-07-26,instamart,792937,pune,1,95
2026-07-25,instamart,63565,hyderabad,1,189
2026-07-24,instamart,792937,pune,3,285
2026-07-24,instamart,78553,bhopal,1,99
2026-07-26,instamart,78553,bangalore,1,99
2026-07-25,instamart,18506,pune,1,499
2026-07-26,instamart,792937,bangalore,1,95
2026-07-24,instamart,63565,gurgaon,1,189
2026-07-26,instamart,68254,bangalore,1,149
2026-07-25,instamart,63565,bangalore,1,189
2026-07-26,instamart,63565,vadodara,2,378
2026-07-25,instamart,78553,bangalore,2,198
2026-07-24,instamart,792937,bangalore,3,285
2026-07-24,instamart,63565,mumbai,2,378
2026-07-24,instamart,68254,bangalore,1,149
2026-07-25,instamart,792937,hyderabad,1,95
2026-07-25,instamart,18506,mumbai,2,998
2026-07-25,instamart,63565,bangalore,1,189
2026-07-24,instamart,18503,hyderabad,1,99
2026-07-25,instamart,792937,gurgaon,1,95
2026-07-25,instamart,78553,mumbai,1,99
2026-07-25,instamart,18504,bangalore,1,319
2026-07-26,instamart,63565,vellore,1,189
2026-07-24,instamart,78553,bangalore,1,99
2026-07-24,instamart,18503,pune,1,99
2026-07-25,instamart,78553,mumbai,1,99
2026-07-24,instamart,18503,hyderabad,1,99
2026-07-26,instamart,68254,bangalore,1,149
2026-07-25,instamart,18504,bangalore,1,319
2026-07-24,instamart,18504,hyderabad,1,319
2026-07-26,instamart,792937,bangalore,1,95
2026-07-25,instamart,18503,hyderabad,1,99
2026-07-25,instamart,63565,bangalore,1,189
2026-07-24,instamart,18506,bangalore,1,499
2026-07-26,instamart,792937,bangalore,1,95
2026-07-25,instamart,68254,faridabad,1,149
2026-07-26,instamart,197453,hyderabad,1,169
2026-07-24,instamart,18503,hyderabad,2,198
2026-07-25,instamart,68254,bangalore,2,298
2026-07-25,instamart,18504,hyderabad,2,638
2026-07-24,instamart,18503,noida,1,99
2026-07-25,instamart,18503,hyderabad,1,99
2026-07-26,instamart,18503,chennai,1,99
2026-07-26,instamart,63565,bangalore,1,189
2026-07-26,instamart,792937,pune,1,95
2026-07-24,instamart,78553,bangalore,1,99
2026-07-25,instamart,792937,bangalore,1,95
2026-07-26,instamart,792937,tirupati,1,95
2026-07-26,instamart,78553,bangalore,1,99
2026-07-24,instamart,78553,bangalore,1,99
2026-07-26,instamart,68254,thiruvalla,1,149
2026-07-24,instamart,18506,hyderabad,2,998
2026-07-24,instamart,78553,mumbai,1,99
2026-07-26,instamart,18506,mumbai,3,1497
2026-07-24,instamart,18504,bangalore,1,319
2026-07-25,instamart,78553,bangalore,1,99
2026-07-25,instamart,18504,chennai,1,319
2026-07-26,instamart,78553,ahmedabad,1,99
2026-07-25,instamart,18503,noida 1,1,99
2026-07-24,instamart,18503,hyderabad,2,198
2026-07-26,instamart,18503,jabalpur,1,99
2026-07-25,instamart,18503,hyderabad,2,198
2026-07-25,instamart,63565,chandigarh,1,189
2026-07-26,instamart,18503,chennai,1,99
2026-07-25,instamart,18504,bangalore,1,319
2026-07-25,instamart,792937,bangalore,2,190
2026-07-25,instamart,78553,bangalore,2,198
2026-07-25,instamart,63565,bangalore,2,378
2026-07-25,instamart,18503,pune,3,297
2026-07-24,instamart,792937,chennai,3,285
2026-07-26,instamart,78553,bhopal,1,99
2026-07-24,instamart,63565,bangalore,1,189
2026-07-26,instamart,18504,mumbai,1,319
2026-07-26,instamart,18504,nanded,1,319
2026-07-26,instamart,68254,bangalore,1,149
2026-07-26,instamart,18503,noida,1,99
2026-07-25,instamart,18506,mumbai,1,499
2026-07-24,instamart,63565,bangalore,1,189
2026-07-24,instamart,197453,bangalore,1,169
2026-07-26,instamart,792937,bangalore,1,95
2026-07-24,instamart,792937,bangalore,2,190
2026-07-26,instamart,63565,rohtak,1,189
2026-07-25,instamart,63565,mumbai,1,189
2026-07-26,instamart,68254,hyderabad,1,149
2026-07-25,instamart,18503,delhi,1,99
2026-07-25,instamart,792937,bangalore,1,95
2026-07-25,instamart,78553,pune,2,198
2026-07-26,instamart,18503,hyderabad,1,99
2026-07-26,instamart,792937,mumbai,1,95
2026-07-26,instamart,197453,bangalore,1,169
2026-07-25,instamart,63565,mumbai,2,378
2026-07-26,instamart,78553,bangalore,1,99
2026-07-24,instamart,792937,hyderabad,1,95
2026-07-24,instamart,78553,bangalore,1,99
2026-07-26,instamart,18503,hyderabad,1,99
2026-07-25,instamart,792937,mumbai,1,95
2026-07-25,instamart,18503,mumbai,1,99
2026-07-26,instamart,63565,delhi,1,189
2026-07-25,instamart,18503,kolkata,3,297
2026-07-24,instamart,792937,bangalore,3,285
2026-07-24,instamart,78553,hyderabad,3,297
2026-07-24,instamart,18504,bangalore,2,638
2026-07-25,instamart,18503,bangalore,3,297
2026-07-24,instamart,78553,dehradun,1,99
2026-07-24,instamart,78553,gurgaon,1,99
2026-07-26,instamart,18504,tirupur,1,319
2026-07-25,instamart,18504,chennai,1,319
2026-07-25,instamart,57850,bangalore,1,109
2026-07-26,instamart,18506,chennai,1,499
2026-07-25,instamart,197453,bangalore,1,169
2026-07-24,instamart,63565,bangalore,1,189
2026-07-24,instamart,18503,bangalore,1,99
2026-07-24,instamart,792937,hyderabad,1,95
2026-07-25,instamart,792937,gurgaon,1,95
2026-07-25,instamart,197453,hyderabad,2,338
2026-07-24,instamart,78553,bangalore,1,99
2026-07-26,instamart,18506,bangalore,1,499
2026-07-25,instamart,18506,delhi,1,499
2026-07-26,instamart,792937,mumbai,1,95
2026-07-25,instamart,18503,delhi,1,99
2026-07-25,instamart,792937,pune,1,95
2026-07-25,instamart,18503,mumbai,1,99
2026-07-25,instamart,68254,bangalore,1,149
2026-07-26,instamart,792937,hyderabad,1,95
2026-07-25,instamart,18506,bangalore,1,499
2026-07-26,instamart,18504,chennai,1,319
2026-07-24,instamart,792937,mumbai,1,95
2026-07-24,instamart,78553,bangalore,1,99
2026-07-24,instamart,63565,chennai,1,189
2026-07-26,instamart,68254,thiruvananthapuram,1,149
2026-07-26,instamart,18504,mumbai,2,638
2026-07-25,instamart,63565,bangalore,2,378
2026-07-24,instamart,78553,bhilai,1,99
2026-07-26,instamart,63565,hyderabad,2,378
2026-07-26,instamart,68254,hyderabad,1,149
2026-07-25,instamart,63565,pune,2,378
2026-07-24,instamart,18503,hyderabad,1,99
2026-07-26,instamart,63565,bangalore,3,567
2026-07-25,instamart,68254,pune,2,298
2026-07-26,instamart,18503,chennai,1,99
2026-07-24,instamart,18506,delhi,1,499
2026-07-24,instamart,792937,chennai,1,95
2026-07-25,instamart,292876,pune,1,125
2026-07-24,instamart,68254,vadodara,2,298
2026-07-24,instamart,63565,bangalore,1,189
2026-07-24,instamart,78553,bangalore,1,99
2026-07-25,instamart,63565,chennai,1,189
2026-07-24,instamart,78553,bangalore,1,99
2026-07-25,instamart,78553,vadodara,3,297
2026-07-24,instamart,68254,gurgaon,1,149
2026-07-26,instamart,792937,bangalore,1,95
2026-07-25,instamart,792937,bhubaneswar,1,95
2026-07-25,instamart,63565,thrissur,1,189
2026-07-25,instamart,792937,hyderabad,1,95
2026-07-26,instamart,68254,hyderabad,1,149
2026-07-26,instamart,68254,bangalore,1,149
2026-07-24,instamart,792937,delhi,1,95
2026-07-26,instamart,18504,chennai,1,319
2026-07-24,instamart,63565,bangalore,1,189
2026-07-25,instamart,792937,mumbai,1,95
2026-07-25,instamart,63565,mumbai,3,567
2026-07-24,instamart,18504,bangalore,3,957
2026-07-25,instamart,63565,mumbai,2,378
2026-07-24,instamart,63565,delhi,2,378
2026-07-25,instamart,792937,bangalore,2,190
2026-07-26,instamart,18504,mumbai,2,638
2026-07-24,instamart,63565,kolkata,1,189
2026-07-26,instamart,68254,mumbai,1,149
2026-07-26,instamart,197453,bangalore,1,169
2026-07-26,instamart,18503,bangalore,2,198
2026-07-24,instamart,78553,mumbai,1,99
2026-07-24,instamart,792937,bangalore,1,95
2026-07-25,instamart,18504,coimbatore,1,319
2026-07-25,instamart,18503,kolkata,1,99
2026-07-26,instamart,63565,bangalore,2,378
2026-07-26,instamart,78553,chandigarh,1,99
2026-07-26,instamart,18503,delhi,1,99
2026-07-24,instamart,18503,jaipur,1,99
2026-07-26,instamart,78553,pune,1,99
2026-07-26,instamart,18504,mumbai,1,319
2026-07-25,instamart,792937,nagpur,1,95
2026-07-24,instamart,18503,shivamogga,1,99
2026-07-25,instamart,18504,vizag,2,638
2026-07-25,instamart,18503,hyderabad,1,99
2026-07-25,instamart,78553,chennai,1,99
2026-07-24,instamart,792937,gurgaon,1,95
2026-07-26,instamart,78553,bangalore,1,99
2026-07-24,instamart,792937,pune,1,95
2026-07-25,instamart,792937,bangalore,1,95
2026-07-26,instamart,18504,bangalore,1,319
2026-07-25,instamart,18506,bangalore,2,998
2026-07-26,instamart,18503,chennai,1,99
2026-07-25,instamart,78553,chennai,1,99
2026-07-24,instamart,792937,chennai,1,95
2026-07-25,instamart,68254,central goa,1,149
2026-07-25,instamart,63565,chennai,1,189
2026-07-24,instamart,792937,chennai,3,285
2026-07-25,instamart,68254,bangalore,2,298
2026-07-25,instamart,792937,bangalore,2,190
2026-07-24,instamart,78553,bangalore,1,99
2026-07-25,instamart,18503,bangalore,1,99
2026-07-25,instamart,68254,hyderabad,1,149
2026-07-25,instamart,18506,ahmedabad,1,499
2026-07-24,instamart,68254,bangalore,1,149
2026-07-25,instamart,18504,bangalore,1,319
2026-07-25,instamart,792937,mumbai,1,95
2026-07-24,instamart,78553,noida 1,1,99
2026-07-24,instamart,18504,noida 1,1,319
2026-07-25,instamart,78553,chennai,1,99
2026-07-24,instamart,792937,bangalore,1,95
2026-07-25,instamart,78553,pune,1,99
2026-07-26,instamart,197453,chennai,1,169
2026-07-24,instamart,18503,chennai,1,99
2026-07-26,instamart,78553,chennai,1,99
2026-07-24,instamart,18503,mumbai,1,99
2026-07-25,instamart,63565,mumbai,1,189
2026-07-24,instamart,78553,bangalore,1,99
2026-07-24,instamart,18506,kolkata,1,499
2026-07-25,instamart,68254,hyderabad,1,149
2026-07-24,instamart,792937,mumbai,2,190
2026-07-24,instamart,792937,bangalore,3,285
2026-07-25,instamart,18503,bangalore,3,297
2026-07-25,instamart,68254,bangalore,1,149
2026-07-25,instamart,68254,hyderabad,1,149
2026-07-24,instamart,63565,bangalore,1,189
2026-07-25,instamart,197453,bangalore,2,338
2026-07-25,instamart,78553,vadodara,1,99
2026-07-25,instamart,63565,chennai,2,378
2026-07-25,instamart,18503,karimnagar,1,99
2026-07-24,instamart,63565,pune,1,189
2026-07-24,instamart,78553,central goa,1,99
2026-07-26,instamart,78553,bangalore,1,99
2026-07-26,instamart,68254,hyderabad,1,149
2026-07-24,instamart,78553,bangalore,1,99
2026-07-25,instamart,78553,vadodara,1,99
2026-07-24,instamart,792937,kurnool,1,95
2026-07-25,instamart,792937,hyderabad,2,190
2026-07-24,instamart,63565,nashik,1,189
2026-07-24,instamart,197453,bangalore,2,338
2026-07-24,instamart,18503,jaipur,1,99
2026-07-26,instamart,78553,vijayawada,1,99
2026-07-26,instamart,78553,ahmedabad,1,99
2026-07-24,instamart,18503,kolkata,1,99
2026-07-25,instamart,68254,hyderabad,1,149
2026-07-26,instamart,78553,chennai,2,198
2026-07-24,instamart,63565,pune,2,378
2026-07-25,instamart,63565,chennai,1,189
2026-07-24,instamart,18503,mumbai,2,198
2026-07-25,instamart,197453,hyderabad,1,169
2026-07-25,instamart,78553,mumbai,1,99
2026-07-26,instamart,78553,vizag,1,99
2026-07-25,instamart,792937,chennai,1,95
2026-07-24,instamart,18503,delhi,1,99
2026-07-24,instamart,18504,bangalore,1,319
2026-07-25,instamart,78553,mumbai,1,99
2026-07-24,instamart,78553,mumbai,1,99
2026-07-25,instamart,792937,agra,1,95
2026-07-26,instamart,68254,bangalore,1,149
2026-07-25,instamart,18504,shivamogga,1,319
2026-07-25,instamart,792937,delhi,1,95
2026-07-24,instamart,792937,chennai,1,95
2026-07-24,instamart,68254,bangalore,1,149
2026-07-26,instamart,18503,sonipat,1,99
2026-07-24,instamart,197453,hyderabad,2,338
2026-07-24,instamart,18503,bangalore,2,198
2026-07-26,instamart,78553,chennai,2,198
2026-07-25,instamart,792937,bangalore,1,95
2026-07-24,instamart,63565,pune,2,378
2026-07-25,instamart,18503,bangalore,2,198
2026-07-25,instamart,68254,hyderabad,1,149
2026-07-26,instamart,18504,khammam,1,319
2026-07-25,instamart,63565,chennai,1,189
2026-07-25,instamart,18503,hyderabad,3,297
2026-07-26,instamart,63565,bangalore,2,378
2026-07-25,instamart,18503,bangalore,2,198
2026-07-26,instamart,792937,mumbai,2,190
2026-07-25,instamart,18503,chennai,1,99
2026-07-26,instamart,78553,chennai,1,99
2026-07-25,instamart,792937,hyderabad,1,95
2026-07-24,instamart,792937,bangalore,1,95
2026-07-25,instamart,792937,bangalore,1,95
2026-07-26,instamart,63565,kolkata,1,189
2026-07-25,instamart,18503,surat,1,99
2026-07-24,instamart,18504,noida 1,1,319
2026-07-25,instamart,78553,chennai,1,99
2026-07-26,instamart,18506,chennai,1,499
2026-07-24,instamart,18503,chennai,1,99
2026-07-25,instamart,18504,hyderabad,2,638
2026-07-25,instamart,78553,bangalore,1,99
2026-07-25,instamart,68254,amritsar,1,149
2026-07-26,instamart,68254,pondicherry,1,149
2026-07-26,instamart,63565,vellore,1,189
2026-07-25,instamart,18506,bangalore,1,499
2026-07-26,instamart,18504,kozhikode,1,319
2026-07-24,instamart,63565,gurgaon,2,378
2026-07-24,instamart,792937,chennai,3,285
2026-07-26,instamart,78553,chennai,1,99
2026-07-24,instamart,68254,bangalore,1,149
2026-07-25,instamart,18503,hyderabad,1,99
2026-07-24,instamart,197453,bangalore,1,167
2026-07-25,instamart,68254,chennai,1,149
2026-07-26,instamart,18504,coimbatore,1,319
2026-07-25,instamart,63565,bangalore,1,189
2026-07-25,instamart,68254,hyderabad,1,149
2026-07-26,instamart,68254,chennai,1,149
2026-07-25,instamart,792937,pune,1,95
2026-07-24,instamart,18504,central goa,2,638
2026-07-26,instamart,792937,central goa,1,95
2026-07-24,instamart,18504,vizag,1,319
2026-07-26,instamart,18504,mysore,1,319
2026-07-24,instamart,792937,bangalore,1,95
2026-07-25,instamart,18506,lucknow,1,499
2026-07-24,instamart,78553,pune,1,99
2026-07-24,instamart,18504,kolkata,1,319
2026-07-24,instamart,18503,patna,1,99
2026-07-24,instamart,18504,central goa,1,319
2026-07-26,instamart,792937,mumbai,1,95
2026-07-25,instamart,78553,bangalore,1,99
2026-07-25,instamart,792937,bangalore,1,95
2026-07-24,instamart,63565,bangalore,1,189
2026-07-26,instamart,18506,mumbai,1,499
2026-07-25,instamart,792937,chennai,4,380
2026-07-26,instamart,792937,bangalore,1,95
2026-07-24,instamart,18503,chennai,3,297
2026-07-26,instamart,18504,mumbai,2,638
2026-07-26,instamart,63565,bangalore,2,378
2026-07-24,instamart,78553,bangalore,3,297
2026-07-25,instamart,18503,bangalore,3,297
2026-07-25,instamart,792937,bangalore,3,285
2026-07-25,instamart,792937,mumbai,1,95
2026-07-24,instamart,18503,kolkata,1,99
2026-07-26,instamart,63565,kolkata,1,189
2026-07-26,instamart,78553,mysore,1,99
2026-07-26,instamart,18504,belgaum,1,319
2026-07-24,instamart,18504,mumbai,1,319
2026-07-26,instamart,18503,delhi,1,99
2026-07-24,instamart,197453,bangalore,1,169
2026-07-24,instamart,68254,hyderabad,2,298
2026-07-26,instamart,63565,mangaluru,1,189
2026-07-24,instamart,18503,mumbai,1,99
2026-07-25,instamart,792937,bangalore,1,95
2026-07-25,instamart,792937,bangalore,2,190
2026-07-26,instamart,78553,mumbai,1,99
2026-07-26,instamart,18506,bhubaneswar,1,499
2026-07-24,instamart,18503,surat,1,99
2026-07-26,instamart,18506,pune,1,499
2026-07-26,instamart,18503,chennai,1,99
2026-07-24,instamart,18503,bangalore,2,198
2026-07-25,instamart,18503,hyderabad,2,198
2026-07-25,instamart,792937,bangalore,2,190
2026-07-26,instamart,18503,chennai,2,198
2026-07-25,instamart,18503,delhi,3,297
2026-07-24,instamart,18503,bangalore,3,297
2026-07-25,instamart,792937,bangalore,2,190
2026-07-24,instamart,18506,gurgaon,1,499
2026-07-24,instamart,63565,delhi,1,189
2026-07-26,instamart,18503,hyderabad,1,99
2026-07-25,instamart,63565,bangalore,2,378
2026-07-24,instamart,63565,delhi,1,189
2026-07-24,instamart,78553,central goa,1,99
2026-07-24,instamart,792937,chennai,1,95
2026-07-24,instamart,18506,hyderabad,3,1497
2026-07-26,instamart,78553,bangalore,2,198
2026-07-24,instamart,18503,lucknow,1,99
2026-07-26,instamart,63565,mumbai,1,189
2026-07-25,instamart,68254,pune,1,149
2026-07-25,instamart,18504,mangaluru,1,319
2026-07-26,instamart,18506,bangalore,1,499
2026-07-24,instamart,18503,hyderabad,1,99
2026-07-24,instamart,63565,delhi,1,189
2026-07-25,instamart,68254,thiruvalla,1,149
2026-07-24,instamart,78553,bangalore,1,99
2026-07-26,instamart,63565,bangalore,1,189
2026-07-26,instamart,78553,bangalore,1,99
2026-07-25,instamart,78553,hyderabad,2,198
2026-07-24,instamart,792937,bangalore,1,95
2026-07-25,instamart,68254,thiruvananthapuram,1,149
2026-07-26,instamart,63565,bangalore,1,189
2026-07-26,instamart,18503,hyderabad,1,99
2026-07-24,instamart,197453,bangalore,1,169
2026-07-25,instamart,63565,mumbai,4,756
2026-07-25,instamart,292876,nagpur,2,250
2026-07-26,instamart,18503,mumbai,1,99
2026-07-24,instamart,68254,gurgaon,1,149
2026-07-24,instamart,68254,hyderabad,1,149
2026-07-25,instamart,792937,noida 1,1,95
2026-07-25,instamart,68254,bangalore,1,149
2026-07-24,instamart,68254,ludhiana,1,149
2026-07-25,instamart,78553,mumbai,1,99
2026-07-26,instamart,18503,bangalore,1,99
2026-07-24,instamart,68254,bangalore,1,149
2026-07-25,instamart,63565,delhi,1,189
2026-07-26,instamart,68254,thanjavur,1,149
2026-07-25,instamart,792937,bangalore,1,95
2026-07-26,instamart,792937,delhi,1,95
2026-07-24,instamart,78553,bangalore,1,99
2026-07-24,instamart,18503,chennai,1,99
2026-07-26,instamart,63565,bangalore,1,189
2026-07-25,instamart,63565,delhi,2,378
2026-07-26,instamart,78553,hyderabad,3,297
2026-07-24,instamart,18503,chennai,1,99
2026-07-24,instamart,78553,mumbai,2,198
2026-07-10,instamart,197453,noida,1,169
2026-07-10,instamart,63565,mumbai,2,378
2026-07-10,instamart,18504,bangalore,1,319
2026-07-10,instamart,63565,ludhiana,1,189
2026-07-10,instamart,68254,kochi,1,149
2026-07-10,instamart,792937,gurgaon,1,95
2026-07-10,instamart,63565,delhi,1,189
2026-07-10,instamart,78553,central goa,1,99
2026-07-10,instamart,68254,bangalore,1,149
2026-07-10,instamart,18506,noida,1,499
2026-07-10,instamart,792937,bangalore,2,190
2026-07-10,instamart,18503,surat,1,99
2026-07-10,instamart,78553,kochi,1,99
2026-07-10,instamart,792937,hyderabad,1,95
2026-07-10,instamart,18503,mumbai,1,99
2026-07-10,instamart,197453,hyderabad,1,169
2026-07-10,instamart,18503,bangalore,1,99
2026-07-10,instamart,792937,bangalore,2,190
2026-07-10,instamart,792937,hyderabad,1,95
2026-07-10,instamart,18503,hyderabad,1,99
2026-07-10,instamart,18504,mumbai,2,638
2026-07-10,instamart,78553,central goa,3,297
2026-07-10,instamart,78553,bangalore,1,99
2026-07-10,instamart,78553,hyderabad,2,198
2026-07-26,instamart,18503,bangalore,3,297
2026-07-24,instamart,78553,silchar,1,99
2026-07-26,instamart,792937,pune,1,95
2026-07-25,instamart,792937,bangalore,1,95
2026-07-26,instamart,18503,mumbai,1,99
2026-07-25,instamart,18503,gurgaon,1,99
2026-07-25,instamart,792937,mumbai,1,95
2026-07-24,instamart,18503,mumbai,1,99
2026-07-26,instamart,792937,central goa,1,95
2026-07-25,instamart,792937,mumbai,1,95
2026-07-25,instamart,18503,hyderabad,1,99
2026-07-25,instamart,18503,jalandhar,1,99
2026-07-25,instamart,792937,mumbai,1,95
2026-07-26,instamart,68254,bangalore,1,149
2026-07-26,instamart,68254,hyderabad,1,149
2026-07-25,instamart,78553,bangalore,1,99
2026-07-24,instamart,78553,delhi,1,99
2026-07-25,instamart,792937,bangalore,1,95
2026-07-25,instamart,78553,bangalore,1,99
2026-07-25,instamart,63565,gurgaon,1,189
2026-07-26,instamart,63565,kolkata,1,189
2026-07-25,instamart,63565,mangaluru,1,189
2026-07-26,instamart,63565,guwahati,1,189
2026-07-24,instamart,78553,karimnagar,1,99
2026-07-26,instamart,68254,chennai,1,149
2026-07-26,instamart,63565,gurgaon,1,189
2026-07-25,instamart,78553,bangalore,1,99
2026-07-25,instamart,18504,rajahmundry,1,319
2026-07-25,instamart,18504,trichy,1,319
2026-07-24,instamart,68254,bangalore,1,149
2026-07-24,instamart,792937,bangalore,1,95
2026-07-26,instamart,68254,chennai,1,149
2026-07-25,instamart,63565,bangalore,1,189
2026-07-26,instamart,197453,bangalore,1,169
2026-07-26,instamart,18504,thrissur,1,319
2026-07-26,instamart,792937,mumbai,3,285
2026-07-26,instamart,63565,gurgaon,1,189
2026-07-25,instamart,78553,chennai,2,198
2026-07-25,instamart,78553,ahmedabad,2,198
2026-07-25,instamart,197453,bangalore,2,338
2026-07-25,instamart,18504,mumbai,2,638
2026-07-25,instamart,68254,chennai,2,298
2026-07-26,instamart,63565,mumbai,1,189
2026-07-26,instamart,18504,bangalore,1,319
2026-07-24,instamart,792937,bangalore,1,95
2026-07-25,instamart,792937,warangal,1,95
2026-07-26,instamart,18503,manipal,1,99
2026-07-25,instamart,197453,bangalore,1,169
2026-07-24,instamart,792937,bangalore,2,190
2026-07-25,instamart,18503,thiruvalla,1,99
2026-07-25,instamart,18506,bangalore,1,499
2026-07-24,instamart,68254,vizag,1,149
2026-07-26,instamart,78553,bangalore,1,99
2026-07-24,instamart,18503,chennai,1,99
2026-07-26,instamart,63565,bangalore,2,378
2026-07-24,instamart,18504,pondicherry,1,319
2026-07-26,instamart,18503,kolkata,1,99
2026-07-24,instamart,78553,pune,1,99
2026-07-25,instamart,18506,gurgaon,1,499
2026-07-24,instamart,792937,delhi,1,95
2026-07-25,instamart,78553,bangalore,1,99
2026-07-25,instamart,63565,hyderabad,1,189
2026-07-25,instamart,792937,pune,1,95
2026-07-26,instamart,78553,bangalore,2,198
2026-07-26,instamart,78553,chennai,2,198
2026-07-26,instamart,18503,hyderabad,3,297
2026-07-26,instamart,68254,chennai,2,298
2026-07-24,instamart,18504,hyderabad,4,1276
2026-07-25,instamart,18503,bangalore,3,297
2026-07-25,instamart,792937,bangalore,1,95
2026-07-25,instamart,18506,delhi,1,499
2026-07-26,instamart,792937,mumbai,1,95
2026-07-24,instamart,18503,mumbai,2,198
2026-07-24,instamart,68254,bangalore,1,149
2026-07-26,instamart,18504,erode,1,319
2026-07-26,instamart,63565,bangalore,1,189
2026-07-26,instamart,18503,bangalore,1,99
2026-07-25,instamart,18506,pune,2,998
2026-07-24,instamart,68254,mumbai,1,149
2026-07-24,instamart,63565,bangalore,1,189
2026-07-24,instamart,68254,gurgaon,1,149
2026-07-24,instamart,792937,bangalore,1,95
2026-07-25,instamart,63565,mumbai,1,189
2026-07-25,instamart,63565,bangalore,1,189
2026-07-24,instamart,63565,gurgaon,1,189
2026-07-25,instamart,792937,bangalore,2,190
2026-07-24,instamart,78553,vadodara,1,99
2026-07-26,instamart,63565,gurgaon,1,189
2026-07-24,instamart,68254,bangalore,1,149
2026-07-26,instamart,18504,rajahmundry,1,319
2026-07-24,instamart,18506,mumbai,1,499
2026-07-25,instamart,18503,bangalore,2,198
2026-07-24,instamart,792937,mumbai,2,190
2026-07-24,instamart,792937,mumbai,2,190
2026-07-25,instamart,68254,hyderabad,2,298
2026-07-26,instamart,68254,hyderabad,2,298
2026-07-26,instamart,68254,bangalore,2,298
2026-07-24,instamart,18503,pondicherry,1,99
2026-07-26,instamart,792937,hyderabad,2,190
2026-07-24,instamart,18504,hyderabad,1,319
2026-07-24,instamart,792937,bangalore,1,95
2026-07-25,instamart,18506,pune,1,499
2026-07-24,instamart,68254,pune,1,149
2026-07-24,instamart,792937,bangalore,1,95
2026-07-26,instamart,792937,bangalore,1,95
2026-07-25,instamart,18503,hyderabad,1,99
2026-07-25,instamart,792937,delhi,1,95
2026-07-26,instamart,18503,noida 1,1,99
2026-07-24,instamart,792937,delhi,1,95
2026-07-26,instamart,18504,salem,1,319
2026-07-26,instamart,792937,chennai,1,95
2026-07-24,instamart,78553,chennai,3,297
2026-07-25,instamart,78553,chennai,2,198
2026-07-24,instamart,78553,pune,1,99
2026-07-25,instamart,78553,mumbai,2,198
2026-07-25,instamart,78553,pune,1,99
2026-07-24,instamart,78553,mumbai,2,198
2026-07-26,instamart,78553,mumbai,2,198
2026-07-25,instamart,18503,bangalore,3,297
2026-07-24,instamart,68254,bangalore,1,149
2026-07-24,instamart,18503,bangalore,1,99
2026-07-26,instamart,78553,nagpur,1,99
2026-07-26,instamart,792937,bangalore,1,95
2026-07-24,instamart,63565,mumbai,1,189
2026-07-25,instamart,63565,pune,1,189
2026-07-25,instamart,18503,mumbai,1,99
2026-07-24,instamart,63565,chennai,2,378
2026-07-26,instamart,18503,mumbai,1,99
2026-07-26,instamart,792937,bangalore,1,95
2026-07-26,instamart,63565,ahmedabad,1,189
2026-07-24,instamart,18506,chennai,1,499
2026-07-24,instamart,792937,pune,3,285
2026-07-25,instamart,18503,chennai,1,99
2026-07-25,instamart,78553,bangalore,1,99
2026-07-24,instamart,792937,central goa,1,95
2026-07-25,instamart,68254,delhi,1,149
2026-07-24,instamart,792937,bangalore,1,95
2026-07-26,instamart,792937,bangalore,1,95
2026-07-25,instamart,63565,bangalore,1,189
2026-07-24,instamart,18504,kakinada,1,319
2026-07-25,instamart,68254,chennai,1,149
2026-07-25,instamart,792937,mumbai,1,95
2026-07-24,instamart,63565,bangalore,1,189
2026-07-26,instamart,18506,kochi,1,499
2026-07-25,instamart,18503,chennai,1,99
2026-07-24,instamart,792937,bangalore,1,95
2026-07-26,instamart,63565,gurgaon,2,378
2026-07-25,instamart,792937,chennai,2,190
2026-07-24,instamart,78553,central goa,2,198
2026-07-25,instamart,18504,mumbai,2,638
2026-07-24,instamart,18503,bangalore,3,297
2026-07-24,instamart,792937,bangalore,3,285
2026-07-24,instamart,68254,bangalore,6,894
2026-07-26,instamart,18503,central goa,1,99
2026-07-25,instamart,18506,bangalore,1,499
2026-07-26,instamart,792937,chennai,1,95
2026-07-26,instamart,68254,delhi,1,149
2026-07-25,instamart,63565,chennai,1,189
2026-07-24,instamart,78553,allahabad,1,99
2026-07-26,instamart,18503,chennai,2,198
2026-07-24,instamart,18503,kolkata,1,99
2026-07-26,instamart,18506,mumbai,1,499
2026-07-26,instamart,63565,delhi,1,189
2026-07-25,instamart,18503,mumbai,2,198
2026-07-25,instamart,18503,kolkata,1,99
2026-07-25,instamart,18506,pune,1,499
2026-07-24,instamart,63565,hyderabad,1,189
2026-07-24,instamart,78553,mumbai,1,99
2026-07-24,instamart,68254,faridabad,1,149
2026-07-26,instamart,792937,chennai,1,95
2026-07-26,instamart,18503,chennai,1,99
2026-07-25,instamart,63565,bangalore,1,189
2026-07-26,instamart,78553,bangalore,1,99
2026-07-25,instamart,792937,mumbai,1,95
2026-07-26,instamart,78553,mumbai,1,99
2026-07-24,instamart,68254,bangalore,2,298
2026-07-24,instamart,78553,vizag,1,99
2026-07-25,instamart,68254,gurgaon,1,149
2026-07-25,instamart,18503,hyderabad,2,198
2026-07-25,instamart,792937,hyderabad,2,190
2026-07-24,instamart,78553,lonavla,3,297
2026-07-24,instamart,18503,hyderabad,2,198
2026-07-25,instamart,18504,mumbai,2,638
2026-07-24,instamart,18503,hyderabad,1,99
2026-07-26,instamart,18503,pune,1,99
2026-07-25,instamart,18504,central goa,1,319
2026-07-24,instamart,78553,bangalore,1,99
2026-07-25,instamart,63565,mumbai,1,189
2026-07-24,instamart,18506,mumbai,1,499
2026-07-25,instamart,68254,chennai,1,149
2026-07-25,instamart,18503,udaipur,1,99
2026-07-26,instamart,68254,bangalore,1,149
2026-07-25,instamart,18503,bangalore,1,99
2026-07-26,instamart,68254,pune,1,149
2026-07-24,instamart,63565,hyderabad,1,189
2026-07-24,instamart,18503,noida,1,99
2026-07-25,instamart,792937,pune,2,190
2026-07-25,instamart,792937,pune,1,95
2026-07-26,instamart,63565,gurgaon,1,189
2026-07-24,instamart,18504,chennai,2,638
2026-07-26,instamart,78553,bangalore,1,99
2026-07-24,instamart,78553,vizag,1,99
2026-07-26,instamart,18503,anantapur,1,99
2026-07-25,instamart,18503,mumbai,1,99
2026-07-26,instamart,792937,pune,2,190
2026-07-25,instamart,78553,bangalore,1,99
2026-07-26,instamart,792937,mumbai,1,95
2026-07-24,instamart,792937,bangalore,1,95
2026-07-26,instamart,18504,thrissur,1,319
2026-07-25,instamart,68254,hyderabad,1,149
2026-07-25,instamart,792937,delhi,1,95
2026-07-26,instamart,57850,ranchi,1,109
2026-07-24,instamart,18506,delhi,1,499
2026-07-25,instamart,18506,pune,1,499
2026-07-25,instamart,792937,bangalore,2,190
2026-07-26,instamart,63565,pune,2,378
2026-07-24,instamart,18503,mumbai,2,198
2026-07-25,instamart,78553,hyderabad,2,198
2026-07-22,instamart,68254,hyderabad,2,298
2026-07-22,instamart,792937,gurgaon,1,95
2026-07-22,instamart,78553,chennai,1,99
2026-07-22,instamart,68254,hyderabad,1,149
2026-07-22,instamart,78553,mumbai,1,99
2026-07-22,instamart,792937,chennai,2,190
2026-07-22,instamart,18503,hyderabad,1,99
2026-07-22,instamart,78553,hyderabad,1,99
2026-07-22,instamart,18503,hyderabad,1,99
2026-07-22,instamart,78553,chennai,1,99
2026-07-22,instamart,68254,mumbai,1,149
2026-07-22,instamart,78553,jaipur,1,99
2026-07-22,instamart,78553,pune,1,99
2026-07-22,instamart,68254,bangalore,3,447
2026-07-22,instamart,197453,bhimavaram,1,169
2026-07-22,instamart,18506,ahmedabad,1,499
2026-07-05,instamart,18504,mumbai,1,319
2026-07-05,instamart,68254,bangalore,3,447
2026-07-04,instamart,78553,bangalore,1,99
2026-07-04,instamart,78553,jamshedpur,1,99
2026-07-05,instamart,78553,bangalore,1,99
2026-07-05,instamart,18503,bangalore,1,99
2026-07-04,instamart,78553,ahmedabad,1,99
2026-07-04,instamart,63565,pune,1,189
2026-07-05,instamart,78553,mumbai,2,198
2026-07-04,instamart,18504,bangalore,2,638
2026-07-05,instamart,78553,pune,1,99
2026-07-05,instamart,18506,delhi,1,499
2026-07-04,instamart,18503,chennai,1,99
2026-07-04,instamart,18506,bangalore,1,499
2026-07-04,instamart,18504,bangalore,2,638
2026-07-04,instamart,792937,hyderabad,1,95
2026-07-04,instamart,18503,mumbai,1,99
2026-07-04,instamart,18504,vizag,1,319
2026-07-04,instamart,18503,mumbai,1,99
2026-07-04,instamart,18503,bangalore,1,99
2026-07-05,instamart,18506,bangalore,1,499
2026-07-04,instamart,68254,mumbai,1,149
2026-07-04,instamart,18504,chennai,1,319
2026-07-05,instamart,18504,bangalore,1,319
2026-07-04,instamart,18504,chennai,1,319
2026-07-05,instamart,68254,bangalore,1,149
2026-07-04,instamart,18504,vijayawada,1,319
2026-07-05,instamart,18503,chennai,1,99
2026-07-04,instamart,18503,bangalore,2,198
2026-07-04,instamart,792937,chennai,2,190
2026-07-05,instamart,63565,bangalore,2,378
2026-07-04,instamart,18503,bangalore,3,297
2026-07-04,instamart,63565,chennai,1,189
2026-07-05,instamart,18504,kolkata,1,319
2026-07-05,instamart,68254,thiruvalla,1,149
2026-07-04,instamart,792937,bangalore,1,95
2026-07-05,instamart,18503,chennai,1,99
2026-07-05,instamart,18506,bangalore,1,499
2026-07-04,instamart,18503,bangalore,1,99
2026-07-04,instamart,18503,mumbai,1,99
2026-07-04,instamart,18506,mumbai,1,499
2026-07-04,instamart,78553,chennai,1,99
2026-07-04,instamart,18503,mangaluru,1,99
2026-07-04,instamart,63565,kolkata,1,189
2026-07-05,instamart,78553,surat,1,99
2026-07-05,instamart,18504,belgaum,1,319
2026-07-05,instamart,18503,pune,1,99
2026-07-04,instamart,68254,chennai,1,149
2026-07-05,instamart,792937,gurgaon,1,95
2026-07-04,instamart,63565,bangalore,2,378
2026-07-04,instamart,63565,mumbai,2,378
2026-07-04,instamart,78553,mumbai,3,297
2026-07-04,instamart,18504,vizag,2,638
2026-07-05,instamart,18506,mumbai,1,499
2026-07-05,instamart,78553,hyderabad,1,99
2026-07-05,instamart,792937,bangalore,1,95
2026-07-04,instamart,18504,chennai,1,319
2026-07-05,instamart,63565,pune,1,189
2026-07-05,instamart,18503,kochi,1,99
2026-07-04,instamart,78553,hyderabad,1,99
2026-07-04,instamart,792937,gurgaon,1,95
2026-07-05,instamart,197453,bangalore,1,169
2026-07-04,instamart,63565,chennai,1,189
2026-07-04,instamart,63565,mumbai,3,567
2026-07-04,instamart,63565,bangalore,1,189
2026-07-04,instamart,78553,pune,1,99
2026-07-05,instamart,792937,chennai,1,95
2026-07-05,instamart,18503,aurangabad,1,99
2026-07-05,instamart,792937,mumbai,1,95
2026-07-05,instamart,792937,bangalore,1,95
2026-07-05,instamart,18506,delhi,2,998
2026-07-04,instamart,18503,nellore,1,99
2026-07-05,instamart,57850,guwahati,1,109
2026-07-04,instamart,18503,hubli,1,99
2026-07-04,instamart,18506,gurgaon,2,998
2026-07-05,instamart,78553,mumbai,1,99
2026-07-05,instamart,18506,bangalore,1,499
2026-07-05,instamart,792937,delhi,1,95
2026-07-05,instamart,792937,vellore,1,95
2026-07-04,instamart,63565,mumbai,2,378
2026-07-05,instamart,18504,mumbai,2,638
2026-07-04,instamart,78553,bangalore,1,99
2026-07-05,instamart,18506,hyderabad,1,499
2026-07-04,instamart,78553,chennai,1,99
2026-07-05,instamart,792937,mumbai,2,190
2026-07-04,instamart,18504,mysore,1,319
2026-07-05,instamart,197453,bangalore,2,338
2026-07-04,instamart,63565,bangalore,1,189
2026-07-05,instamart,18503,kochi,1,99
2026-07-05,instamart,68254,delhi,1,149
2026-07-04,instamart,18503,surat,1,99
2026-07-05,instamart,63565,delhi,2,378
2026-07-04,instamart,63565,mumbai,2,378
2026-07-05,instamart,78553,chennai,2,198
2026-07-04,instamart,78553,mumbai,1,99
2026-07-04,instamart,63565,mumbai,2,378
2026-07-04,instamart,18506,bangalore,2,998
2026-07-05,instamart,68254,hyderabad,1,149
2026-07-04,instamart,792937,hyderabad,1,95
2026-07-04,instamart,792937,delhi,1,99
2026-07-04,instamart,18504,madurai,1,319
2026-07-04,instamart,18503,noida,1,99
2026-07-04,instamart,63565,chennai,1,189
2026-07-04,instamart,63565,bangalore,1,189
2026-07-05,instamart,18506,mumbai,1,499
2026-07-05,instamart,792937,noida 1,1,95
2026-07-05,instamart,792937,central goa,1,95
2026-07-04,instamart,792937,hyderabad,1,95
2026-07-05,instamart,78553,patiala,1,99
2026-07-05,instamart,18503,kochi,1,99
2026-07-05,instamart,78553,central goa,1,99
2026-07-04,instamart,18506,mumbai,1,499
2026-07-04,instamart,63565,mumbai,2,378
2026-07-05,instamart,18503,delhi,3,297
2026-07-05,instamart,18504,bangalore,1,319
2026-07-04,instamart,78553,tirupati,1,99
2026-07-04,instamart,63565,hyderabad,1,189
2026-07-04,instamart,18506,bangalore,2,998
2026-07-04,instamart,18503,warangal,1,99
2026-07-04,instamart,18503,bangalore,1,99
2026-07-05,instamart,18504,bangalore,2,638
2026-07-04,instamart,18503,jaipur,1,99
2026-07-05,instamart,78553,pune,1,99
2026-07-05,instamart,18503,mumbai,1,99
2026-07-05,instamart,63565,bangalore,1,189
2026-07-05,instamart,292876,hyderabad,1,125
2026-07-04,instamart,78553,bangalore,1,99
2026-07-04,instamart,792937,hyderabad,1,95
2026-07-04,instamart,18506,delhi,1,499
2026-07-04,instamart,792937,delhi,1,95
2026-07-04,instamart,18504,cuttack,1,319
2026-07-04,instamart,18503,bangalore,1,99
2026-07-05,instamart,197453,hyderabad,4,676
2026-07-04,instamart,63565,mumbai,3,567
2026-07-04,instamart,18504,bangalore,2,638
2026-07-05,instamart,18503,mumbai,1,99
2026-07-04,instamart,197453,hyderabad,1,169
2026-07-04,instamart,68254,mumbai,1,149
2026-07-05,instamart,18504,vizag,2,638
2026-07-04,instamart,792937,central goa,1,95
2026-07-05,instamart,78553,pune,1,99
2026-07-04,instamart,78553,chennai,1,99
2026-07-04,instamart,78553,karimnagar,1,99
2026-07-05,instamart,792937,hyderabad,1,95
2026-07-04,instamart,18506,bangalore,1,499
2026-07-04,instamart,63565,pune,2,378
2026-07-05,instamart,792937,mumbai,1,95
2026-07-05,instamart,68254,bangalore,1,149
2026-07-04,instamart,18504,guntur,2,638
2026-07-05,instamart,68254,chennai,1,149
2026-07-05,instamart,78553,bangalore,1,99
2026-07-04,instamart,68254,chennai,2,298
2026-07-04,instamart,18503,delhi,1,99
2026-07-04,instamart,792937,hyderabad,2,190
2026-07-04,instamart,18503,pune,1,99
2026-07-04,instamart,63565,mumbai,1,189
2026-07-05,instamart,63565,gurgaon,1,189
2026-07-04,instamart,78553,bangalore,1,99
2026-07-05,instamart,18503,delhi,1,99
2026-07-04,instamart,197453,noida,1,169
2026-07-04,instamart,18503,mumbai,1,99
2026-07-05,instamart,18503,mysore,1,99
2026-07-05,instamart,78553,mumbai,1,99
2026-07-05,instamart,68254,hyderabad,1,149
2026-07-04,instamart,18503,nashik,1,99
2026-07-05,instamart,792937,gurgaon,1,95
2026-07-05,instamart,63565,mumbai,2,378
2026-07-04,instamart,78553,chennai,1,99
2026-07-05,instamart,18504,vijayawada,1,319
2026-07-05,instamart,63565,chennai,1,189
2026-07-04,instamart,18504,mumbai,1,319
2026-07-04,instamart,78553,central goa,1,99
2026-07-04,instamart,18503,bangalore,2,198
2026-07-04,instamart,18503,hyderabad,1,99
2026-07-04,instamart,78553,rohtak,1,99
2026-07-05,instamart,78553,bangalore,2,198
2026-07-04,instamart,792937,bangalore,1,95
2026-07-04,instamart,792937,bhubaneswar,1,95
2026-07-04,instamart,68254,lonavla,1,149
2026-07-04,instamart,792937,bangalore,1,95
2026-07-05,instamart,63565,bangalore,1,189
2026-07-04,instamart,18503,hyderabad,1,99
2026-07-05,instamart,18506,hyderabad,1,499
2026-07-05,instamart,78553,chennai,1,99
2026-07-05,instamart,78553,bangalore,1,99
2026-07-05,instamart,18506,bangalore,1,499
2026-07-04,instamart,18504,vijayawada,1,319
2026-07-05,instamart,792937,mumbai,1,95
2026-07-05,instamart,68254,hyderabad,1,149
2026-07-04,instamart,18504,bangalore,1,319
2026-07-04,instamart,68254,delhi,2,298
2026-07-04,instamart,792937,delhi,1,95
2026-07-04,instamart,78553,chennai,1,99
2026-07-04,instamart,18503,bangalore,2,198
2026-07-04,instamart,18504,bangalore,1,319
2026-07-04,instamart,792937,bhubaneswar,3,285
2026-07-05,instamart,792937,bangalore,3,285
2026-07-04,instamart,68254,central goa,2,298
2026-07-04,instamart,18503,bangalore,3,297
2026-07-04,instamart,792937,bangalore,3,285
2026-07-04,instamart,63565,delhi,1,189
2026-07-05,instamart,78553,ujjain,1,99
2026-07-05,instamart,63565,hyderabad,1,189
2026-07-05,instamart,68254,bangalore,1,149
2026-07-05,instamart,18506,hyderabad,1,499
2026-07-04,instamart,792937,mumbai,1,95
2026-07-04,instamart,68254,mumbai,1,149
2026-07-04,instamart,18503,thiruvalla,2,198
2026-07-05,instamart,792937,hyderabad,1,95
2026-07-04,instamart,792937,bangalore,1,95
2026-07-04,instamart,18506,bangalore,1,499
2026-07-05,instamart,63565,mumbai,1,189
2026-07-04,instamart,18503,pune,1,99
2026-07-04,instamart,78553,chennai,1,99
2026-07-04,instamart,792937,gurgaon,1,95
2026-07-05,instamart,792937,bangalore,1,95
2026-07-05,instamart,18503,bhubaneswar,1,99
2026-07-05,instamart,792937,chennai,1,95
2026-07-05,instamart,18503,noida 1,1,99
2026-07-04,instamart,18506,bangalore,1,499
2026-07-05,instamart,78553,indore,1,99
2026-07-05,instamart,63565,bangalore,1,189
2026-07-04,instamart,63565,bangalore,3,567
2026-07-04,instamart,68254,hyderabad,1,149
2026-07-05,instamart,18504,hyderabad,1,319
2026-07-05,instamart,18503,hyderabad,1,99
2026-07-04,instamart,18504,mumbai,1,319
2026-07-04,instamart,18503,pune,1,99
2026-07-04,instamart,792937,mumbai,1,95
2026-07-04,instamart,68254,mumbai,2,298
2026-07-04,instamart,78553,mumbai,1,99
2026-07-04,instamart,68254,kochi,1,149
2026-07-05,instamart,792937,bhubaneswar,1,95
2026-07-04,instamart,792937,chennai,1,95
2026-07-04,instamart,78553,patna,1,99
2026-07-05,instamart,792937,delhi,2,190
2026-07-04,instamart,792937,mumbai,1,95
2026-07-04,instamart,63565,delhi,2,378
2026-07-04,instamart,18503,bangalore,1,99
2026-07-04,instamart,792937,chennai,1,95
2026-07-04,instamart,792937,hyderabad,1,95
2026-07-04,instamart,68254,hyderabad,1,149
2026-07-04,instamart,18504,kolkata,1,319
2026-07-05,instamart,18504,kozhikode,1,319
2026-07-05,instamart,792937,delhi,1,95
2026-07-04,instamart,18506,delhi,1,499
2026-07-05,instamart,18504,bangalore,1,319
2026-07-04,instamart,63565,chennai,1,189
2026-07-04,instamart,63565,mumbai,2,378
2026-07-04,instamart,792937,chennai,2,190
2026-07-05,instamart,792937,hyderabad,3,285
2026-07-04,instamart,792937,chennai,1,95
2026-07-04,instamart,18503,bangalore,1,99
2026-07-04,instamart,18503,chennai,1,99
2026-07-05,instamart,18503,warangal,1,99
2026-07-04,instamart,18506,vizag,1,499
2026-07-05,instamart,63565,bangalore,1,189
2026-07-05,instamart,18503,pune,1,99
2026-07-05,instamart,57850,kollam,1,109
2026-07-04,instamart,63565,chennai,1,189
2026-07-04,instamart,18506,mumbai,1,499
2026-07-04,instamart,18506,mumbai,1,499
2026-07-05,instamart,68254,mumbai,1,149
2026-07-05,instamart,78553,lonavla,1,99
2026-07-04,instamart,18503,delhi,1,99
2026-07-05,instamart,68254,hyderabad,1,149
2026-07-04,instamart,78553,belgaum,1,99
2026-07-04,instamart,63565,mumbai,1,189
2026-07-04,instamart,63565,chennai,3,567
2026-07-05,instamart,68254,hyderabad,2,298
2026-07-05,instamart,18503,hyderabad,3,297
2026-07-04,instamart,792937,hyderabad,3,285
2026-07-05,instamart,792937,central goa,3,285
2026-07-04,instamart,68254,bangalore,1,149
2026-07-05,instamart,63565,pune,1,189
2026-07-05,instamart,18503,bangalore,1,99
2026-07-05,instamart,78553,bangalore,1,99
2026-07-05,instamart,78553,chennai,1,99
2026-07-04,instamart,18504,noida 1,1,319
2026-07-04,instamart,63565,agra,2,378
2026-07-04,instamart,63565,mumbai,2,378
2026-07-04,instamart,18506,mumbai,1,499
2026-07-04,instamart,63565,delhi,1,189
2026-07-04,instamart,18503,bhubaneswar,2,198
2026-07-04,instamart,18503,mumbai,1,99
2026-07-04,instamart,78553,vizag,1,99
2026-07-05,instamart,78553,tirupati,1,99
2026-07-04,instamart,78553,guwahati,1,99
2026-07-05,instamart,792937,mumbai,1,95
2026-07-05,instamart,18503,mumbai,1,99
2026-07-04,instamart,18506,hyderabad,1,499
2026-07-05,instamart,792937,bangalore,3,285
2026-07-04,instamart,18504,mumbai,1,319
2026-07-05,instamart,68254,chennai,1,149
2026-07-05,instamart,63565,hyderabad,1,189
2026-07-04,instamart,18503,delhi,2,198
2026-07-05,instamart,18503,mumbai,1,99
2026-07-05,instamart,63565,delhi,1,189
2026-07-04,instamart,18504,bangalore,1,319
2026-07-04,instamart,792937,chennai,2,190
2026-07-05,instamart,792937,bangalore,1,95
2026-07-04,instamart,63565,gurgaon,2,378
2026-07-05,instamart,78553,mumbai,1,99
2026-07-05,instamart,792937,bangalore,1,95
2026-07-04,instamart,792937,bangalore,1,95
2026-07-04,instamart,68254,mumbai,1,149
2026-07-05,instamart,68254,coimbatore,2,298
2026-07-05,instamart,18503,pune,3,297
2026-07-04,instamart,78553,ahmedabad,1,99
2026-07-04,instamart,63565,belgaum,1,189
2026-07-05,instamart,18503,delhi,1,99
2026-07-04,instamart,18503,siliguri,1,99
2026-07-04,instamart,18503,bangalore,2,198
2026-07-04,instamart,792937,bangalore,2,190
2026-07-04,instamart,792937,chennai,1,95
2026-07-05,instamart,78553,bangalore,1,99
2026-07-05,instamart,63565,mumbai,1,189
2026-07-04,instamart,78553,chennai,2,198
2026-07-05,instamart,18503,pune,1,99
2026-07-05,instamart,68254,ajmer,1,149
2026-07-05,instamart,68254,bangalore,1,149
2026-07-05,instamart,78553,bangalore,1,99
2026-07-04,instamart,18503,delhi,1,99
2026-07-05,instamart,78553,kochi,1,99
2026-07-04,instamart,57850,bangalore,1,109
2026-07-04,instamart,18506,delhi,1,499
2026-07-04,instamart,18506,bangalore,1,499
2026-07-05,instamart,18503,pondicherry,1,99
2026-07-05,instamart,18503,hyderabad,3,297
2026-07-04,instamart,63565,mumbai,3,567
2026-07-04,instamart,792937,bangalore,2,190
2026-07-04,instamart,18506,mumbai,1,499
2026-07-04,instamart,197453,kolkata,1,169
2026-07-05,instamart,18503,noida,1,99
2026-07-04,instamart,792937,chennai,2,190
2026-07-05,instamart,18503,patna,1,99
2026-07-04,instamart,18503,bangalore,2,198
2026-07-05,instamart,18504,hyderabad,1,319
2026-07-04,instamart,63565,mumbai,2,378
2026-07-05,instamart,78553,anantapur,1,99
2026-07-04,instamart,68254,mumbai,1,149
2026-07-04,instamart,68254,bangalore,1,149
2026-07-04,instamart,18506,pune,1,499
2026-07-04,instamart,18504,chennai,1,319
2026-07-05,instamart,78553,ahmedabad,1,99
2026-07-05,instamart,78553,bangalore,1,99
2026-07-04,instamart,18504,thiruvananthapuram,1,319
2026-07-04,instamart,792937,bhubaneswar,1,95
2026-07-04,instamart,18503,gurgaon,3,297
2026-07-05,instamart,63565,surat,2,378
2026-07-05,instamart,18503,mangaluru,3,297
2026-07-05,instamart,792937,bangalore,2,190
2026-07-04,instamart,68254,gurgaon,1,149
2026-07-04,instamart,18506,bangalore,1,499
2026-07-04,instamart,63565,agra,1,189
2026-07-05,instamart,792937,delhi,2,190
2026-07-04,instamart,78553,vadodara,1,99
2026-07-04,instamart,792937,gurgaon,2,190
2026-07-05,instamart,792937,noida,1,95
2026-07-04,instamart,18504,chennai,1,319
2026-07-04,instamart,78553,noida 1,1,99
2026-07-04,instamart,63565,delhi,1,189
2026-07-04,instamart,18506,delhi,2,998
2026-07-05,instamart,18503,bangalore,2,198
2026-07-04,instamart,792937,hyderabad,3,285
2026-07-04,instamart,63565,gurgaon,1,189
2026-07-04,instamart,78553,bangalore,1,99
2026-07-04,instamart,792937,bangalore,1,95
2026-07-04,instamart,68254,kollam,1,149
2026-07-04,instamart,18503,bangalore,1,99
2026-07-04,instamart,78553,bangalore,1,99
2026-07-04,instamart,18504,kolkata,1,319
2026-07-04,instamart,18503,pune,2,198
2026-07-04,instamart,68254,bangalore,1,149
2026-07-04,instamart,197453,pune,1,169
2026-07-05,instamart,18503,mumbai,1,99
2026-07-04,instamart,792937,gurgaon,1,95
2026-07-04,instamart,78553,hyderabad,6,594
2026-07-05,instamart,18503,bangalore,5,495
2026-07-04,instamart,63565,mumbai,2,378
2026-07-04,instamart,792937,chennai,3,285
2026-07-04,instamart,68254,bangalore,2,298
2026-07-04,instamart,78553,pune,1,99
2026-07-05,instamart,792937,hyderabad,1,95
2026-07-04,instamart,792937,bangalore,1,95
2026-07-04,instamart,63565,bangalore,2,378
2026-07-04,instamart,18503,delhi,1,99
2026-07-05,instamart,792937,chennai,1,95
2026-07-04,instamart,63565,chennai,1,189
2026-07-05,instamart,78553,kochi,1,99
2026-07-05,instamart,68254,chennai,1,149
2026-07-05,instamart,792937,delhi,1,95
2026-07-04,instamart,68254,bangalore,2,298
2026-07-05,instamart,792937,hyderabad,1,95
2026-07-05,instamart,18503,surat,1,99
2026-07-04,instamart,63565,gwalior,2,378
2026-07-04,instamart,792937,chennai,3,285
2026-07-04,instamart,792937,bangalore,3,285
2026-07-05,instamart,78553,chennai,1,99
2026-07-04,instamart,78553,ahmedabad,1,99
2026-07-05,instamart,792937,bangalore,1,95
2026-07-04,instamart,792937,bangalore,1,95
2026-07-04,instamart,78553,bangalore,1,99
2026-07-05,instamart,68254,mumbai,1,149
2026-07-05,instamart,18504,noida 1,1,319
2026-07-04,instamart,792937,chennai,1,95
2026-07-04,instamart,78553,chennai,1,99
2026-07-04,instamart,197453,bangalore,1,169
2026-07-05,instamart,18503,bhubaneswar,1,99
2026-07-04,instamart,63565,delhi,1,189
2026-07-04,instamart,68254,delhi,1,149
2026-07-04,instamart,18504,hyderabad,1,319
2026-07-04,instamart,18504,bangalore,2,638
2026-07-05,instamart,18503,bangalore,3,297
2026-07-04,instamart,78553,central goa,1,99
2026-07-04,instamart,792937,bangalore,2,190
2026-07-05,instamart,78553,pune,1,99
2026-07-04,instamart,63565,delhi,1,189
2026-07-04,instamart,78553,bangalore,1,99
2026-07-04,instamart,792937,bangalore,1,95
2026-07-04,instamart,18506,mumbai,2,998
2026-07-05,instamart,792937,chennai,1,95
2026-07-04,instamart,292876,pondicherry,1,125
2026-07-04,instamart,78553,indore,1,99
2026-07-05,instamart,68254,bangalore,1,149
2026-07-04,instamart,63565,bangalore,1,189
2026-07-05,instamart,68254,bangalore,3,447
2026-07-04,instamart,18503,bangalore,1,99
2026-07-05,instamart,18506,mumbai,1,499
2026-07-05,instamart,197453,chennai,1,169
2026-07-05,instamart,18504,hyderabad,1,319
2026-07-04,instamart,18503,pune,1,99
2026-07-04,instamart,197453,kolkata,1,169
2026-07-04,instamart,792937,hyderabad,3,285
2026-07-05,instamart,78553,guntur,1,99
2026-07-05,instamart,792937,chennai,2,190
2026-07-04,instamart,63565,hyderabad,2,378
2026-07-04,instamart,792937,nagpur,2,190
2026-07-04,instamart,63565,mumbai,6,1134
2026-07-04,instamart,792937,bangalore,3,285
2026-07-05,instamart,63565,hyderabad,1,189
2026-07-04,instamart,18503,pune,1,99
2026-07-04,instamart,78553,bangalore,1,99
2026-07-05,instamart,792937,bangalore,1,95
2026-07-04,instamart,63565,bangalore,1,189
2026-07-04,instamart,63565,mumbai,1,189
2026-07-04,instamart,63565,bangalore,1,189
2026-07-04,instamart,63565,bangalore,1,189
2026-07-04,instamart,68254,kolkata,1,149
2026-07-05,instamart,18503,rajkot,1,99
2026-07-04,instamart,68254,bangalore,1,149
2026-07-05,instamart,18503,noida 1,1,99
2026-07-05,instamart,18503,bhubaneswar,1,99
2026-07-04,instamart,18506,bangalore,1,499
2026-07-04,instamart,792937,bangalore,1,95
2026-07-05,instamart,292876,kolhapur,1,125
2026-07-04,instamart,18503,chennai,1,99
2026-07-05,instamart,63565,delhi,1,189
2026-07-04,instamart,68254,mumbai,1,149
2026-07-04,instamart,78553,bangalore,2,198
2026-07-04,instamart,18503,hyderabad,2,198
2026-07-04,instamart,68254,mumbai,2,298
2026-07-05,instamart,792937,bangalore,6,570
2026-07-04,instamart,78553,ahmedabad,1,99
2026-07-05,instamart,63565,bangalore,1,189
2026-07-04,instamart,63565,chennai,1,189
2026-07-04,instamart,78553,bangalore,1,99
2026-07-04,instamart,63565,bangalore,1,189
2026-07-04,instamart,197453,bangalore,1,169
2026-07-04,instamart,78553,kochi,1,99
2026-07-04,instamart,63565,mumbai,1,189
2026-07-05,instamart,63565,delhi,1,189
2026-07-04,instamart,68254,bangalore,1,149
2026-07-04,instamart,18506,mumbai,1,499
2026-07-05,instamart,292876,ajmer,1,125
2026-07-05,instamart,63565,noida 1,1,189
2026-07-05,instamart,792937,mumbai,1,95
2026-07-05,instamart,78553,bangalore,2,198
2026-07-04,instamart,63565,mumbai,1,189
2026-07-04,instamart,63565,mumbai,1,189
2026-07-05,instamart,78553,hyderabad,1,99
2026-07-05,instamart,63565,chennai,2,378
2026-07-05,instamart,792937,hyderabad,2,190
2026-07-04,instamart,68254,delhi,1,149
2026-07-05,instamart,792937,bangalore,2,190
2026-07-05,instamart,78553,chennai,3,297
2026-07-04,instamart,792937,bangalore,2,190
2026-07-04,instamart,63565,bangalore,1,189
2026-07-04,instamart,63565,bangalore,1,189
2026-07-05,instamart,18503,hyderabad,1,99
2026-07-04,instamart,63565,mumbai,1,189
2026-07-05,instamart,78553,bhilai,1,99
2026-07-04,instamart,18503,hyderabad,1,99
2026-07-05,instamart,792937,bangalore,1,95
2026-07-04,instamart,63565,delhi,1,189
2026-07-04,instamart,18506,kottayam,1,499
2026-07-04,instamart,78553,bhopal,1,99
2026-07-04,instamart,78553,gwalior,1,99
2026-07-05,instamart,792937,bangalore,1,95
2026-07-04,instamart,18506,indore,1,499
2026-07-04,instamart,18504,chennai,1,319
2026-07-04,instamart,63565,bangalore,2,378
2026-07-05,instamart,792937,central goa,1,95
2026-07-05,instamart,792937,bangalore,1,95
2026-07-05,instamart,78553,bangalore,1,99
2026-07-04,instamart,792937,delhi,2,190
2026-07-04,instamart,792937,hyderabad,2,190
2026-07-04,instamart,68254,chennai,2,298
2026-07-05,instamart,792937,hyderabad,1,95
2026-07-04,instamart,18504,bangalore,1,319
2026-07-04,instamart,63565,chennai,1,189
2026-07-05,instamart,792937,mumbai,1,95
2026-07-04,instamart,792937,bangalore,1,95
2026-07-04,instamart,18506,chennai,1,499
2026-07-04,instamart,792937,bangalore,2,190
2026-07-04,instamart,78553,mumbai,1,99
2026-07-04,instamart,18504,bangalore,1,319
2026-07-05,instamart,63565,bangalore,2,378
2026-07-05,instamart,63565,bangalore,1,189
2026-07-05,instamart,78553,udaipur,1,99
2026-07-04,instamart,18506,mumbai,1,499
2026-07-05,instamart,18503,hyderabad,1,99
2026-07-04,instamart,792937,bangalore,2,190
2026-07-05,instamart,18504,mumbai,2,638
2026-07-05,instamart,792937,chennai,3,285
2026-07-04,instamart,197453,bangalore,1,169
2026-07-04,instamart,792937,bangalore,1,95
2026-07-05,instamart,78553,bangalore,1,99
2026-07-04,instamart,78553,bangalore,1,99
2026-07-04,instamart,68254,amritsar,1,149
2026-07-05,instamart,68254,bangalore,1,149
2026-07-05,instamart,63565,mumbai,1,189
2026-07-04,instamart,63565,bangalore,2,378
2026-07-04,instamart,63565,hyderabad,2,378
2026-07-04,instamart,63565,bangalore,1,189
2026-07-04,instamart,18504,guntur,1,319
2026-07-04,instamart,792937,hyderabad,2,190
2026-07-05,instamart,63565,bangalore,1,189
2026-07-05,instamart,18504,nashik,1,319
2026-07-05,instamart,63565,bangalore,2,378
2026-07-05,instamart,63565,vadodara,2,378
2026-07-04,instamart,68254,bangalore,1,149
2026-07-05,instamart,18504,chennai,2,638
2026-07-05,instamart,792937,mumbai,2,190
2026-07-05,instamart,18503,delhi,3,297
2026-07-04,instamart,18503,delhi,3,297
2026-07-05,instamart,18504,bangalore,1,319
2026-07-05,instamart,63565,bangalore,1,189
2026-07-04,instamart,63565,amritsar,1,189
2026-07-04,instamart,792937,bangalore,1,95
2026-07-05,instamart,68254,bangalore,1,149
2026-07-04,instamart,68254,kolkata,1,149
2026-07-04,instamart,63565,mumbai,2,378
2026-07-05,instamart,18503,mumbai,2,198
2026-07-04,instamart,63565,udaipur,1,189
2026-07-04,instamart,18504,kolkata,1,319
2026-07-05,instamart,78553,chennai,1,99
2026-07-04,instamart,18506,noida,1,499
2026-07-04,instamart,78553,lonavla,1,99
2026-07-05,instamart,792937,mangaluru,1,95
2026-07-04,instamart,63565,allahabad,1,189
2026-07-04,instamart,18503,hyderabad,1,99
2026-07-05,instamart,792937,mumbai,1,95
2026-07-05,instamart,63565,pune,1,189
2026-07-05,instamart,18506,bangalore,1,499
2026-07-05,instamart,18504,mumbai,1,319
2026-07-04,instamart,18506,bangalore,2,998
2026-07-04,instamart,63565,bangalore,2,378
2026-07-04,instamart,18503,delhi,1,99
2026-07-05,instamart,63565,pune,1,189
2026-07-05,instamart,18503,gurgaon,1,99
2026-07-05,instamart,18506,bangalore,1,499
2026-07-04,instamart,63565,mumbai,1,189
2026-07-04,instamart,792937,bangalore,1,95
2026-07-05,instamart,63565,bangalore,1,189
2026-07-04,instamart,63565,mumbai,1,189
2026-07-04,instamart,18504,anantapur,1,319
2026-07-04,instamart,78553,delhi,1,99
2026-07-05,instamart,18506,bangalore,1,499
2026-07-04,instamart,63565,gurgaon,1,189
2026-07-05,instamart,792937,bangalore,1,95
2026-07-05,instamart,63565,gurgaon,1,189
2026-07-04,instamart,63565,delhi,5,945
2026-07-05,instamart,18503,bhubaneswar,1,99
2026-07-04,instamart,63565,bangalore,2,378
2026-07-05,instamart,63565,bangalore,1,189
2026-07-05,instamart,78553,mumbai,1,99
2026-07-05,instamart,18503,chennai,1,99
2026-07-04,instamart,18504,faridabad,1,319
2026-07-04,instamart,18504,pondicherry,1,319
2026-07-04,instamart,68254,bangalore,1,149
2026-07-04,instamart,63565,bangalore,1,189
2026-07-04,instamart,18504,pune,1,319
2026-07-04,instamart,63565,bangalore,1,189
2026-07-04,instamart,18504,karur,2,638
2026-07-04,instamart,63565,bangalore,2,378
2026-07-04,instamart,18503,mumbai,3,297
2026-07-04,instamart,792937,delhi,3,285
2026-07-04,instamart,18504,hyderabad,1,319
2026-07-04,instamart,63565,hyderabad,1,189
2026-07-04,instamart,18503,hyderabad,1,99
2026-07-04,instamart,18503,noida 1,1,99
2026-07-04,instamart,78553,noida,1,99
2026-07-05,instamart,63565,noida,1,189
2026-07-04,instamart,63565,chennai,1,189
2026-07-04,instamart,18503,hyderabad,1,99
2026-07-05,instamart,18503,hyderabad,1,99
2026-07-04,instamart,78553,bangalore,1,99
2026-07-05,instamart,792937,bangalore,1,95
2026-07-04,instamart,792937,mangaluru,1,95
2026-07-04,instamart,78553,vijayawada,1,99
2026-07-05,instamart,63565,chennai,1,189
2026-07-04,instamart,18503,bhubaneswar,1,99
2026-07-05,instamart,792937,bangalore,1,95
2026-07-04,instamart,18506,hyderabad,2,998
2026-07-04,instamart,792937,chennai,3,285
2026-07-04,instamart,18503,bangalore,3,297
2026-07-05,instamart,18504,chennai,1,319
2026-07-04,instamart,68254,hyderabad,1,149
2026-07-05,instamart,63565,mumbai,1,189
2026-07-04,instamart,792937,bangalore,1,95
2026-07-05,instamart,78553,panipat,1,99
2026-07-05,instamart,68254,kochi,1,149
2026-07-04,instamart,18503,noida 1,1,99
2026-07-04,instamart,792937,mysore,1,95
2026-07-05,instamart,18504,hyderabad,1,319
2026-07-05,instamart,18503,chennai,1,99
2026-07-05,instamart,63565,chennai,1,189
2026-07-05,instamart,197453,pune,1,169
2026-07-05,instamart,18504,pune,1,319
2026-07-04,instamart,68254,mumbai,1,149
2026-07-04,instamart,197453,bangalore,1,169
2026-07-04,instamart,18503,manipal,1,99
2026-07-04,instamart,18503,bangalore,1,99
2026-07-04,instamart,78553,warangal,1,99
2026-07-04,instamart,63565,bangalore,2,378
2026-07-04,instamart,18503,hyderabad,6,594
2026-07-05,instamart,78553,chennai,1,99
2026-07-04,instamart,197453,pune,1,169
2026-07-04,instamart,792937,mumbai,1,95
2026-07-04,instamart,78553,kota,1,99
2026-07-04,instamart,78553,bangalore,1,99
2026-07-05,instamart,63565,hyderabad,2,378
2026-07-04,instamart,18506,central goa,1,449
2026-07-04,instamart,18503,mumbai,1,99
2026-07-04,instamart,792937,kolkata,1,95
2026-07-05,instamart,18504,madurai,1,319
2026-07-04,instamart,18506,ahmedabad,1,499
2026-07-04,instamart,18503,central goa,1,99
2026-07-05,instamart,197453,pune,1,169
2026-07-05,instamart,63565,chandigarh,1,189
2026-07-04,instamart,18504,mumbai,1,319
2026-07-04,instamart,18504,mumbai,1,319
2026-07-04,instamart,63565,bangalore,1,189
2026-07-04,instamart,63565,pune,1,189
2026-07-05,instamart,792937,bangalore,1,95
2026-07-04,instamart,18504,madurai,1,319
2026-07-05,instamart,792937,hyderabad,1,95
2026-07-05,instamart,792937,bangalore,1,95
2026-07-05,instamart,68254,guwahati,1,149
2026-07-04,instamart,18503,bangalore,1,99
2026-07-05,instamart,63565,kolkata,1,189
2026-07-04,instamart,63565,hyderabad,3,567
2026-07-05,instamart,78553,kolhapur,1,99
2026-07-05,instamart,78553,bangalore,3,297
2026-07-04,instamart,78553,hyderabad,2,198
2026-07-05,instamart,63565,mumbai,2,378
2026-07-05,instamart,792937,mysore,2,190
2026-07-04,instamart,18503,bangalore,3,297
2026-07-05,instamart,78553,jaipur,1,99
2026-07-04,instamart,18503,bangalore,1,99
2026-07-05,instamart,197453,bangalore,1,169
2026-07-04,instamart,78553,bangalore,1,99
2026-07-04,instamart,18506,gurgaon,2,998
2026-07-04,instamart,78553,ahmedabad,1,99
2026-07-04,instamart,68254,hyderabad,1,149
2026-07-05,instamart,68254,mumbai,1,149
2026-07-05,instamart,18504,mumbai,1,319
2026-07-05,instamart,63565,delhi,1,189
2026-07-05,instamart,792937,mumbai,1,95
2026-07-05,instamart,78553,bhopal,1,99
2026-07-04,instamart,18504,mumbai,1,319
2026-07-05,instamart,792937,pune,1,95
2026-07-04,instamart,78553,bangalore,1,99
2026-07-05,instamart,78553,mumbai,1,99
2026-07-04,instamart,197453,bangalore,1,169
2026-07-04,instamart,18503,bangalore,1,99
2026-07-05,instamart,63565,mumbai,3,567
2026-07-04,instamart,18503,mumbai,1,99
2026-07-05,instamart,18503,noida,1,99
2026-07-04,instamart,78553,bangalore,1,99
2026-07-04,instamart,18504,bangalore,1,319
2026-07-05,instamart,63565,mumbai,2,378
2026-07-04,instamart,68254,gurgaon,2,298
2026-07-04,instamart,63565,bangalore,1,189
2026-07-05,instamart,792937,bangalore,1,95
2026-07-04,instamart,18503,hyderabad,1,99
2026-07-04,instamart,63565,hyderabad,1,189
2026-07-05,instamart,792937,bangalore,1,95
2026-07-04,instamart,18506,bangalore,1,499
2026-07-05,instamart,63565,bangalore,2,378
2026-07-05,instamart,63565,mumbai,1,189
2026-07-05,instamart,18503,hyderabad,1,99
2026-07-04,instamart,792937,noida 1,1,99
2026-07-04,instamart,792937,bangalore,1,95
2026-07-05,instamart,792937,chennai,1,95
2026-07-05,instamart,197453,bangalore,1,169
2026-07-04,instamart,792937,gurgaon,3,285
2026-07-04,instamart,792937,noida 1,1,99
2026-07-04,instamart,792937,hyderabad,3,285
2026-07-05,instamart,68254,bangalore,2,298
2026-07-05,instamart,792937,kurnool,6,570
2026-07-04,instamart,78553,chennai,1,99
2026-07-04,instamart,68254,mumbai,1,149
2026-07-04,instamart,78553,bangalore,1,99
2026-07-04,instamart,63565,delhi,1,189
2026-07-05,instamart,792937,chennai,1,95
2026-07-04,instamart,68254,mumbai,1,149
2026-07-04,instamart,792937,warangal,1,95
2026-07-04,instamart,18504,vijayawada,1,319
2026-07-04,instamart,792937,karimnagar,1,95
2026-07-04,instamart,18504,coimbatore,1,319
2026-07-05,instamart,18503,bangalore,1,99
2026-07-05,instamart,792937,delhi,1,95
2026-07-04,instamart,792937,agra,1,95
2026-07-05,instamart,78553,mumbai,1,99
2026-07-04,instamart,78553,pune,1,99
2026-07-04,instamart,18504,bangalore,3,957
2026-07-04,instamart,792937,bangalore,2,190
2026-07-05,instamart,792937,delhi,2,190
2026-07-04,instamart,792937,chennai,3,285
2026-07-04,instamart,792937,hyderabad,3,285
2026-07-05,instamart,18503,shivamogga,3,297
2026-07-04,instamart,792937,bangalore,1,95
2026-07-04,instamart,18504,vizag,1,319
2026-07-04,instamart,18503,chennai,1,99
2026-07-05,instamart,18506,mumbai,1,499
2026-07-05,instamart,18506,mumbai,1,499
2026-07-05,instamart,78553,kochi,1,99
2026-07-05,instamart,63565,bangalore,1,189
2026-07-04,instamart,18504,bangalore,1,319
2026-07-04,instamart,18503,bangalore,1,99
2026-07-04,instamart,18503,warangal,1,99
2026-07-04,instamart,792937,chennai,1,95
2026-07-04,instamart,18503,noida 1,1,99
2026-07-05,instamart,18503,bangalore,2,198
2026-07-05,instamart,63565,mumbai,1,189
2026-07-04,instamart,18503,bangalore,1,99
2026-07-05,instamart,78553,bangalore,1,99
2026-07-04,instamart,792937,bangalore,1,95
2026-07-04,instamart,18503,hyderabad,1,99
2026-07-04,instamart,792937,delhi,1,95
2026-07-05,instamart,78553,indore,1,99
2026-07-05,instamart,792937,bangalore,1,95
2026-07-04,instamart,18503,rohtak,1,99
2026-07-04,instamart,792937,bangalore,1,95
2026-07-05,instamart,78553,bangalore,1,99
2026-07-05,instamart,18503,mumbai,2,198
2026-07-05,instamart,78553,central goa,2,198
2026-07-04,instamart,792937,mumbai,2,190
2026-07-04,instamart,63565,mumbai,4,756
2026-07-04,instamart,18503,bangalore,3,297
2026-07-05,instamart,18503,warangal,3,297
2026-07-04,instamart,68254,hyderabad,1,149
2026-07-04,instamart,18503,bangalore,1,99
2026-07-05,instamart,63565,pune,1,189
2026-07-04,instamart,68254,mumbai,1,149
2026-07-05,instamart,63565,mumbai,1,189
2026-07-04,instamart,18503,bangalore,1,99
2026-07-04,instamart,18504,chennai,1,319
2026-07-05,instamart,18503,karimnagar,1,99
2026-07-04,instamart,63565,pune,1,189
2026-07-05,instamart,63565,bangalore,1,189
2026-07-04,instamart,63565,gorakhpur,1,189
2026-07-05,instamart,78553,bangalore,1,99
2026-07-04,instamart,18503,bangalore,1,99
2026-07-04,instamart,78553,bangalore,1,99
2026-07-05,instamart,63565,mumbai,2,378
2026-07-04,instamart,78553,chennai,1,99
2026-07-04,instamart,792937,bhubaneswar,1,95
2026-07-04,instamart,63565,hyderabad,2,378
2026-07-05,instamart,78553,bangalore,3,297
2026-07-05,instamart,78553,warangal,1,99
2026-07-04,instamart,18503,bangalore,3,297
2026-07-04,instamart,197453,kolkata,1,169
2026-07-05,instamart,18506,noida 1,1,499
2026-07-04,instamart,18504,central goa,1,319
2026-07-04,instamart,792937,bhubaneswar,1,95
2026-07-04,instamart,792937,noida 1,2,190
2026-07-05,instamart,63565,hyderabad,2,378
2026-07-04,instamart,18503,bangalore,1,99
2026-07-05,instamart,18503,tirupati,1,99
2026-07-04,instamart,18506,kolkata,1,499
2026-07-04,instamart,18503,bangalore,1,99
2026-07-05,instamart,63565,delhi,1,189
2026-07-04,instamart,18503,mumbai,1,99
2026-07-04,instamart,68254,bangalore,1,149
2026-07-05,instamart,18504,vizag,1,319
2026-07-04,instamart,68254,chennai,1,149
2026-07-05,instamart,18504,hyderabad,1,319
2026-07-04,instamart,18506,kolkata,1,499
2026-07-04,instamart,78553,chennai,1,99
2026-07-05,instamart,78553,mumbai,3,297
2026-07-04,instamart,68254,karimnagar,2,298
2026-07-04,instamart,78553,belgaum,1,99
2026-07-04,instamart,78553,vadodara,1,99
2026-07-05,instamart,63565,pune,1,189
2026-07-04,instamart,63565,bangalore,1,189
2026-07-04,instamart,197453,hyderabad,1,169
2026-07-05,instamart,18504,bangalore,1,319
2026-07-04,instamart,68254,chennai,1,149
2026-07-05,instamart,68254,mumbai,1,149
2026-07-04,instamart,63565,hyderabad,1,189
2026-07-05,instamart,792937,gwalior,2,190
2026-07-04,instamart,18503,bangalore,1,99
2026-07-05,instamart,18503,hyderabad,1,99
2026-07-04,instamart,68254,mumbai,1,149
2026-07-04,instamart,197453,bangalore,1,169
2026-07-05,instamart,792937,hyderabad,1,95
2026-07-04,instamart,63565,mumbai,2,378
2026-07-05,instamart,18503,bangalore,1,99
2026-07-05,instamart,792937,hyderabad,2,190
2026-07-04,instamart,78553,chennai,3,297
2026-07-04,instamart,63565,mumbai,2,378
2026-07-05,instamart,68254,guwahati,2,298
2026-07-05,instamart,18503,hyderabad,3,297
2026-07-05,instamart,63565,bangalore,1,189
2026-07-04,instamart,18503,mumbai,2,198
2026-07-04,instamart,18506,hyderabad,1,499
2026-07-05,instamart,78553,pune,2,198
2026-07-05,instamart,792937,bangalore,1,95
2026-07-05,instamart,78553,ahmedabad,1,99
2026-07-05,instamart,197453,bangalore,1,169
2026-07-05,instamart,63565,mumbai,3,567
2026-07-04,instamart,792937,delhi,1,95
2026-07-04,instamart,68254,hyderabad,2,298
2026-07-05,instamart,18503,pune,1,99
2026-07-04,instamart,18506,pune,1,499
2026-07-05,instamart,18503,kollam,1,99
2026-07-04,instamart,18503,bangalore,1,99
2026-07-05,instamart,792937,mysore,1,95
2026-07-05,instamart,792937,pune,1,95
2026-07-05,instamart,792937,hyderabad,1,95
2026-07-04,instamart,18503,vellore,2,198
2026-07-05,instamart,792937,bangalore,1,95
2026-07-05,instamart,792937,mumbai,1,95
2026-07-04,instamart,63565,chennai,2,378
2026-07-05,instamart,18503,delhi,3,297
2026-07-04,instamart,197453,hyderabad,1,169
2026-07-04,instamart,78553,chennai,1,99
2026-07-05,instamart,78553,kochi,1,99
2026-07-05,instamart,18504,mumbai,1,319
2026-07-04,instamart,63565,bangalore,1,189
2026-07-04,instamart,792937,mangaluru,1,95
2026-07-05,instamart,18503,hyderabad,1,99
2026-07-04,instamart,63565,bangalore,1,189
2026-07-05,instamart,78553,vapi,1,99
2026-07-04,instamart,63565,bangalore,1,189
2026-07-05,instamart,63565,chennai,2,378
2026-07-04,instamart,63565,mumbai,1,189
2026-07-05,instamart,18506,vapi,1,499
2026-07-05,instamart,63565,manipal,1,189
2026-07-05,instamart,18506,hyderabad,1,499
2026-07-04,instamart,68254,bangalore,2,298
2026-07-05,instamart,792937,hyderabad,2,190
2026-07-05,instamart,792937,bangalore,3,285
2026-07-05,instamart,197453,bangalore,2,338
2026-07-04,instamart,63565,pune,1,189
2026-07-04,instamart,792937,delhi,1,95
2026-07-04,instamart,63565,pune,1,189
2026-07-05,instamart,792937,bangalore,1,95
2026-07-04,instamart,792937,bangalore,1,95
2026-07-04,instamart,63565,gurgaon,1,189
2026-07-05,instamart,63565,bangalore,1,189
2026-07-04,instamart,18506,hubli,1,499
2026-07-05,instamart,78553,delhi,1,99
2026-07-05,instamart,18503,pune,1,99
2026-07-04,instamart,18504,mumbai,1,319
2026-07-04,instamart,18503,hyderabad,1,99
2026-07-05,instamart,18503,kolkata,2,198
2026-07-04,instamart,18503,patna,1,99
2026-07-04,instamart,18503,raipur,1,99
2026-07-04,instamart,18506,bangalore,2,998
2026-07-05,instamart,63565,chennai,2,378
2026-07-04,instamart,68254,gurgaon,2,298
2026-07-04,instamart,18506,mumbai,1,499
2026-07-05,instamart,63565,pune,1,189
2026-07-05,instamart,18503,udaipur,1,99
2026-07-05,instamart,18503,bangalore,1,99
2026-07-05,instamart,63565,hyderabad,1,189
2026-07-04,instamart,18504,chennai,1,319
2026-07-05,instamart,18506,delhi,2,998
2026-07-05,instamart,18503,erode,1,99
2026-07-04,instamart,18506,mumbai,1,499
2026-07-04,instamart,78553,pune,1,99
2026-07-04,instamart,63565,bangalore,1,189
2026-07-04,instamart,63565,manipal,1,189
2026-07-05,instamart,63565,mumbai,3,567
2026-07-05,instamart,63565,delhi,2,378
2026-07-04,instamart,18504,mumbai,2,638
2026-07-05,instamart,792937,mumbai,1,95
2026-07-04,instamart,18503,mumbai,1,99
2026-07-05,instamart,18503,mumbai,1,99
2026-07-04,instamart,78553,noida,1,99
2026-07-05,instamart,18504,hyderabad,1,319
2026-07-05,instamart,63565,indore,1,189
2026-07-04,instamart,792937,chennai,1,95
2026-07-05,instamart,63565,hyderabad,1,189
2026-07-04,instamart,18506,bangalore,1,499
2026-07-04,instamart,792937,chennai,1,95
2026-07-05,instamart,68254,delhi,1,149
2026-07-04,instamart,792937,mumbai,1,95
2026-07-04,instamart,78553,mysore,1,99
2026-07-05,instamart,18503,bangalore,1,99
2026-07-05,instamart,18503,bangalore,1,99
2026-07-04,instamart,18503,shivamogga,1,99
2026-07-04,instamart,18503,tirupati,3,297
2026-07-05,instamart,68254,gurgaon,2,298
2026-07-04,instamart,63565,bangalore,1,189
2026-07-04,instamart,18506,rajahmundry,1,499
2026-07-04,instamart,18504,bangalore,1,319
2026-07-05,instamart,792937,bangalore,1,95
2026-07-05,instamart,792937,aligarh,1,95
2026-07-05,instamart,18506,chennai,1,499
2026-07-04,instamart,78553,bangalore,1,99
2026-07-05,instamart,18504,mumbai,1,319
2026-07-05,instamart,792937,hubli,1,95
2026-07-04,instamart,63565,hyderabad,3,567
2026-07-04,instamart,68254,delhi,1,149
2026-07-04,instamart,18504,mumbai,2,638
2026-07-04,instamart,18503,bangalore,1,99
2026-07-04,instamart,63565,bangalore,1,189
2026-07-04,instamart,68254,hyderabad,1,149
2026-07-04,instamart,63565,delhi,1,189
2026-07-05,instamart,18506,hyderabad,1,499
2026-07-05,instamart,78553,bangalore,1,99
2026-07-05,instamart,78553,kolhapur,1,99
2026-07-05,instamart,18506,hyderabad,1,499
2026-07-05,instamart,78553,patiala,1,99
2026-07-05,instamart,68254,pune,1,149
2026-07-04,instamart,63565,faridabad,1,189
2026-07-04,instamart,18504,hyderabad,1,319
2026-07-05,instamart,63565,kolkata,2,378
2026-07-04,instamart,18503,noida 1,1,99
2026-07-05,instamart,18503,delhi,1,99
2026-07-04,instamart,78553,mumbai,1,99
2026-07-05,instamart,18503,kolkata,2,198
2026-07-05,instamart,18503,mumbai,1,99
2026-07-04,instamart,18503,bangalore,1,99
2026-07-04,instamart,68254,bangalore,1,149
2026-07-04,instamart,18506,hyderabad,1,499
2026-07-04,instamart,68254,hyderabad,1,149
2026-07-04,instamart,78553,vijayawada,1,99
2026-07-04,instamart,18503,delhi,1,99
2026-07-04,instamart,18503,mumbai,1,99
2026-07-04,instamart,63565,hyderabad,2,378
2026-07-04,instamart,18503,mumbai,2,198
2026-07-04,instamart,63565,bangalore,3,567
2026-07-05,instamart,18504,mumbai,2,638
2026-07-04,instamart,792937,hyderabad,3,285
2026-07-05,instamart,68254,bangalore,2,298
2026-07-05,instamart,78553,hyderabad,1,99
2026-07-05,instamart,18506,bangalore,1,499
2026-07-04,instamart,18504,mumbai,1,319
2026-07-05,instamart,18506,mumbai,1,499
2026-07-05,instamart,57850,bangalore,1,109
2026-07-04,instamart,68254,gurgaon,1,149
2026-07-04,instamart,63565,mumbai,2,378
2026-07-05,instamart,18503,bhubaneswar,1,99
2026-07-04,instamart,68254,bangalore,1,149
2026-07-04,instamart,18503,gurgaon,1,99
2026-07-05,instamart,18504,hyderabad,1,319
2026-07-05,instamart,63565,gurgaon,2,378
2026-07-05,instamart,18503,bangalore,1,99
2026-07-05,instamart,63565,delhi,1,189
2026-07-05,instamart,63565,hyderabad,1,189
2026-07-04,instamart,18504,chennai,1,319
2026-07-04,instamart,792937,bangalore,1,95
2026-07-04,instamart,792937,bangalore,3,285
2026-07-04,instamart,18504,mumbai,1,319
2026-07-04,instamart,18503,chennai,2,198
2026-07-04,instamart,18504,mumbai,2,638
2026-07-04,instamart,63565,bangalore,2,378
2026-07-04,instamart,78553,hyderabad,1,99
2026-07-05,instamart,68254,kottayam,1,149
2026-07-05,instamart,292876,bangalore,1,125
2026-07-05,instamart,18503,mumbai,1,99
2026-07-04,instamart,63565,mumbai,1,189
2026-07-04,instamart,792937,chennai,1,95
2026-07-04,instamart,792937,hyderabad,2,190
2026-07-04,instamart,78553,bangalore,2,198
2026-07-05,instamart,792937,delhi,1,95
2026-07-04,instamart,63565,bangalore,1,189
2026-07-04,instamart,68254,mumbai,1,149
2026-07-04,instamart,63565,kolkata,1,189
2026-07-05,instamart,792937,hyderabad,1,95
2026-07-05,instamart,78553,chennai,1,99
2026-07-04,instamart,68254,bangalore,1,149
2026-07-04,instamart,18503,lonavla,1,99
2026-07-05,instamart,63565,pune,1,189
2026-07-04,instamart,18504,bangalore,2,638
2026-07-04,instamart,18506,kolkata,1,499
2026-07-05,instamart,68254,pune,2,298
2026-07-05,instamart,197453,pune,1,169
2026-07-05,instamart,18506,bangalore,1,499
2026-07-04,instamart,63565,delhi,2,378
2026-07-04,instamart,792937,delhi,1,95
2026-07-05,instamart,18506,bangalore,1,499
2026-07-04,instamart,63565,kolkata,1,189
2026-07-04,instamart,63565,bangalore,1,189
2026-07-04,instamart,18504,noida 1,1,319
2026-07-04,instamart,78553,chennai,1,99
2026-07-05,instamart,197453,bangalore,1,169
2026-07-05,instamart,18504,bangalore,1,319
2026-07-04,instamart,18504,hyderabad,1,319
2026-07-05,instamart,78553,kochi,2,198
2026-07-05,instamart,18503,bangalore,2,198
2026-07-05,instamart,18504,bangalore,1,319
2026-07-04,instamart,78553,pune,1,99
2026-07-04,instamart,63565,delhi,1,189
2026-07-05,instamart,792937,mumbai,1,95
2026-07-04,instamart,78553,hyderabad,1,99
2026-07-05,instamart,792937,delhi,2,190
2026-07-05,instamart,63565,mumbai,1,189
2026-07-04,instamart,63565,hyderabad,1,189
2026-07-05,instamart,197453,bangalore,1,169
2026-07-04,instamart,18504,mumbai,1,319
2026-07-05,instamart,792937,chennai,1,95
2026-07-04,instamart,18504,kolkata,1,319
2026-07-05,instamart,18504,bangalore,1,319
2026-07-04,instamart,18503,delhi,1,99
2026-07-04,instamart,18503,chennai,1,99
2026-07-04,instamart,63565,coimbatore,1,189
2026-07-04,instamart,18504,mumbai,1,319
2026-07-04,instamart,63565,gurgaon,1,189
2026-07-04,instamart,792937,bangalore,1,95
2026-07-04,instamart,18503,chennai,1,99
2026-07-05,instamart,63565,amravati,1,189
2026-07-05,instamart,792937,pune,1,95
2026-07-04,instamart,18504,chennai,1,319
2026-07-04,instamart,18506,bangalore,1,499
2026-07-04,instamart,78553,bangalore,2,198
2026-07-04,instamart,792937,mangaluru,2,190
2026-07-04,instamart,63565,bangalore,2,378
2026-07-04,instamart,18504,mumbai,2,638
2026-07-05,instamart,63565,chennai,1,189
2026-07-05,instamart,18503,hyderabad,1,99
2026-07-05,instamart,68254,hyderabad,1,149
2026-07-05,instamart,18506,pune,1,499
2026-07-05,instamart,68254,bangalore,1,149
2026-07-05,instamart,18503,gurgaon,2,198
2026-07-04,instamart,792937,bangalore,2,190
2026-07-04,instamart,792937,bangalore,1,95
2026-07-05,instamart,63565,chennai,3,567
2026-07-04,instamart,792937,chennai,2,190
2026-07-05,instamart,68254,mumbai,1,149
2026-07-05,instamart,792937,chandigarh,1,95
2026-07-05,instamart,18506,manipal,1,499
2026-07-05,instamart,18503,bangalore,1,99
2026-07-04,instamart,18503,indore,1,99
2026-07-04,instamart,18504,pune,1,319
2026-07-05,instamart,18503,noida 1,1,99
2026-07-04,instamart,792937,bangalore,2,190
2026-07-04,instamart,792937,bangalore,2,190
2026-07-05,instamart,78553,chennai,2,198
2026-07-05,instamart,792937,bangalore,3,285
2026-07-04,instamart,68254,gurgaon,1,149
2026-07-04,instamart,78553,pune,1,99
2026-07-04,instamart,78553,chennai,1,99
2026-07-05,instamart,78553,mumbai,1,99
2026-07-05,instamart,78553,surat,1,99
2026-07-05,instamart,63565,chennai,1,189
2026-07-05,instamart,792937,bangalore,3,285
2026-07-04,instamart,63565,noida,1,189
2026-07-04,instamart,792937,chennai,1,95
2026-07-05,instamart,18503,nashik,2,198
2026-07-04,instamart,18504,chennai,1,319
2026-07-04,instamart,18504,central goa,1,319
2026-07-04,instamart,63565,mangaluru,1,189
2026-07-05,instamart,78553,hyderabad,2,198
2026-07-04,instamart,63565,noida,1,189
2026-07-05,instamart,18503,hyderabad,1,99
2026-07-04,instamart,78553,bangalore,1,99
2026-07-04,instamart,78553,bangalore,1,99
2026-07-04,instamart,63565,roorkee,1,189
2026-07-05,instamart,78553,bangalore,1,99
2026-07-04,instamart,18503,tirupati,1,99
2026-07-05,instamart,78553,central goa,1,99
2026-07-05,instamart,792937,chennai,1,95
2026-07-04,instamart,18504,bangalore,2,638
2026-07-04,instamart,63565,bangalore,1,189
2026-07-05,instamart,78553,bangalore,1,99
2026-07-05,instamart,18503,delhi,1,99
2026-07-05,instamart,18504,delhi,1,319
2026-07-05,instamart,63565,mumbai,1,189
2026-07-04,instamart,63565,mumbai,1,189
2026-07-04,instamart,63565,mumbai,1,189
2026-07-04,instamart,78553,bangalore,2,198
2026-07-05,instamart,68254,mumbai,1,149
2026-07-04,instamart,63565,pune,1,189
2026-07-05,instamart,78553,mysore,1,99
2026-07-04,instamart,792937,hyderabad,1,95
2026-07-04,instamart,57850,vellore,1,109
2026-07-05,instamart,78553,pune,1,99
2026-07-05,instamart,63565,mumbai,3,567
2026-07-05,instamart,78553,vadodara,2,198
2026-07-05,instamart,197453,hyderabad,2,338
2026-07-04,instamart,18504,mumbai,1,319
2026-07-05,instamart,63565,chennai,1,189
2026-07-04,instamart,63565,gurgaon,1,189
2026-07-04,instamart,792937,mumbai,1,95
2026-07-05,instamart,792937,bangalore,1,95
2026-07-04,instamart,68254,surat,1,149
2026-07-04,instamart,78553,pune,1,99
2026-07-05,instamart,78553,noida,1,99
2026-07-04,instamart,18503,central goa,1,99
2026-07-04,instamart,18504,thiruvananthapuram,1,319
2026-07-04,instamart,63565,mumbai,1,189
2026-07-04,instamart,18503,vadodara,1,99
2026-07-05,instamart,18503,delhi,1,99
2026-07-04,instamart,63565,mumbai,1,189
2026-07-04,instamart,292876,vizag,1,125
2026-07-04,instamart,18504,bangalore,1,319
2026-07-04,instamart,68254,bangalore,2,298
2026-07-05,instamart,18503,mumbai,2,198
2026-07-04,instamart,792937,bangalore,3,285
2026-07-04,instamart,18504,guwahati,2,638
2026-07-04,instamart,792937,gurgaon,2,190
2026-07-05,instamart,18503,gurgaon,1,99
2026-07-05,instamart,63565,gurgaon,1,189
2026-07-05,instamart,63565,hyderabad,2,378
2026-07-04,instamart,63565,delhi,1,189
2026-07-05,instamart,18504,vizag,1,319
2026-07-05,instamart,792937,bangalore,1,95
2026-07-04,instamart,68254,mumbai,1,149
2026-07-04,instamart,197453,hyderabad,1,169
2026-07-04,instamart,792937,bhubaneswar,1,95
2026-07-05,instamart,68254,central goa,1,149
2026-07-05,instamart,68254,hyderabad,1,149
2026-07-04,instamart,792937,chennai,1,95
2026-07-04,instamart,63565,trichy,2,378
2026-07-05,instamart,78553,pune,1,99
2026-07-05,instamart,792937,bangalore,2,190
2026-07-04,instamart,18503,chennai,1,99
2026-07-05,instamart,792937,bangalore,1,95
2026-07-05,instamart,18503,lonavla,3,297
2026-07-05,instamart,792937,delhi,3,285
2026-07-04,instamart,78553,bangalore,1,99
2026-07-04,instamart,18504,bangalore,1,319
2026-07-04,instamart,792937,bangalore,1,95
2026-07-04,instamart,78553,pune,1,99
2026-07-04,instamart,792937,bangalore,1,95
2026-07-04,instamart,18506,bangalore,1,499
2026-07-05,instamart,18506,mumbai,1,499
2026-07-04,instamart,63565,mumbai,1,189
2026-07-04,instamart,18503,hyderabad,2,198
2026-07-05,instamart,18503,mumbai,1,99
2026-07-04,instamart,63565,pune,3,567
2026-07-04,instamart,18503,mumbai,1,99
2026-07-04,instamart,57850,kakinada,1,109
2026-07-05,instamart,18506,pune,2,998
2026-07-04,instamart,18503,bangalore,2,198
2026-07-04,instamart,78553,vizag,1,99
2026-07-05,instamart,18504,kozhikode,1,319
2026-07-05,instamart,197453,hyderabad,1,169
2026-07-04,instamart,63565,surat,2,378
2026-07-04,instamart,792937,chandigarh,2,190
2026-07-04,instamart,18503,gurgaon,1,99
2026-07-04,instamart,78553,bangalore,1,99
2026-07-05,instamart,78553,central goa,1,99
2026-07-04,instamart,792937,gurgaon,1,95
2026-07-04,instamart,68254,bangalore,1,149
2026-07-04,instamart,18503,thiruvananthapuram,1,99
2026-07-04,instamart,63565,delhi,1,189
2026-07-04,instamart,18503,mumbai,1,99
2026-07-05,instamart,18506,nashik,2,998
2026-07-05,instamart,63565,bangalore,1,189
2026-07-05,instamart,78553,hyderabad,1,99
2026-07-04,instamart,792937,mumbai,1,95
2026-07-05,instamart,18504,kochi,1,319
2026-07-05,instamart,63565,warangal,1,189
2026-07-05,instamart,792937,delhi,1,95
2026-07-05,instamart,18503,kolhapur,1,99
2026-07-05,instamart,792937,gurgaon,2,190
2026-07-05,instamart,63565,noida 1,1,189
2026-07-04,instamart,78553,hyderabad,1,99
2026-07-04,instamart,792937,gurgaon,1,95
2026-07-04,instamart,18506,hyderabad,1,499
2026-07-05,instamart,68254,kochi,1,149
2026-07-05,instamart,18503,bangalore,1,99
2026-07-04,instamart,792937,bangalore,1,95
2026-07-05,instamart,792937,hyderabad,1,95
2026-07-05,instamart,63565,bangalore,1,189
2026-07-04,instamart,792937,chennai,1,95
2026-07-04,instamart,78553,amritsar,1,99
2026-07-05,instamart,18503,chennai,1,99
2026-07-05,instamart,78553,rajkot,1,99
2026-07-04,instamart,18506,pune,1,499
2026-07-05,instamart,792937,chennai,2,190
2026-07-05,instamart,18504,chennai,1,319
2026-07-05,instamart,18503,hyderabad,1,99
2026-07-04,instamart,18504,mumbai,1,319
2026-07-04,instamart,78553,mumbai,1,99
2026-07-05,instamart,18506,hyderabad,1,499
2026-07-04,instamart,78553,mumbai,1,99
2026-07-05,instamart,78553,bangalore,1,99
2026-07-04,instamart,63565,mumbai,1,189
2026-07-04,instamart,18503,mumbai,1,99
2026-07-04,instamart,18503,mumbai,2,198
2026-07-05,instamart,68254,mumbai,1,149
2026-07-04,instamart,792937,gurgaon,2,190
2026-07-04,instamart,792937,gurgaon,2,190
2026-07-05,instamart,68254,mumbai,1,149
2026-07-05,instamart,18503,bangalore,2,198
2026-07-05,instamart,63565,bangalore,1,189
2026-07-04,instamart,792937,bangalore,2,190
2026-07-03,instamart,78553,pune,1,99
2026-07-03,instamart,78553,mumbai,1,99
2026-07-02,instamart,63565,pune,1,189
2026-07-02,instamart,792937,bangalore,1,95
2026-07-02,instamart,68254,lucknow,1,149
2026-07-02,instamart,68254,mumbai,1,149
2026-07-02,instamart,792937,hyderabad,1,95
2026-07-02,instamart,18506,mumbai,1,499
2026-07-02,instamart,792937,bangalore,1,95
2026-07-03,instamart,792937,bangalore,1,95
2026-07-03,instamart,68254,mumbai,2,298
2026-07-03,instamart,18503,bangalore,3,297
2026-07-02,instamart,57850,bangalore,4,436
2026-07-02,instamart,18506,bangalore,1,499
2026-07-02,instamart,63565,mumbai,1,189
2026-07-02,instamart,18504,hyderabad,1,319
2026-07-02,instamart,792937,bangalore,1,95
2026-07-03,instamart,63565,mumbai,1,189
2026-07-02,instamart,78553,bangalore,1,99
2026-07-03,instamart,68254,chennai,1,149
2026-07-02,instamart,63565,chandigarh,4,756
2026-07-03,instamart,68254,bangalore,1,149
2026-07-03,instamart,792937,hyderabad,1,95
2026-07-02,instamart,63565,chennai,2,378
2026-07-03,instamart,792937,bangalore,1,95
2026-07-02,instamart,197453,pune,1,169
2026-07-03,instamart,63565,pune,1,189
2026-07-03,instamart,792937,mumbai,2,190
2026-07-02,instamart,63565,mumbai,1,189
2026-07-02,instamart,18504,vijayawada,1,319
2026-07-03,instamart,292876,faridabad,1,125
2026-07-02,instamart,78553,bangalore,1,99
2026-07-03,instamart,18503,mangaluru,1,99
2026-07-03,instamart,63565,gurgaon,2,378
2026-07-03,instamart,197453,pune,1,169
2026-07-02,instamart,18503,bangalore,1,99
2026-07-02,instamart,68254,mumbai,1,149
2026-07-03,instamart,68254,gurgaon,1,149
2026-07-03,instamart,792937,chennai,2,190
2026-07-02,instamart,78553,ahmedabad,1,99
2026-07-02,instamart,18503,mumbai,1,99
2026-07-03,instamart,18503,bangalore,1,99
2026-07-03,instamart,68254,chennai,1,149
2026-07-03,instamart,18506,mumbai,1,499
2026-07-03,instamart,18504,mumbai,1,319
2026-07-03,instamart,68254,bangalore,1,149
2026-07-03,instamart,18503,mumbai,1,99
2026-07-02,instamart,63565,bangalore,1,189
2026-07-03,instamart,18506,bangalore,1,499
2026-07-02,instamart,18503,chennai,1,99
2026-07-03,instamart,792937,chennai,1,95
2026-07-03,instamart,18506,udaipur,1,499
2026-07-02,instamart,792937,bangalore,1,95
2026-07-02,instamart,78553,chennai,1,99
2026-07-02,instamart,63565,mumbai,1,189
2026-07-03,instamart,78553,chennai,3,297
2026-07-02,instamart,63565,chennai,1,189
2026-07-03,instamart,18506,pune,1,499
2026-07-03,instamart,78553,warangal,1,99
2026-07-03,instamart,63565,dehradun,1,189
2026-07-02,instamart,63565,central goa,1,189
2026-07-03,instamart,68254,warangal,1,149
2026-07-02,instamart,18503,delhi,2,198
2026-07-03,instamart,63565,bangalore,2,378
2026-07-02,instamart,78553,bangalore,1,99
2026-07-03,instamart,63565,bangalore,1,189
2026-07-03,instamart,57850,bangalore,1,109
2026-07-03,instamart,18504,thiruvananthapuram,1,319
2026-07-02,instamart,792937,hyderabad,2,190
2026-07-02,instamart,18504,chennai,1,319
2026-07-03,instamart,792937,chennai,1,95
2026-07-03,instamart,68254,noida 1,1,149
2026-07-03,instamart,78553,vizag,1,99
2026-07-03,instamart,68254,gurgaon,1,149
2026-07-03,instamart,78553,bangalore,1,99
2026-07-03,instamart,792937,pune,1,95
2026-07-02,instamart,78553,bangalore,2,198
2026-07-02,instamart,792937,delhi,1,95
2026-07-03,instamart,792937,chennai,2,190
2026-07-02,instamart,792937,vellore,1,95
2026-07-03,instamart,63565,mumbai,2,378
2026-07-02,instamart,78553,vizag,2,198
2026-07-03,instamart,78553,raipur,1,99
2026-07-03,instamart,78553,chennai,1,99
2026-07-03,instamart,63565,mumbai,1,189
2026-07-02,instamart,78553,vizag,1,99
2026-07-02,instamart,68254,mumbai,1,149
2026-07-03,instamart,63565,kolkata,1,189
2026-07-02,instamart,792937,delhi,3,285
2026-07-03,instamart,63565,hyderabad,2,378
2026-07-03,instamart,18504,kolkata,1,319
2026-07-03,instamart,197453,bangalore,1,169
2026-07-02,instamart,63565,chennai,1,189
2026-07-02,instamart,292876,jaipur,1,125
2026-07-02,instamart,197453,pune,1,169
2026-07-03,instamart,18504,bangalore,1,319
2026-07-03,instamart,63565,pune,1,189
2026-07-02,instamart,63565,mumbai,1,189
2026-07-03,instamart,63565,bangalore,1,189
2026-07-02,instamart,792937,mysore,2,190
2026-07-02,instamart,68254,kolkata,2,298
2026-07-03,instamart,68254,delhi,1,149
2026-07-02,instamart,78553,udaipur,1,99
2026-07-02,instamart,68254,kurnool,1,149
2026-07-03,instamart,63565,gurgaon,1,189
2026-07-02,instamart,63565,kolkata,1,189
2026-07-03,instamart,792937,central goa,1,95
2026-07-02,instamart,18503,chennai,1,99
2026-07-02,instamart,78553,bangalore,1,99
2026-07-03,instamart,63565,bangalore,2,378
2026-07-02,instamart,792937,warangal,2,190
2026-07-02,instamart,18503,hyderabad,1,99
2026-07-02,instamart,78553,chennai,1,99
2026-07-03,instamart,292876,aligarh,1,125
2026-07-03,instamart,18503,bangalore,2,198
2026-07-02,instamart,63565,kolkata,1,189
2026-07-03,instamart,792937,chennai,1,95
2026-07-02,instamart,78553,pune,1,99
2026-07-02,instamart,18503,bangalore,1,99
2026-07-03,instamart,792937,bangalore,2,190
2026-07-03,instamart,68254,chennai,2,298
2026-07-03,instamart,78553,pune,1,99
2026-07-03,instamart,18504,hyderabad,1,319
2026-07-02,instamart,78553,ahmedabad,1,99
2026-07-02,instamart,18503,mumbai,1,99
2026-07-03,instamart,18503,kolkata,1,99
2026-07-03,instamart,63565,ahmedabad,1,189
2026-07-02,instamart,18504,guwahati,1,319
2026-07-02,instamart,78553,hyderabad,1,99
2026-07-03,instamart,18506,bangalore,1,499
2026-07-03,instamart,792937,hyderabad,1,95
2026-07-03,instamart,18506,ahmedabad,1,499
2026-07-02,instamart,792937,bangalore,2,190
2026-07-02,instamart,78553,pune,1,99
2026-07-02,instamart,18504,hyderabad,1,319
2026-07-02,instamart,18503,kolkata,1,99
2026-07-02,instamart,197453,bangalore,1,169
2026-07-03,instamart,63565,chennai,1,189
2026-07-02,instamart,18503,mumbai,1,99
2026-07-02,instamart,63565,bangalore,1,189
2026-07-02,instamart,18506,pune,1,499
2026-07-03,instamart,18504,bangalore,1,319
2026-07-03,instamart,63565,bangalore,1,189
2026-07-03,instamart,792937,mumbai,1,95
2026-07-03,instamart,18504,chandigarh,1,319
2026-07-02,instamart,63565,guwahati,1,189
2026-07-03,instamart,792937,bangalore,1,95
2026-07-03,instamart,792937,bangalore,1,95
2026-07-03,instamart,792937,bangalore,3,285
2026-07-03,instamart,792937,mumbai,1,95
2026-07-03,instamart,18504,siliguri,1,319
2026-07-03,instamart,18504,bangalore,1,319
2026-07-02,instamart,63565,mumbai,1,189
2026-07-03,instamart,18504,mumbai,2,638
2026-07-03,instamart,78553,ahmedabad,2,198
2026-07-03,instamart,18503,bangalore,1,99
2026-07-02,instamart,18503,noida 1,1,99
2026-07-02,instamart,63565,mumbai,1,189
2026-07-02,instamart,18503,pune,1,99
2026-07-02,instamart,78553,mumbai,1,99
2026-07-03,instamart,78553,bangalore,1,99
2026-07-03,instamart,792937,bangalore,1,95
2026-07-02,instamart,18503,mysore,1,99
2026-07-03,instamart,197453,hyderabad,1,169
2026-07-03,instamart,78553,chennai,1,99
2026-07-02,instamart,792937,bangalore,1,95
2026-07-02,instamart,68254,mumbai,1,149
2026-07-02,instamart,197453,hyderabad,2,338
2026-07-02,instamart,18504,chennai,1,319
2026-07-03,instamart,63565,pune,3,567
2026-07-02,instamart,63565,mumbai,3,567
2026-07-02,instamart,18503,hyderabad,1,99
2026-07-03,instamart,68254,kolkata,1,149
2026-07-02,instamart,78553,bangalore,1,99
2026-07-02,instamart,18506,noida 1,1,499
2026-07-02,instamart,18503,bangalore,1,99
2026-07-03,instamart,57850,thiruvananthapuram,1,109
2026-07-02,instamart,18504,mumbai,1,319
2026-07-02,instamart,792937,karimnagar,1,95
2026-07-03,instamart,68254,bangalore,1,149
2026-07-02,instamart,78553,bangalore,1,99
2026-07-03,instamart,63565,mumbai,1,189
2026-07-03,instamart,18504,hyderabad,1,319
2026-07-03,instamart,78553,chennai,1,99
2026-07-03,instamart,78553,bangalore,1,99
2026-07-03,instamart,78553,mumbai,1,99
2026-07-03,instamart,68254,hyderabad,1,149
2026-07-02,instamart,68254,kochi,1,149
2026-07-02,instamart,68254,delhi,1,149
2026-07-03,instamart,63565,mumbai,2,378
2026-07-03,instamart,792937,hyderabad,1,95
2026-07-02,instamart,68254,chennai,1,149
2026-07-02,instamart,792937,chennai,1,95
2026-07-02,instamart,63565,gurgaon,1,189
2026-07-02,instamart,18504,bangalore,1,319
2026-07-03,instamart,18503,chennai,1,99
2026-07-03,instamart,18506,pune,2,998
2026-07-02,instamart,78553,mumbai,2,198
2026-07-03,instamart,792937,bangalore,3,285
2026-07-03,instamart,792937,mumbai,2,190
2026-07-03,instamart,63565,bangalore,2,378
2026-07-02,instamart,792937,bangalore,3,285
2026-07-03,instamart,63565,mumbai,2,378
2026-07-03,instamart,18504,saharanpur,1,319
2026-07-03,instamart,63565,mumbai,1,189
2026-07-02,instamart,18504,vellore,1,319
2026-07-02,instamart,63565,hyderabad,1,189
2026-07-02,instamart,68254,delhi,1,149
2026-07-02,instamart,792937,chennai,2,190
2026-07-02,instamart,68254,bangalore,1,149
2026-07-03,instamart,792937,delhi,1,95
2026-07-02,instamart,18504,pune,1,319
2026-07-02,instamart,792937,delhi,1,95
2026-07-03,instamart,78553,central goa,1,99
2026-07-03,instamart,68254,bangalore,1,149
2026-07-03,instamart,63565,central goa,2,378
2026-07-03,instamart,792937,central goa,2,190
2026-07-03,instamart,792937,hyderabad,1,95
2026-07-03,instamart,18504,chennai,1,319
2026-07-03,instamart,18503,hyderabad,1,99
2026-07-02,instamart,18503,delhi,1,99
2026-07-03,instamart,792937,hyderabad,2,190
2026-07-03,instamart,792937,chennai,3,285
2026-07-03,instamart,792937,bangalore,1,95
2026-07-02,instamart,63565,mumbai,1,189
2026-07-02,instamart,18503,bhubaneswar,1,99
2026-07-03,instamart,197453,jaipur,1,169
2026-07-03,instamart,792937,mumbai,1,95
2026-07-03,instamart,18503,hyderabad,1,99
2026-07-02,instamart,197453,delhi,1,169
2026-07-03,instamart,197453,hyderabad,1,169
2026-07-02,instamart,78553,bangalore,1,99
2026-07-02,instamart,63565,guwahati,1,189
2026-07-02,instamart,18504,kakinada,1,319
2026-07-02,instamart,18504,kakinada,1,319
2026-07-02,instamart,18504,madurai,1,319
2026-07-02,instamart,63565,mumbai,1,189
2026-07-02,instamart,792937,bhubaneswar,1,95
2026-07-03,instamart,63565,hyderabad,1,189
2026-07-02,instamart,792937,chennai,1,95
2026-07-03,instamart,792937,bangalore,1,95
2026-07-03,instamart,78553,noida 1,1,99
2026-07-03,instamart,68254,bangalore,1,149
2026-07-02,instamart,63565,chennai,2,378
2026-07-02,instamart,18504,vijayawada,3,957
2026-07-02,instamart,792937,bangalore,2,190
2026-07-03,instamart,68254,udaipur,2,298
2026-07-03,instamart,68254,chennai,1,149
2026-07-03,instamart,792937,chennai,1,95
2026-07-03,instamart,792937,pune,1,95
2026-07-03,instamart,792937,pune,1,95
2026-07-03,instamart,78553,bangalore,1,99
2026-07-02,instamart,68254,bangalore,1,149
2026-07-03,instamart,18506,chennai,1,499
2026-07-02,instamart,792937,chennai,1,95
2026-07-03,instamart,68254,bangalore,1,149
2026-07-02,instamart,78553,bangalore,1,99
2026-07-02,instamart,18503,gurgaon,1,99
2026-07-02,instamart,792937,central goa,1,95
2026-07-02,instamart,68254,hyderabad,1,149
2026-07-02,instamart,78553,vizianagaram,1,99
2026-07-03,instamart,18503,hyderabad,1,99
2026-07-02,instamart,792937,bangalore,1,95
2026-07-02,instamart,792937,bangalore,1,95
2026-07-02,instamart,18503,kottayam,1,99
2026-07-03,instamart,57850,thiruvananthapuram,1,109
2026-07-02,instamart,792937,bangalore,1,95
2026-07-03,instamart,78553,pune,2,198
2026-07-03,instamart,792937,hyderabad,1,95
2026-07-03,instamart,68254,bangalore,1,149
2026-07-03,instamart,68254,pune,1,149
2026-07-03,instamart,792937,hyderabad,1,95
2026-07-02,instamart,18504,vizag,2,638
2026-07-02,instamart,78553,bangalore,1,99
2026-07-03,instamart,18504,bangalore,2,638
2026-07-03,instamart,68254,chennai,2,298
2026-07-03,instamart,63565,mumbai,2,378
2026-07-02,instamart,792937,hyderabad,1,95
2026-07-02,instamart,63565,ahmedabad,1,189
2026-07-02,instamart,63565,bangalore,1,189
2026-07-03,instamart,18504,rajahmundry,1,319
2026-07-03,instamart,18506,bangalore,1,499
2026-07-03,instamart,792937,bangalore,1,95
2026-07-03,instamart,18506,mumbai,1,499
2026-07-03,instamart,78553,bangalore,2,198
2026-07-03,instamart,63565,mumbai,2,378
2026-07-02,instamart,78553,bangalore,3,297
2026-07-02,instamart,18503,patna,4,396
2026-07-03,instamart,18503,kolkata,3,297
2026-07-03,instamart,792937,delhi,1,95
2026-07-02,instamart,68254,mumbai,1,149
2026-07-02,instamart,68254,hyderabad,1,149
2026-07-03,instamart,63565,gurgaon,1,189
2026-07-03,instamart,18506,faridabad,1,499
2026-07-02,instamart,63565,agra,1,189
2026-07-02,instamart,792937,bangalore,1,95
2026-07-02,instamart,792937,bangalore,1,95
2026-07-02,instamart,792937,mumbai,1,95
2026-07-03,instamart,792937,bangalore,1,95
2026-07-02,instamart,78553,mumbai,1,99
2026-07-02,instamart,68254,chennai,1,149
2026-07-02,instamart,78553,bangalore,1,99
2026-07-03,instamart,792937,gurgaon,1,95
2026-07-03,instamart,68254,lucknow,2,298
2026-07-03,instamart,68254,bangalore,2,298
2026-07-02,instamart,68254,kochi,1,149
2026-07-03,instamart,18506,mumbai,2,998
2026-07-02,instamart,792937,bangalore,1,95
2026-07-03,instamart,792937,chennai,1,95
2026-07-02,instamart,792937,hyderabad,1,95
2026-07-02,instamart,63565,mumbai,1,189
2026-07-03,instamart,68254,ahmedabad,1,149
2026-07-03,instamart,78553,mumbai,1,99
2026-07-03,instamart,18503,mumbai,1,99
2026-07-02,instamart,68254,madurai,2,298
2026-07-03,instamart,18504,alappuzha,1,319
2026-07-02,instamart,63565,bangalore,2,378
2026-07-03,instamart,78553,anantapur,1,99
2026-07-02,instamart,792937,bangalore,1,95
2026-07-02,instamart,78553,ahmedabad,2,198
2026-07-03,instamart,63565,mumbai,2,378
2026-07-03,instamart,792937,bangalore,1,95
2026-07-02,instamart,18504,bangalore,1,319
2026-07-03,instamart,78553,bangalore,1,99
2026-07-03,instamart,63565,chennai,1,189
2026-07-02,instamart,18506,mysore,1,499
2026-07-02,instamart,63565,mumbai,1,189
2026-07-02,instamart,792937,chennai,1,95
2026-07-02,instamart,68254,delhi,1,149
2026-07-03,instamart,63565,kolkata,1,189
2026-07-03,instamart,78553,chennai,1,99
2026-07-03,instamart,78553,bangalore,1,99
2026-07-03,instamart,18504,trichy,1,319
2026-07-03,instamart,18503,bangalore,1,99
2026-07-03,instamart,68254,kochi,1,149
2026-07-02,instamart,63565,chennai,2,378
2026-07-02,instamart,63565,hyderabad,1,189
2026-07-02,instamart,68254,delhi,1,149
2026-07-03,instamart,78553,pune,1,99
2026-07-02,instamart,78553,central goa,1,99
2026-07-03,instamart,68254,bangalore,2,298
2026-07-02,instamart,18504,mumbai,2,638
2026-07-02,instamart,792937,chennai,3,285
2026-07-03,instamart,68254,mumbai,2,298
2026-07-02,instamart,18503,mumbai,1,99
2026-07-03,instamart,63565,pune,2,378
2026-07-03,instamart,78553,vadodara,1,99
2026-07-03,instamart,18503,hyderabad,1,99
2026-07-03,instamart,78553,chennai,1,99
2026-07-03,instamart,18506,bangalore,1,499
2026-07-02,instamart,63565,mumbai,1,189
2026-07-02,instamart,18503,bangalore,1,99
2026-07-03,instamart,18503,chennai,1,99
2026-07-02,instamart,68254,bangalore,1,149
2026-07-03,instamart,63565,gurgaon,1,189
2026-07-03,instamart,792937,mumbai,1,95
2026-07-03,instamart,792937,chennai,3,285
2026-07-03,instamart,18503,delhi,1,99
2026-07-02,instamart,792937,gurgaon,1,95
2026-07-02,instamart,792937,bangalore,2,190
2026-07-02,instamart,18504,mumbai,1,319
2026-07-02,instamart,18503,bangalore,3,297
2026-07-02,instamart,78553,chennai,1,99
2026-07-02,instamart,792937,bangalore,1,95
2026-07-02,instamart,197453,bangalore,1,169
2026-07-02,instamart,78553,chennai,1,99
2026-07-02,instamart,63565,bangalore,2,378
2026-07-03,instamart,78553,chennai,1,99
2026-07-02,instamart,78553,pune,1,99
2026-07-03,instamart,792937,hyderabad,1,95
2026-07-02,instamart,18504,bangalore,1,319
2026-07-03,instamart,792937,bangalore,2,190
2026-07-03,instamart,68254,mumbai,2,298
2026-07-03,instamart,18504,mumbai,2,638
2026-07-03,instamart,78553,bangalore,1,99
2026-07-03,instamart,18503,mumbai,1,99
2026-07-02,instamart,792937,chennai,1,95
2026-07-03,instamart,68254,delhi,1,149
2026-07-03,instamart,63565,noida 1,2,378
2026-07-02,instamart,18504,mumbai,1,319
2026-07-02,instamart,78553,jaipur,1,99
2026-07-02,instamart,792937,bangalore,1,95
2026-07-02,instamart,792937,hyderabad,1,95
2026-07-02,instamart,78553,ahmedabad,1,99
2026-07-03,instamart,792937,bhubaneswar,2,190
2026-07-03,instamart,63565,chennai,1,189
2026-07-02,instamart,78553,vizag,1,99
2026-07-03,instamart,63565,bangalore,1,189
2026-07-03,instamart,18506,mumbai,1,499
2026-07-03,instamart,792937,bangalore,1,95
2026-07-02,instamart,18504,bangalore,1,319
2026-07-03,instamart,78553,mumbai,2,198
2026-07-03,instamart,18503,hyderabad,2,198
2026-07-03,instamart,792937,hyderabad,2,190
2026-07-03,instamart,792937,chennai,1,95
2026-07-03,instamart,63565,mumbai,1,189
2026-07-02,instamart,18504,khammam,1,319
2026-07-03,instamart,792937,hyderabad,1,95
2026-07-02,instamart,18504,chennai,1,319
2026-07-02,instamart,18504,guntur,1,319
2026-07-02,instamart,63565,kurnool,1,189
2026-07-03,instamart,792937,mumbai,1,95
2026-07-03,instamart,18503,chennai,1,99
2026-07-03,instamart,18503,hyderabad,3,297
2026-07-02,instamart,792937,chennai,3,285
2026-07-03,instamart,792937,hyderabad,1,95
2026-07-03,instamart,18504,central goa,1,319
2026-07-03,instamart,292876,delhi,1,125
2026-07-02,instamart,18503,gurgaon,2,198
2026-07-02,instamart,792937,mumbai,1,95
2026-07-02,instamart,18503,mumbai,2,198
2026-07-02,instamart,197453,trichy,1,169
2026-07-03,instamart,792937,bangalore,1,95
2026-07-02,instamart,78553,bangalore,1,99
2026-07-03,instamart,792937,gurgaon,1,95
2026-07-02,instamart,792937,delhi,1,95
2026-07-03,instamart,18503,mumbai,1,99
2026-07-02,instamart,78553,bangalore,3,297
2026-07-03,instamart,18503,pondicherry,3,297
2026-07-02,instamart,18503,mumbai,1,99
2026-07-03,instamart,63565,mumbai,2,378
2026-07-02,instamart,68254,faridabad,1,149
2026-07-02,instamart,78553,delhi,1,99
2026-07-03,instamart,78553,hubli,1,99
2026-07-02,instamart,792937,bangalore,1,95
2026-07-03,instamart,18504,chennai,1,319
2026-07-02,instamart,18506,bangalore,1,499
2026-07-03,instamart,792937,chennai,1,95
2026-07-02,instamart,78553,mysore,1,99
2026-07-03,instamart,792937,chennai,1,95
2026-07-02,instamart,18506,bangalore,1,499
2026-07-02,instamart,63565,kurnool,1,189
2026-07-02,instamart,63565,bangalore,2,378
2026-07-03,instamart,792937,chennai,1,95
2026-07-02,instamart,18503,mumbai,1,99
2026-07-02,instamart,18504,mumbai,1,319
2026-07-02,instamart,78553,bangalore,1,99
2026-07-03,instamart,18503,bangalore,1,99
2026-07-03,instamart,18503,bangalore,1,99
2026-07-03,instamart,63565,mumbai,1,189
2026-07-02,instamart,63565,bangalore,1,189
2026-07-03,instamart,78553,pune,1,99
2026-07-03,instamart,18503,karimnagar,1,99
2026-07-03,instamart,792937,central goa,1,95
2026-07-02,instamart,68254,vellore,1,149
2026-07-02,instamart,792937,bangalore,2,190
2026-07-02,instamart,63565,delhi,1,189
2026-07-02,instamart,18504,kolkata,2,638
2026-07-03,instamart,18503,bangalore,2,198
2026-07-02,instamart,792937,hyderabad,1,95
2026-07-03,instamart,78553,hyderabad,12,1188
2026-07-03,instamart,792937,delhi,2,190
2026-07-03,instamart,18504,mumbai,2,638
2026-07-02,instamart,63565,hyderabad,1,189
2026-07-02,instamart,792937,chennai,1,95
2026-07-03,instamart,18503,hyderabad,1,99
2026-07-03,instamart,63565,bangalore,1,189
2026-07-02,instamart,78553,vizag,1,99
2026-07-02,instamart,18504,vizag,2,638
2026-07-03,instamart,63565,bangalore,1,189
2026-07-03,instamart,78553,pune,1,99
2026-07-02,instamart,18503,patna,1,99
2026-07-03,instamart,792937,bangalore,2,190
2026-07-03,instamart,792937,chennai,2,190
2026-07-02,instamart,792937,hyderabad,1,95
2026-07-03,instamart,18504,coimbatore,1,319
2026-07-03,instamart,63565,delhi,1,189
2026-07-03,instamart,68254,chennai,1,149
2026-07-02,instamart,18504,central goa,1,319
2026-07-03,instamart,18504,mumbai,1,319
2026-07-02,instamart,63565,chennai,2,378
2026-07-02,instamart,18503,chennai,1,99
2026-07-02,instamart,18503,chennai,2,198
2026-07-02,instamart,792937,bangalore,1,95
2026-07-03,instamart,18503,bangalore,1,99
2026-07-02,instamart,78553,pune,1,99
2026-07-03,instamart,68254,mumbai,1,149
2026-07-03,instamart,18504,mumbai,1,319
2026-07-03,instamart,792937,bangalore,1,95
2026-07-03,instamart,63565,mumbai,1,189
2026-07-03,instamart,63565,bangalore,2,378
2026-07-03,instamart,63565,bangalore,1,189
2026-07-02,instamart,18503,chennai,2,198
2026-07-02,instamart,18503,chennai,1,99
2026-07-03,instamart,792937,vellore,2,190
2026-07-03,instamart,68254,chennai,1,149
2026-07-02,instamart,18504,kozhikode,1,319
2026-07-03,instamart,18504,chennai,1,319
2026-07-03,instamart,63565,mumbai,1,189
2026-07-03,instamart,792937,noida 1,1,95
2026-07-02,instamart,63565,delhi,1,189
2026-07-03,instamart,18503,delhi,1,99
2026-07-02,instamart,63565,bangalore,1,189
2026-07-03,instamart,63565,mumbai,1,189
2026-07-03,instamart,792937,chennai,1,95
2026-07-02,instamart,18503,mumbai,1,99
2026-07-03,instamart,18506,delhi,1,499
2026-07-02,instamart,18503,delhi,1,99
2026-07-03,instamart,792937,mumbai,1,95
2026-07-02,instamart,18503,hyderabad,1,99
2026-07-03,instamart,68254,ahmedabad,1,149
2026-07-03,instamart,68254,bangalore,1,149
2026-07-03,instamart,792937,bangalore,1,95
2026-07-03,instamart,63565,bangalore,1,189
2026-07-02,instamart,63565,chennai,1,189
2026-07-03,instamart,792937,bangalore,1,95
2026-07-03,instamart,63565,bangalore,1,189
2026-07-03,instamart,18503,pondicherry,1,99
2026-07-03,instamart,18503,bangalore,1,99
2026-07-03,instamart,18506,gurgaon,1,499
2026-07-02,instamart,18503,bangalore,1,99
2026-07-03,instamart,18504,bangalore,1,319
2026-07-03,instamart,18503,bangalore,1,99
2026-07-03,instamart,18503,gurgaon,1,99
2026-07-02,instamart,18504,noida 1,1,319
2026-07-03,instamart,63565,delhi,1,189
2026-07-02,instamart,792937,chennai,2,190
2026-07-03,instamart,63565,hyderabad,2,378
2026-07-03,instamart,792937,bangalore,1,95
2026-07-02,instamart,792937,hyderabad,1,95
2026-07-03,instamart,68254,bangalore,1,149
2026-07-03,instamart,18503,noida,1,99
2026-07-03,instamart,78553,pune,1,99
2026-07-03,instamart,63565,ahmedabad,1,189
2026-07-03,instamart,78553,bangalore,1,99
2026-07-02,instamart,792937,chennai,1,95
2026-07-03,instamart,78553,vizag,1,99
2026-07-03,instamart,78553,mumbai,4,396
2026-07-02,instamart,18503,chennai,2,198
2026-07-02,instamart,78553,chennai,1,99
2026-07-03,instamart,18503,nellore,1,99
2026-07-03,instamart,18504,bangalore,1,319
2026-07-03,instamart,63565,bangalore,1,189
2026-07-03,instamart,68254,bangalore,1,149
2026-07-02,instamart,197453,bangalore,1,169
2026-07-03,instamart,18504,jaipur,1,319
2026-07-02,instamart,18503,warangal,1,99
2026-07-02,instamart,63565,mumbai,3,567
2026-07-02,instamart,18504,mumbai,2,638
2026-07-02,instamart,63565,hyderabad,2,378
2026-07-02,instamart,78553,bangalore,1,99
2026-07-03,instamart,78553,jaipur,1,99
2026-07-02,instamart,63565,noida,1,189
2026-07-03,instamart,18506,mumbai,1,499
2026-07-02,instamart,18506,delhi,2,998
2026-07-02,instamart,792937,gurgaon,1,95
2026-07-03,instamart,78553,bangalore,1,99
2026-07-03,instamart,68254,chennai,1,149
2026-07-02,instamart,78553,mumbai,1,99
2026-07-03,instamart,63565,bangalore,3,567
2026-07-02,instamart,792937,delhi,3,285
2026-07-03,instamart,292876,bangalore,2,250
2026-07-02,instamart,68254,hyderabad,2,298
2026-07-03,instamart,63565,lucknow,1,189
2026-07-03,instamart,78553,jaipur,1,99
2026-07-03,instamart,63565,mumbai,1,189
2026-07-02,instamart,63565,mumbai,1,189
2026-07-02,instamart,68254,mumbai,1,149
2026-07-03,instamart,18503,jaipur,1,99
2026-07-02,instamart,792937,chennai,2,190
2026-07-03,instamart,63565,bangalore,1,189
2026-07-03,instamart,792937,chennai,3,285
2026-07-02,instamart,18506,mumbai,2,998
2026-07-03,instamart,18504,pondicherry,1,319
2026-07-03,instamart,18506,bangalore,1,499
2026-07-02,instamart,78553,bangalore,1,99
2026-07-02,instamart,792937,hyderabad,1,95
2026-07-03,instamart,18504,kozhikode,2,638
2026-07-02,instamart,78553,mumbai,1,99
2026-07-03,instamart,63565,bangalore,1,189
2026-07-02,instamart,78553,vizag,1,99
2026-07-03,instamart,18503,kolkata,1,99
2026-07-03,instamart,63565,bangalore,1,189
2026-07-03,instamart,792937,mumbai,1,95
2026-07-02,instamart,792937,mumbai,2,190
2026-07-03,instamart,18503,mumbai,1,99
2026-07-02,instamart,792937,bangalore,2,190
2026-07-03,instamart,78553,central goa,2,198
2026-07-02,instamart,78553,chennai,1,99
2026-07-03,instamart,197453,bangalore,1,169
2026-07-02,instamart,63565,pune,1,189
2026-07-03,instamart,63565,mumbai,3,567
2026-07-03,instamart,18506,pune,2,998
2026-07-03,instamart,792937,mumbai,2,190
2026-07-03,instamart,18503,chennai,1,99
2026-07-02,instamart,68254,bangalore,1,149
2026-07-02,instamart,63565,hyderabad,1,189
2026-07-03,instamart,63565,mumbai,3,567
2026-07-03,instamart,792937,gurgaon,1,95
2026-07-02,instamart,792937,pune,2,190
2026-07-03,instamart,63565,guwahati,1,189
2026-07-02,instamart,18504,madurai,1,319
2026-07-02,instamart,792937,bangalore,1,95
2026-07-03,instamart,63565,kolkata,1,189
2026-07-03,instamart,78553,kochi,1,99
2026-07-02,instamart,18506,bangalore,1,499
2026-07-03,instamart,63565,bangalore,1,189
2026-07-03,instamart,78553,pune,1,99
2026-07-02,instamart,197453,pune,1,169
2026-07-02,instamart,18503,bangalore,1,99
2026-07-02,instamart,63565,chennai,1,189
2026-07-02,instamart,792937,nagpur,1,95
2026-07-03,instamart,197453,kolkata,3,507
2026-07-02,instamart,63565,mumbai,1,189
2026-07-02,instamart,18503,chennai,1,99
2026-07-03,instamart,18506,chennai,1,499
2026-07-03,instamart,78553,chennai,1,99
2026-07-03,instamart,792937,delhi,1,95
2026-07-02,instamart,63565,bangalore,1,189
2026-07-02,instamart,18503,chennai,1,99
2026-07-02,instamart,78553,bangalore,1,99
2026-07-02,instamart,792937,chennai,1,95
2026-07-03,instamart,63565,delhi,1,189
2026-07-03,instamart,792937,bhubaneswar,1,95
2026-07-02,instamart,68254,kolkata,1,149
2026-07-03,instamart,18503,bangalore,1,99
2026-07-02,instamart,78553,bangalore,2,198
2026-07-03,instamart,63565,chennai,3,567
2026-07-02,instamart,78553,pune,1,99
2026-07-03,instamart,78553,pune,2,198
2026-07-02,instamart,18506,pune,1,499
2026-07-03,instamart,792937,gurgaon,1,95
2026-07-02,instamart,792937,pune,1,95
2026-07-03,instamart,18503,chennai,1,99
2026-07-03,instamart,18503,chennai,1,99
2026-07-02,instamart,18503,bangalore,1,99
2026-07-03,instamart,18503,mangaluru,1,99
2026-07-03,instamart,68254,kottayam,1,149
2026-07-02,instamart,18503,bangalore,1,99
2026-07-03,instamart,68254,mumbai,2,298
2026-07-03,instamart,792937,delhi,1,95
2026-07-03,instamart,792937,meerut,1,95
2026-07-03,instamart,18504,mumbai,1,319
2026-07-03,instamart,68254,chennai,1,149
2026-07-03,instamart,18506,jaipur,1,499
2026-07-02,instamart,18503,central goa,1,99
2026-07-03,instamart,792937,bangalore,1,95
2026-07-03,instamart,78553,chennai,1,99
2026-07-02,instamart,68254,kurnool,1,149
2026-07-02,instamart,78553,chennai,1,99
2026-07-03,instamart,18503,bangalore,1,99
2026-07-02,instamart,63565,delhi,1,189
2026-07-03,instamart,18503,bangalore,1,99
2026-07-02,instamart,78553,vijayawada,1,99
2026-07-02,instamart,792937,bangalore,1,95
2026-07-03,instamart,18503,kolkata,2,198
2026-07-02,instamart,18503,chennai,1,99
2026-07-02,instamart,63565,delhi,1,189
2026-07-02,instamart,63565,mumbai,1,189
2026-07-02,instamart,18503,kochi,1,99
2026-07-03,instamart,18503,kolkata,2,198
2026-07-02,instamart,792937,bangalore,1,95
2026-07-03,instamart,18506,bangalore,1,499
2026-07-03,instamart,792937,chennai,1,95
2026-07-03,instamart,18503,bhubaneswar,1,99
2026-07-03,instamart,18503,chennai,1,99
2026-07-02,instamart,792937,chennai,1,95
2026-07-03,instamart,63565,bangalore,1,189
2026-07-03,instamart,18503,noida 1,1,99
2026-07-02,instamart,78553,delhi,1,99
2026-07-02,instamart,792937,bangalore,3,285
2026-07-02,instamart,18503,bangalore,3,297
2026-07-03,instamart,792937,mumbai,1,95
2026-07-03,instamart,792937,hyderabad,1,95
2026-07-02,instamart,78553,davanagere,1,99
2026-07-02,instamart,792937,pune,2,190
2026-07-02,instamart,63565,mumbai,1,189
2026-07-03,instamart,792937,chennai,1,95
2026-07-03,instamart,792937,hyderabad,1,95
2026-07-03,instamart,792937,bangalore,1,95
2026-07-03,instamart,63565,pune,1,189
2026-07-03,instamart,68254,bhubaneswar,1,149
2026-07-03,instamart,63565,mumbai,2,378
2026-07-03,instamart,78553,mumbai,1,99
2026-07-02,instamart,792937,hyderabad,1,95
2026-07-02,instamart,18504,kolkata,1,319
2026-07-03,instamart,18503,bangalore,3,297
2026-07-03,instamart,68254,bangalore,2,298
2026-07-02,instamart,78553,coimbatore,1,99
2026-07-02,instamart,78553,central goa,1,99
2026-07-03,instamart,18506,bangalore,1,499
2026-07-02,instamart,18503,mysore,1,99
2026-07-02,instamart,792937,delhi,1,95
2026-07-02,instamart,78553,chennai,1,99
2026-07-03,instamart,792937,mumbai,1,95
2026-07-03,instamart,18506,chennai,1,499
2026-07-02,instamart,63565,bangalore,1,189
2026-07-03,instamart,792937,bhubaneswar,1,95
2026-07-03,instamart,63565,mumbai,5,945
2026-07-02,instamart,792937,chennai,2,190
2026-07-03,instamart,63565,chennai,2,378
2026-07-03,instamart,63565,chennai,2,378
2026-07-02,instamart,18506,delhi,1,499
2026-07-03,instamart,18504,tirupati,1,319
2026-07-03,instamart,792937,bangalore,1,95
2026-07-03,instamart,18503,bangalore,1,99
2026-07-03,instamart,18503,hyderabad,1,99
2026-07-02,instamart,57850,bangalore,5,545
2026-07-03,instamart,18506,coimbatore,1,499
2026-07-02,instamart,792937,gurgaon,1,95
2026-07-02,instamart,63565,chennai,1,189
2026-07-02,instamart,18503,bangalore,2,198
2026-07-03,instamart,292876,bangalore,1,125
2026-07-03,instamart,63565,thrissur,1,189
2026-07-03,instamart,68254,gurgaon,1,149
2026-07-02,instamart,63565,anantapur,1,189
2026-07-02,instamart,792937,hyderabad,1,95
2026-07-02,instamart,68254,bangalore,1,149
2026-07-02,instamart,18506,mumbai,2,998
2026-07-02,instamart,57850,chennai,1,109
2026-07-03,instamart,18503,delhi,1,99
2026-07-03,instamart,18503,siliguri,1,99
2026-07-03,instamart,18503,bhubaneswar,2,198
2026-07-03,instamart,78553,dibrugarh,1,99
2026-07-02,instamart,63565,bangalore,2,378
2026-07-02,instamart,792937,bangalore,2,190
2026-07-02,instamart,18504,siliguri,2,638
2026-07-02,instamart,18506,mumbai,1,499
2026-07-02,instamart,63565,bangalore,1,189
2026-07-02,instamart,78553,chennai,1,99
2026-07-02,instamart,57850,guwahati,1,109
2026-07-02,instamart,63565,chennai,1,189
2026-07-03,instamart,78553,chennai,1,99
2026-07-03,instamart,792937,mumbai,1,95
2026-07-03,instamart,78553,vizag,1,99
2026-07-02,instamart,18506,delhi,1,499
2026-07-03,instamart,18503,bangalore,2,198
2026-07-03,instamart,18504,coimbatore,1,319
2026-07-03,instamart,63565,bangalore,1,189
2026-07-03,instamart,78553,chennai,1,99
2026-07-03,instamart,197453,hyderabad,2,338
2026-07-03,instamart,78553,ahmedabad,1,99
2026-07-02,instamart,78553,bangalore,1,99
2026-07-02,instamart,63565,vadodara,1,189
2026-07-03,instamart,792937,delhi,1,95
2026-07-02,instamart,18506,mumbai,1,499
2026-07-02,instamart,68254,hyderabad,2,298
2026-07-03,instamart,68254,bangalore,1,149
2026-07-03,instamart,78553,chennai,1,99
2026-07-02,instamart,63565,delhi,1,189
2026-07-02,instamart,63565,mumbai,1,189
2026-07-02,instamart,792937,bangalore,1,95
2026-07-03,instamart,18503,mumbai,1,99
2026-07-02,instamart,78553,bangalore,1,99
2026-07-03,instamart,792937,pune,2,190
2026-07-03,instamart,18503,mumbai,1,99
2026-07-02,instamart,18503,chennai,2,198
2026-07-03,instamart,792937,noida 1,1,95
2026-07-02,instamart,63565,mangaluru,1,189
2026-07-03,instamart,63565,hyderabad,1,189
2026-07-03,instamart,68254,mumbai,2,298
2026-07-03,instamart,63565,bangalore,1,189
2026-07-03,instamart,63565,gurgaon,1,189
2026-07-03,instamart,792937,ranchi,1,95
2026-07-03,instamart,63565,mumbai,2,378
2026-07-03,instamart,63565,mumbai,1,189
2026-07-03,instamart,792937,vellore,2,190
2026-07-03,instamart,18504,thrissur,2,638
2026-07-02,instamart,68254,bangalore,1,149
2026-07-03,instamart,18506,mumbai,1,499
2026-07-03,instamart,792937,bangalore,1,95
2026-07-02,instamart,18503,kollam,1,99
2026-07-02,instamart,18503,bangalore,1,99
2026-07-02,instamart,78553,bangalore,1,99
2026-07-03,instamart,792937,chennai,1,95
2026-07-03,instamart,792937,hyderabad,1,95
2026-07-02,instamart,18503,hyderabad,1,99
2026-07-03,instamart,18503,gurgaon,1,99
2026-07-02,instamart,63565,bangalore,2,378
2026-07-03,instamart,63565,mumbai,3,567
2026-07-03,instamart,57850,bangalore,2,218
2026-07-02,instamart,78553,bangalore,1,99
2026-07-02,instamart,78553,bangalore,1,99
2026-07-03,instamart,63565,mumbai,2,378
2026-07-03,instamart,18506,mumbai,1,499
2026-07-03,instamart,63565,palakkad,1,189
2026-07-03,instamart,78553,bangalore,1,99
2026-07-02,instamart,18503,mumbai,1,99
2026-07-02,instamart,78553,guntur,1,99
2026-07-02,instamart,197453,hyderabad,3,507
2026-07-03,instamart,18506,gurgaon,1,499
2026-07-03,instamart,18504,chennai,1,319
2026-07-02,instamart,68254,chennai,1,149
2026-07-03,instamart,78553,guntur,1,99
2026-07-03,instamart,63565,bangalore,1,189
2026-07-03,instamart,18503,hyderabad,1,99
2026-07-03,instamart,18504,chennai,1,319
2026-07-03,instamart,57850,udaipur,1,109
2026-07-02,instamart,68254,mumbai,1,149
2026-07-03,instamart,18503,bangalore,1,99
2026-07-03,instamart,68254,lucknow,1,149
2026-07-03,instamart,78553,bangalore,1,99
2026-07-02,instamart,792937,chennai,2,190
2026-07-02,instamart,78553,vijayawada,1,99
2026-07-03,instamart,78553,bangalore,2,198
2026-07-02,instamart,63565,hyderabad,1,189
2026-07-03,instamart,792937,chennai,1,95
2026-07-03,instamart,18503,central goa,2,198
2026-07-03,instamart,78553,chennai,1,99
2026-07-02,instamart,792937,delhi,1,95
2026-07-03,instamart,63565,pune,1,189
2026-07-03,instamart,78553,bangalore,1,99
2026-07-02,instamart,63565,mumbai,2,378
2026-07-02,instamart,18504,mumbai,1,319
2026-07-03,instamart,792937,bangalore,2,190
2026-07-02,instamart,57850,delhi,1,109
2026-07-03,instamart,792937,mumbai,5,475
2026-07-02,instamart,78553,latur,1,99
2026-07-02,instamart,792937,hyderabad,1,95
2026-07-03,instamart,18503,warangal,2,198
2026-07-03,instamart,68254,delhi,2,298
2026-07-03,instamart,68254,chennai,2,298
2026-07-02,instamart,78553,bangalore,1,99
2026-07-02,instamart,78553,bangalore,1,99
2026-07-02,instamart,18503,noida,1,99
2026-07-02,instamart,78553,kottayam,1,99
2026-07-03,instamart,78553,bangalore,1,99
2026-07-03,instamart,63565,pune,1,189
2026-07-03,instamart,68254,delhi,1,149
2026-07-03,instamart,63565,pune,1,189
2026-07-02,instamart,792937,hyderabad,1,95
2026-07-03,instamart,792937,mumbai,1,95
2026-07-03,instamart,18506,bangalore,1,499
2026-07-03,instamart,78553,lonavla,1,99
2026-07-02,instamart,18504,mumbai,1,319
2026-07-03,instamart,63565,mumbai,1,189
2026-07-02,instamart,78553,hyderabad,2,198
2026-07-03,instamart,18503,delhi,2,198
2026-07-03,instamart,18506,mumbai,1,499
2026-07-03,instamart,63565,mumbai,2,378
2026-07-03,instamart,18506,mumbai,1,499
2026-07-03,instamart,68254,chennai,1,149
2026-07-03,instamart,78553,pune,1,99
2026-07-02,instamart,18506,bangalore,1,499
2026-07-03,instamart,18506,delhi,1,499
2026-07-02,instamart,68254,hyderabad,1,149
2026-07-03,instamart,18504,hyderabad,1,319
2026-07-03,instamart,68254,chandigarh,1,149
2026-07-03,instamart,792937,bangalore,1,95
2026-07-03,instamart,68254,mumbai,1,149
2026-07-03,instamart,78553,hyderabad,1,99
2026-07-02,instamart,63565,bangalore,2,378
2026-07-02,instamart,63565,mangaluru,2,378
2026-07-02,instamart,78553,bangalore,3,297
2026-07-03,instamart,68254,hyderabad,1,149
2026-07-02,instamart,18503,central goa,2,198
2026-07-02,instamart,68254,guwahati,1,149
2026-07-02,instamart,18503,kolkata,2,198
2026-07-03,instamart,792937,delhi,1,95
2026-07-02,instamart,63565,hyderabad,1,189
2026-07-03,instamart,197453,bangalore,1,169
2026-07-02,instamart,792937,chennai,1,95
2026-07-02,instamart,18503,tirupati,1,99
2026-07-03,instamart,63565,hyderabad,1,189
2026-07-03,instamart,63565,bangalore,1,189
2026-07-03,instamart,792937,bangalore,2,190
2026-07-02,instamart,68254,central goa,3,447
2026-07-03,instamart,18503,thiruvananthapuram,1,99
2026-07-03,instamart,63565,bangalore,3,567
2026-07-02,instamart,63565,bangalore,1,189
2026-07-03,instamart,792937,mumbai,1,95
2026-07-02,instamart,63565,hyderabad,1,189
2026-07-02,instamart,68254,thiruvananthapuram,1,149
2026-07-02,instamart,78553,bangalore,1,99
2026-07-03,instamart,68254,amritsar,1,149
2026-07-03,instamart,18506,bangalore,2,998
2026-07-03,instamart,63565,bangalore,1,189
2026-07-03,instamart,68254,chennai,2,298
2026-07-02,instamart,18504,chennai,1,319
2026-07-02,instamart,63565,central goa,1,189
2026-07-03,instamart,792937,bangalore,1,95
2026-07-03,instamart,18504,chennai,1,319
2026-07-03,instamart,63565,bangalore,1,189
2026-07-03,instamart,18506,hyderabad,1,499
2026-07-02,instamart,78553,ahmedabad,1,99
2026-07-03,instamart,63565,chennai,1,189
2026-07-02,instamart,18503,bangalore,1,99
2026-07-02,instamart,18506,hyderabad,1,499
2026-07-03,instamart,68254,thiruvananthapuram,1,149
2026-07-02,instamart,78553,bangalore,1,99
2026-07-03,instamart,78553,kakinada,1,99
2026-07-03,instamart,792937,hyderabad,2,190
2026-07-03,instamart,792937,mumbai,1,95
2026-07-02,instamart,792937,gurgaon,1,95
2026-07-03,instamart,68254,bangalore,1,149
2026-07-02,instamart,18506,mumbai,1,499
2026-07-02,instamart,18503,bangalore,1,99
2026-07-02,instamart,792937,bangalore,1,95
2026-07-02,instamart,63565,mangaluru,1,189
2026-07-02,instamart,18504,mumbai,2,638
2026-07-03,instamart,18504,chennai,1,319
2026-07-03,instamart,78553,udaipur,1,99
2026-07-03,instamart,78553,vizag,2,198
2026-07-01,instamart,18503,hyderabad,3,297
2026-07-01,instamart,18503,chennai,1,99
2026-07-01,instamart,78553,central goa,1,99
2026-07-01,instamart,792937,bangalore,2,190
2026-07-01,instamart,78553,bhopal,2,198
2026-07-01,instamart,18504,bangalore,1,319
2026-07-01,instamart,63565,mumbai,1,189
2026-07-01,instamart,78553,bangalore,1,99
2026-07-01,instamart,78553,tirupati,1,99
2026-07-01,instamart,18503,gurgaon,1,99
2026-07-01,instamart,63565,bangalore,3,567
2026-07-01,instamart,78553,rajahmundry,1,99
2026-07-01,instamart,18503,bangalore,1,99
2026-07-01,instamart,63565,hyderabad,1,189
2026-07-01,instamart,18503,bhubaneswar,1,99
2026-07-01,instamart,197453,bangalore,2,338
2026-07-01,instamart,63565,mumbai,2,378
2026-07-01,instamart,18503,mumbai,1,99
2026-07-01,instamart,57850,chennai,1,109
2026-07-01,instamart,18504,pune,1,319
2026-07-01,instamart,78553,vadodara,1,99
2026-07-01,instamart,18503,mumbai,1,99
2026-07-01,instamart,792937,bangalore,1,95
2026-07-01,instamart,18503,hyderabad,1,99
2026-07-01,instamart,78553,central goa,1,99
2026-07-01,instamart,18503,mumbai,1,99
2026-07-01,instamart,18506,faridabad,1,499
2026-07-01,instamart,792937,hyderabad,2,190
2026-07-01,instamart,792937,bangalore,2,190
2026-07-01,instamart,63565,mumbai,1,189
2026-07-01,instamart,18506,delhi,1,499
2026-07-01,instamart,78553,vijayawada,1,99
2026-07-01,instamart,63565,chennai,1,189
2026-07-01,instamart,78553,noida 1,1,99
2026-07-01,instamart,78553,faridabad,1,99
2026-07-01,instamart,792937,chennai,1,95
2026-07-01,instamart,792937,bangalore,2,190
2026-07-01,instamart,792937,delhi,3,285
2026-07-01,instamart,18503,jaipur,3,297
2026-07-01,instamart,78553,bangalore,1,99
2026-07-01,instamart,18506,bangalore,1,499
2026-07-01,instamart,78553,ahmedabad,1,99
2026-07-01,instamart,63565,kolkata,1,190
2026-07-01,instamart,792937,belgaum,1,95
2026-07-01,instamart,18503,hyderabad,2,198
2026-07-01,instamart,197453,bangalore,1,169
2026-07-01,instamart,63565,bangalore,1,189
2026-07-01,instamart,18503,hyderabad,1,99
2026-07-01,instamart,18503,mumbai,1,99
2026-07-01,instamart,18504,vizag,1,319
2026-07-01,instamart,68254,chennai,2,298
2026-07-01,instamart,78553,bangalore,2,198
2026-07-01,instamart,78553,mumbai,1,99
2026-07-01,instamart,63565,faridabad,2,378
2026-07-01,instamart,792937,mumbai,1,95
2026-07-01,instamart,78553,bangalore,1,99
2026-07-01,instamart,792937,mumbai,1,95
2026-07-01,instamart,18503,pune,1,99
2026-07-01,instamart,18503,mumbai,1,99
2026-07-01,instamart,18503,central goa,1,99
2026-07-01,instamart,792937,noida 1,1,95
2026-07-01,instamart,78553,mathura,1,99
2026-07-01,instamart,18503,kolkata,2,198
2026-07-01,instamart,18503,bangalore,1,99
2026-07-01,instamart,68254,mumbai,1,149
2026-07-01,instamart,18504,palakkad,1,319
2026-07-01,instamart,63565,kolkata,1,189
2026-07-01,instamart,78553,bangalore,2,198
2026-07-01,instamart,68254,bangalore,2,298
2026-07-01,instamart,63565,bangalore,1,189
2026-07-01,instamart,18504,mumbai,1,319
2026-07-01,instamart,18503,chennai,2,198
2026-07-01,instamart,63565,delhi,1,189
2026-07-01,instamart,18503,hyderabad,1,99
2026-07-01,instamart,18503,delhi,1,99
2026-07-01,instamart,63565,chennai,1,189
2026-07-01,instamart,792937,bangalore,2,190
2026-07-01,instamart,792937,mumbai,1,95
2026-07-01,instamart,792937,chennai,1,95
2026-07-01,instamart,18506,mumbai,2,998
2026-07-01,instamart,18504,kochi,1,319
2026-07-01,instamart,792937,central goa,1,95
2026-07-01,instamart,63565,mumbai,1,189
2026-07-01,instamart,68254,mumbai,1,149
2026-07-01,instamart,78553,vizag,1,99
2026-07-01,instamart,18506,mumbai,1,499
2026-07-01,instamart,78553,lonavla,1,99
2026-07-01,instamart,18503,delhi,1,99
2026-07-01,instamart,792937,delhi,3,285
2026-07-01,instamart,792937,bangalore,1,95
2026-07-01,instamart,63565,mumbai,2,378
2026-07-01,instamart,78553,chennai,1,99
2026-07-01,instamart,792937,hyderabad,2,190
2026-07-01,instamart,68254,mumbai,2,298
2026-07-01,instamart,18504,mumbai,1,319
2026-07-01,instamart,78553,tirupati,1,99
2026-07-01,instamart,78553,pune,1,99
2026-07-01,instamart,792937,delhi,1,95
2026-07-01,instamart,63565,chennai,1,189
2026-07-01,instamart,63565,mumbai,2,378
2026-07-01,instamart,63565,bangalore,2,378
2026-07-01,instamart,792937,chennai,1,95
2026-07-01,instamart,68254,bangalore,1,149
2026-07-01,instamart,197453,hyderabad,1,169
2026-07-01,instamart,63565,bangalore,1,189
2026-07-01,instamart,18503,hyderabad,2,198
2026-07-01,instamart,18504,mumbai,2,638
2026-07-01,instamart,792937,gurgaon,1,95
2026-07-01,instamart,197453,bangalore,2,338
2026-07-01,instamart,792937,hyderabad,1,95
2026-07-01,instamart,792937,bangalore,1,95
2026-07-01,instamart,63565,bangalore,1,189
2026-07-01,instamart,68254,moradabad,1,149
2026-07-01,instamart,792937,delhi,1,95
2026-07-01,instamart,68254,mumbai,1,149
2026-07-01,instamart,63565,chennai,1,189
2026-07-01,instamart,78553,mumbai,1,99
2026-07-01,instamart,78553,vapi,1,99
2026-07-01,instamart,78553,bangalore,1,99
2026-07-01,instamart,792937,mumbai,1,95
2026-07-01,instamart,68254,hyderabad,1,149
2026-07-01,instamart,78553,pune,1,99
2026-07-01,instamart,18503,kakinada,1,99
2026-07-01,instamart,18506,mumbai,1,499
2026-07-01,instamart,68254,mumbai,1,149
2026-07-01,instamart,68254,mumbai,1,149
2026-07-01,instamart,792937,chennai,1,95
2026-07-01,instamart,63565,delhi,1,189
2026-07-01,instamart,18504,rajahmundry,1,319
2026-07-01,instamart,78553,noida 1,1,99
2026-07-01,instamart,792937,mumbai,1,95
2026-07-01,instamart,63565,mumbai,3,567
2026-07-01,instamart,18503,bangalore,1,99
2026-07-01,instamart,792937,bangalore,1,95
2026-07-01,instamart,78553,bangalore,1,99
2026-07-01,instamart,792937,central goa,1,95
2026-07-01,instamart,18506,pune,1,499
2026-07-01,instamart,18504,chennai,2,638
2026-07-01,instamart,18503,hyderabad,1,99
2026-07-01,instamart,63565,delhi,1,189
2026-07-01,instamart,18506,bangalore,1,499
2026-07-01,instamart,18506,mumbai,1,499
2026-07-01,instamart,78553,chennai,1,99
2026-07-01,instamart,792937,pune,2,190
2026-07-01,instamart,63565,mumbai,1,189
2026-07-01,instamart,78553,mysore,1,99
2026-07-01,instamart,792937,hyderabad,3,285
2026-07-01,instamart,63565,mumbai,1,189
2026-07-01,instamart,78553,hyderabad,6,594
2026-07-01,instamart,792937,mumbai,1,95
2026-07-01,instamart,63565,delhi,1,189
2026-07-01,instamart,63565,pune,1,189
2026-07-01,instamart,18504,bangalore,1,319
2026-07-01,instamart,63565,mumbai,1,189
2026-07-01,instamart,68254,mumbai,1,149
2026-07-01,instamart,63565,delhi,1,189
2026-07-01,instamart,18504,hyderabad,2,638
2026-07-01,instamart,78553,chennai,1,99
2026-07-01,instamart,63565,gurgaon,1,189
2026-07-01,instamart,78553,bangalore,1,99
2026-07-01,instamart,792937,delhi,1,95
2026-07-01,instamart,78553,eluru,1,99
2026-07-01,instamart,18504,chennai,2,638
2026-07-01,instamart,18506,bangalore,1,499
2026-07-01,instamart,63565,chennai,1,189
2026-07-01,instamart,18503,hyderabad,1,99
2026-07-01,instamart,68254,pune,1,149
2026-07-01,instamart,18506,patna,1,499
2026-07-01,instamart,78553,vizag,1,99
2026-07-01,instamart,68254,hyderabad,1,149
2026-07-01,instamart,78553,rajahmundry,1,99
2026-07-01,instamart,78553,delhi,1,99
2026-07-01,instamart,18503,hyderabad,1,99
2026-07-01,instamart,18506,ahmedabad,2,998
2026-07-01,instamart,792937,ranchi,1,95
2026-07-01,instamart,792937,mumbai,3,285
2026-07-01,instamart,18504,chennai,2,638
2026-07-01,instamart,18504,mumbai,1,319
2026-07-01,instamart,78553,kakinada,1,99
2026-07-01,instamart,63565,mumbai,2,378
2026-07-01,instamart,18504,vijayawada,1,319
2026-07-01,instamart,78553,tirupati,2,198
2026-07-01,instamart,18504,thiruvalla,1,319
2026-07-01,instamart,18506,aurangabad,1,499
2026-07-01,instamart,197453,hyderabad,1,169
2026-07-01,instamart,792937,noida 1,1,95
2026-07-01,instamart,68254,pune,1,149
2026-07-01,instamart,18503,mumbai,2,198
2026-07-01,instamart,68254,nizamabad,1,149
2026-07-01,instamart,63565,vapi,2,378
2026-07-01,instamart,78553,bangalore,2,198
2026-07-01,instamart,57850,bangalore,2,218
2026-07-01,instamart,792937,bangalore,1,95
2026-07-01,instamart,68254,mumbai,1,149
2026-07-01,instamart,78553,ludhiana,1,99
2026-07-01,instamart,18503,hyderabad,1,99
2026-07-01,instamart,18506,delhi,2,998
2026-07-01,instamart,18504,kolkata,1,319
2026-07-01,instamart,63565,mumbai,2,378
2026-07-01,instamart,68254,hyderabad,1,149
2026-07-01,instamart,63565,delhi,1,189
2026-07-01,instamart,18504,mumbai,1,319
2026-07-01,instamart,63565,chennai,2,378
2026-07-01,instamart,792937,delhi,1,95
2026-07-01,instamart,63565,mumbai,2,378
2026-07-01,instamart,78553,chennai,3,297
2026-07-01,instamart,68254,thiruvananthapuram,1,149
2026-07-01,instamart,792937,pune,2,190
2026-07-01,instamart,63565,gurgaon,1,189
2026-07-01,instamart,68254,hyderabad,2,298
2026-07-01,instamart,792937,delhi,1,99
2026-07-01,instamart,63565,bangalore,1,189
2026-07-01,instamart,68254,bangalore,1,149
2026-07-01,instamart,792937,hyderabad,1,95
2026-07-01,instamart,63565,lucknow,1,189
2026-07-01,instamart,63565,bangalore,1,189
2026-07-01,instamart,78553,ahmedabad,1,99
2026-07-01,instamart,78553,bhopal,1,99
2026-07-01,instamart,792937,mumbai,1,95
2026-07-01,instamart,18506,mumbai,1,499
2026-07-01,instamart,63565,gurgaon,2,378
2026-07-01,instamart,63565,bangalore,1,189
2026-07-01,instamart,68254,eluru,1,149
2026-07-01,instamart,63565,chennai,1,189
2026-07-01,instamart,18503,hyderabad,1,99
2026-07-01,instamart,197453,kolkata,1,169
2026-07-01,instamart,792937,mumbai,2,190
2026-07-01,instamart,78553,chennai,1,99
2026-07-01,instamart,18504,ajmer,1,319
2026-07-01,instamart,63565,mumbai,1,189
2026-07-01,instamart,792937,mumbai,1,95
2026-07-01,instamart,18504,mumbai,1,319
2026-07-01,instamart,78553,vijayawada,2,198
2026-07-01,instamart,792937,hyderabad,2,190
2026-07-01,instamart,18503,bangalore,3,297
2026-07-01,instamart,18503,delhi,1,99
2026-07-01,instamart,197453,kolkata,1,169
2026-07-01,instamart,18504,patna,1,319
2026-07-01,instamart,792937,mumbai,1,95
2026-07-01,instamart,63565,hyderabad,1,189
2026-07-01,instamart,78553,delhi,1,99
2026-07-01,instamart,68254,chennai,1,149
2026-07-01,instamart,792937,mumbai,2,190
2026-07-01,instamart,18504,silchar,1,319
2026-07-01,instamart,63565,kolkata,2,378
2026-07-01,instamart,18503,kolkata,1,99
2026-07-01,instamart,78553,bangalore,1,99
2026-07-01,instamart,63565,hyderabad,1,189
2026-07-01,instamart,63565,chennai,1,189
2026-07-01,instamart,78553,bangalore,1,99
2026-07-01,instamart,18504,chennai,1,319
2026-07-01,instamart,68254,hyderabad,2,298
2026-07-01,instamart,68254,mumbai,2,298
2026-07-01,instamart,78553,ahmedabad,1,99
2026-07-01,instamart,78553,bangalore,1,99
2026-07-01,instamart,68254,chennai,1,149
2026-07-01,instamart,78553,chennai,1,99
2026-07-01,instamart,292876,patna,1,125
2026-07-01,instamart,63565,mumbai,4,756
2026-07-01,instamart,18504,thrissur,2,638
2026-07-01,instamart,63565,delhi,1,189
2026-07-01,instamart,792937,hyderabad,1,95
2026-07-01,instamart,792937,faridabad,2,190
2026-07-01,instamart,18503,central goa,1,99
2026-07-01,instamart,63565,chennai,1,189
2026-07-01,instamart,18503,chennai,1,99
2026-07-01,instamart,18503,delhi,1,99
2026-07-01,instamart,18504,hyderabad,1,319
2026-07-01,instamart,68254,bangalore,1,149
2026-07-01,instamart,63565,mumbai,1,189
2026-07-01,instamart,18504,kolkata,2,638
2026-07-01,instamart,18503,bangalore,1,99
2026-07-01,instamart,197453,pune,1,169
2026-07-01,instamart,18503,bangalore,1,99
2026-07-01,instamart,792937,bangalore,1,95
2026-07-01,instamart,18503,chennai,3,297
2026-07-01,instamart,78553,bangalore,1,99
2026-07-01,instamart,18503,gurgaon,1,99
2026-07-01,instamart,18504,madurai,1,319
2026-07-01,instamart,63565,gurgaon,1,189
2026-07-01,instamart,18503,hyderabad,1,99
2026-07-01,instamart,63565,bangalore,1,189
2026-07-01,instamart,78553,central goa,1,99
2026-07-01,instamart,792937,pune,1,95
2026-07-01,instamart,63565,anantapur,1,189
2026-07-01,instamart,78553,bangalore,1,99
2026-07-01,instamart,792937,bangalore,1,95
2026-07-01,instamart,18506,mumbai,1,499
2026-07-01,instamart,18503,hyderabad,1,99
2026-07-01,instamart,63565,hyderabad,1,189
2026-07-01,instamart,18506,aurangabad,1,499
2026-07-01,instamart,792937,rohtak,2,190
2026-07-06,instamart,57850,ahmedabad,2,218
2026-07-07,instamart,78553,rajkot,1,99
2026-07-06,instamart,78553,vapi,1,99
2026-07-07,instamart,18503,pune,1,99
2026-07-06,instamart,78553,kochi,1,99
2026-07-06,instamart,18504,bangalore,1,319
2026-07-07,instamart,18504,vijayawada,1,319
2026-07-06,instamart,63565,bangalore,1,189
2026-07-01,instamart,68254,bangalore,2,298
2026-07-01,instamart,63565,bangalore,1,189
2026-07-01,instamart,792937,kurnool,1,95
2026-07-01,instamart,18504,bangalore,1,319
2026-07-01,instamart,68254,hyderabad,1,149
2026-07-01,instamart,63565,delhi,1,189
2026-07-01,instamart,78553,chennai,1,99
2026-07-01,instamart,18503,noida 1,1,99
2026-07-01,instamart,18506,patna,1,499
2026-07-01,instamart,792937,bhubaneswar,1,95
2026-07-01,instamart,18503,pune,1,99
2026-07-01,instamart,63565,delhi,1,189
2026-07-01,instamart,63565,delhi,1,189
2026-07-01,instamart,68254,chennai,1,149
2026-07-01,instamart,792937,chennai,1,95
2026-07-01,instamart,63565,mumbai,1,189
2026-07-01,instamart,792937,kurnool,1,95
2026-07-01,instamart,63565,hyderabad,2,378
2026-07-01,instamart,63565,delhi,1,189
2026-07-01,instamart,68254,mumbai,1,149
2026-07-01,instamart,18503,hyderabad,1,99
2026-07-01,instamart,63565,bangalore,1,189
2026-07-01,instamart,63565,chennai,1,189
2026-07-01,instamart,792937,bangalore,1,95
2026-07-01,instamart,68254,hyderabad,1,149
2026-07-01,instamart,63565,mumbai,1,189
2026-07-01,instamart,63565,kanpur,1,189
2026-07-01,instamart,18504,pune,1,319
2026-07-01,instamart,68254,hyderabad,1,149
2026-07-01,instamart,792937,mangaluru,1,95
2026-07-01,instamart,78553,dehradun,1,99
2026-07-01,instamart,18503,pune,1,99
2026-07-01,instamart,68254,bangalore,2,298
2026-07-01,instamart,78553,noida,1,99
2026-07-01,instamart,792937,mumbai,1,95
2026-07-01,instamart,292876,hyderabad,1,125
2026-07-01,instamart,18503,pondicherry,1,99
2026-07-01,instamart,78553,hyderabad,1,99
2026-07-01,instamart,197453,bangalore,1,169
2026-07-01,instamart,18504,jaipur,1,319
2026-07-01,instamart,18504,hyderabad,2,638
2026-07-01,instamart,63565,bangalore,2,378
2026-07-01,instamart,18503,bangalore,1,99
2026-07-01,instamart,18503,kochi,1,99
2026-07-01,instamart,63565,bangalore,3,567
2026-07-01,instamart,792937,pune,1,95
2026-07-01,instamart,792937,hyderabad,2,190
2026-07-01,instamart,792937,hyderabad,1,95
2026-07-01,instamart,792937,delhi,1,95
2026-07-01,instamart,63565,hyderabad,1,189
2026-07-06,instamart,68254,chennai,2,298
2026-07-06,instamart,68254,chennai,2,298
2026-07-06,instamart,197453,bangalore,1,169
2026-07-07,instamart,68254,bangalore,1,149
2026-07-06,instamart,68254,bangalore,1,149
2026-07-07,instamart,792937,bangalore,1,95
2026-07-07,instamart,792937,nagpur,1,95
2026-07-06,instamart,18503,hyderabad,1,99
2026-07-07,instamart,68254,chennai,1,149
2026-07-06,instamart,63565,mumbai,2,378
2026-07-06,instamart,18503,bangalore,2,198
2026-07-07,instamart,78553,bangalore,1,99
2026-07-01,instamart,18504,central goa,1,319
2026-07-01,instamart,68254,delhi,1,149
2026-07-01,instamart,197453,bangalore,1,169
2026-07-01,instamart,63565,bangalore,1,189
2026-07-01,instamart,792937,bangalore,1,95
2026-07-01,instamart,792937,gurgaon,2,190
2026-07-01,instamart,792937,jaipur,1,95
2026-07-01,instamart,792937,bangalore,1,95
2026-07-01,instamart,78553,bangalore,1,99
2026-07-01,instamart,63565,nagpur,2,378
2026-07-01,instamart,18506,pune,1,499
2026-07-01,instamart,78553,chennai,2,198
2026-07-01,instamart,63565,delhi,2,378
2026-07-01,instamart,78553,bangalore,1,99
2026-07-01,instamart,792937,delhi,2,190
2026-07-01,instamart,792937,chennai,1,95
2026-07-01,instamart,63565,vadodara,1,189
2026-07-01,instamart,18503,hyderabad,1,99
2026-07-01,instamart,78553,bangalore,1,99
2026-07-01,instamart,63565,mumbai,2,378
2026-07-01,instamart,792937,delhi,1,99
2026-07-01,instamart,18506,pune,1,499
2026-07-01,instamart,63565,mumbai,2,378
2026-07-01,instamart,792937,central goa,1,95
2026-07-01,instamart,68254,bangalore,1,149
2026-07-01,instamart,63565,pune,1,189
2026-07-01,instamart,18503,pune,1,99
2026-07-07,instamart,792937,mumbai,3,285
2026-07-06,instamart,197453,hyderabad,1,169
2026-07-07,instamart,197453,bangalore,1,169
2026-07-07,instamart,63565,pune,1,189
2026-07-06,instamart,18504,mumbai,1,319
2026-07-07,instamart,63565,gurgaon,1,189
2026-07-07,instamart,63565,delhi,1,189
2026-07-06,instamart,78553,bangalore,1,99
2026-07-06,instamart,18503,hyderabad,1,99
2026-07-07,instamart,18504,mumbai,1,319
2026-07-06,instamart,18504,mumbai,1,319
2026-07-06,instamart,18503,bangalore,1,99
2026-07-06,instamart,18503,bangalore,1,99
2026-07-06,instamart,63565,mumbai,1,189
2026-07-06,instamart,78553,pune,1,99
2026-07-06,instamart,18504,pune,1,319
2026-07-06,instamart,792937,bangalore,1,95
2026-07-01,instamart,18503,mumbai,1,99
2026-07-01,instamart,792937,hyderabad,1,95
2026-07-01,instamart,63565,moradabad,1,189
2026-07-01,instamart,792937,hyderabad,1,95
2026-07-01,instamart,18503,mumbai,1,99
2026-07-01,instamart,78553,chennai,1,99
2026-07-01,instamart,78553,chandigarh,1,99
2026-07-01,instamart,792937,chennai,2,190
2026-07-01,instamart,68254,chennai,1,149
2026-07-01,instamart,792937,delhi,1,95
2026-07-01,instamart,63565,mumbai,1,189
2026-07-01,instamart,18504,kottayam,1,319
2026-07-01,instamart,792937,bangalore,1,95
2026-07-01,instamart,63565,bangalore,1,189
2026-07-01,instamart,18503,bangalore,3,297
2026-07-01,instamart,78553,mysore,1,99
2026-07-01,instamart,78553,guntur,1,99
2026-07-01,instamart,63565,vadodara,1,189
2026-07-01,instamart,792937,hyderabad,1,95
2026-07-01,instamart,68254,karimnagar,1,149
2026-07-01,instamart,78553,central goa,1,99
2026-07-01,instamart,792937,bangalore,1,95
2026-07-01,instamart,78553,kolkata,1,99
2026-07-06,instamart,78553,mumbai,1,99
2026-07-06,instamart,18506,bangalore,1,499
2026-07-07,instamart,63565,pune,2,378
2026-07-06,instamart,18503,central goa,1,99
2026-07-07,instamart,78553,pune,2,198
2026-07-07,instamart,63565,bangalore,2,378
2026-07-01,instamart,18503,gurgaon,3,297
2026-07-01,instamart,18503,bangalore,1,99
2026-07-01,instamart,18506,bangalore,1,499
2026-07-01,instamart,78553,pune,1,99
2026-07-01,instamart,63565,gurgaon,1,189
2026-07-07,instamart,792937,bangalore,3,285
2026-07-06,instamart,792937,mumbai,1,95
2026-07-07,instamart,68254,bangalore,1,149
2026-07-06,instamart,792937,chennai,1,95
2026-07-07,instamart,18503,pune,1,99
2026-07-07,instamart,792937,hyderabad,1,95
2026-07-07,instamart,18504,kolkata,1,319
2026-07-06,instamart,792937,mumbai,1,95
2026-07-07,instamart,792937,pune,1,95
2026-07-07,instamart,78553,agra,1,99
2026-07-06,instamart,78553,chennai,1,99
2026-07-07,instamart,68254,mumbai,1,149
2026-07-06,instamart,18503,chennai,1,99
2026-07-07,instamart,63565,mysore,1,189
2026-07-07,instamart,78553,bangalore,1,99
2026-07-06,instamart,18503,hyderabad,1,99
2026-07-06,instamart,18503,gurgaon,1,99
2026-07-07,instamart,63565,mumbai,1,189
2026-07-06,instamart,18503,bangalore,1,99
2026-07-06,instamart,63565,mumbai,1,189
2026-07-07,instamart,78553,mysore,2,198
2026-07-06,instamart,78553,central goa,2,198
2026-07-06,instamart,18504,hyderabad,2,638
2026-07-06,instamart,78553,kochi,1,99
2026-07-07,instamart,792937,warangal,1,95
2026-07-06,instamart,792937,bangalore,1,95
2026-07-06,instamart,68254,bangalore,1,149
2026-07-06,instamart,63565,kanpur,1,189
2026-07-06,instamart,18504,kolkata,1,319
2026-07-07,instamart,18506,chennai,1,499
2026-07-06,instamart,18503,mumbai,1,99
2026-07-06,instamart,18503,hyderabad,2,198
2026-07-06,instamart,18503,central goa,1,99
2026-07-07,instamart,68254,bangalore,1,149
2026-07-06,instamart,78553,bangalore,2,198
2026-07-06,instamart,78553,surat,1,99
2026-07-06,instamart,63565,bangalore,1,189
2026-07-06,instamart,792937,bangalore,1,95
2026-07-07,instamart,78553,chennai,1,99
2026-07-06,instamart,18504,bangalore,1,319
2026-07-01,instamart,18504,mumbai,2,638
2026-07-01,instamart,68254,gurgaon,1,149
2026-07-01,instamart,18503,hyderabad,1,99
2026-07-01,instamart,18504,mumbai,1,319
2026-07-01,instamart,792937,bangalore,1,95
2026-07-01,instamart,792937,bangalore,1,95
2026-07-01,instamart,792937,nagpur,1,95
2026-07-01,instamart,68254,hyderabad,1,149
2026-07-06,instamart,792937,delhi,1,95
2026-07-06,instamart,18503,bangalore,1,99
2026-07-07,instamart,63565,mumbai,1,189
2026-07-06,instamart,197453,hyderabad,1,169
2026-07-06,instamart,197453,noida 1,1,169
2026-07-07,instamart,18503,hyderabad,2,198
2026-07-07,instamart,63565,bangalore,1,189
2026-07-06,instamart,792937,mumbai,1,95
2026-07-07,instamart,78553,mumbai,1,99
2026-07-07,instamart,63565,delhi,1,189
2026-07-07,instamart,78553,kochi,1,99
2026-07-07,instamart,18504,vizag,1,319
2026-07-06,instamart,63565,hyderabad,1,189
2026-07-06,instamart,78553,central goa,1,99
2026-07-06,instamart,792937,hyderabad,2,190
2026-07-07,instamart,63565,bangalore,1,189
2026-07-06,instamart,18504,mumbai,1,319
2026-07-07,instamart,18503,bhubaneswar,2,198
2026-07-06,instamart,68254,hyderabad,1,149
2026-07-07,instamart,78553,chennai,1,99
2026-07-07,instamart,63565,nagpur,1,189
2026-07-07,instamart,63565,bangalore,1,189
2026-07-07,instamart,792937,mumbai,1,95
2026-07-06,instamart,792937,chennai,1,95
2026-07-06,instamart,792937,chennai,3,285
2026-07-06,instamart,18506,delhi,2,998
2026-07-07,instamart,63565,mangaluru,1,189
2026-07-06,instamart,18504,noida,1,339
2026-07-06,instamart,78553,rajkot,1,99
2026-07-06,instamart,78553,kochi,1,99
2026-07-07,instamart,68254,delhi,1,149
2026-07-06,instamart,78553,pune,1,99
2026-07-07,instamart,792937,mumbai,1,95
2026-07-07,instamart,792937,hyderabad,1,95
2026-07-06,instamart,78553,pune,1,99
2026-07-07,instamart,792937,bangalore,1,95
2026-07-07,instamart,18503,gurgaon,1,99
2026-07-07,instamart,78553,chennai,1,99
2026-07-06,instamart,63565,hyderabad,2,378
2026-07-07,instamart,18503,pune,3,297
2026-07-06,instamart,78553,chennai,1,99
2026-07-06,instamart,78553,delhi,1,99
2026-07-06,instamart,18503,patna,1,99
2026-07-07,instamart,792937,delhi,1,95
2026-07-06,instamart,792937,pune,1,95
2026-07-06,instamart,18503,bhubaneswar,1,99
2026-07-06,instamart,18503,nellore,1,99
2026-07-07,instamart,792937,bangalore,1,95
2026-07-06,instamart,792937,mumbai,1,95
2026-07-07,instamart,78553,indore,1,99
2026-07-07,instamart,197453,hyderabad,2,338
2026-07-07,instamart,18503,hyderabad,3,297
2026-07-01,instamart,68254,hyderabad,1,149
2026-07-01,instamart,78553,bangalore,1,99
2026-07-01,instamart,792937,gurgaon,1,95
2026-07-01,instamart,18506,mumbai,1,499
2026-07-01,instamart,18504,hyderabad,1,319
2026-07-06,instamart,18506,bangalore,1,499
2026-07-07,instamart,63565,hyderabad,1,189
2026-07-06,instamart,18504,noida 1,1,339
2026-07-06,instamart,78553,bangalore,1,99
2026-07-06,instamart,792937,mumbai,2,190
2026-07-06,instamart,68254,pune,1,149
2026-07-06,instamart,18503,bangalore,2,198
2026-07-07,instamart,78553,thiruvananthapuram,1,99
2026-07-06,instamart,792937,central goa,1,95
2026-07-06,instamart,63565,pune,1,189
2026-07-07,instamart,78553,bangalore,1,99
2026-07-06,instamart,78553,vadodara,1,99
2026-07-07,instamart,18503,bangalore,3,297
2026-07-07,instamart,63565,delhi,1,189
2026-07-06,instamart,57850,bangalore,2,218
2026-07-06,instamart,18506,bangalore,1,499
2026-07-07,instamart,197453,mysore,1,169
2026-07-07,instamart,18503,kolkata,2,198
2026-07-07,instamart,792937,delhi,1,95
2026-07-07,instamart,78553,mumbai,1,99
2026-07-07,instamart,18506,delhi,1,499
2026-07-01,instamart,63565,bangalore,1,189
2026-07-01,instamart,18503,bangalore,1,99
2026-07-01,instamart,792937,gurgaon,2,190
2026-07-01,instamart,78553,vijayawada,1,99
2026-07-01,instamart,18504,mumbai,1,319
2026-07-01,instamart,792937,bangalore,2,190
2026-07-06,instamart,63565,bangalore,1,189
2026-07-06,instamart,68254,guntur,1,149
2026-07-06,instamart,63565,bangalore,1,189
2026-07-07,instamart,18504,vizag,1,319
2026-07-06,instamart,63565,mumbai,1,189
2026-07-06,instamart,63565,bangalore,1,189
2026-07-07,instamart,68254,thrissur,1,149
2026-07-07,instamart,78553,bangalore,2,198
2026-07-01,instamart,18504,vizag,1,319
2026-07-01,instamart,792937,chennai,2,190
2026-07-01,instamart,63565,hyderabad,1,189
2026-07-01,instamart,78553,central goa,1,99
2026-07-01,instamart,792937,mumbai,1,95
2026-07-01,instamart,78553,vizag,2,198
2026-07-07,instamart,63565,chennai,1,189
2026-07-06,instamart,292876,rohtak,1,125
2026-07-07,instamart,63565,mumbai,1,189
2026-07-07,instamart,18503,chennai,1,99
2026-07-06,instamart,78553,bhopal,1,99
2026-07-06,instamart,63565,delhi,1,189
2026-07-07,instamart,78553,mumbai,1,99
2026-07-07,instamart,57850,bangalore,1,109
2026-07-07,instamart,18503,mysore,1,99
2026-07-07,instamart,63565,mumbai,1,189
2026-07-07,instamart,792937,bangalore,1,95
2026-07-06,instamart,18503,chennai,1,99
2026-07-06,instamart,18503,hyderabad,1,99
2026-07-06,instamart,18503,pune,1,99
2026-07-07,instamart,78553,bangalore,1,99
2026-07-07,instamart,18503,hyderabad,2,198
2026-07-07,instamart,68254,khammam,1,149
2026-07-07,instamart,78553,jaipur,1,99
2026-07-07,instamart,18504,bangalore,1,319
2026-07-07,instamart,18506,patiala,1,499
2026-07-07,instamart,68254,hyderabad,1,149
2026-07-06,instamart,792937,chennai,3,285
2026-07-07,instamart,63565,delhi,1,189
2026-07-06,instamart,792937,hyderabad,2,190
2026-07-07,instamart,792937,chennai,1,95
2026-07-07,instamart,197453,central goa,1,169
2026-07-07,instamart,63565,mumbai,1,189
2026-07-06,instamart,78553,chennai,1,99
2026-07-01,instamart,792937,hyderabad,1,95
2026-07-01,instamart,68254,noida 1,1,149
2026-07-01,instamart,63565,bangalore,1,189
2026-07-01,instamart,63565,mumbai,1,189
2026-07-01,instamart,63565,kolkata,1,189
2026-07-07,instamart,18506,mumbai,1,499
2026-07-06,instamart,78553,bangalore,1,99
2026-07-07,instamart,78553,berhampur,1,99
2026-07-06,instamart,63565,mumbai,1,189
2026-07-07,instamart,78553,thiruvananthapuram,1,99
2026-07-06,instamart,792937,bangalore,2,190
2026-07-07,instamart,78553,pune,1,99
2026-07-07,instamart,63565,mumbai,5,945
2026-07-06,instamart,18503,bangalore,1,99
2026-07-06,instamart,78553,faridabad,1,99
2026-07-06,instamart,68254,gurgaon,1,149
2026-07-07,instamart,63565,belgaum,1,189
2026-07-07,instamart,68254,mumbai,1,149
2026-07-06,instamart,78553,ahmedabad,1,99
2026-07-07,instamart,18506,chennai,2,998
2026-07-07,instamart,197453,kolkata,2,338
2026-07-07,instamart,63565,noida,1,189
2026-07-06,instamart,68254,bangalore,1,149
2026-07-07,instamart,68254,hyderabad,1,149
2026-07-06,instamart,63565,bangalore,1,189
2026-07-06,instamart,63565,mumbai,3,567
2026-07-06,instamart,18506,mumbai,1,499
2026-07-07,instamart,63565,mumbai,1,189
2026-07-06,instamart,18504,mumbai,3,957
2026-07-07,instamart,18506,mumbai,2,998
2026-07-07,instamart,18503,bhubaneswar,1,99
2026-07-07,instamart,18503,noida 1,2,198
2026-07-07,instamart,792937,bangalore,1,95
2026-07-07,instamart,78553,mumbai,1,99
2026-07-06,instamart,792937,hyderabad,1,95
2026-07-06,instamart,792937,bangalore,2,190
2026-07-07,instamart,792937,delhi,1,95
2026-07-06,instamart,68254,bangalore,1,149
2026-07-06,instamart,792937,bangalore,2,190
2026-07-07,instamart,792937,mumbai,4,380
2026-07-07,instamart,68254,mumbai,2,298
2026-07-07,instamart,18503,warangal,3,297
2026-07-07,instamart,792937,bangalore,1,95
2026-07-07,instamart,63565,amritsar,1,189
2026-07-07,instamart,63565,pune,1,189
2026-07-06,instamart,18504,bangalore,1,319
2026-07-07,instamart,68254,bangalore,1,149
2026-07-06,instamart,18504,mumbai,1,319
2026-07-06,instamart,63565,pune,4,756
2026-07-06,instamart,18504,bangalore,1,319
2026-07-07,instamart,18504,mumbai,1,319
2026-07-06,instamart,68254,kolkata,1,149
2026-07-07,instamart,68254,mumbai,1,149
2026-07-06,instamart,18503,mumbai,1,99
2026-07-07,instamart,68254,bangalore,1,149
2026-07-06,instamart,63565,roorkee,1,189
2026-07-07,instamart,18504,pune,1,319
2026-07-06,instamart,78553,bangalore,1,99
2026-07-07,instamart,63565,pune,1,189
2026-07-07,instamart,18503,gurgaon,1,99
2026-07-06,instamart,792937,bangalore,1,95
2026-07-07,instamart,18506,delhi,1,499
2026-07-06,instamart,792937,pune,1,95
2026-07-06,instamart,792937,chennai,1,95
2026-07-06,instamart,78553,pune,1,99
2026-07-06,instamart,78553,latur,1,99
2026-07-07,instamart,792937,bangalore,1,95
2026-07-06,instamart,63565,bangalore,1,189
2026-07-07,instamart,78553,bangalore,1,99
2026-07-06,instamart,78553,mumbai,1,99
2026-07-07,instamart,63565,chennai,1,189
2026-07-06,instamart,18504,coimbatore,1,319
2026-07-07,instamart,18503,delhi,2,198
2026-07-07,instamart,792937,mumbai,2,190
2026-07-06,instamart,78553,bangalore,1,99
2026-07-06,instamart,18506,kolkata,1,499
2026-07-06,instamart,63565,bangalore,1,189
2026-07-06,instamart,18504,bangalore,1,319
2026-07-07,instamart,18504,chennai,1,319
2026-07-06,instamart,18503,bangalore,1,99
2026-07-06,instamart,18503,pune,1,99
2026-07-07,instamart,18503,patna,1,99
2026-07-07,instamart,18503,hyderabad,1,99
2026-07-07,instamart,78553,kochi,1,99
2026-07-06,instamart,18503,pune,1,99
2026-07-07,instamart,63565,mumbai,1,189
2026-07-06,instamart,78553,central goa,1,99
2026-07-06,instamart,18506,hyderabad,1,499
2026-07-06,instamart,792937,bangalore,1,95
2026-07-07,instamart,18506,aurangabad,1,499
2026-07-07,instamart,792937,bangalore,1,95
2026-07-07,instamart,792937,gurgaon,1,95
2026-07-07,instamart,18503,gurgaon,2,198
2026-07-06,instamart,18503,bangalore,2,198
2026-07-07,instamart,78553,mumbai,1,99
2026-07-07,instamart,78553,chennai,2,198
2026-07-06,instamart,18506,ahmedabad,1,499
2026-07-06,instamart,63565,pune,1,189
2026-07-07,instamart,792937,pune,1,95
2026-07-06,instamart,792937,chennai,1,95
2026-07-07,instamart,63565,noida 1,1,189
2026-07-07,instamart,78553,bangalore,1,99
2026-07-06,instamart,18504,hyderabad,1,319
2026-07-07,instamart,78553,mumbai,1,99
2026-07-07,instamart,18504,pune,1,319
2026-07-07,instamart,18506,mumbai,2,998
2026-07-07,instamart,18504,kolkata,1,319
2026-07-07,instamart,78553,bangalore,2,198
2026-07-06,instamart,78553,bangalore,3,297
2026-07-07,instamart,792937,hyderabad,3,285
2026-07-07,instamart,792937,gurgaon,1,95
2026-07-06,instamart,78553,lucknow,1,99
2026-07-06,instamart,18504,thiruvananthapuram,2,638
2026-07-07,instamart,78553,chennai,1,99
2026-07-07,instamart,792937,bangalore,1,95
2026-07-06,instamart,18503,mangaluru,1,99
2026-07-07,instamart,68254,kolkata,1,149
2026-07-07,instamart,18506,pune,1,499
2026-07-06,instamart,792937,hyderabad,2,190
2026-07-06,instamart,18503,mumbai,1,99
2026-07-07,instamart,792937,bangalore,1,95
2026-07-06,instamart,63565,chennai,1,189
2026-07-07,instamart,78553,bangalore,1,99
2026-07-06,instamart,18504,bangalore,1,319
2026-07-06,instamart,78553,central goa,1,99
2026-07-07,instamart,78553,bangalore,1,99
2026-07-06,instamart,18503,central goa,1,99
2026-07-07,instamart,68254,thiruvananthapuram,1,149
2026-07-07,instamart,792937,hyderabad,1,95
2026-07-07,instamart,792937,bangalore,4,380
2026-07-07,instamart,18506,udaipur,1,499
2026-07-06,instamart,63565,delhi,1,189
2026-07-07,instamart,78553,mumbai,1,99
2026-07-07,instamart,197453,trichy,1,169
2026-07-06,instamart,63565,lucknow,1,189
2026-07-06,instamart,68254,bangalore,1,149
2026-07-07,instamart,63565,chandigarh,1,189
2026-07-07,instamart,78553,central goa,1,99
2026-07-06,instamart,792937,delhi,2,190
2026-07-06,instamart,18503,pune,2,198
2026-07-07,instamart,78553,bangalore,3,297
2026-07-06,instamart,792937,delhi,3,285
2026-07-07,instamart,63565,hyderabad,1,189
2026-07-06,instamart,18503,mumbai,1,99
2026-07-07,instamart,78553,bangalore,1,99
2026-07-06,instamart,792937,bangalore,1,95
2026-07-06,instamart,18504,kolkata,1,319
2026-07-06,instamart,792937,chennai,1,95
2026-07-07,instamart,68254,pune,1,149
2026-07-06,instamart,18504,hyderabad,1,319
2026-07-06,instamart,18503,pune,1,99
2026-07-07,instamart,78553,chennai,1,99
2026-07-07,instamart,18504,bangalore,1,319
2026-07-07,instamart,63565,dehradun,1,189
2026-07-06,instamart,792937,bangalore,1,95
2026-07-06,instamart,78553,bangalore,1,99
2026-07-06,instamart,63565,gurgaon,2,378
2026-07-06,instamart,18503,hyderabad,1,99
2026-07-06,instamart,792937,noida 1,1,95
2026-07-06,instamart,18504,bangalore,1,319
2026-07-06,instamart,18503,chennai,1,99
2026-07-06,instamart,78553,bangalore,3,297
2026-07-07,instamart,68254,bangalore,2,298
2026-07-07,instamart,18503,mumbai,1,99
2026-07-07,instamart,78553,bangalore,1,99
2026-07-07,instamart,78553,bangalore,1,99
2026-07-07,instamart,18504,thiruvananthapuram,1,319
2026-07-07,instamart,18503,bangalore,1,99
2026-07-07,instamart,18504,kakinada,1,319
2026-07-07,instamart,78553,latur,1,99
2026-07-07,instamart,63565,jaipur,1,189
2026-07-07,instamart,792937,chandigarh,1,95
2026-07-07,instamart,18504,pune,1,319
2026-07-07,instamart,197453,chennai,1,169
2026-07-06,instamart,18503,chennai,3,297
2026-07-06,instamart,792937,bangalore,1,95
2026-07-07,instamart,292876,rajkot,1,125
2026-07-07,instamart,78553,mysore,2,198
2026-07-07,instamart,78553,vizag,1,99
2026-07-07,instamart,63565,pune,1,189
2026-07-07,instamart,57850,bangalore,1,109
2026-07-07,instamart,18506,delhi,1,499
2026-07-07,instamart,792937,pune,1,95
2026-07-07,instamart,18504,mumbai,1,319
2026-07-06,instamart,63565,rajkot,1,189
2026-07-07,instamart,63565,mumbai,1,189
2026-07-07,instamart,792937,central goa,1,95
2026-07-06,instamart,78553,bangalore,1,99
2026-07-07,instamart,18503,bangalore,1,99
2026-07-06,instamart,18503,delhi,1,99
2026-07-06,instamart,792937,hyderabad,1,95
2026-07-07,instamart,792937,mumbai,9,855
2026-07-06,instamart,78553,central goa,1,99
2026-07-06,instamart,78553,chennai,1,99
2026-07-07,instamart,18504,chennai,1,319
2026-07-07,instamart,792937,bangalore,1,95
2026-07-06,instamart,792937,bangalore,1,95
2026-07-06,instamart,63565,bangalore,1,189
2026-07-06,instamart,78553,nagpur,1,99
2026-07-07,instamart,18506,kolkata,1,499
2026-07-06,instamart,18504,bangalore,1,319
2026-07-06,instamart,18503,hyderabad,1,99
2026-07-06,instamart,18504,aurangabad,1,319
2026-07-06,instamart,18503,nellore,2,198
2026-07-07,instamart,63565,noida,1,189
2026-07-06,instamart,78553,ranchi,1,99
2026-07-07,instamart,63565,pune,1,189
2026-07-06,instamart,63565,chennai,1,189
2026-07-06,instamart,78553,kochi,1,99
2026-07-07,instamart,18503,delhi,2,198
2026-07-07,instamart,18503,bilaspur,2,198
2026-07-06,instamart,792937,delhi,1,95
2026-07-06,instamart,78553,noida 1,1,99
2026-07-06,instamart,63565,manipal,1,189
2026-07-06,instamart,63565,noida 1,1,189
2026-07-07,instamart,18503,chennai,1,99
2026-07-06,instamart,78553,noida 1,1,99
2026-07-06,instamart,792937,bangalore,1,95
2026-07-07,instamart,18504,vadodara,1,319
2026-07-07,instamart,63565,mumbai,2,378
2026-07-07,instamart,792937,chennai,1,95
2026-07-06,instamart,18504,salem,2,638
2026-07-07,instamart,68254,mumbai,2,298
2026-07-07,instamart,57850,kanpur,1,109
2026-07-06,instamart,78553,bangalore,1,99
2026-07-06,instamart,78553,chennai,1,99
2026-07-06,instamart,197453,hyderabad,1,169
2026-07-06,instamart,78553,mumbai,1,99
2026-07-07,instamart,792937,bhubaneswar,1,95
2026-07-06,instamart,792937,noida 1,1,95
2026-07-06,instamart,18504,bangalore,1,319
2026-07-06,instamart,18503,chennai,1,99
2026-07-06,instamart,18503,hyderabad,1,99
2026-07-07,instamart,78553,bangalore,2,198
2026-07-06,instamart,78553,kochi,1,99
2026-07-06,instamart,63565,bangalore,2,378
2026-07-07,instamart,63565,bangalore,2,378
2026-07-06,instamart,63565,kolkata,1,189
2026-07-06,instamart,78553,central goa,2,198
2026-07-07,instamart,78553,kottayam,1,99
2026-07-06,instamart,792937,chennai,1,95
2026-07-06,instamart,792937,gurgaon,1,95
2026-07-07,instamart,68254,chennai,1,149
2026-07-07,instamart,18503,hyderabad,1,99
2026-07-06,instamart,18503,hyderabad,1,99
2026-07-07,instamart,78553,thiruvananthapuram,1,99
2026-07-06,instamart,792937,bangalore,1,95
2026-07-06,instamart,63565,bangalore,1,189
2026-07-07,instamart,792937,bangalore,1,95
2026-07-06,instamart,18506,noida 1,2,998
2026-07-06,instamart,78553,pune,1,99
2026-07-06,instamart,792937,bangalore,2,190
2026-07-06,instamart,18503,mumbai,1,99
2026-07-06,instamart,792937,bangalore,1,95
2026-07-06,instamart,78553,bangalore,3,297
2026-07-07,instamart,18503,mumbai,1,99
2026-07-06,instamart,792937,bangalore,1,95
2026-07-06,instamart,18503,bangalore,2,198
2026-07-06,instamart,68254,hyderabad,2,298
2026-07-07,instamart,18503,chennai,1,99
2026-07-06,instamart,78553,hyderabad,1,99
2026-07-06,instamart,792937,hyderabad,1,95
2026-07-07,instamart,792937,delhi,1,95
2026-07-07,instamart,18503,chennai,1,99
2026-07-07,instamart,18506,mysore,1,499
2026-07-06,instamart,63565,pune,1,189
2026-07-06,instamart,68254,mumbai,1,149
2026-07-06,instamart,18506,delhi,2,898
2026-07-06,instamart,68254,gurgaon,1,149
2026-07-07,instamart,18504,mumbai,1,319
2026-07-06,instamart,18503,noida,1,99
2026-07-07,instamart,78553,bangalore,1,99
2026-07-06,instamart,18504,kochi,1,319
2026-07-06,instamart,792937,chennai,1,95
2026-07-07,instamart,18506,mumbai,1,499
2026-07-07,instamart,63565,pune,1,189
2026-07-07,instamart,18503,pune,1,99
2026-07-06,instamart,63565,pune,1,189
2026-07-07,instamart,63565,pune,2,378
2026-07-06,instamart,78553,bangalore,1,99
2026-07-06,instamart,68254,delhi,1,149
2026-07-06,instamart,792937,hyderabad,2,190
2026-07-06,instamart,792937,central goa,1,95
2026-07-06,instamart,63565,bangalore,1,189
2026-07-07,instamart,18503,chennai,1,99
2026-07-07,instamart,792937,hyderabad,1,95
2026-07-07,instamart,68254,mumbai,1,149
2026-07-06,instamart,18503,patna,1,99
2026-07-06,instamart,18506,gurgaon,5,2495
2026-07-07,instamart,197453,faridabad,1,169
2026-07-06,instamart,792937,bangalore,1,95
2026-07-07,instamart,63565,mumbai,1,189
2026-07-06,instamart,68254,hyderabad,1,149
2026-07-06,instamart,792937,bangalore,1,95
2026-07-07,instamart,792937,bhubaneswar,2,190
2026-07-07,instamart,292876,patna,2,250
2026-07-06,instamart,18504,bangalore,1,319
2026-07-07,instamart,18503,bangalore,1,99
2026-07-07,instamart,78553,chennai,1,99
2026-07-07,instamart,78553,kochi,1,99
2026-07-07,instamart,63565,delhi,1,189
2026-07-07,instamart,78553,ahmedabad,1,99
2026-07-07,instamart,792937,bangalore,1,95
2026-07-07,instamart,78553,mysore,1,99
2026-07-07,instamart,18503,chennai,1,99
2026-07-06,instamart,792937,mumbai,1,95
2026-07-07,instamart,63565,gurgaon,1,189
2026-07-07,instamart,197453,bangalore,1,169
2026-07-07,instamart,18506,pune,1,499
2026-07-06,instamart,63565,bangalore,1,189
2026-07-07,instamart,18506,pune,1,499
2026-07-07,instamart,78553,bangalore,3,297
2026-07-07,instamart,18503,hyderabad,1,99
2026-07-06,instamart,292876,vellore,1,125
2026-07-07,instamart,792937,mumbai,1,95
2026-07-06,instamart,792937,bangalore,1,95
2026-07-06,instamart,63565,pune,1,189
2026-07-06,instamart,792937,delhi,1,95
2026-07-07,instamart,18503,pune,3,297
2026-07-06,instamart,792937,bangalore,1,95
2026-07-06,instamart,18506,delhi,1,499
2026-07-06,instamart,68254,bangalore,1,149
2026-07-06,instamart,18503,mumbai,1,99
2026-07-06,instamart,63565,bangalore,1,189
2026-07-07,instamart,792937,delhi,1,95
2026-07-06,instamart,18506,mumbai,1,499
2026-07-07,instamart,792937,bangalore,1,95
2026-07-06,instamart,68254,chennai,1,149
2026-07-06,instamart,792937,mangaluru,1,95
2026-07-07,instamart,78553,dibrugarh,1,99
2026-07-06,instamart,78553,bangalore,1,99
2026-07-07,instamart,63565,bangalore,1,189
2026-07-07,instamart,63565,delhi,1,189
2026-07-07,instamart,78553,hyderabad,1,99
2026-07-06,instamart,78553,bangalore,1,99
2026-07-06,instamart,63565,mumbai,1,189
2026-07-06,instamart,68254,chennai,2,298
2026-07-06,instamart,18504,hyderabad,1,319
2026-07-06,instamart,63565,chennai,1,189
2026-07-06,instamart,792937,hyderabad,2,190
2026-07-07,instamart,78553,chennai,1,99
2026-07-07,instamart,63565,bangalore,1,189
2026-07-06,instamart,63565,bangalore,1,189
2026-07-07,instamart,18504,bangalore,1,319
2026-07-07,instamart,792937,chennai,3,285
2026-07-07,instamart,792937,central goa,2,190
2026-07-07,instamart,18504,bangalore,1,319
2026-07-07,instamart,792937,mumbai,1,95
2026-07-07,instamart,78553,ahmedabad,1,99
2026-07-07,instamart,68254,vizag,2,298
2026-07-07,instamart,18504,bangalore,1,319
2026-07-06,instamart,792937,delhi,1,95
2026-07-06,instamart,78553,chennai,1,99
2026-07-06,instamart,792937,bangalore,1,95
2026-07-06,instamart,63565,delhi,1,189
2026-07-07,instamart,68254,bangalore,1,149
2026-07-07,instamart,63565,kolkata,1,189
2026-07-06,instamart,18503,agra,1,99
2026-07-06,instamart,792937,bangalore,1,95
2026-07-07,instamart,63565,delhi,1,189
2026-07-06,instamart,63565,bangalore,3,567
2026-07-07,instamart,63565,bangalore,1,189
2026-07-06,instamart,78553,bangalore,1,99
2026-07-07,instamart,18503,hyderabad,1,99
2026-07-07,instamart,78553,central goa,1,99
2026-07-07,instamart,78553,chennai,1,99
2026-07-07,instamart,68254,hyderabad,1,149
2026-07-07,instamart,63565,central goa,1,189
2026-07-06,instamart,18503,gurgaon,1,99
2026-07-06,instamart,18503,ranchi,1,99
2026-07-06,instamart,63565,pune,2,378
2026-07-07,instamart,792937,delhi,1,95
2026-07-07,instamart,18506,ludhiana,1,499
2026-07-07,instamart,18503,tumakuru,2,198
2026-07-06,instamart,63565,gurgaon,1,189
2026-07-07,instamart,792937,hyderabad,1,95
2026-07-06,instamart,63565,bangalore,5,945
2026-07-06,instamart,792937,delhi,2,190
2026-07-06,instamart,18503,chennai,2,198
2026-07-07,instamart,18503,noida 1,1,99
2026-07-06,instamart,63565,kolkata,1,189
2026-07-07,instamart,197453,hyderabad,1,169
2026-07-06,instamart,63565,bangalore,1,189
2026-07-07,instamart,792937,chennai,2,190
2026-07-07,instamart,18504,coimbatore,1,319
2026-07-06,instamart,18504,thrissur,1,319
2026-07-07,instamart,68254,chennai,1,149
2026-07-06,instamart,68254,hyderabad,1,149
2026-07-06,instamart,18506,mumbai,1,499
2026-07-07,instamart,57850,bangalore,1,109
2026-07-07,instamart,792937,bangalore,1,95
2026-07-06,instamart,18503,delhi,1,99
2026-07-06,instamart,792937,bangalore,2,190
2026-07-07,instamart,78553,bangalore,1,99
2026-07-06,instamart,68254,bangalore,1,149
2026-07-07,instamart,792937,chennai,1,95
2026-07-07,instamart,63565,manipal,1,189
2026-07-06,instamart,68254,bangalore,1,149
2026-07-07,instamart,18503,anantapur,1,99
2026-07-07,instamart,792937,bangalore,1,95
2026-07-06,instamart,78553,pune,1,99
2026-07-07,instamart,78553,pune,1,99
2026-07-07,instamart,78553,central goa,1,99
2026-07-07,instamart,18504,mumbai,2,638
2026-07-06,instamart,78553,hyderabad,2,198
2026-07-06,instamart,68254,bangalore,2,298
2026-07-07,instamart,18504,bangalore,2,638
2026-07-07,instamart,63565,bareilly,1,189
2026-07-06,instamart,63565,noida,1,189
2026-07-07,instamart,792937,bhubaneswar,1,95
2026-07-07,instamart,63565,mumbai,1,189
2026-07-07,instamart,18503,bangalore,1,99
2026-07-07,instamart,68254,mumbai,1,149
2026-07-07,instamart,18506,delhi,2,998
2026-07-07,instamart,18504,guwahati,1,319
2026-07-07,instamart,78553,bareilly,1,99
2026-07-07,instamart,68254,amritsar,2,298
2026-07-07,instamart,63565,pune,2,378
2026-07-06,instamart,18503,mumbai,1,99
2026-07-07,instamart,78553,ahmedabad,1,99
2026-07-06,instamart,78553,mumbai,1,99
2026-07-07,instamart,792937,hyderabad,3,285
2026-07-06,instamart,78553,kochi,1,99
2026-07-06,instamart,68254,bangalore,1,149
2026-07-07,instamart,78553,hyderabad,2,198
2026-07-06,instamart,68254,hyderabad,1,149
2026-07-06,instamart,18504,bangalore,1,319
2026-07-07,instamart,68254,delhi,1,149
2026-07-06,instamart,197453,bangalore,1,169
2026-07-07,instamart,63565,mumbai,1,189
2026-07-06,instamart,18503,bangalore,2,198
2026-07-06,instamart,63565,delhi,1,189
2026-07-07,instamart,63565,bangalore,2,378
2026-07-07,instamart,792937,delhi,3,285
2026-07-06,instamart,18504,bangalore,1,319
2026-07-07,instamart,18504,noida 1,1,319
2026-07-06,instamart,68254,kochi,1,149
2026-07-07,instamart,63565,delhi,1,189
2026-07-07,instamart,63565,mumbai,3,567
2026-07-06,instamart,792937,chennai,1,95
2026-07-06,instamart,18504,kolkata,1,319
2026-07-07,instamart,792937,mumbai,1,95
2026-07-07,instamart,792937,bangalore,1,95
2026-07-07,instamart,78553,bangalore,1,99
2026-07-07,instamart,792937,chennai,3,285
2026-07-06,instamart,18504,bangalore,1,319
2026-07-07,instamart,18506,vadodara,1,499
2026-07-06,instamart,78553,bhopal,1,99
2026-07-07,instamart,68254,bangalore,1,149
2026-07-07,instamart,68254,kochi,1,149
2026-07-07,instamart,78553,hyderabad,3,297
2026-07-07,instamart,18503,chennai,2,198
2026-07-06,instamart,792937,chandigarh,1,95
2026-07-07,instamart,792937,bangalore,1,95
2026-07-07,instamart,63565,mumbai,1,189
2026-07-07,instamart,792937,gurgaon,1,95
2026-07-06,instamart,63565,hyderabad,1,189
2026-07-07,instamart,18503,kolkata,1,99
2026-07-06,instamart,63565,hyderabad,1,189
2026-07-06,instamart,78553,central goa,1,99
2026-07-07,instamart,63565,pune,1,189
2026-07-06,instamart,197453,hyderabad,2,338
2026-07-06,instamart,792937,pune,1,95
2026-07-06,instamart,792937,pune,1,95
2026-07-06,instamart,18504,pondicherry,1,319
2026-07-06,instamart,792937,bangalore,3,285
2026-07-06,instamart,18504,bangalore,1,319
2026-07-07,instamart,18506,gurgaon,1,499
2026-07-06,instamart,63565,mumbai,1,189
2026-07-06,instamart,18506,bangalore,1,499
2026-07-06,instamart,18503,central goa,2,198
2026-07-06,instamart,18506,delhi,2,998
2026-07-06,instamart,18504,hyderabad,1,319
2026-07-07,instamart,18503,chennai,1,99
2026-07-07,instamart,792937,bangalore,1,95
2026-07-07,instamart,18506,bangalore,1,499
2026-07-07,instamart,63565,lucknow,1,189
2026-07-07,instamart,63565,chennai,1,189
2026-07-06,instamart,197453,bangalore,1,169
2026-07-07,instamart,63565,alappuzha,1,189
2026-07-07,instamart,78553,bangalore,1,99
2026-07-07,instamart,78553,pune,1,99
2026-07-06,instamart,63565,bangalore,1,189
2026-07-06,instamart,18503,ranchi,1,99
2026-07-06,instamart,18503,bangalore,1,99
2026-07-07,instamart,68254,mumbai,1,149
2026-07-07,instamart,18503,bangalore,1,99
2026-07-06,instamart,18503,bhubaneswar,1,99
2026-07-07,instamart,78553,bangalore,1,99
2026-07-07,instamart,18503,bangalore,2,198
2026-07-07,instamart,78553,hyderabad,2,198
2026-07-06,instamart,18503,bangalore,1,99
2026-07-06,instamart,792937,bangalore,1,95
2026-07-07,instamart,78553,bangalore,1,99
2026-07-06,instamart,63565,bangalore,3,567
2026-07-07,instamart,68254,mumbai,2,298
2026-07-06,instamart,68254,kolkata,1,149
2026-07-06,instamart,18504,central goa,2,638
2026-07-06,instamart,78553,warangal,1,99
2026-07-06,instamart,63565,chennai,2,378
2026-07-06,instamart,78553,chennai,2,198
2026-07-06,instamart,792937,bangalore,6,570
2026-07-06,instamart,792937,hyderabad,1,95
2026-07-06,instamart,792937,chandigarh,2,190
2026-07-06,instamart,63565,mumbai,1,189
2026-07-06,instamart,78553,bangalore,1,99
2026-07-07,instamart,63565,khammam,1,189
2026-07-07,instamart,18503,ludhiana,1,99
2026-07-07,instamart,63565,bangalore,1,189
2026-07-07,instamart,18506,bangalore,1,499
2026-07-07,instamart,63565,mysore,1,189
2026-07-07,instamart,63565,aurangabad,1,189
2026-07-07,instamart,18506,bangalore,1,499
2026-07-06,instamart,68254,chennai,2,298
2026-07-06,instamart,63565,bangalore,2,378
2026-07-07,instamart,18506,mumbai,1,499
2026-07-07,instamart,78553,jabalpur,1,99
2026-07-06,instamart,18504,warangal,1,319
2026-07-07,instamart,68254,kochi,1,149
2026-07-06,instamart,197453,kolkata,1,169
2026-07-07,instamart,78553,chennai,1,99
2026-07-07,instamart,78553,bangalore,1,99
2026-07-06,instamart,18506,ranchi,1,499
2026-07-06,instamart,18503,surat,1,99
2026-07-07,instamart,18504,chennai,1,319
2026-07-07,instamart,792937,chennai,1,95
2026-07-07,instamart,18506,nanded,1,499
2026-07-06,instamart,78553,central goa,1,99
2026-07-06,instamart,63565,mumbai,1,189
2026-07-06,instamart,78553,bangalore,1,99
2026-07-07,instamart,78553,bangalore,1,99
2026-07-06,instamart,78553,hyderabad,1,99
2026-07-06,instamart,68254,madurai,1,149
2026-07-06,instamart,18503,gurgaon,1,99
2026-07-07,instamart,78553,bangalore,1,99
2026-07-07,instamart,792937,bangalore,1,95
2026-07-07,instamart,792937,gurgaon,1,95
2026-07-07,instamart,18503,pune,1,99
2026-07-07,instamart,18503,gurgaon,1,99
2026-07-07,instamart,18503,udaipur,1,99
2026-07-06,instamart,68254,rajkot,1,149
2026-07-07,instamart,197453,bangalore,1,169
2026-07-06,instamart,18503,tirupati,1,99
2026-07-06,instamart,18503,chennai,1,99
2026-07-06,instamart,78553,chandigarh,1,99
2026-07-06,instamart,78553,chennai,1,99
2026-07-06,instamart,78553,pune,1,99
2026-07-06,instamart,63565,pune,1,189
2026-07-06,instamart,78553,kochi,1,99
2026-07-07,instamart,792937,delhi,1,95
2026-07-06,instamart,792937,bangalore,1,95
2026-07-06,instamart,63565,bangalore,1,189
2026-07-06,instamart,63565,pune,1,189
2026-07-13,instamart,78553,central goa,1,99
2026-07-13,instamart,63565,mumbai,2,378
2026-07-19,instamart,18506,mumbai,1,499
2026-07-19,instamart,78553,bangalore,1,99
2026-07-19,instamart,63565,delhi,1,189
2026-07-19,instamart,18504,delhi,1,319
2026-07-19,instamart,18504,bangalore,1,319
2026-07-19,instamart,63565,bangalore,1,189
2026-07-19,instamart,18506,mumbai,1,499
2026-07-19,instamart,63565,chennai,1,189
2026-07-13,instamart,68254,chennai,1,149
2026-07-13,instamart,78553,anantapur,1,99
2026-07-13,instamart,197453,bangalore,1,169
2026-07-14,instamart,792937,chennai,1,95
2026-07-14,instamart,63565,rajkot,1,189
2026-07-14,instamart,78553,bangalore,1,99
2026-07-14,instamart,78553,warangal,1,99
2026-07-16,instamart,792937,mumbai,1,95
2026-07-16,instamart,78553,bangalore,1,99
2026-07-16,instamart,18503,chennai,1,99
2026-07-16,instamart,792937,delhi,1,95
2026-07-16,instamart,63565,noida 1,1,189
2026-07-16,instamart,792937,mumbai,2,190
2026-07-16,instamart,63565,mumbai,3,567
2026-07-11,instamart,63565,mumbai,2,378
2026-07-11,instamart,197453,palakkad,2,338
2026-07-11,instamart,18503,chennai,1,99
2026-07-11,instamart,63565,bangalore,3,567
2026-07-11,instamart,18503,mumbai,2,198
2026-07-11,instamart,18504,bangalore,3,957
2026-07-11,instamart,63565,chennai,1,189
2026-07-11,instamart,18506,delhi,1,499
2026-07-11,instamart,18503,bangalore,2,198
2026-07-11,instamart,78553,bangalore,3,297
2026-07-14,instamart,792937,mumbai,1,95
2026-07-14,instamart,792937,bangalore,1,95
2026-07-14,instamart,78553,bangalore,2,198
2026-06-14,bigbasket,40359935,,0,0
2026-06-14,bigbasket,40359934,,0,0
2026-06-14,bigbasket,40197856,,0,0
2026-06-15,bigbasket,40197858,,3,432
2026-06-25,bigbasket,40197854,,6,864
2026-07-01,bigbasket,40197858,,5,1425
2026-07-01,bigbasket,40197860,,2,298
2026-07-06,bigbasket,40220813,,24,6325
2026-07-18,bigbasket,40359936,,11,2648
2026-06-23,bigbasket,40197858,,0,0
2026-06-23,bigbasket,40197860,,3,317
2026-06-16,bigbasket,40197858,,8,2941
2026-07-23,bigbasket,40197851,,14,1585
2026-07-19,bigbasket,40197852,,0,0
2026-06-21,bigbasket,40197858,,5,1015
2026-07-25,bigbasket,40197851,,10,1042
2026-06-20,bigbasket,40197860,,0,0
2026-07-26,bigbasket,40197852,,0,0
2026-06-18,bigbasket,40197854,,5,655
2026-06-17,bigbasket,40197852,,0,0
2026-06-22,bigbasket,40197858,,9,2180
2026-06-07,bigbasket,40197850,,28,4107
2026-05-06,bigbasket,40220812,,3,1233
2026-07-11,bigbasket,40359934,,7,1732
2026-05-11,bigbasket,40197850,,0,0
2026-06-02,bigbasket,40197850,,0,0
2026-05-21,bigbasket,40197860,,1,499
2026-05-21,bigbasket,40197861,,0,0
2026-05-30,bigbasket,40349409,,3,517
2026-05-08,bigbasket,40197861,,0,0
2026-05-24,bigbasket,40359936,,13,2767
2026-05-25,bigbasket,40359935,,5,1085
2026-05-25,bigbasket,40197852,,0,0
2026-06-08,bigbasket,40197854,,7,2038
2026-05-07,bigbasket,40197850,,0,0
2026-05-27,bigbasket,40359934,,14,2254
2026-05-23,bigbasket,40220813,,15,4702
2026-06-14,bigbasket,40197851,,1,99
2026-06-14,bigbasket,40197856,,0,0
2026-07-24,bigbasket,40349409,,16,3434
2026-06-25,bigbasket,40197860,,3,1153
2026-06-13,bigbasket,40197858,,9,2271
2026-06-30,bigbasket,40220813,,6,1254
2026-06-23,bigbasket,40197854,,16,2893
2026-07-23,bigbasket,40220813,,30,7638
2026-07-19,bigbasket,40359936,,8,1442
2026-07-19,bigbasket,40197851,,5,525
2026-07-17,bigbasket,40220813,,61,13918
2026-07-17,bigbasket,40359936,,10,1939
2026-06-19,bigbasket,40349409,,0,0
2026-06-19,bigbasket,40197851,,3,317
2026-06-28,bigbasket,40197858,,0,0
2026-06-21,bigbasket,40197850,,17,1981
2026-07-20,bigbasket,40349409,,4,996
2026-07-21,bigbasket,40359936,,6,1084
2026-07-21,bigbasket,40349409,,2,298
2026-05-26,bigbasket,40349409,,16,4704
2026-06-20,bigbasket,40220813,,11,1519
2026-07-26,bigbasket,40197851,,2,198
2026-06-09,bigbasket,40197850,,23,4130
2026-06-22,bigbasket,40197854,,14,2653
2026-06-22,bigbasket,40359935,,0,0
2026-07-22,bigbasket,40197851,,11,1357
2026-06-07,bigbasket,40197860,,13,3169
2026-06-07,bigbasket,40197851,,10,1566
2026-05-28,bigbasket,40197852,,0,0
2026-05-28,bigbasket,40359935,,6,1344
2026-05-22,bigbasket,40359935,,1,199
2026-05-29,bigbasket,40197850,,31,3576
2026-05-09,bigbasket,40197854,,0,0
2026-06-10,bigbasket,40197850,,23,2697
2026-05-20,bigbasket,40302639,,9,1610
2026-05-20,bigbasket,40220812,,4,506
2026-05-20,bigbasket,40302635,,0,0
2026-06-05,bigbasket,40197861,,1,319
2026-05-24,bigbasket,40197851,,14,2734
2026-05-24,bigbasket,40220813,,17,3283
2026-06-12,bigbasket,40197854,,11,1979
2026-06-12,bigbasket,40359936,,0,0
2026-05-19,bigbasket,40220812,,3,327
2026-05-19,bigbasket,40197856,,0,0
2026-06-01,bigbasket,40220812,,0,0
2026-05-23,bigbasket,40359934,,23,6235
2026-05-23,bigbasket,40359936,,12,2168
2026-05-23,bigbasket,40302639,,0,0
2026-05-23,bigbasket,40197852,,0,0
2026-06-14,bigbasket,40197860,,0,0
2026-06-14,bigbasket,40220812,,0,0
2026-06-15,bigbasket,40197860,,3,807
2026-06-15,bigbasket,40197860,,0,0
2026-06-29,bigbasket,40197851,,0,0
2026-07-04,bigbasket,40197858,,0,0
2026-07-09,bigbasket,40359934,,10,1670
2026-06-25,bigbasket,40197850,,0,0
2026-06-13,bigbasket,40197860,,2,998
2026-06-13,bigbasket,40197854,,3,745
2026-07-18,bigbasket,40197851,,14,1576
2026-06-30,bigbasket,40197860,,3,1087
2026-07-19,bigbasket,40359935,,8,952
2026-06-28,bigbasket,40197854,,0,0
2026-07-07,bigbasket,40220813,,29,7836
2026-07-15,bigbasket,40359936,,2,338
2026-06-21,bigbasket,40197851,,1,198
2026-07-03,bigbasket,40220813,,23,7132
2026-06-20,bigbasket,40197850,,13,2563
2026-05-03,bigbasket,40197854,,22,4257
2026-07-26,bigbasket,40220813,,12,5342
2026-06-17,bigbasket,40220812,,0,0
2026-06-17,bigbasket,40197854,,8,1881
2026-05-05,bigbasket,40197861,,10,1790
2026-07-22,bigbasket,40220813,,37,8665
2026-07-11,bigbasket,40359936,,6,1244
2026-06-26,bigbasket,40359935,,0,0
2026-05-31,bigbasket,40349409,,30,7054
2026-05-21,bigbasket,40220813,,0,0
2026-06-11,bigbasket,40220813,,0,0
2026-06-10,bigbasket,40197852,,0,0
2026-05-20,bigbasket,40197854,,4,496
2026-06-12,bigbasket,40197852,,0,0
2026-06-12,bigbasket,40197858,,10,2719
2026-06-12,bigbasket,40197851,,2,678
2026-06-12,bigbasket,40197850,,25,3301
2026-06-12,bigbasket,40197860,,5,1665
2026-05-27,bigbasket,40349409,,10,2309
2026-05-23,bigbasket,40197850,,47,7216
2026-06-14,bigbasket,40197858,,14,4425
2026-06-27,bigbasket,40197854,,0,0
2026-07-08,bigbasket,40197860,,0,0
2026-06-13,bigbasket,40220813,,6,1972
2026-06-13,bigbasket,40359935,,10,1690
2026-06-30,bigbasket,40197858,,5,1725
2026-06-30,bigbasket,40197858,,0,0
2026-06-16,bigbasket,40197860,,2,698
2026-06-16,bigbasket,40197854,,2,298
2026-07-23,bigbasket,40359936,,12,2038
2026-07-19,bigbasket,40220813,,45,11372
2026-05-12,bigbasket,40220812,,0,0
2026-07-13,bigbasket,40359936,,2,188
2026-06-21,bigbasket,40197850,,0,0
2026-07-03,bigbasket,40197850,,0,0
2026-07-03,bigbasket,40359936,,15,2293
2026-07-03,bigbasket,40359934,,7,1502
2026-06-20,bigbasket,40197858,,15,4015
2026-06-17,bigbasket,40197850,,0,0
2026-06-22,bigbasket,40349409,,0,0
2026-05-05,bigbasket,40197850,,31,4680
2026-06-06,bigbasket,40197850,,30,3688
2026-05-15,bigbasket,40197850,,0,0
2026-05-02,bigbasket,40197861,,19,9104
2026-05-28,bigbasket,40220813,,13,3217
2026-05-31,bigbasket,40197850,,34,3905
2026-05-31,bigbasket,40359935,,21,3936
2026-05-31,bigbasket,40220813,,18,3501
2026-05-04,bigbasket,40197861,,16,4340
2026-05-04,bigbasket,40197854,,12,2018
2026-05-22,bigbasket,40197853,,0,0
2026-05-22,bigbasket,40197852,,0,0
2026-05-22,bigbasket,40197854,,4,596
2026-05-29,bigbasket,40197852,,0,0
2026-05-21,bigbasket,40197857,,0,0
2026-06-11,bigbasket,40197850,,10,1430
2026-05-20,bigbasket,40197858,,6,1744
2026-05-20,bigbasket,40220814,,0,0
2026-06-05,bigbasket,40220812,,1,99
2026-05-25,bigbasket,40359934,,1,599
2026-05-25,bigbasket,40220813,,1,89
2026-06-12,bigbasket,40197856,,0,0
2026-05-07,bigbasket,40197854,,0,0
2026-05-27,bigbasket,40197851,,7,928
2026-06-01,bigbasket,40349409,,0,0
2026-06-01,bigbasket,40197861,,0,0
2026-05-23,bigbasket,40359935,,5,1075
2026-06-14,bigbasket,40197850,,19,1988
2026-07-24,bigbasket,40220813,,42,10897
2026-06-27,bigbasket,40197854,,24,4509
2026-06-15,bigbasket,40197850,,13,1750
2026-06-24,bigbasket,40197851,,0,0
2026-06-13,bigbasket,40197851,,4,521
2026-06-13,bigbasket,40197852,,0,0
2026-07-19,bigbasket,40349409,,10,3437
2026-07-17,bigbasket,40197851,,31,6987
2026-06-28,bigbasket,40220813,,11,1657
2026-05-12,bigbasket,40197850,,0,0
2026-05-12,bigbasket,40197854,,0,0
2026-07-15,bigbasket,40349409,,7,1493
2026-07-20,bigbasket,40359936,,10,1550
2026-07-21,bigbasket,40220813,,45,10200
2026-06-17,bigbasket,40220813,,0,0
2026-06-17,bigbasket,40197860,,3,875
2026-07-16,bigbasket,40359936,,5,815
2026-06-22,bigbasket,40220813,,11,2378
2026-07-22,bigbasket,40359936,,9,1690
2026-06-07,bigbasket,40197858,,11,1969
2026-06-06,bigbasket,40197858,,25,5765
2026-06-06,bigbasket,40197856,,0,0
2026-06-26,bigbasket,40197858,,7,2003
2026-06-26,bigbasket,40220813,,14,3625
2026-06-26,bigbasket,40359936,,0,0
2026-05-31,bigbasket,40197851,,15,2358
2026-05-04,bigbasket,40197850,,37,6299
2026-05-22,bigbasket,40349409,,11,3607
2026-05-22,bigbasket,40220813,,0,0
2026-05-22,bigbasket,40220812,,18,3090
2026-05-21,bigbasket,40197854,,9,1061
2026-05-21,bigbasket,40302639,,8,1342
2026-05-30,bigbasket,40197850,,73,13051
2026-06-05,bigbasket,40197851,,7,1462
2026-05-25,bigbasket,40197851,,10,1189
2026-06-12,bigbasket,40359935,,5,884
2026-06-08,bigbasket,40197860,,2,998
2026-06-08,bigbasket,40359935,,10,2280
2026-05-07,bigbasket,40220812,,0,0
2026-05-01,bigbasket,40197854,,24,5004
2026-07-24,bigbasket,40359935,,26,5644
2026-07-24,bigbasket,40359934,,18,3569
2026-06-27,bigbasket,40359935,,0,0
2026-06-15,bigbasket,40197854,,3,437
2026-06-29,bigbasket,40197858,,11,2119
2026-06-29,bigbasket,40220813,,4,1056
2026-06-29,bigbasket,40197850,,0,0
2026-07-04,bigbasket,40197850,,0,0
2026-06-25,bigbasket,40197858,,0,0
2026-06-13,bigbasket,40359935,,4,676
2026-07-23,bigbasket,40359934,,12,2004
2026-06-19,bigbasket,40197860,,6,1974
2026-06-28,bigbasket,40197860,,0,0
2026-07-07,bigbasket,40359936,,2,698
2026-07-05,bigbasket,40220813,,35,9869
2026-07-20,bigbasket,40220813,,38,11017
2026-07-16,bigbasket,40220813,,48,13281
2026-06-09,bigbasket,40197851,,9,1311
2026-07-22,bigbasket,40349409,,5,1295
2026-06-06,bigbasket,40197860,,14,4176
2026-06-06,bigbasket,40359935,,18,3450
2026-05-28,bigbasket,40359936,,15,2875
2026-05-22,bigbasket,40220813,,16,4124
2026-05-22,bigbasket,40197858,,12,3343
2026-06-02,bigbasket,40349409,,0,0
2026-05-29,bigbasket,40359935,,19,3325
2026-05-21,bigbasket,40302635,,0,0
2026-05-30,bigbasket,40220813,,3,1137
2026-05-20,bigbasket,40220813,,3,807
2026-05-24,bigbasket,40220812,,0,0
2026-05-10,bigbasket,40220812,,0,0
2026-06-14,bigbasket,40197860,,4,1096
2026-06-14,bigbasket,40197858,,5,2194
2026-07-24,bigbasket,40197851,,9,992
2026-06-15,bigbasket,40197854,,8,1118
2026-06-29,bigbasket,40197860,,5,1865
2026-07-08,bigbasket,40359936,,7,783
2026-07-04,bigbasket,40220813,,25,6782
2026-07-09,bigbasket,40220813,,30,8855
2026-06-24,bigbasket,40197858,,11,3777
2026-06-24,bigbasket,40197858,,0,0
2026-06-25,bigbasket,40220813,,5,812
2026-06-13,bigbasket,40197852,,0,0
2026-06-16,bigbasket,40220813,,15,2285
2026-06-16,bigbasket,40197852,,0,0
2026-06-16,bigbasket,40197851,,6,604
2026-06-28,bigbasket,40197850,,0,0
2026-05-26,bigbasket,40359935,,7,1119
2026-07-10,bigbasket,40359936,,8,2211
2026-07-25,bigbasket,40359936,,19,3631
2026-07-25,bigbasket,40220813,,14,4846
2026-07-25,bigbasket,40349409,,28,9926
2026-06-20,bigbasket,40197854,,11,2478
2026-06-20,bigbasket,40359935,,3,1006
2026-05-03,bigbasket,40197850,,45,7971
2026-06-18,bigbasket,40197858,,4,846
2026-06-09,bigbasket,40197858,,5,1595
2026-07-11,bigbasket,40349409,,5,721
2026-05-22,bigbasket,40197855,,0,0
2026-05-21,bigbasket,40220814,,0,0
2026-06-11,bigbasket,40197860,,6,2335.92
2026-06-10,bigbasket,40197858,,12,2458
2026-05-07,bigbasket,40197861,,0,0
2026-05-27,bigbasket,40197850,,26,2980
2026-05-27,bigbasket,40220813,,7,2152
2026-05-27,bigbasket,40359936,,13,2649
2026-05-01,bigbasket,40220812,,29,4918
2026-06-01,bigbasket,40359935,,0,0
2026-05-23,bigbasket,40349409,,26,5282
2026-06-14,bigbasket,40197852,,0,0
2026-07-02,bigbasket,40197854,,0,0
2026-06-27,bigbasket,40197858,,16,3744
2026-07-08,bigbasket,40359934,,10,1570
2026-06-13,bigbasket,40197858,,11,3329
2026-06-13,bigbasket,40197850,,5,675
2026-07-06,bigbasket,40359934,,7,1932
2026-07-18,bigbasket,40359934,,15,2883
2026-06-23,bigbasket,40197850,,0,0
2026-06-16,bigbasket,40359935,,3,457
2026-07-17,bigbasket,40349409,,17,3571
2026-06-19,bigbasket,40197854,,2,288
2026-06-19,bigbasket,40197858,,11,2965
2026-06-19,bigbasket,40197854,,22,4545
2026-07-12,bigbasket,40220813,,38,9831
2026-07-13,bigbasket,40220813,,43,9787
2026-07-05,bigbasket,40359936,,4,516
2026-06-21,bigbasket,40197854,,20,4288
2026-06-21,bigbasket,40197854,,5,935
2026-07-20,bigbasket,40359935,,10,1329
2026-07-20,bigbasket,40197851,,4,376
2026-07-21,bigbasket,40359934,,2,288
2026-05-26,bigbasket,40197852,,0,0
2026-07-26,bigbasket,40359934,,21,3539
2026-06-03,bigbasket,40359934,,0,0
2026-06-18,bigbasket,40197850,,11,1148
2026-06-17,bigbasket,40197858,,5,1284
2026-06-07,bigbasket,40197856,,0,0
2026-05-06,bigbasket,40197861,,2,258
2026-06-26,bigbasket,40197860,,5,1775
2026-05-22,bigbasket,40197851,,4,566
2026-05-22,bigbasket,40220814,,0,0
2026-05-22,bigbasket,40220812,,0,0
2026-06-02,bigbasket,40359934,,0,0
2026-05-29,bigbasket,40359934,,33,5625
2026-05-30,bigbasket,40359935,,25,4383
2026-06-11,bigbasket,40359935,,16,3130
2026-05-14,bigbasket,40197854,,0,0
2026-06-10,bigbasket,40359936,,0,0
2026-06-10,bigbasket,40359935,,12,1767
2026-06-10,bigbasket,40197854,,8,1132
2026-05-20,bigbasket,40197856,,0,0
2026-05-20,bigbasket,40197860,,1,199
2026-06-08,bigbasket,40197856,,0,0
2026-06-04,bigbasket,40359935,,0,0
2026-05-19,bigbasket,40197850,,19,3914
2026-05-19,bigbasket,40197858,,6,1914
2026-06-14,bigbasket,40359935,,3,437
2026-06-14,bigbasket,40197852,,0,0
2026-07-14,bigbasket,40359934,,7,1852
2026-06-15,bigbasket,40197851,,3,687
2026-06-29,bigbasket,40197854,,6,839
2026-06-24,bigbasket,40220813,,11,1694
2026-07-01,bigbasket,40197854,,3,576
2026-07-01,bigbasket,40220813,,3,563
2026-06-13,bigbasket,40197851,,3,396
2026-06-16,bigbasket,40197851,,0,0
2026-06-19,bigbasket,40359935,,3,507
2026-07-07,bigbasket,40359934,,9,2551
2026-06-21,bigbasket,40359935,,9,2730
2026-07-10,bigbasket,40220813,,47,12774
2026-06-20,bigbasket,40197860,,3,1735
2026-07-26,bigbasket,40359936,,11,1899
2026-06-17,bigbasket,40197850,,8,861
2026-06-17,bigbasket,40197858,,7,1473
2026-07-22,bigbasket,40359934,,9,1151
2026-06-07,bigbasket,40197852,,0,0
2026-05-02,bigbasket,40197854,,26,5213
2026-05-28,bigbasket,40197851,,14,2920
2026-05-31,bigbasket,40359936,,23,4047
2026-05-22,bigbasket,40359934,,6,1004
2026-05-22,bigbasket,40359936,,6,944
2026-05-29,bigbasket,40359936,,23,4832
2026-05-30,bigbasket,40197851,,28,5552
2026-05-30,bigbasket,40359934,,6,989
2026-06-11,bigbasket,40359936,,0,0
2026-05-25,bigbasket,40359936,,2,488
2026-05-25,bigbasket,40220812,,0,0
2026-05-25,bigbasket,40197854,,0,0
2026-06-04,bigbasket,40359934,,0,0
2026-05-27,bigbasket,40359935,,13,3967
2026-06-01,bigbasket,40197850,,0,0
2026-06-14,bigbasket,40197851,,6,764
2026-07-02,bigbasket,40197858,,0,0
2026-07-04,bigbasket,40359936,,5,844
2026-07-04,bigbasket,40349409,,21,7526
2026-06-25,bigbasket,40359935,,0,0
2026-06-13,bigbasket,40197850,,24,3084
2026-06-13,bigbasket,40197856,,0,0
2026-07-18,bigbasket,40220813,,44,11155
2026-07-19,bigbasket,40359934,,8,1322
2026-07-17,bigbasket,40359934,,15,3280
2026-06-19,bigbasket,40197850,,17,2433
2026-05-12,bigbasket,40197861,,0,0
2026-07-07,bigbasket,40349409,,5,1165
2026-07-15,bigbasket,40220813,,40,10644
2026-06-21,bigbasket,40197860,,0,0
2026-06-21,bigbasket,40359935,,0,0
2026-07-03,bigbasket,40197850,,0,0
2026-05-26,bigbasket,40197851,,7,709
2026-07-25,bigbasket,40359934,,30,4738
2026-06-18,bigbasket,40197860,,0,0
2026-06-18,bigbasket,40197860,,5,1401
2026-06-18,bigbasket,40197851,,0,0
2026-06-17,bigbasket,40220813,,4,975
2026-06-17,bigbasket,40197851,,0,0
2026-07-16,bigbasket,40349409,,8,1740
2026-06-09,bigbasket,40197852,,0,0
2026-06-07,bigbasket,40359934,,0,0
2026-06-06,bigbasket,40197852,,0,0
2026-05-06,bigbasket,40197850,,5,465
2026-05-22,bigbasket,40197861,,2,518
2026-05-30,bigbasket,40359936,,6,1054
2026-06-11,bigbasket,40197851,,8,1732
2026-06-11,bigbasket,40197854,,8,1511
2026-06-11,bigbasket,40197852,,0,0
2026-05-20,bigbasket,40197850,,25,5498
2026-06-05,bigbasket,40197858,,2,517
2026-05-24,bigbasket,40197854,,0,0
2026-05-10,bigbasket,40197861,,0,0
2026-05-19,bigbasket,40197861,,0,0
2026-05-19,bigbasket,40302635,,0,0
2026-06-01,bigbasket,40197854,,0,0
2026-06-14,bigbasket,40197854,,6,864
2026-06-27,bigbasket,40197850,,0,0
2026-06-15,bigbasket,40359935,,8,1382
2026-07-08,bigbasket,40220813,,39,10475
2026-06-13,bigbasket,40197860,,0,0
2026-07-06,bigbasket,40359936,,3,486
2026-07-06,bigbasket,40197850,,0,0
2026-06-23,bigbasket,40220813,,16,2973
2026-06-16,bigbasket,40359935,,0,0
2026-07-17,bigbasket,40359935,,22,4087
2026-07-13,bigbasket,40349409,,8,1782
2026-07-15,bigbasket,40359934,,21,3708
2026-07-05,bigbasket,40359934,,12,2577
2026-06-21,bigbasket,40197858,,8,1802
2026-05-26,bigbasket,40197850,,24,3965
2026-05-26,bigbasket,40220813,,9,2211
2026-05-03,bigbasket,40220812,,22,3118
2026-06-18,bigbasket,40359936,,0,0
2026-06-17,bigbasket,40359935,,2,278
2026-06-09,bigbasket,40359935,,13,2772
2026-06-07,bigbasket,40220813,,0,0
2026-06-06,bigbasket,40197854,,24,4799
2026-05-28,bigbasket,40349409,,21,4368
2026-05-31,bigbasket,40359934,,45,10169
2026-05-22,bigbasket,40197860,,0,0
2026-05-22,bigbasket,40302635,,0,0
2026-05-11,bigbasket,40197854,,0,0
2026-05-21,bigbasket,40197858,,6,1464
2026-05-20,bigbasket,40197853,,0,0
2026-06-05,bigbasket,40359935,,6,1094
2026-06-05,bigbasket,40197860,,1,499
2026-06-05,bigbasket,40197856,,0,0
2026-05-24,bigbasket,40197852,,1,119
2026-05-25,bigbasket,40349409,,1,199
2026-06-12,bigbasket,40197852,,0,0
2026-06-08,bigbasket,40197852,,0,0
2026-06-04,bigbasket,40220813,,0,0
2026-05-19,bigbasket,40197854,,0,0
2026-06-27,bigbasket,40197860,,1,119
2026-06-15,bigbasket,40197850,,7,873
2026-06-29,bigbasket,40197850,,0,0
2026-06-24,bigbasket,40197854,,20,3445
2026-06-25,bigbasket,40197858,,4,846
2026-07-18,bigbasket,40349409,,15,2595
2026-07-18,bigbasket,40359935,,22,3672
2026-06-23,bigbasket,40197858,,15,4338
2026-06-16,bigbasket,40197858,,6,1520
2026-06-16,bigbasket,40197850,,13,1477
2026-06-19,bigbasket,40197850,,0,0
2026-06-19,bigbasket,40220813,,10,2270
2026-06-28,bigbasket,40197854,,19,3076
2026-06-28,bigbasket,40197851,,0,0
2026-07-05,bigbasket,40359935,,0,0
2026-06-21,bigbasket,40220813,,19,3173
2026-07-20,bigbasket,40359934,,11,3643
2026-05-26,bigbasket,40359934,,27,6818
2026-06-20,bigbasket,40197858,,7,1813
2026-05-03,bigbasket,40197861,,11,3278
2026-06-18,bigbasket,40220812,,0,0
2026-06-17,bigbasket,40197860,,0,0
2026-06-17,bigbasket,40359936,,0,0
2026-06-22,bigbasket,40197860,,5,1275
2026-05-28,bigbasket,40359934,,23,4017
2026-05-06,bigbasket,40197854,,1,319
2026-07-11,bigbasket,40220813,,47,12621
2026-06-26,bigbasket,40197854,,18,3519
2026-05-29,bigbasket,40349409,,15,3404
2026-05-21,bigbasket,40197854,,0,0
2026-06-05,bigbasket,40359936,,0,0
2026-05-24,bigbasket,40197850,,35,4795
2026-06-12,bigbasket,40197850,,5,887
2026-06-12,bigbasket,40359935,,17,3410
2026-06-12,bigbasket,40220813,,3,616
2026-05-10,bigbasket,40197850,,0,0
2026-06-08,bigbasket,40197851,,14,2375
2026-05-01,bigbasket,40197861,,17,4963
2026-06-14,bigbasket,40197854,,8,1520
2026-06-15,bigbasket,40197851,,0,0
2026-06-29,bigbasket,40359935,,0,0
2026-06-13,bigbasket,40197854,,5,705
2026-06-19,bigbasket,40197860,,1,199
2026-07-21,bigbasket,40197851,,0,0
2026-07-10,bigbasket,40359934,,11,2307
2026-06-20,bigbasket,40197854,,21,5248
2026-06-18,bigbasket,40197854,,7,1441
2026-05-05,bigbasket,40220812,,17,2662
2026-06-07,bigbasket,40359935,,17,3241
2026-06-07,bigbasket,40197854,,23,4376
2026-05-15,bigbasket,40220812,,0,0
2026-05-31,bigbasket,40197852,,0,0
2026-05-22,bigbasket,40197856,,0,0
2026-05-21,bigbasket,40197861,,5,2535
2026-06-10,bigbasket,40197856,,0,0
2026-05-08,bigbasket,40197854,,0,0
2026-06-05,bigbasket,40359934,,0,0
2026-05-27,bigbasket,40197852,,0,0
2026-05-01,bigbasket,40197850,,54,9752
2026-06-01,bigbasket,40359936,,0,0
2026-07-14,bigbasket,40349409,,2,488
2026-07-14,bigbasket,40220813,,32,8363
2026-07-14,bigbasket,40359936,,3,767
2026-06-15,bigbasket,40197858,,13,3636
2026-06-15,bigbasket,40220813,,2,178
2026-06-15,bigbasket,40359935,,1,169
2026-07-04,bigbasket,40359934,,13,3482
2026-06-24,bigbasket,40197860,,11,2218
2026-07-06,bigbasket,40349409,,4,1596
2026-06-23,bigbasket,40359935,,0,0
2026-06-16,bigbasket,40197854,,3,417
2026-06-16,bigbasket,40197860,,7,1453
2026-07-23,bigbasket,40359935,,15,2301
2026-07-23,bigbasket,40349409,,12,3468
2026-07-12,bigbasket,40359936,,4,1215
2026-07-13,bigbasket,40359934,,6,1003
2026-07-05,bigbasket,40349409,,9,2437
2026-07-03,bigbasket,40220813,,0,0
2026-05-26,bigbasket,40359936,,5,815
2026-06-09,bigbasket,40197856,,0,0
2026-06-22,bigbasket,40197850,,0,0
2026-05-05,bigbasket,40197854,,10,1940
2026-05-02,bigbasket,40197850,,44,8610
2026-06-26,bigbasket,40197850,,0,0
2026-05-04,bigbasket,40220812,,11,3037
2026-05-22,bigbasket,40197850,,30,4049
2026-05-22,bigbasket,40197857,,0,0
2026-05-29,bigbasket,40197851,,25,4728
2026-05-21,bigbasket,40197850,,50,8613
2026-05-21,bigbasket,40220812,,10,1360
2026-05-21,bigbasket,40197856,,0,0
2026-06-11,bigbasket,40197858,,8,2787
2026-06-11,bigbasket,40197856,,0,0
2026-05-20,bigbasket,40197861,,3,457
2026-05-08,bigbasket,40197850,,0,0
2026-06-05,bigbasket,40197854,,6,1614
2026-05-24,bigbasket,40349409,,25,6173
2026-06-12,bigbasket,40197854,,9,1857
2026-06-08,bigbasket,40197850,,26,3533
2026-06-08,bigbasket,40359936,,0,0
2026-06-04,bigbasket,40197850,,0,0
2026-05-19,bigbasket,40220813,,0,0
2026-05-19,bigbasket,40302639,,6,624
2026-05-23,bigbasket,40197851,,9,947
2026-06-14,bigbasket,40197850,,4,366
2026-07-08,bigbasket,40349409,,5,1405
2026-07-09,bigbasket,40349409,,7,1572
2026-06-30,bigbasket,40197854,,6,933
2026-06-19,bigbasket,40197858,,6,1492
2026-06-28,bigbasket,40197858,,12,2928
2026-07-07,bigbasket,40197854,,0,0
2026-06-21,bigbasket,40197860,,4,956
2026-07-03,bigbasket,40349409,,19,4212
2026-07-03,bigbasket,40197860,,0,0
2026-07-10,bigbasket,40349409,,4,645
2026-07-25,bigbasket,40359935,,8,2061
2026-06-20,bigbasket,40197851,,6,594
2026-07-26,bigbasket,40349409,,20,4775
2026-06-18,bigbasket,40220813,,8,1242
2026-06-18,bigbasket,40197851,,7,984
2026-06-18,bigbasket,40197858,,14,2736
2026-06-17,bigbasket,40197854,,3,617
2026-07-16,bigbasket,40359934,,10,1668
2026-06-09,bigbasket,40197854,,15,2267
2026-06-09,bigbasket,40359936,,0,0
2026-06-09,bigbasket,40197860,,9,2811
2026-05-28,bigbasket,40197850,,37,5051
2026-05-11,bigbasket,40197861,,0,0
2026-05-29,bigbasket,40220813,,11,2697
2026-06-10,bigbasket,40197860,,5,3194
2026-06-05,bigbasket,40197852,,0,0
2026-05-24,bigbasket,40197861,,0,0
2026-05-24,bigbasket,40359934,,20,3175
2026-05-25,bigbasket,40197850,,28,3725
2026-06-12,bigbasket,40197856,,0,0
2026-06-12,bigbasket,40197858,,7,2102
2026-06-12,bigbasket,40197860,,0,0
2026-05-19,bigbasket,40220814,,0,0
2026-06-01,bigbasket,40197851,,0,0
2026-06-14,bigbasket,40220813,,3,957
2026-07-24,bigbasket,40359936,,18,4240
2026-06-27,bigbasket,40220813,,12,2801
2026-07-04,bigbasket,40359935,,0,0
2026-07-09,bigbasket,40359936,,1,139
2026-06-13,bigbasket,40197856,,0,0
2026-06-16,bigbasket,40197850,,0,0
2026-07-12,bigbasket,40349409,,4,1116
2026-07-12,bigbasket,40359934,,12,2098
2026-07-21,bigbasket,40359935,,1,178
2026-07-21,bigbasket,40197852,,0,0
2026-07-03,bigbasket,40197858,,0,0
2026-07-26,bigbasket,40359935,,23,3355
2026-06-18,bigbasket,40359935,,6,1872
2026-06-17,bigbasket,40197851,,4,1115
2026-06-17,bigbasket,40349409,,0,0
2026-07-22,bigbasket,40359935,,11,1789
2026-06-06,bigbasket,40359934,,0,0
2026-06-06,bigbasket,40197851,,8,1591
2026-05-02,bigbasket,40220812,,31,4784
2026-05-22,bigbasket,40302639,,12,2546
2026-05-30,bigbasket,40197852,,0,0
2026-05-14,bigbasket,40197850,,0,0
2026-06-10,bigbasket,40197851,,13,1906
2026-05-08,bigbasket,40220812,,0,0
2026-06-05,bigbasket,40197850,,15,1590
2026-05-24,bigbasket,40302639,,0,0
2026-05-24,bigbasket,40359935,,14,2425
2026-05-25,bigbasket,40197861,,0,0
2026-06-12,bigbasket,40197851,,13,2786
2026-06-08,bigbasket,40197858,,5,795
2026-05-19,bigbasket,40197860,,1,139
2026-05-06,blinkit,,,6.0,594.0
2026-05-06,blinkit,,,3.0,297.0
2026-05-06,blinkit,,,2.0,198.0
2026-05-06,blinkit,,,7.0,783.0
2026-05-06,blinkit,,,55.0,5905.0
2026-05-06,blinkit,,,27.0,3523.0
2026-05-06,blinkit,,,15.0,1615.0
2026-05-07,blinkit,,,11.0,1169.0
2026-05-07,blinkit,,,11.0,1339.0
2026-05-07,blinkit,,,3.0,297.0
2026-05-07,blinkit,,,10.0,1160.0
2026-05-07,blinkit,,,106.0,11824.0
2026-05-07,blinkit,,,32.0,3498.0
2026-05-07,blinkit,,,8.0,1022.0
2026-05-08,blinkit,,,11.0,1219.0
2026-05-08,blinkit,,,11.0,1179.0
2026-05-08,blinkit,,,1.0,99.0
2026-05-08,blinkit,,,9.0,851.0
2026-05-08,blinkit,,,116.0,13704.0
2026-05-08,blinkit,,,39.0,4151.0
2026-05-08,blinkit,,,27.0,3673.0
2026-05-09,blinkit,,,24.0,2366.0
2026-05-09,blinkit,,,13.0,1487.0
2026-05-09,blinkit,,,4.0,396.0
2026-05-09,blinkit,,,4.0,396.0
2026-05-09,blinkit,,,175.0,18955.0
2026-05-09,blinkit,,,47.0,5193.0
2026-05-09,blinkit,,,39.0,5701.0
2026-05-10,blinkit,,,13.0,1287.0
2026-05-10,blinkit,,,17.0,1863.0
2026-05-10,blinkit,,,3.0,297.0
2026-05-10,blinkit,,,7.0,783.0
2026-05-10,blinkit,,,143.0,16107.0
2026-05-10,blinkit,,,31.0,3569.0
2026-05-10,blinkit,,,32.0,3708.0
2026-05-11,blinkit,,,12.0,1418.0
2026-05-11,blinkit,,,6.0,684.0
2026-05-11,blinkit,,,2.0,198.0
2026-05-11,blinkit,,,3.0,297.0
2026-05-11,blinkit,,,88.0,9972.0
2026-05-11,blinkit,,,3.0,237.0
2026-05-11,blinkit,,,6.0,764.0
2026-05-11,blinkit,,,46.0,5294.0
2026-05-12,blinkit,,,17.0,1883.0
2026-05-12,blinkit,,,9.0,1071.0
2026-05-12,blinkit,,,5.0,495.0
2026-05-12,blinkit,,,14.0,1776.0
2026-05-12,blinkit,,,103.0,11597.0
2026-05-12,blinkit,,,11.0,1659.0
2026-05-12,blinkit,,,62.0,7178.0
2026-05-13,blinkit,,,31.0,3559.0
2026-05-13,blinkit,,,15.0,1575.0
2026-05-13,blinkit,,,1.0,99.0
2026-05-13,blinkit,,,11.0,1079.0
2026-05-13,blinkit,,,97.0,10813.0
2026-05-13,blinkit,,,7.0,1033.0
2026-05-13,blinkit,,,57.0,6883.0
2026-05-14,blinkit,,,14.0,1656.0
2026-05-14,blinkit,,,11.0,1109.0
2026-05-14,blinkit,,,2.0,198.0
2026-05-14,blinkit,,,6.0,754.0
2026-05-14,blinkit,,,117.0,12713.0
2026-05-14,blinkit,,,23.0,2617.0
2026-05-14,blinkit,,,92.0,11378.0
2026-05-15,blinkit,,,20.0,2340.0
2026-05-15,blinkit,,,18.0,2142.0
2026-05-15,blinkit,,,3.0,297.0
2026-05-15,blinkit,,,10.0,1080.0
2026-05-15,blinkit,,,99.0,10981.0
2026-05-15,blinkit,,,17.0,2023.0
2026-05-15,blinkit,,,77.0,9263.0
2026-05-16,blinkit,,,20.0,2160.0
2026-05-16,blinkit,,,10.0,1080.0
2026-05-16,blinkit,,,3.0,297.0
2026-05-16,blinkit,,,11.0,1089.0
2026-05-16,blinkit,,,130.0,14090.0
2026-05-16,blinkit,,,22.0,3098.0
2026-05-16,blinkit,,,85.0,10215.0
2026-05-17,blinkit,,,9.0,981.0
2026-05-17,blinkit,,,16.0,1764.0
2026-05-17,blinkit,,,7.0,693.0
2026-05-17,blinkit,,,7.0,783.0
2026-05-17,blinkit,,,115.0,13105.0
2026-05-17,blinkit,,,24.0,3146.0
2026-05-17,blinkit,,,94.0,11526.0
2026-05-18,blinkit,,,18.0,2142.0
2026-05-18,blinkit,,,11.0,1269.0
2026-05-18,blinkit,,,4.0,486.0
2026-05-18,blinkit,,,2.0,198.0
2026-05-18,blinkit,,,71.0,7639.0
2026-05-18,blinkit,,,14.0,1976.0
2026-05-18,blinkit,,,55.0,6605.0
2026-05-19,blinkit,,,10.0,1190.0
2026-05-19,blinkit,,,12.0,1398.0
2026-05-19,blinkit,,,2.0,198.0
2026-05-19,blinkit,,,6.0,594.0
2026-05-19,blinkit,,,87.0,9763.0
2026-05-19,blinkit,,,6.0,914.0
2026-05-19,blinkit,,,57.0,6683.0
2026-05-19,blinkit,,,3.0,507.0
2026-05-20,blinkit,,,9.0,1071.0
2026-05-20,blinkit,,,9.0,891.0
2026-05-20,blinkit,,,1.0,99.0
2026-05-20,blinkit,,,5.0,625.0
2026-05-20,blinkit,,,112.0,13018.0
2026-05-20,blinkit,,,66.0,8634.0
2026-05-20,blinkit,,,13.0,1677.0
2026-05-21,blinkit,,,15.0,1735.0
2026-05-21,blinkit,,,2.0,198.0
2026-05-21,blinkit,,,1.0,99.0
2026-05-21,blinkit,,,4.0,466.0
2026-05-21,blinkit,,,94.0,11126.0
2026-05-21,blinkit,,,39.0,4661.0
2026-05-21,blinkit,,,19.0,2441.0
2026-05-21,blinkit,,,28.0,3282.0
2026-05-22,blinkit,,,7.0,693.0
2026-05-22,blinkit,,,14.0,1626.0
2026-05-22,blinkit,,,5.0,625.0
2026-05-22,blinkit,,,6.0,614.0
2026-05-22,blinkit,,,89.0,9811.0
2026-05-22,blinkit,,,0.0,0.0
2026-05-22,blinkit,,,10.0,1430.0
2026-05-22,blinkit,,,53.0,6467.0
2026-05-23,blinkit,,,9.0,981.0
2026-05-23,blinkit,,,8.0,822.0
2026-05-23,blinkit,,,4.0,486.0
2026-05-23,blinkit,,,4.0,486.0
2026-05-23,blinkit,,,126.0,14184.0
2026-05-24,blinkit,,,18.0,2072.0
2026-05-24,blinkit,,,17.0,1773.0
2026-05-24,blinkit,,,3.0,297.0
2026-05-24,blinkit,,,5.0,495.0
2026-05-24,blinkit,,,131.0,15116.0
2026-05-25,blinkit,,,10.0,990.0
2026-05-25,blinkit,,,6.0,774.0
2026-05-25,blinkit,,,2.0,198.0
2026-05-25,blinkit,,,3.0,297.0
2026-05-25,blinkit,,,85.0,10115.0
2026-05-26,blinkit,,,4.0,486.0
2026-05-26,blinkit,,,10.0,990.0
2026-05-26,blinkit,,,1.0,99.0
2026-05-26,blinkit,,,1.0,99.0
2026-05-26,blinkit,,,75.0,8815.0
2026-05-26,blinkit,,,8.0,852.0
2026-05-27,blinkit,,,3.0,387.0
2026-05-27,blinkit,,,59.0,7341.0
2026-05-27,blinkit,,,15.0,1885.0
2026-05-27,blinkit,,,13.0,1647.0
2026-05-27,blinkit,,,5.0,495.0
2026-05-26,blinkit,,,0.0,0.0
2026-05-27,blinkit,,,5.0,605.0
2026-05-27,blinkit,,,6.0,684.0
2026-05-26,blinkit,,,0.0,0.0
2026-05-27,blinkit,,,50.0,5690.0
2026-05-27,blinkit,,,8.0,1002.0
2026-05-23,blinkit,,,0.0,0.0
2026-05-27,blinkit,,,0.0,0.0
2026-05-27,blinkit,,,80.0,8350.0
2026-05-27,blinkit,,,18.0,2282.0
2026-05-27,blinkit,,,6.0,704.0
2026-05-27,blinkit,,,8.0,1012.0
2026-05-28,blinkit,,,17.0,1863.0
2026-05-28,blinkit,,,19.0,2261.0
2026-05-28,blinkit,,,16.0,1674.0
2026-05-28,blinkit,,,184.0,20786.0
2026-05-28,blinkit,,,207.0,23563.0
2026-05-28,blinkit,,,36.0,4274.0
2026-05-28,blinkit,,,24.0,2906.0
2026-05-29,blinkit,,,10.0,1080.0
2026-05-29,blinkit,,,8.0,972.0
2026-05-29,blinkit,,,8.0,862.0
2026-05-29,blinkit,,,119.0,13961.0
2026-05-29,blinkit,,,186.0,22254.0
2026-05-29,blinkit,,,33.0,3947.0
2026-05-30,blinkit,,,21.0,2619.0
2026-05-30,blinkit,,,5.0,495.0
2026-05-30,blinkit,,,33.0,3687.0
2026-05-30,blinkit,,,135.0,15975.0
2026-05-30,blinkit,,,186.0,20484.0
2026-05-30,blinkit,,,75.0,9095.0
2026-05-31,blinkit,,,14.0,1476.0
2026-05-31,blinkit,,,15.0,1595.0
2026-05-31,blinkit,,,29.0,3641.0
2026-05-31,blinkit,,,144.0,17296.0
2026-05-31,blinkit,,,157.0,17863.0
2026-05-31,blinkit,,,49.0,5911.0
2026-06-05,blinkit,,,4.0,396.0
2026-06-05,blinkit,,,0.0,0.0
2026-06-05,blinkit,,,0.0,0.0
2026-06-05,blinkit,,,0.0,0.0
2026-06-05,blinkit,,,0.0,0.0
2026-06-05,blinkit,,,0.0,0.0
2026-06-05,blinkit,,,0.0,0.0
2026-06-05,blinkit,,,0.0,0.0
2026-06-05,blinkit,,,0.0,0.0
2026-06-05,blinkit,,,0.0,0.0
2026-06-05,blinkit,,,0.0,0.0
2026-06-05,blinkit,,,0.0,0.0
2026-06-05,blinkit,,,0.0,0.0
2026-06-05,blinkit,,,0.0,0.0
2026-06-05,blinkit,,,0.0,0.0
2026-06-05,blinkit,,,0.0,0.0
2026-06-05,blinkit,,,0.0,0.0
2026-06-05,blinkit,,,1.0,99.0
2026-06-05,blinkit,,,0.0,0.0
2026-06-05,blinkit,,,0.0,0.0
2026-06-05,blinkit,,,0.0,0.0
2026-06-05,blinkit,,,0.0,0.0
2026-06-05,blinkit,,,0.0,0.0
2026-06-05,blinkit,,,0.0,0.0
2026-06-05,blinkit,,,0.0,0.0
2026-06-05,blinkit,,,0.0,0.0
2026-06-05,blinkit,,,0.0,0.0
2026-06-05,blinkit,,,0.0,0.0
2026-06-05,blinkit,,,0.0,0.0
2026-06-05,blinkit,,,0.0,0.0
2026-06-05,blinkit,,,0.0,0.0
2026-06-05,blinkit,,,2.0,288.0
2026-06-05,blinkit,,,2.0,198.0
2026-06-05,blinkit,,,12.0,1338.0
2026-06-05,blinkit,,,0.0,0.0
2026-06-05,blinkit,,,0.0,0.0
2026-06-05,blinkit,,,0.0,0.0
2026-06-05,blinkit,,,0.0,0.0
2026-06-05,blinkit,,,0.0,0.0
2026-06-05,blinkit,,,0.0,0.0
2026-06-05,blinkit,,,0.0,0.0
2026-06-05,blinkit,,,0.0,0.0
2026-06-05,blinkit,,,0.0,0.0
2026-06-05,blinkit,,,0.0,0.0
2026-06-05,blinkit,,,0.0,0.0
2026-06-05,blinkit,,,0.0,0.0
2026-06-05,blinkit,,,0.0,0.0
2026-06-05,blinkit,,,0.0,0.0
2026-06-05,blinkit,,,0.0,0.0
2026-06-05,blinkit,,,0.0,0.0
2026-06-05,blinkit,,,0.0,0.0
2026-06-05,blinkit,,,0.0,0.0
2026-06-05,blinkit,,,0.0,0.0
2026-06-05,blinkit,,,0.0,0.0
2026-06-05,blinkit,,,0.0,0.0
2026-06-05,blinkit,,,0.0,0.0
2026-06-05,blinkit,,,0.0,0.0
2026-06-05,blinkit,,,0.0,0.0
2026-06-05,blinkit,,,0.0,0.0
2026-06-05,blinkit,,,0.0,0.0
2026-06-05,blinkit,,,0.0,0.0
2026-06-05,blinkit,,,0.0,0.0
2026-06-05,blinkit,,,0.0,0.0
2026-06-05,blinkit,,,0.0,0.0
2026-06-05,blinkit,,,0.0,0.0
2026-06-05,blinkit,,,37.0,5113.0
2026-06-05,blinkit,,,0.0,0.0
2026-06-05,blinkit,,,0.0,0.0
2026-06-05,blinkit,,,0.0,0.0
2026-06-05,blinkit,,,0.0,0.0
2026-06-05,blinkit,,,0.0,0.0
2026-06-05,blinkit,,,0.0,0.0
2026-06-05,blinkit,,,0.0,0.0
2026-06-05,blinkit,,,0.0,0.0
2026-06-05,blinkit,,,0.0,0.0
2026-06-05,blinkit,,,0.0,0.0
2026-06-05,blinkit,,,0.0,0.0
2026-06-05,blinkit,,,2.0,198.0
2026-06-05,blinkit,,,0.0,0.0
2026-06-05,blinkit,,,0.0,0.0
2026-06-05,blinkit,,,0.0,0.0
2026-06-05,blinkit,,,0.0,0.0
2026-06-05,blinkit,,,0.0,0.0
2026-06-05,blinkit,,,0.0,0.0
2026-06-05,blinkit,,,0.0,0.0
2026-06-05,blinkit,,,0.0,0.0
2026-06-05,blinkit,,,0.0,0.0
2026-06-05,blinkit,,,0.0,0.0
2026-06-05,blinkit,,,0.0,0.0
2026-06-05,blinkit,,,0.0,0.0
2026-06-05,blinkit,,,0.0,0.0
2026-06-05,blinkit,,,0.0,0.0
2026-06-05,blinkit,,,0.0,0.0
2026-06-05,blinkit,,,0.0,0.0
2026-06-05,blinkit,,,0.0,0.0
2026-06-05,blinkit,,,0.0,0.0
2026-06-05,blinkit,,,0.0,0.0
2026-06-05,blinkit,,,0.0,0.0
2026-06-05,blinkit,,,0.0,0.0
2026-06-05,blinkit,,,0.0,0.0
2026-06-05,blinkit,,,0.0,0.0
2026-06-05,blinkit,,,0.0,0.0
2026-06-05,blinkit,,,0.0,0.0
2026-06-05,blinkit,,,0.0,0.0
2026-06-05,blinkit,,,0.0,0.0
2026-06-05,blinkit,,,0.0,0.0
2026-06-05,blinkit,,,0.0,0.0
2026-06-05,blinkit,,,0.0,0.0
2026-06-05,blinkit,,,4.0,456.0
2026-06-05,blinkit,,,0.0,0.0
2026-06-05,blinkit,,,0.0,0.0
2026-06-05,blinkit,,,0.0,0.0
2026-06-05,blinkit,,,0.0,0.0
2026-06-05,blinkit,,,0.0,0.0
2026-06-05,blinkit,,,0.0,0.0
2026-06-05,blinkit,,,0.0,0.0
2026-06-05,blinkit,,,0.0,0.0
2026-06-05,blinkit,,,1.0,169.0
2026-06-05,blinkit,,,0.0,0.0
2026-06-05,blinkit,,,0.0,0.0
2026-06-05,blinkit,,,0.0,0.0
2026-06-05,blinkit,,,0.0,0.0
2026-06-05,blinkit,,,0.0,0.0
2026-06-05,blinkit,,,0.0,0.0
2026-06-05,blinkit,,,0.0,0.0
2026-06-05,blinkit,,,0.0,0.0
2026-06-05,blinkit,,,0.0,0.0
2026-06-05,blinkit,,,0.0,0.0
2026-06-05,blinkit,,,18.0,1982.0
2026-06-05,blinkit,,,0.0,0.0
2026-06-05,blinkit,,,0.0,0.0
2026-06-05,blinkit,,,1.0,189.0
2026-06-05,blinkit,,,6.0,824.0
2026-06-05,blinkit,,,0.0,0.0
2026-06-05,blinkit,,,1.0,99.0
2026-06-05,blinkit,,,0.0,0.0
2026-06-05,blinkit,,,9.0,1021.0
2026-06-05,blinkit,,,0.0,0.0
2026-06-05,blinkit,,,0.0,0.0
2026-06-05,blinkit,,,0.0,0.0
2026-06-05,blinkit,,,0.0,0.0
2026-06-05,blinkit,,,0.0,0.0
2026-06-05,blinkit,,,0.0,0.0
2026-06-05,blinkit,,,0.0,0.0
2026-06-05,blinkit,,,0.0,0.0
2026-06-05,blinkit,,,2.0,198.0
2026-06-05,blinkit,,,0.0,0.0
2026-06-05,blinkit,,,0.0,0.0
2026-06-05,blinkit,,,0.0,0.0
2026-06-05,blinkit,,,1.0,189.0
2026-06-05,blinkit,,,0.0,0.0
2026-06-05,blinkit,,,0.0,0.0
2026-06-05,blinkit,,,0.0,0.0
2026-06-05,blinkit,,,0.0,0.0
2026-06-05,blinkit,,,0.0,0.0
2026-06-05,blinkit,,,0.0,0.0
2026-06-05,blinkit,,,0.0,0.0
2026-06-05,blinkit,,,0.0,0.0
2026-06-05,blinkit,,,0.0,0.0
2026-06-05,blinkit,,,0.0,0.0
2026-06-05,blinkit,,,0.0,0.0
2026-06-05,blinkit,,,1.0,189.0
2026-06-05,blinkit,,,0.0,0.0
2026-06-05,blinkit,,,0.0,0.0
2026-06-05,blinkit,,,0.0,0.0
2026-06-05,blinkit,,,0.0,0.0
2026-06-05,blinkit,,,0.0,0.0
2026-06-05,blinkit,,,0.0,0.0
2026-06-05,blinkit,,,0.0,0.0
2026-06-05,blinkit,,,0.0,0.0
2026-06-05,blinkit,,,0.0,0.0
2026-06-05,blinkit,,,0.0,0.0
2026-06-05,blinkit,,,0.0,0.0
2026-06-05,blinkit,,,0.0,0.0
2026-06-05,blinkit,,,0.0,0.0
2026-06-05,blinkit,,,0.0,0.0
2026-06-05,blinkit,,,0.0,0.0
2026-06-05,blinkit,,,0.0,0.0
2026-06-05,blinkit,,,4.0,486.0
2026-06-05,blinkit,,,0.0,0.0
2026-06-05,blinkit,,,0.0,0.0
2026-06-05,blinkit,,,0.0,0.0
2026-06-05,blinkit,,,0.0,0.0
2026-06-05,blinkit,,,0.0,0.0
2026-06-05,blinkit,,,0.0,0.0
2026-06-05,blinkit,,,0.0,0.0
2026-06-05,blinkit,,,0.0,0.0
2026-06-05,blinkit,,,0.0,0.0
2026-06-05,blinkit,,,0.0,0.0
2026-06-05,blinkit,,,0.0,0.0
2026-06-05,blinkit,,,0.0,0.0
2026-06-05,blinkit,,,0.0,0.0
2026-06-05,blinkit,,,0.0,0.0
2026-06-05,blinkit,,,0.0,0.0
2026-06-05,blinkit,,,0.0,0.0
2026-06-05,blinkit,,,0.0,0.0
2026-06-05,blinkit,,,7.0,1083.0
2026-06-05,blinkit,,,43.0,5467.0
2026-06-05,blinkit,,,28.0,3402.0
2026-06-05,blinkit,,,38.0,5452.0
2026-06-05,blinkit,,,9.0,1001.0
2026-06-05,blinkit,,,6.0,684.0
2026-06-05,blinkit,,,4.0,426.0
2026-06-05,blinkit,,,0.0,0.0
2026-06-05,blinkit,,,0.0,0.0
2026-06-05,blinkit,,,0.0,0.0
2026-06-05,blinkit,,,0.0,0.0
2026-06-05,blinkit,,,0.0,0.0
2026-06-05,blinkit,,,0.0,0.0
2026-06-05,blinkit,,,5.0,595.0
2026-06-05,blinkit,,,0.0,0.0
2026-06-05,blinkit,,,0.0,0.0
2026-06-05,blinkit,,,0.0,0.0
2026-06-05,blinkit,,,0.0,0.0
2026-06-05,blinkit,,,0.0,0.0
2026-06-05,blinkit,,,0.0,0.0
2026-06-05,blinkit,,,0.0,0.0
2026-06-05,blinkit,,,0.0,0.0
2026-06-05,blinkit,,,0.0,0.0
2026-06-05,blinkit,,,0.0,0.0
2026-06-05,blinkit,,,0.0,0.0
2026-06-05,blinkit,,,0.0,0.0
2026-06-05,blinkit,,,0.0,0.0
2026-06-05,blinkit,,,0.0,0.0
2026-06-05,blinkit,,,0.0,0.0
2026-06-05,blinkit,,,0.0,0.0
2026-06-05,blinkit,,,0.0,0.0
2026-06-05,blinkit,,,0.0,0.0
2026-06-05,blinkit,,,0.0,0.0
2026-06-05,blinkit,,,0.0,0.0
2026-06-05,blinkit,,,0.0,0.0
2026-06-05,blinkit,,,0.0,0.0
2026-06-05,blinkit,,,0.0,0.0
2026-06-05,blinkit,,,0.0,0.0
2026-06-05,blinkit,,,0.0,0.0
2026-06-05,blinkit,,,0.0,0.0
2026-06-05,blinkit,,,0.0,0.0
2026-06-05,blinkit,,,0.0,0.0
2026-06-05,blinkit,,,1.0,119.0
2026-06-05,blinkit,,,0.0,0.0
2026-06-05,blinkit,,,0.0,0.0
2026-06-05,blinkit,,,1.0,119.0
2026-06-05,blinkit,,,1.0,119.0
2026-06-05,blinkit,,,0.0,0.0
2026-06-05,blinkit,,,0.0,0.0
2026-06-05,blinkit,,,0.0,0.0
2026-06-05,blinkit,,,0.0,0.0
2026-06-05,blinkit,,,0.0,0.0
2026-06-05,blinkit,,,0.0,0.0
2026-06-05,blinkit,,,0.0,0.0
2026-06-05,blinkit,,,0.0,0.0
2026-06-05,blinkit,,,0.0,0.0
2026-06-05,blinkit,,,0.0,0.0
2026-06-05,blinkit,,,0.0,0.0
2026-06-05,blinkit,,,0.0,0.0
2026-06-05,blinkit,,,0.0,0.0
2026-06-05,blinkit,,,0.0,0.0
2026-06-05,blinkit,,,0.0,0.0
2026-06-05,blinkit,,,0.0,0.0
2026-06-05,blinkit,,,0.0,0.0
2026-06-05,blinkit,,,0.0,0.0
2026-06-05,blinkit,,,0.0,0.0
2026-06-05,blinkit,,,0.0,0.0
2026-06-05,blinkit,,,0.0,0.0
2026-06-05,blinkit,,,0.0,0.0
2026-06-05,blinkit,,,0.0,0.0
2026-06-05,blinkit,,,0.0,0.0
2026-06-05,blinkit,,,10.0,1290.0
2026-06-05,blinkit,,,8.0,1082.0
2026-06-05,blinkit,,,9.0,1081.0
2026-06-05,blinkit,,,1.0,99.0
2026-06-05,blinkit,,,43.0,5597.0
2026-06-05,blinkit,,,13.0,1647.0
2026-06-05,blinkit,,,0.0,0.0
2026-06-05,blinkit,,,1.0,99.0
2026-06-05,blinkit,,,0.0,0.0
2026-06-05,blinkit,,,0.0,0.0
2026-06-05,blinkit,,,0.0,0.0
2026-06-05,blinkit,,,0.0,0.0
2026-06-05,blinkit,,,1.0,99.0
2026-06-05,blinkit,,,0.0,0.0
2026-06-05,blinkit,,,4.0,426.0
2026-06-05,blinkit,,,0.0,0.0
2026-06-05,blinkit,,,0.0,0.0
2026-06-05,blinkit,,,0.0,0.0
2026-06-05,blinkit,,,0.0,0.0
2026-06-05,blinkit,,,0.0,0.0
2026-06-05,blinkit,,,0.0,0.0
2026-06-05,blinkit,,,0.0,0.0
2026-06-05,blinkit,,,0.0,0.0
2026-06-05,blinkit,,,0.0,0.0
2026-06-05,blinkit,,,0.0,0.0
2026-06-05,blinkit,,,0.0,0.0
2026-06-05,blinkit,,,0.0,0.0
2026-06-05,blinkit,,,0.0,0.0
2026-06-05,blinkit,,,0.0,0.0
2026-06-05,blinkit,,,0.0,0.0
2026-06-05,blinkit,,,1.0,189.0
2026-06-05,blinkit,,,0.0,0.0
2026-06-05,blinkit,,,0.0,0.0
2026-06-05,blinkit,,,0.0,0.0
2026-06-05,blinkit,,,0.0,0.0
2026-06-05,blinkit,,,0.0,0.0
2026-06-05,blinkit,,,0.0,0.0
2026-06-05,blinkit,,,0.0,0.0
2026-06-05,blinkit,,,0.0,0.0
2026-06-05,blinkit,,,0.0,0.0
2026-06-05,blinkit,,,0.0,0.0
2026-06-05,blinkit,,,0.0,0.0
2026-06-05,blinkit,,,0.0,0.0
2026-06-05,blinkit,,,0.0,0.0
2026-06-05,blinkit,,,0.0,0.0
2026-06-05,blinkit,,,0.0,0.0
2026-06-05,blinkit,,,0.0,0.0
2026-06-05,blinkit,,,0.0,0.0
2026-06-05,blinkit,,,0.0,0.0
2026-06-05,blinkit,,,0.0,0.0
2026-06-05,blinkit,,,1.0,69.0
2026-06-05,blinkit,,,0.0,0.0
2026-06-05,blinkit,,,0.0,0.0
2026-06-05,blinkit,,,0.0,0.0
2026-06-05,blinkit,,,0.0,0.0
2026-06-05,blinkit,,,0.0,0.0
2026-06-05,blinkit,,,0.0,0.0
2026-06-05,blinkit,,,0.0,0.0
2026-06-05,blinkit,,,0.0,0.0
2026-06-05,blinkit,,,0.0,0.0
2026-06-05,blinkit,,,0.0,0.0
2026-06-05,blinkit,,,0.0,0.0
2026-06-05,blinkit,,,0.0,0.0
2026-06-05,blinkit,,,0.0,0.0
2026-06-05,blinkit,,,0.0,0.0
2026-06-05,blinkit,,,1.0,99.0
2026-06-05,blinkit,,,0.0,0.0
2026-06-05,blinkit,,,0.0,0.0
2026-06-05,blinkit,,,0.0,0.0
2026-06-05,blinkit,,,0.0,0.0
2026-06-05,blinkit,,,0.0,0.0
2026-06-05,blinkit,,,0.0,0.0
2026-06-05,blinkit,,,0.0,0.0
2026-06-05,blinkit,,,0.0,0.0
2026-06-05,blinkit,,,0.0,0.0
2026-06-05,blinkit,,,0.0,0.0
2026-06-05,blinkit,,,0.0,0.0
2026-06-05,blinkit,,,0.0,0.0
2026-06-05,blinkit,,,0.0,0.0
2026-06-05,blinkit,,,0.0,0.0
2026-06-05,blinkit,,,0.0,0.0
2026-06-05,blinkit,,,0.0,0.0
2026-06-05,blinkit,,,0.0,0.0
2026-06-05,blinkit,,,0.0,0.0
2026-06-05,blinkit,,,0.0,0.0
2026-06-05,blinkit,,,0.0,0.0
2026-06-05,blinkit,,,0.0,0.0
2026-06-05,blinkit,,,0.0,0.0
2026-06-05,blinkit,,,0.0,0.0
2026-06-05,blinkit,,,0.0,0.0
2026-06-05,blinkit,,,0.0,0.0
2026-06-05,blinkit,,,0.0,0.0
2026-06-05,blinkit,,,0.0,0.0
2026-06-05,blinkit,,,0.0,0.0
2026-06-05,blinkit,,,0.0,0.0
2026-06-05,blinkit,,,0.0,0.0
2026-06-05,blinkit,,,0.0,0.0
2026-06-05,blinkit,,,0.0,0.0
2026-06-05,blinkit,,,0.0,0.0
2026-06-05,blinkit,,,0.0,0.0
2026-06-05,blinkit,,,7.0,753.0
2026-06-05,blinkit,,,2.0,238.0
2026-06-05,blinkit,,,0.0,0.0
2026-06-06,blinkit,,,1.0,189.0
2026-06-06,blinkit,,,0.0,0.0
2026-06-06,blinkit,,,0.0,0.0
2026-06-06,blinkit,,,0.0,0.0
2026-06-06,blinkit,,,0.0,0.0
2026-06-06,blinkit,,,0.0,0.0
2026-06-06,blinkit,,,0.0,0.0
2026-06-06,blinkit,,,0.0,0.0
2026-06-06,blinkit,,,1.0,99.0
2026-06-06,blinkit,,,0.0,0.0
2026-06-06,blinkit,,,0.0,0.0
2026-06-06,blinkit,,,0.0,0.0
2026-06-06,blinkit,,,0.0,0.0
2026-06-06,blinkit,,,0.0,0.0
2026-06-06,blinkit,,,0.0,0.0
2026-06-06,blinkit,,,0.0,0.0
2026-06-06,blinkit,,,0.0,0.0
2026-06-06,blinkit,,,0.0,0.0
2026-06-06,blinkit,,,0.0,0.0
2026-06-06,blinkit,,,0.0,0.0
2026-06-06,blinkit,,,0.0,0.0
2026-06-06,blinkit,,,0.0,0.0
2026-06-06,blinkit,,,0.0,0.0
2026-06-06,blinkit,,,0.0,0.0
2026-06-06,blinkit,,,0.0,0.0
2026-06-06,blinkit,,,0.0,0.0
2026-06-06,blinkit,,,0.0,0.0
2026-06-06,blinkit,,,0.0,0.0
2026-06-06,blinkit,,,0.0,0.0
2026-06-06,blinkit,,,0.0,0.0
2026-06-06,blinkit,,,0.0,0.0
2026-06-06,blinkit,,,1.0,189.0
2026-06-06,blinkit,,,0.0,0.0
2026-06-06,blinkit,,,8.0,992.0
2026-06-06,blinkit,,,0.0,0.0
2026-06-06,blinkit,,,0.0,0.0
2026-06-06,blinkit,,,0.0,0.0
2026-06-06,blinkit,,,0.0,0.0
2026-06-06,blinkit,,,0.0,0.0
2026-06-06,blinkit,,,0.0,0.0
2026-06-06,blinkit,,,0.0,0.0
2026-06-06,blinkit,,,0.0,0.0
2026-06-06,blinkit,,,0.0,0.0
2026-06-06,blinkit,,,0.0,0.0
2026-06-06,blinkit,,,0.0,0.0
2026-06-06,blinkit,,,0.0,0.0
2026-06-06,blinkit,,,0.0,0.0
2026-06-06,blinkit,,,0.0,0.0
2026-06-06,blinkit,,,0.0,0.0
2026-06-06,blinkit,,,0.0,0.0
2026-06-06,blinkit,,,0.0,0.0
2026-06-06,blinkit,,,0.0,0.0
2026-06-06,blinkit,,,0.0,0.0
2026-06-06,blinkit,,,0.0,0.0
2026-06-06,blinkit,,,0.0,0.0
2026-06-06,blinkit,,,0.0,0.0
2026-06-06,blinkit,,,0.0,0.0
2026-06-06,blinkit,,,0.0,0.0
2026-06-06,blinkit,,,0.0,0.0
2026-06-06,blinkit,,,0.0,0.0
2026-06-06,blinkit,,,0.0,0.0
2026-06-06,blinkit,,,0.0,0.0
2026-06-06,blinkit,,,0.0,0.0
2026-06-06,blinkit,,,0.0,0.0
2026-06-06,blinkit,,,0.0,0.0
2026-06-06,blinkit,,,0.0,0.0
2026-06-06,blinkit,,,0.0,0.0
2026-06-06,blinkit,,,0.0,0.0
2026-06-06,blinkit,,,0.0,0.0
2026-06-06,blinkit,,,0.0,0.0
2026-06-06,blinkit,,,0.0,0.0
2026-06-06,blinkit,,,22.0,3078.0
2026-06-06,blinkit,,,0.0,0.0
2026-06-06,blinkit,,,0.0,0.0
2026-06-06,blinkit,,,0.0,0.0
2026-06-06,blinkit,,,0.0,0.0
2026-06-06,blinkit,,,0.0,0.0
2026-06-06,blinkit,,,0.0,0.0
2026-06-06,blinkit,,,0.0,0.0
2026-06-06,blinkit,,,1.0,189.0
2026-06-06,blinkit,,,0.0,0.0
2026-06-06,blinkit,,,0.0,0.0
2026-06-06,blinkit,,,0.0,0.0
2026-06-06,blinkit,,,0.0,0.0
2026-06-06,blinkit,,,1.0,99.0
2026-06-06,blinkit,,,0.0,0.0
2026-06-06,blinkit,,,0.0,0.0
2026-06-06,blinkit,,,0.0,0.0
2026-06-06,blinkit,,,0.0,0.0
2026-06-06,blinkit,,,0.0,0.0
2026-06-06,blinkit,,,0.0,0.0
2026-06-06,blinkit,,,0.0,0.0
2026-06-06,blinkit,,,0.0,0.0
2026-06-06,blinkit,,,0.0,0.0
2026-06-06,blinkit,,,0.0,0.0
2026-06-06,blinkit,,,0.0,0.0
2026-06-06,blinkit,,,0.0,0.0
2026-06-06,blinkit,,,0.0,0.0
2026-06-06,blinkit,,,0.0,0.0
2026-06-06,blinkit,,,0.0,0.0
2026-06-06,blinkit,,,0.0,0.0
2026-06-06,blinkit,,,0.0,0.0
2026-06-06,blinkit,,,0.0,0.0
2026-06-06,blinkit,,,0.0,0.0
2026-06-06,blinkit,,,0.0,0.0
2026-06-06,blinkit,,,0.0,0.0
2026-06-06,blinkit,,,0.0,0.0
2026-06-06,blinkit,,,1.0,99.0
2026-06-06,blinkit,,,0.0,0.0
2026-06-06,blinkit,,,0.0,0.0
2026-06-06,blinkit,,,0.0,0.0
2026-06-06,blinkit,,,0.0,0.0
2026-06-06,blinkit,,,0.0,0.0
2026-06-06,blinkit,,,0.0,0.0
2026-06-06,blinkit,,,0.0,0.0
2026-06-06,blinkit,,,1.0,169.0
2026-06-06,blinkit,,,0.0,0.0
2026-06-06,blinkit,,,0.0,0.0
2026-06-06,blinkit,,,0.0,0.0
2026-06-06,blinkit,,,12.0,1548.0
2026-06-06,blinkit,,,1.0,99.0
2026-06-06,blinkit,,,0.0,0.0
2026-06-06,blinkit,,,2.0,198.0
2026-06-06,blinkit,,,5.0,515.0
2026-06-06,blinkit,,,0.0,0.0
2026-06-06,blinkit,,,0.0,0.0
2026-06-06,blinkit,,,8.0,932.0
2026-06-06,blinkit,,,0.0,0.0
2026-06-06,blinkit,,,0.0,0.0
2026-06-06,blinkit,,,0.0,0.0
2026-06-06,blinkit,,,0.0,0.0
2026-06-06,blinkit,,,0.0,0.0
2026-06-06,blinkit,,,0.0,0.0
2026-06-06,blinkit,,,0.0,0.0
2026-06-06,blinkit,,,0.0,0.0
2026-06-06,blinkit,,,0.0,0.0
2026-06-06,blinkit,,,0.0,0.0
2026-06-06,blinkit,,,1.0,99.0
2026-06-06,blinkit,,,0.0,0.0
2026-06-06,blinkit,,,2.0,378.0
2026-06-06,blinkit,,,0.0,0.0
2026-06-06,blinkit,,,0.0,0.0
2026-06-06,blinkit,,,0.0,0.0
2026-06-06,blinkit,,,0.0,0.0
2026-06-06,blinkit,,,0.0,0.0
2026-06-06,blinkit,,,0.0,0.0
2026-06-06,blinkit,,,0.0,0.0
2026-06-06,blinkit,,,0.0,0.0
2026-06-06,blinkit,,,0.0,0.0
2026-06-06,blinkit,,,0.0,0.0
2026-06-06,blinkit,,,0.0,0.0
2026-06-06,blinkit,,,0.0,0.0
2026-06-06,blinkit,,,0.0,0.0
2026-06-06,blinkit,,,0.0,0.0
2026-06-06,blinkit,,,2.0,378.0
2026-06-06,blinkit,,,0.0,0.0
2026-06-06,blinkit,,,2.0,198.0
2026-06-06,blinkit,,,0.0,0.0
2026-06-06,blinkit,,,0.0,0.0
2026-06-06,blinkit,,,0.0,0.0
2026-06-06,blinkit,,,0.0,0.0
2026-06-06,blinkit,,,0.0,0.0
2026-06-06,blinkit,,,0.0,0.0
2026-06-06,blinkit,,,0.0,0.0
2026-06-06,blinkit,,,0.0,0.0
2026-06-06,blinkit,,,0.0,0.0
2026-06-06,blinkit,,,0.0,0.0
2026-06-06,blinkit,,,0.0,0.0
2026-06-06,blinkit,,,0.0,0.0
2026-06-06,blinkit,,,0.0,0.0
2026-06-06,blinkit,,,0.0,0.0
2026-06-06,blinkit,,,0.0,0.0
2026-06-06,blinkit,,,20.0,2280.0
2026-06-06,blinkit,,,19.0,2171.0
2026-06-06,blinkit,,,4.0,456.0
2026-06-06,blinkit,,,11.0,1439.0
2026-06-06,blinkit,,,7.0,943.0
2026-06-06,blinkit,,,16.0,2004.0
2026-06-06,blinkit,,,7.0,833.0
2026-06-06,blinkit,,,0.0,0.0
2026-06-06,blinkit,,,1.0,119.0
2026-06-06,blinkit,,,0.0,0.0
2026-06-06,blinkit,,,0.0,0.0
2026-06-06,blinkit,,,0.0,0.0
2026-06-06,blinkit,,,0.0,0.0
2026-06-06,blinkit,,,0.0,0.0
2026-06-06,blinkit,,,0.0,0.0
2026-06-06,blinkit,,,0.0,0.0
2026-06-06,blinkit,,,0.0,0.0
2026-06-06,blinkit,,,0.0,0.0
2026-06-06,blinkit,,,0.0,0.0
2026-06-06,blinkit,,,0.0,0.0
2026-06-06,blinkit,,,0.0,0.0
2026-06-06,blinkit,,,0.0,0.0
2026-06-06,blinkit,,,0.0,0.0
2026-06-06,blinkit,,,0.0,0.0
2026-06-06,blinkit,,,0.0,0.0
2026-06-06,blinkit,,,0.0,0.0
2026-06-06,blinkit,,,0.0,0.0
2026-06-06,blinkit,,,0.0,0.0
2026-06-06,blinkit,,,0.0,0.0
2026-06-06,blinkit,,,0.0,0.0
2026-06-06,blinkit,,,0.0,0.0
2026-06-06,blinkit,,,0.0,0.0
2026-06-06,blinkit,,,0.0,0.0
2026-06-06,blinkit,,,0.0,0.0
2026-06-06,blinkit,,,0.0,0.0
2026-06-06,blinkit,,,0.0,0.0
2026-06-06,blinkit,,,0.0,0.0
2026-06-06,blinkit,,,0.0,0.0
2026-06-06,blinkit,,,0.0,0.0
2026-06-06,blinkit,,,0.0,0.0
2026-06-06,blinkit,,,1.0,169.0
2026-06-06,blinkit,,,0.0,0.0
2026-06-06,blinkit,,,0.0,0.0
2026-06-06,blinkit,,,0.0,0.0
2026-06-06,blinkit,,,0.0,0.0
2026-06-06,blinkit,,,0.0,0.0
2026-06-06,blinkit,,,0.0,0.0
2026-06-06,blinkit,,,1.0,99.0
2026-06-06,blinkit,,,0.0,0.0
2026-06-06,blinkit,,,0.0,0.0
2026-06-06,blinkit,,,0.0,0.0
2026-06-06,blinkit,,,0.0,0.0
2026-06-06,blinkit,,,0.0,0.0
2026-06-06,blinkit,,,0.0,0.0
2026-06-06,blinkit,,,0.0,0.0
2026-06-06,blinkit,,,2.0,288.0
2026-06-06,blinkit,,,0.0,0.0
2026-06-06,blinkit,,,0.0,0.0
2026-06-06,blinkit,,,0.0,0.0
2026-06-06,blinkit,,,0.0,0.0
2026-06-06,blinkit,,,0.0,0.0
2026-06-06,blinkit,,,0.0,0.0
2026-06-06,blinkit,,,0.0,0.0
2026-06-06,blinkit,,,0.0,0.0
2026-06-06,blinkit,,,0.0,0.0
2026-06-06,blinkit,,,0.0,0.0
2026-06-06,blinkit,,,0.0,0.0
2026-06-06,blinkit,,,0.0,0.0
2026-06-06,blinkit,,,0.0,0.0
2026-06-06,blinkit,,,0.0,0.0
2026-06-06,blinkit,,,0.0,0.0
2026-06-06,blinkit,,,0.0,0.0
2026-06-06,blinkit,,,0.0,0.0
2026-06-06,blinkit,,,0.0,0.0
2026-06-06,blinkit,,,0.0,0.0
2026-06-06,blinkit,,,0.0,0.0
2026-06-06,blinkit,,,0.0,0.0
2026-06-06,blinkit,,,0.0,0.0
2026-06-06,blinkit,,,0.0,0.0
2026-06-06,blinkit,,,0.0,0.0
2026-06-06,blinkit,,,0.0,0.0
2026-06-06,blinkit,,,0.0,0.0
2026-06-06,blinkit,,,0.0,0.0
2026-06-06,blinkit,,,0.0,0.0
2026-06-06,blinkit,,,0.0,0.0
2026-06-06,blinkit,,,0.0,0.0
2026-06-06,blinkit,,,0.0,0.0
2026-06-06,blinkit,,,0.0,0.0
2026-06-06,blinkit,,,9.0,1181.0
2026-06-06,blinkit,,,10.0,1170.0
2026-06-06,blinkit,,,4.0,536.0
2026-06-06,blinkit,,,0.0,0.0
2026-06-06,blinkit,,,15.0,1675.0
2026-06-06,blinkit,,,5.0,555.0
2026-06-06,blinkit,,,2.0,238.0
2026-06-06,blinkit,,,0.0,0.0
2026-06-06,blinkit,,,0.0,0.0
2026-06-06,blinkit,,,1.0,69.0
2026-06-06,blinkit,,,0.0,0.0
2026-06-06,blinkit,,,0.0,0.0
2026-06-06,blinkit,,,0.0,0.0
2026-06-06,blinkit,,,0.0,0.0
2026-06-06,blinkit,,,0.0,0.0
2026-06-06,blinkit,,,0.0,0.0
2026-06-06,blinkit,,,0.0,0.0
2026-06-06,blinkit,,,0.0,0.0
2026-06-06,blinkit,,,0.0,0.0
2026-06-06,blinkit,,,0.0,0.0
2026-06-06,blinkit,,,0.0,0.0
2026-06-06,blinkit,,,0.0,0.0
2026-06-06,blinkit,,,0.0,0.0
2026-06-06,blinkit,,,0.0,0.0
2026-06-06,blinkit,,,0.0,0.0
2026-06-06,blinkit,,,0.0,0.0
2026-06-06,blinkit,,,0.0,0.0
2026-06-06,blinkit,,,0.0,0.0
2026-06-06,blinkit,,,0.0,0.0
2026-06-06,blinkit,,,0.0,0.0
2026-06-06,blinkit,,,0.0,0.0
2026-06-06,blinkit,,,0.0,0.0
2026-06-06,blinkit,,,0.0,0.0
2026-06-06,blinkit,,,2.0,188.0
2026-06-06,blinkit,,,0.0,0.0
2026-06-06,blinkit,,,0.0,0.0
2026-06-06,blinkit,,,0.0,0.0
2026-06-06,blinkit,,,0.0,0.0
2026-06-06,blinkit,,,0.0,0.0
2026-06-06,blinkit,,,0.0,0.0
2026-06-06,blinkit,,,0.0,0.0
2026-06-06,blinkit,,,0.0,0.0
2026-06-06,blinkit,,,0.0,0.0
2026-06-06,blinkit,,,3.0,237.0
2026-06-06,blinkit,,,0.0,0.0
2026-06-06,blinkit,,,0.0,0.0
2026-06-06,blinkit,,,0.0,0.0
2026-06-06,blinkit,,,0.0,0.0
2026-06-06,blinkit,,,0.0,0.0
2026-06-06,blinkit,,,0.0,0.0
2026-06-06,blinkit,,,0.0,0.0
2026-06-06,blinkit,,,0.0,0.0
2026-06-06,blinkit,,,0.0,0.0
2026-06-06,blinkit,,,0.0,0.0
2026-06-06,blinkit,,,0.0,0.0
2026-06-06,blinkit,,,0.0,0.0
2026-06-06,blinkit,,,0.0,0.0
2026-06-06,blinkit,,,1.0,169.0
2026-06-06,blinkit,,,0.0,0.0
2026-06-06,blinkit,,,0.0,0.0
2026-06-06,blinkit,,,0.0,0.0
2026-06-06,blinkit,,,0.0,0.0
2026-06-06,blinkit,,,0.0,0.0
2026-06-06,blinkit,,,0.0,0.0
2026-06-06,blinkit,,,0.0,0.0
2026-06-06,blinkit,,,0.0,0.0
2026-06-06,blinkit,,,0.0,0.0
2026-06-06,blinkit,,,0.0,0.0
2026-06-06,blinkit,,,0.0,0.0
2026-06-06,blinkit,,,0.0,0.0
2026-06-06,blinkit,,,0.0,0.0
2026-06-06,blinkit,,,0.0,0.0
2026-06-06,blinkit,,,0.0,0.0
2026-06-06,blinkit,,,0.0,0.0
2026-06-06,blinkit,,,0.0,0.0
2026-06-06,blinkit,,,1.0,169.0
2026-06-06,blinkit,,,8.0,902.0
2026-06-06,blinkit,,,0.0,0.0
2026-06-07,blinkit,,,1.0,119.0
2026-06-07,blinkit,,,0.0,0.0
2026-06-07,blinkit,,,0.0,0.0
2026-06-07,blinkit,,,0.0,0.0
2026-06-07,blinkit,,,0.0,0.0
2026-06-07,blinkit,,,0.0,0.0
2026-06-07,blinkit,,,0.0,0.0
2026-06-07,blinkit,,,0.0,0.0
2026-06-07,blinkit,,,0.0,0.0
2026-06-07,blinkit,,,0.0,0.0
2026-06-07,blinkit,,,0.0,0.0
2026-06-07,blinkit,,,0.0,0.0
2026-06-07,blinkit,,,0.0,0.0
2026-06-07,blinkit,,,0.0,0.0
2026-06-07,blinkit,,,0.0,0.0
2026-06-07,blinkit,,,0.0,0.0
2026-06-07,blinkit,,,0.0,0.0
2026-06-07,blinkit,,,0.0,0.0
2026-06-07,blinkit,,,0.0,0.0
2026-06-07,blinkit,,,0.0,0.0
2026-06-07,blinkit,,,0.0,0.0
2026-06-07,blinkit,,,0.0,0.0
2026-06-07,blinkit,,,0.0,0.0
2026-06-07,blinkit,,,0.0,0.0
2026-06-07,blinkit,,,0.0,0.0
2026-06-07,blinkit,,,0.0,0.0
2026-06-07,blinkit,,,0.0,0.0
2026-06-07,blinkit,,,0.0,0.0
2026-06-07,blinkit,,,0.0,0.0
2026-06-07,blinkit,,,0.0,0.0
2026-06-07,blinkit,,,0.0,0.0
2026-06-07,blinkit,,,0.0,0.0
2026-06-07,blinkit,,,6.0,724.0
2026-06-07,blinkit,,,1.0,99.0
2026-06-07,blinkit,,,17.0,1933.0
2026-06-07,blinkit,,,0.0,0.0
2026-06-07,blinkit,,,0.0,0.0
2026-06-07,blinkit,,,0.0,0.0
2026-06-07,blinkit,,,0.0,0.0
2026-06-07,blinkit,,,0.0,0.0
2026-06-07,blinkit,,,0.0,0.0
2026-06-07,blinkit,,,0.0,0.0
2026-06-07,blinkit,,,0.0,0.0
2026-06-07,blinkit,,,0.0,0.0
2026-06-07,blinkit,,,0.0,0.0
2026-06-07,blinkit,,,0.0,0.0
2026-06-07,blinkit,,,0.0,0.0
2026-06-07,blinkit,,,0.0,0.0
2026-06-07,blinkit,,,0.0,0.0
2026-06-07,blinkit,,,0.0,0.0
2026-06-07,blinkit,,,0.0,0.0
2026-06-07,blinkit,,,0.0,0.0
2026-06-07,blinkit,,,0.0,0.0
2026-06-07,blinkit,,,0.0,0.0
2026-06-07,blinkit,,,0.0,0.0
2026-06-07,blinkit,,,0.0,0.0
2026-06-07,blinkit,,,0.0,0.0
2026-06-07,blinkit,,,0.0,0.0
2026-06-07,blinkit,,,0.0,0.0
2026-06-07,blinkit,,,0.0,0.0
2026-06-07,blinkit,,,0.0,0.0
2026-06-07,blinkit,,,0.0,0.0
2026-06-07,blinkit,,,0.0,0.0
2026-06-07,blinkit,,,0.0,0.0
2026-06-07,blinkit,,,0.0,0.0
2026-06-07,blinkit,,,12.0,1908.0
2026-06-07,blinkit,,,0.0,0.0
2026-06-07,blinkit,,,0.0,0.0
2026-06-07,blinkit,,,0.0,0.0
2026-06-07,blinkit,,,0.0,0.0
2026-06-07,blinkit,,,0.0,0.0
2026-06-07,blinkit,,,0.0,0.0
2026-06-07,blinkit,,,0.0,0.0
2026-06-07,blinkit,,,0.0,0.0
2026-06-07,blinkit,,,1.0,99.0
2026-06-07,blinkit,,,0.0,0.0
2026-06-07,blinkit,,,0.0,0.0
2026-06-07,blinkit,,,0.0,0.0
2026-06-07,blinkit,,,0.0,0.0
2026-06-07,blinkit,,,1.0,99.0
2026-06-07,blinkit,,,0.0,0.0
2026-06-07,blinkit,,,0.0,0.0
2026-06-07,blinkit,,,0.0,0.0
2026-06-07,blinkit,,,0.0,0.0
2026-06-07,blinkit,,,0.0,0.0
2026-06-07,blinkit,,,0.0,0.0
2026-06-07,blinkit,,,0.0,0.0
2026-06-07,blinkit,,,0.0,0.0
2026-06-07,blinkit,,,0.0,0.0
2026-06-07,blinkit,,,0.0,0.0
2026-06-07,blinkit,,,0.0,0.0
2026-06-07,blinkit,,,0.0,0.0
2026-06-07,blinkit,,,0.0,0.0
2026-06-07,blinkit,,,0.0,0.0
2026-06-07,blinkit,,,0.0,0.0
2026-06-07,blinkit,,,0.0,0.0
2026-06-07,blinkit,,,0.0,0.0
2026-06-07,blinkit,,,0.0,0.0
2026-06-07,blinkit,,,0.0,0.0
2026-06-07,blinkit,,,0.0,0.0
2026-06-07,blinkit,,,0.0,0.0
2026-06-07,blinkit,,,0.0,0.0
2026-06-07,blinkit,,,0.0,0.0
2026-06-07,blinkit,,,0.0,0.0
2026-06-07,blinkit,,,0.0,0.0
2026-06-07,blinkit,,,0.0,0.0
2026-06-07,blinkit,,,0.0,0.0
2026-06-07,blinkit,,,0.0,0.0
2026-06-07,blinkit,,,0.0,0.0
2026-06-07,blinkit,,,0.0,0.0
2026-06-07,blinkit,,,0.0,0.0
2026-06-07,blinkit,,,7.0,803.0
2026-06-07,blinkit,,,0.0,0.0
2026-06-07,blinkit,,,5.0,595.0
2026-06-07,blinkit,,,0.0,0.0
2026-06-07,blinkit,,,0.0,0.0
2026-06-07,blinkit,,,9.0,951.0
2026-06-07,blinkit,,,0.0,0.0
2026-06-07,blinkit,,,0.0,0.0
2026-06-07,blinkit,,,0.0,0.0
2026-06-07,blinkit,,,0.0,0.0
2026-06-07,blinkit,,,0.0,0.0
2026-06-07,blinkit,,,0.0,0.0
2026-06-07,blinkit,,,0.0,0.0
2026-06-07,blinkit,,,0.0,0.0
2026-06-07,blinkit,,,0.0,0.0
2026-06-07,blinkit,,,1.0,99.0
2026-06-07,blinkit,,,0.0,0.0
2026-06-07,blinkit,,,0.0,0.0
2026-06-07,blinkit,,,0.0,0.0
2026-06-07,blinkit,,,0.0,0.0
2026-06-07,blinkit,,,1.0,99.0
2026-06-07,blinkit,,,0.0,0.0
2026-06-07,blinkit,,,0.0,0.0
2026-06-07,blinkit,,,0.0,0.0
2026-06-07,blinkit,,,0.0,0.0
2026-06-07,blinkit,,,0.0,0.0
2026-06-07,blinkit,,,1.0,169.0
2026-06-07,blinkit,,,0.0,0.0
2026-06-07,blinkit,,,0.0,0.0
2026-06-07,blinkit,,,0.0,0.0
2026-06-07,blinkit,,,0.0,0.0
2026-06-07,blinkit,,,0.0,0.0
2026-06-07,blinkit,,,0.0,0.0
2026-06-07,blinkit,,,0.0,0.0
2026-06-07,blinkit,,,0.0,0.0
2026-06-07,blinkit,,,0.0,0.0
2026-06-07,blinkit,,,0.0,0.0
2026-06-07,blinkit,,,0.0,0.0
2026-06-07,blinkit,,,0.0,0.0
2026-06-07,blinkit,,,0.0,0.0
2026-06-07,blinkit,,,0.0,0.0
2026-06-07,blinkit,,,0.0,0.0
2026-06-07,blinkit,,,0.0,0.0
2026-06-07,blinkit,,,0.0,0.0
2026-06-07,blinkit,,,0.0,0.0
2026-06-07,blinkit,,,0.0,0.0
2026-06-07,blinkit,,,0.0,0.0
2026-06-07,blinkit,,,0.0,0.0
2026-06-07,blinkit,,,0.0,0.0
2026-06-07,blinkit,,,0.0,0.0
2026-06-07,blinkit,,,14.0,1486.0
2026-06-07,blinkit,,,33.0,4547.0
2026-06-07,blinkit,,,1.0,169.0
2026-06-07,blinkit,,,5.0,605.0
2026-06-07,blinkit,,,9.0,961.0
2026-06-07,blinkit,,,8.0,792.0
2026-06-07,blinkit,,,4.0,456.0
2026-06-07,blinkit,,,0.0,0.0
2026-06-07,blinkit,,,0.0,0.0
2026-06-07,blinkit,,,0.0,0.0
2026-06-07,blinkit,,,0.0,0.0
2026-06-07,blinkit,,,0.0,0.0
2026-06-07,blinkit,,,0.0,0.0
2026-06-07,blinkit,,,6.0,874.0
2026-06-07,blinkit,,,0.0,0.0
2026-06-07,blinkit,,,0.0,0.0
2026-06-07,blinkit,,,0.0,0.0
2026-06-07,blinkit,,,0.0,0.0
2026-06-07,blinkit,,,0.0,0.0
2026-06-07,blinkit,,,0.0,0.0
2026-06-07,blinkit,,,0.0,0.0
2026-06-07,blinkit,,,0.0,0.0
2026-06-07,blinkit,,,0.0,0.0
2026-06-07,blinkit,,,1.0,119.0
2026-06-07,blinkit,,,0.0,0.0
2026-06-07,blinkit,,,0.0,0.0
2026-06-07,blinkit,,,0.0,0.0
2026-06-07,blinkit,,,0.0,0.0
2026-06-07,blinkit,,,0.0,0.0
2026-06-07,blinkit,,,0.0,0.0
2026-06-07,blinkit,,,0.0,0.0
2026-06-07,blinkit,,,0.0,0.0
2026-06-07,blinkit,,,0.0,0.0
2026-06-07,blinkit,,,0.0,0.0
2026-06-07,blinkit,,,0.0,0.0
2026-06-07,blinkit,,,0.0,0.0
2026-06-07,blinkit,,,0.0,0.0
2026-06-07,blinkit,,,2.0,238.0
2026-06-07,blinkit,,,0.0,0.0
2026-06-07,blinkit,,,0.0,0.0
2026-06-07,blinkit,,,0.0,0.0
2026-06-07,blinkit,,,0.0,0.0
2026-06-07,blinkit,,,0.0,0.0
2026-06-07,blinkit,,,0.0,0.0
2026-06-07,blinkit,,,0.0,0.0
2026-06-07,blinkit,,,0.0,0.0
2026-06-07,blinkit,,,0.0,0.0
2026-06-07,blinkit,,,0.0,0.0
2026-06-07,blinkit,,,1.0,69.0
2026-06-07,blinkit,,,0.0,0.0
2026-06-07,blinkit,,,0.0,0.0
2026-06-07,blinkit,,,1.0,99.0
2026-06-07,blinkit,,,0.0,0.0
2026-06-07,blinkit,,,0.0,0.0
2026-06-07,blinkit,,,0.0,0.0
2026-06-07,blinkit,,,0.0,0.0
2026-06-07,blinkit,,,0.0,0.0
2026-06-07,blinkit,,,0.0,0.0
2026-06-07,blinkit,,,0.0,0.0
2026-06-07,blinkit,,,0.0,0.0
2026-06-07,blinkit,,,0.0,0.0
2026-06-07,blinkit,,,0.0,0.0
2026-06-07,blinkit,,,0.0,0.0
2026-06-07,blinkit,,,0.0,0.0
2026-06-07,blinkit,,,0.0,0.0
2026-06-07,blinkit,,,0.0,0.0
2026-06-07,blinkit,,,0.0,0.0
2026-06-07,blinkit,,,0.0,0.0
2026-06-07,blinkit,,,0.0,0.0
2026-06-07,blinkit,,,0.0,0.0
2026-06-07,blinkit,,,0.0,0.0
2026-06-07,blinkit,,,0.0,0.0
2026-06-07,blinkit,,,0.0,0.0
2026-06-07,blinkit,,,0.0,0.0
2026-06-07,blinkit,,,0.0,0.0
2026-06-07,blinkit,,,0.0,0.0
2026-06-07,blinkit,,,0.0,0.0
2026-06-07,blinkit,,,0.0,0.0
2026-06-07,blinkit,,,0.0,0.0
2026-06-07,blinkit,,,0.0,0.0
2026-06-07,blinkit,,,0.0,0.0
2026-06-07,blinkit,,,0.0,0.0
2026-06-07,blinkit,,,1.0,169.0
2026-06-07,blinkit,,,0.0,0.0
2026-06-07,blinkit,,,0.0,0.0
2026-06-07,blinkit,,,0.0,0.0
2026-06-07,blinkit,,,0.0,0.0
2026-06-07,blinkit,,,4.0,576.0
2026-06-07,blinkit,,,5.0,645.0
2026-06-07,blinkit,,,4.0,526.0
2026-06-07,blinkit,,,1.0,169.0
2026-06-07,blinkit,,,9.0,1441.0
2026-06-07,blinkit,,,5.0,695.0
2026-06-07,blinkit,,,0.0,0.0
2026-06-07,blinkit,,,0.0,0.0
2026-06-07,blinkit,,,0.0,0.0
2026-06-07,blinkit,,,0.0,0.0
2026-06-07,blinkit,,,9.0,1251.0
2026-06-07,blinkit,,,0.0,0.0
2026-06-07,blinkit,,,0.0,0.0
2026-06-07,blinkit,,,0.0,0.0
2026-06-07,blinkit,,,0.0,0.0
2026-06-07,blinkit,,,0.0,0.0
2026-06-07,blinkit,,,0.0,0.0
2026-06-07,blinkit,,,0.0,0.0
2026-06-07,blinkit,,,0.0,0.0
2026-06-07,blinkit,,,0.0,0.0
2026-06-07,blinkit,,,0.0,0.0
2026-06-07,blinkit,,,0.0,0.0
2026-06-07,blinkit,,,0.0,0.0
2026-06-07,blinkit,,,0.0,0.0
2026-06-07,blinkit,,,0.0,0.0
2026-06-07,blinkit,,,0.0,0.0
2026-06-07,blinkit,,,0.0,0.0
2026-06-07,blinkit,,,0.0,0.0
2026-06-07,blinkit,,,0.0,0.0
2026-06-07,blinkit,,,0.0,0.0
2026-06-07,blinkit,,,0.0,0.0
2026-06-07,blinkit,,,0.0,0.0
2026-06-07,blinkit,,,0.0,0.0
2026-06-07,blinkit,,,0.0,0.0
2026-06-07,blinkit,,,0.0,0.0
2026-06-07,blinkit,,,0.0,0.0
2026-06-07,blinkit,,,0.0,0.0
2026-06-07,blinkit,,,0.0,0.0
2026-06-07,blinkit,,,0.0,0.0
2026-06-07,blinkit,,,0.0,0.0
2026-06-07,blinkit,,,0.0,0.0
2026-06-07,blinkit,,,0.0,0.0
2026-06-07,blinkit,,,0.0,0.0
2026-06-07,blinkit,,,0.0,0.0
2026-06-07,blinkit,,,0.0,0.0
2026-06-07,blinkit,,,0.0,0.0
2026-06-07,blinkit,,,0.0,0.0
2026-06-07,blinkit,,,0.0,0.0
2026-06-07,blinkit,,,0.0,0.0
2026-06-07,blinkit,,,0.0,0.0
2026-06-07,blinkit,,,0.0,0.0
2026-06-07,blinkit,,,0.0,0.0
2026-06-07,blinkit,,,0.0,0.0
2026-06-07,blinkit,,,0.0,0.0
2026-06-07,blinkit,,,0.0,0.0
2026-06-07,blinkit,,,0.0,0.0
2026-06-07,blinkit,,,0.0,0.0
2026-06-07,blinkit,,,0.0,0.0
2026-06-07,blinkit,,,0.0,0.0
2026-06-07,blinkit,,,0.0,0.0
2026-06-07,blinkit,,,0.0,0.0
2026-06-07,blinkit,,,0.0,0.0
2026-06-07,blinkit,,,0.0,0.0
2026-06-07,blinkit,,,0.0,0.0
2026-06-07,blinkit,,,0.0,0.0
2026-06-07,blinkit,,,0.0,0.0
2026-06-07,blinkit,,,4.0,406.0
2026-06-07,blinkit,,,7.0,873.0
2026-06-07,blinkit,,,0.0,0.0
2026-06-08,blinkit,,,13.0,1737.0
2026-06-08,blinkit,,,0.0,0.0
2026-06-08,blinkit,,,0.0,0.0
2026-06-08,blinkit,,,0.0,0.0
2026-06-08,blinkit,,,0.0,0.0
2026-06-08,blinkit,,,0.0,0.0
2026-06-08,blinkit,,,0.0,0.0
2026-06-08,blinkit,,,0.0,0.0
2026-06-08,blinkit,,,0.0,0.0
2026-06-08,blinkit,,,1.0,169.0
2026-06-08,blinkit,,,0.0,0.0
2026-06-08,blinkit,,,0.0,0.0
2026-06-08,blinkit,,,0.0,0.0
2026-06-08,blinkit,,,0.0,0.0
2026-06-08,blinkit,,,0.0,0.0
2026-06-08,blinkit,,,0.0,0.0
2026-06-08,blinkit,,,0.0,0.0
2026-06-08,blinkit,,,0.0,0.0
2026-06-08,blinkit,,,0.0,0.0
2026-06-08,blinkit,,,0.0,0.0
2026-06-08,blinkit,,,0.0,0.0
2026-06-08,blinkit,,,0.0,0.0
2026-06-08,blinkit,,,0.0,0.0
2026-06-08,blinkit,,,0.0,0.0
2026-06-08,blinkit,,,0.0,0.0
2026-06-08,blinkit,,,0.0,0.0
2026-06-08,blinkit,,,0.0,0.0
2026-06-08,blinkit,,,0.0,0.0
2026-06-08,blinkit,,,0.0,0.0
2026-06-08,blinkit,,,0.0,0.0
2026-06-08,blinkit,,,0.0,0.0
2026-06-08,blinkit,,,0.0,0.0
2026-06-08,blinkit,,,0.0,0.0
2026-06-08,blinkit,,,0.0,0.0
2026-06-08,blinkit,,,0.0,0.0
2026-06-08,blinkit,,,0.0,0.0
2026-06-08,blinkit,,,0.0,0.0
2026-06-08,blinkit,,,0.0,0.0
2026-06-08,blinkit,,,0.0,0.0
2026-06-08,blinkit,,,0.0,0.0
2026-06-08,blinkit,,,0.0,0.0
2026-06-08,blinkit,,,0.0,0.0
2026-06-08,blinkit,,,0.0,0.0
2026-06-08,blinkit,,,0.0,0.0
2026-06-08,blinkit,,,0.0,0.0
2026-06-08,blinkit,,,0.0,0.0
2026-06-08,blinkit,,,0.0,0.0
2026-06-08,blinkit,,,3.0,387.0
2026-06-08,blinkit,,,0.0,0.0
2026-06-08,blinkit,,,0.0,0.0
2026-06-08,blinkit,,,0.0,0.0
2026-06-08,blinkit,,,0.0,0.0
2026-06-08,blinkit,,,0.0,0.0
2026-06-08,blinkit,,,1.0,69.0
2026-06-08,blinkit,,,0.0,0.0
2026-06-08,blinkit,,,0.0,0.0
2026-06-08,blinkit,,,0.0,0.0
2026-06-08,blinkit,,,3.0,337.0
2026-06-08,blinkit,,,0.0,0.0
2026-06-08,blinkit,,,4.0,536.0
2026-06-08,blinkit,,,0.0,0.0
2026-06-08,blinkit,,,0.0,0.0
2026-06-08,blinkit,,,23.0,2817.0
2026-06-08,blinkit,,,0.0,0.0
2026-06-08,blinkit,,,0.0,0.0
2026-06-08,blinkit,,,0.0,0.0
2026-06-08,blinkit,,,0.0,0.0
2026-06-08,blinkit,,,0.0,0.0
2026-06-08,blinkit,,,0.0,0.0
2026-06-08,blinkit,,,0.0,0.0
2026-06-08,blinkit,,,0.0,0.0
2026-06-08,blinkit,,,1.0,189.0
2026-06-08,blinkit,,,0.0,0.0
2026-06-08,blinkit,,,1.0,69.0
2026-06-08,blinkit,,,1.0,189.0
2026-06-08,blinkit,,,0.0,0.0
2026-06-08,blinkit,,,0.0,0.0
2026-06-08,blinkit,,,0.0,0.0
2026-06-08,blinkit,,,0.0,0.0
2026-06-08,blinkit,,,0.0,0.0
2026-06-08,blinkit,,,0.0,0.0
2026-06-08,blinkit,,,0.0,0.0
2026-06-08,blinkit,,,0.0,0.0
2026-06-08,blinkit,,,0.0,0.0
2026-06-08,blinkit,,,0.0,0.0
2026-06-08,blinkit,,,0.0,0.0
2026-06-08,blinkit,,,0.0,0.0
2026-06-08,blinkit,,,0.0,0.0
2026-06-08,blinkit,,,0.0,0.0
2026-06-08,blinkit,,,0.0,0.0
2026-06-08,blinkit,,,0.0,0.0
2026-06-08,blinkit,,,0.0,0.0
2026-06-08,blinkit,,,0.0,0.0
2026-06-08,blinkit,,,0.0,0.0
2026-06-08,blinkit,,,0.0,0.0
2026-06-08,blinkit,,,1.0,99.0
2026-06-08,blinkit,,,0.0,0.0
2026-06-08,blinkit,,,0.0,0.0
2026-06-08,blinkit,,,0.0,0.0
2026-06-08,blinkit,,,0.0,0.0
2026-06-08,blinkit,,,0.0,0.0
2026-06-08,blinkit,,,0.0,0.0
2026-06-08,blinkit,,,0.0,0.0
2026-06-08,blinkit,,,0.0,0.0
2026-06-08,blinkit,,,0.0,0.0
2026-06-08,blinkit,,,0.0,0.0
2026-06-08,blinkit,,,0.0,0.0
2026-06-08,blinkit,,,0.0,0.0
2026-06-08,blinkit,,,0.0,0.0
2026-06-08,blinkit,,,0.0,0.0
2026-06-08,blinkit,,,0.0,0.0
2026-06-08,blinkit,,,0.0,0.0
2026-06-08,blinkit,,,0.0,0.0
2026-06-08,blinkit,,,4.0,666.0
2026-06-08,blinkit,,,0.0,0.0
2026-06-08,blinkit,,,0.0,0.0
2026-06-08,blinkit,,,0.0,0.0
2026-06-08,blinkit,,,1.0,99.0
2026-06-08,blinkit,,,7.0,713.0
2026-06-08,blinkit,,,18.0,2282.0
2026-06-08,blinkit,,,19.0,2511.0
2026-06-08,blinkit,,,6.0,594.0
2026-06-08,blinkit,,,5.0,605.0
2026-06-08,blinkit,,,0.0,0.0
2026-06-08,blinkit,,,0.0,0.0
2026-06-08,blinkit,,,0.0,0.0
2026-06-08,blinkit,,,0.0,0.0
2026-06-08,blinkit,,,0.0,0.0
2026-06-08,blinkit,,,0.0,0.0
2026-06-08,blinkit,,,0.0,0.0
2026-06-08,blinkit,,,0.0,0.0
2026-06-08,blinkit,,,0.0,0.0
2026-06-08,blinkit,,,0.0,0.0
2026-06-08,blinkit,,,0.0,0.0
2026-06-08,blinkit,,,0.0,0.0
2026-06-08,blinkit,,,0.0,0.0
2026-06-08,blinkit,,,1.0,69.0
2026-06-08,blinkit,,,8.0,1352.0
2026-06-08,blinkit,,,0.0,0.0
2026-06-08,blinkit,,,0.0,0.0
2026-06-08,blinkit,,,0.0,0.0
2026-06-08,blinkit,,,0.0,0.0
2026-06-08,blinkit,,,0.0,0.0
2026-06-08,blinkit,,,0.0,0.0
2026-06-08,blinkit,,,0.0,0.0
2026-06-08,blinkit,,,0.0,0.0
2026-06-08,blinkit,,,0.0,0.0
2026-06-08,blinkit,,,0.0,0.0
2026-06-08,blinkit,,,0.0,0.0
2026-06-08,blinkit,,,0.0,0.0
2026-06-08,blinkit,,,0.0,0.0
2026-06-08,blinkit,,,0.0,0.0
2026-06-08,blinkit,,,0.0,0.0
2026-06-08,blinkit,,,0.0,0.0
2026-06-08,blinkit,,,0.0,0.0
2026-06-08,blinkit,,,0.0,0.0
2026-06-08,blinkit,,,0.0,0.0
2026-06-08,blinkit,,,0.0,0.0
2026-06-08,blinkit,,,0.0,0.0
2026-06-08,blinkit,,,0.0,0.0
2026-06-08,blinkit,,,0.0,0.0
2026-06-08,blinkit,,,0.0,0.0
2026-06-08,blinkit,,,0.0,0.0
2026-06-08,blinkit,,,0.0,0.0
2026-06-08,blinkit,,,0.0,0.0
2026-06-08,blinkit,,,0.0,0.0
2026-06-08,blinkit,,,0.0,0.0
2026-06-08,blinkit,,,0.0,0.0
2026-06-08,blinkit,,,0.0,0.0
2026-06-08,blinkit,,,0.0,0.0
2026-06-08,blinkit,,,0.0,0.0
2026-06-08,blinkit,,,0.0,0.0
2026-06-08,blinkit,,,0.0,0.0
2026-06-08,blinkit,,,0.0,0.0
2026-06-08,blinkit,,,0.0,0.0
2026-06-08,blinkit,,,0.0,0.0
2026-06-08,blinkit,,,0.0,0.0
2026-06-08,blinkit,,,0.0,0.0
2026-06-08,blinkit,,,0.0,0.0
2026-06-08,blinkit,,,0.0,0.0
2026-06-08,blinkit,,,0.0,0.0
2026-06-08,blinkit,,,4.0,436.0
2026-06-08,blinkit,,,3.0,357.0
2026-06-08,blinkit,,,19.0,2541.0
2026-06-08,blinkit,,,16.0,1724.0
2026-06-09,blinkit,,,56.0,7434.0
2026-06-09,blinkit,,,22.0,2558.0
2026-06-09,blinkit,,,25.0,2795.0
2026-06-09,blinkit,,,22.0,2548.0
2026-06-09,blinkit,,,3.0,427.0
2026-06-09,blinkit,,,6.0,914.0
2026-06-09,blinkit,,,12.0,1318.0
2026-06-09,blinkit,,,6.0,714.0
2026-06-07,blinkit,,,0.0,0.0
2026-06-10,blinkit,,,26.0,3004.0
2026-06-10,blinkit,,,11.0,1449.0
2026-06-10,blinkit,,,22.0,2628.0
2026-06-10,blinkit,,,13.0,1527.0
2026-06-10,blinkit,,,8.0,1062.0
2026-06-10,blinkit,,,1.0,119.0
2026-06-10,blinkit,,,21.0,2529.0
2026-06-10,blinkit,,,6.0,854.0
