Date,Product Name,Campaign Name,Brand Name,Category,Product ID,Ad Spend,Ad Impressions,CPM,Add to Cart,Orders (SKU),Ad Revenue,ROAS,Other SKU Orders,Same Category Orders,Other SKU Ad Revenue
2026-06-14 00:00:00,Chuk Disposable Bowl  360 ml (Set of 25),Discovery Partial June 26,chuk,cleaning-household>party-festive-needs>disposable-cups-plates,40359935,340.14,253,1344.43,5,0,0,0,0,0,0
2026-06-14 00:00:00,Chuk 3 CP Meal Plates With Cutlery  10 pcs,Disposable plates & bowl - July,chuk,cleaning-household>party-festive-needs>disposable-cups-plates,40359934,0,0,0,0,0,0,0,0,0,0
2026-06-14 00:00:00,"Chuk Disposable Meal Plate, 23 cm  25 pcs",Plates - Campaign June 26,chuk,cleaning-household>party-festive-needs>disposable-cups-plates,40197856,0,0,0,0,0,0,0,0,0,0
2026-06-15 00:00:00,Chuk 3 CP Meal Plate  25 pcs,Plates - Campaign June 26,chuk,cleaning-household>party-festive-needs>disposable-cups-plates,40197858,220.75,352,627.13,0,3,432,1.96,3,3,432
2026-06-25 00:00:00,Chuk Disposable Snack Plate - 18 cm  25 pcs,Plates - Campaign June 26,chuk,cleaning-household>party-festive-needs>disposable-cups-plates,40197854,208.56,280,744.87,7,6,864,4.14,5,6,715
2026-07-01 00:00:00,Chuk 3 CP Meal Plate  25 pcs,Plates - Campaign June 26,chuk,cleaning-household>party-festive-needs>disposable-cups-plates,40197858,248.88,289,861.18,6,5,1425,5.73,3,5,787
2026-07-01 00:00:00,Chuk Disposable Meal Plate - 4 Compartment  25 pcs,Plates - Campaign June 26,chuk,cleaning-household>party-festive-needs>disposable-cups-plates,40197860,115.75,139,832.73,2,2,298,2.57,2,2,298
2026-07-06 00:00:00,Chuk Disposable Snack Plate - 26 cm  25 pcs,Disposable plates & bowl - July,chuk,cleaning-household>party-festive-needs>disposable-cups-plates,40220813,930.97,1060,878.27,48,24,6325,6.79,13,24,2816
2026-07-18 00:00:00,Chuk Disposable Plate With Cutlery - 228.6 mm  10 pcs,Disposable plates & bowl - July,chuk,cleaning-household>party-festive-needs>disposable-cups-plates,40359936,605.41,630,960.97,24,11,2648,4.37,5,11,1574
2026-06-23 00:00:00,Chuk 3 CP Meal Plate  25 pcs,Discovery Partial June 26,chuk,cleaning-household>party-festive-needs>disposable-cups-plates,40197858,0,0,0,0,0,0,0,0,0,0
2026-06-23 00:00:00,Chuk Disposable Meal Plate - 4 Compartment  25 pcs,Plates - Campaign June 26,chuk,cleaning-household>party-festive-needs>disposable-cups-plates,40197860,263.09,413,637.02,5,3,317,1.2,3,3,317
2026-06-16 00:00:00,Chuk 3 CP Meal Plate  25 pcs,Discovery Partial June 26,chuk,cleaning-household>party-festive-needs>disposable-cups-plates,40197858,490.62,508,965.79,14,8,2941,5.99,3,8,1346
2026-07-23 00:00:00,Chuk Serving Bowls/Dona  25 pcs,Disposable plates & bowl - July,chuk,cleaning-household>party-festive-needs>disposable-cups-plates,40197851,41.4,63,657.14,15,14,1585,38.29,8,14,892
2026-07-19 00:00:00,Chuk Disposable Bowl - 250 ml  25 pcs,Disposable plates & bowl - July,chuk,cleaning-household>party-festive-needs>disposable-cups-plates,40197852,0.6,1,600,0,0,0,0,0,0,0
2026-06-21 00:00:00,Chuk 3 CP Meal Plate  25 pcs,Discovery Partial June 26,chuk,cleaning-household>party-festive-needs>disposable-cups-plates,40197858,406.82,422,964.03,2,5,1015,2.49,3,5,377
2026-07-25 00:00:00,Chuk Serving Bowls/Dona  25 pcs,Disposable plates & bowl - July,chuk,cleaning-household>party-festive-needs>disposable-cups-plates,40197851,50.53,77,656.23,15,10,1042,20.62,5,10,547
2026-06-20 00:00:00,Chuk Disposable Meal Plate - 4 Compartment  25 pcs,Discovery Partial June 26,chuk,cleaning-household>party-festive-needs>disposable-cups-plates,40197860,109.36,117,934.7,0,0,0,0,0,0,0
2026-07-26 00:00:00,Chuk Disposable Bowl - 250 ml  25 pcs,Disposable plates & bowl - July,chuk,cleaning-household>party-festive-needs>disposable-cups-plates,40197852,1.2,2,600,0,0,0,0,0,0,0
2026-06-18 00:00:00,Chuk Disposable Snack Plate - 18 cm  25 pcs,Discovery Partial June 26,chuk,cleaning-household>party-festive-needs>disposable-cups-plates,40197854,316.75,339,934.37,0,5,655,2.07,3,5,357
2026-06-17 00:00:00,Chuk Disposable Bowl - 250 ml  25 pcs,Discovery Partial June 26,chuk,cleaning-household>party-festive-needs>disposable-cups-plates,40197852,5.88,1,5880,0,0,0,0,0,0,0
2026-06-22 00:00:00,Chuk 3 CP Meal Plate  25 pcs,Plates - Campaign June 26,chuk,cleaning-household>party-festive-needs>disposable-cups-plates,40197858,429.85,679,633.06,9,9,2180,5.07,6,9,1223
2026-06-07 00:00:00,Chuk Disposable Bowl - 120 ml  25 pcs,Disposable Bowl - June 26,chuk,cleaning-household>party-festive-needs>disposable-cups-plates,40197850,993.36,1144,868.32,0,28,4107,4.13,8,28,2149
2026-05-06 00:00:00,Chuk Disposable Snack Plate - 15 cm  25 pcs,Plates - Campaign June 26,chuk,cleaning-household>party-festive-needs>disposable-cups-plates,40220812,98.05,142,690.49,2,3,1233,12.58,1,3,638
2026-07-11 00:00:00,Chuk 3 CP Meal Plates With Cutlery  10 pcs,Disposable plates & bowl - July,chuk,cleaning-household>party-festive-needs>disposable-cups-plates,40359934,535.14,623,858.97,20,7,1732,3.24,5,7,1454
2026-05-11 00:00:00,Chuk Disposable Bowl - 120 ml  25 pcs,Disposable Bowl - June 26,chuk,cleaning-household>party-festive-needs>disposable-cups-plates,40197850,0,0,0,0,0,0,0,0,0,0
2026-06-02 00:00:00,Chuk Disposable Bowl - 120 ml  25 pcs,Disposable Bowl - June 26,chuk,cleaning-household>party-festive-needs>disposable-cups-plates,40197850,0,0,0,0,0,0,0,0,0,0
2026-05-21 00:00:00,Chuk Disposable Meal Plate - 4 Compartment  25 pcs,Disposable Plate - Smart Bid,chuk,cleaning-household>party-festive-needs>disposable-cups-plates,40197860,33.85,37,914.86,0,1,499,14.74,0,1,0
2026-05-21 00:00:00,Chuk Disposable Meal Plate - 5 Compartment  25 pcs,Plates - Campaign June 26,chuk,cleaning-household>party-festive-needs>disposable-cups-plates,40197861,0,0,0,0,0,0,0,0,0,0
2026-05-30 00:00:00,Chuk Disposable 4 Compartment Meal Plate With Cutlery  10 pcs,Disposable plates & bowl - July,chuk,cleaning-household>party-festive-needs>disposable-cups-plates,40349409,198.97,239,832.51,0,3,517,2.6,1,3,119
2026-05-08 00:00:00,Chuk Disposable Meal Plate - 5 Compartment  25 pcs,Plates - Campaign June 26,chuk,cleaning-household>party-festive-needs>disposable-cups-plates,40197861,0,0,0,0,0,0,0,0,0,0
2026-05-24 00:00:00,Chuk Disposable Plate With Cutlery - 228.6 mm  10 pcs,Disposable plates & bowl - July,chuk,cleaning-household>party-festive-needs>disposable-cups-plates,40359936,1106.45,1383,800.03,0,13,2767,2.5,6,13,1554
2026-05-25 00:00:00,Chuk Disposable Bowl  360 ml (Set of 25),Disposable Bowl - June 26,chuk,cleaning-household>party-festive-needs>disposable-cups-plates,40359935,677.94,600,1129.9,0,5,1085,1.6,4,5,916
2026-05-25 00:00:00,Chuk Disposable Bowl - 250 ml  25 pcs,Disposable Bowl - June 26,chuk,cleaning-household>party-festive-needs>disposable-cups-plates,40197852,1.72,2,860,0,0,0,0,0,0,0
2026-06-08 00:00:00,Chuk Disposable Snack Plate - 18 cm  25 pcs,Plates - Campaign June 26,chuk,cleaning-household>party-festive-needs>disposable-cups-plates,40197854,433.43,663,653.74,8,7,2038,4.7,4,7,1442
2026-05-07 00:00:00,Chuk Disposable Bowl - 120 ml  25 pcs,Disposable Bowl - June 26,chuk,cleaning-household>party-festive-needs>disposable-cups-plates,40197850,7.08,3,2360.02,0,0,0,0,0,0,0
2026-05-27 00:00:00,Chuk 3 CP Meal Plates With Cutlery  10 pcs,Disposable plates & bowl - July,chuk,cleaning-household>party-festive-needs>disposable-cups-plates,40359934,890.5,1069,833.02,0,14,2254,2.53,9,14,1420
2026-05-23 00:00:00,Chuk Disposable Snack Plate - 26 cm  25 pcs,Disposable plates & bowl - July,chuk,cleaning-household>party-festive-needs>disposable-cups-plates,40220813,1063.65,1325,802.76,0,15,4702,4.42,8,15,1831
2026-06-14 00:00:00,Chuk Serving Bowls/Dona  25 pcs,Discovery Partial June 26,chuk,cleaning-household>party-festive-needs>disposable-cups-plates,40197851,97.2,104,934.62,1,1,99,1.02,0,1,0
2026-06-14 00:00:00,"Chuk Disposable Meal Plate, 23 cm  25 pcs",Discovery Partial June 26,chuk,cleaning-household>party-festive-needs>disposable-cups-plates,40197856,0,0,0,0,0,0,0,0,0,0
2026-07-24 00:00:00,Chuk Disposable 4 Compartment Meal Plate With Cutlery  10 pcs,Disposable plates & bowl - July,chuk,cleaning-household>party-festive-needs>disposable-cups-plates,40349409,584.07,696,839.18,29,16,3434,5.88,6,16,1444
2026-06-25 00:00:00,Chuk Disposable Meal Plate - 4 Compartment  25 pcs,Plates - Campaign June 26,chuk,cleaning-household>party-festive-needs>disposable-cups-plates,40197860,54.83,81,676.93,4,3,1153,21.03,2,3,654
2026-06-13 00:00:00,Chuk 3 CP Meal Plate  25 pcs,Plates - Campaign June 26,chuk,cleaning-household>party-festive-needs>disposable-cups-plates,40197858,470.35,618,761.08,13,9,2271,4.83,3,9,357
2026-06-30 00:00:00,Chuk Disposable Snack Plate - 26 cm  25 pcs,Plates - Campaign June 26,chuk,cleaning-household>party-festive-needs>disposable-cups-plates,40220813,431.58,551,783.27,4,6,1254,2.91,3,6,297
2026-06-23 00:00:00,Chuk Disposable Snack Plate - 18 cm  25 pcs,Plates - Campaign June 26,chuk,cleaning-household>party-festive-needs>disposable-cups-plates,40197854,864.39,1273,679.02,16,16,2893,3.35,10,16,1850
2026-07-23 00:00:00,Chuk Disposable Snack Plate - 26 cm  25 pcs,Disposable plates & bowl - July,chuk,cleaning-household>party-festive-needs>disposable-cups-plates,40220813,620.86,710,874.45,39,30,7638,12.3,18,30,3172
2026-07-19 00:00:00,Chuk Disposable Plate With Cutlery - 228.6 mm  10 pcs,Disposable plates & bowl - July,chuk,cleaning-household>party-festive-needs>disposable-cups-plates,40359936,574.72,606,948.38,15,8,1442,2.51,5,8,965
2026-07-19 00:00:00,Chuk Serving Bowls/Dona  25 pcs,Disposable plates & bowl - July,chuk,cleaning-household>party-festive-needs>disposable-cups-plates,40197851,31.2,45,693.33,25,5,525,16.83,3,5,327
2026-07-17 00:00:00,Chuk Disposable Snack Plate - 26 cm  25 pcs,Disposable plates & bowl - July,chuk,cleaning-household>party-festive-needs>disposable-cups-plates,40220813,1228.07,1640,748.82,86,61,13918,11.33,42,61,7219
2026-07-17 00:00:00,Chuk Disposable Plate With Cutlery - 228.6 mm  10 pcs,Disposable plates & bowl - July,chuk,cleaning-household>party-festive-needs>disposable-cups-plates,40359936,405.85,444,914.08,21,10,1939,4.78,9,10,1800
2026-06-19 00:00:00,Chuk Disposable 4 Compartment Meal Plate With Cutlery  10 pcs,Disposable plates & bowl - July,chuk,cleaning-household>party-festive-needs>disposable-cups-plates,40349409,0,0,0,0,0,0,0,0,0,0
2026-06-19 00:00:00,Chuk Serving Bowls/Dona  25 pcs,Discovery Partial June 26,chuk,cleaning-household>party-festive-needs>disposable-cups-plates,40197851,188.1,203,926.6,2,3,317,1.69,1,3,119
2026-06-28 00:00:00,Chuk 3 CP Meal Plate  25 pcs,Discovery Partial June 26,chuk,cleaning-household>party-festive-needs>disposable-cups-plates,40197858,0,0,0,0,0,0,0,0,0,0
2026-06-21 00:00:00,Chuk Disposable Bowl - 120 ml  25 pcs,Discovery Partial June 26,chuk,cleaning-household>party-festive-needs>disposable-cups-plates,40197850,684.74,556,1231.55,22,17,1981,2.89,4,17,646
2026-07-20 00:00:00,Chuk Disposable 4 Compartment Meal Plate With Cutlery  10 pcs,Disposable plates & bowl - July,chuk,cleaning-household>party-festive-needs>disposable-cups-plates,40349409,662.23,702,943.35,24,4,996,1.5,2,4,598
2026-07-21 00:00:00,Chuk Disposable Plate With Cutlery - 228.6 mm  10 pcs,Disposable plates & bowl - July,chuk,cleaning-household>party-festive-needs>disposable-cups-plates,40359936,100.28,120,835.67,17,6,1084,10.81,5,6,885
2026-07-21 00:00:00,Chuk Disposable 4 Compartment Meal Plate With Cutlery  10 pcs,Disposable plates & bowl - July,chuk,cleaning-household>party-festive-needs>disposable-cups-plates,40349409,125.65,151,832.12,4,2,298,2.37,1,2,99
2026-05-26 00:00:00,Chuk Disposable 4 Compartment Meal Plate With Cutlery  10 pcs,Disposable plates & bowl - July,chuk,cleaning-household>party-festive-needs>disposable-cups-plates,40349409,1205.64,1558,773.84,0,16,4704,3.9,9,16,3311
2026-06-20 00:00:00,Chuk Disposable Snack Plate - 26 cm  25 pcs,Plates - Campaign June 26,chuk,cleaning-household>party-festive-needs>disposable-cups-plates,40220813,900.62,1226,734.6,0,11,1519,1.69,10,11,1200
2026-07-26 00:00:00,Chuk Serving Bowls/Dona  25 pcs,Disposable plates & bowl - July,chuk,cleaning-household>party-festive-needs>disposable-cups-plates,40197851,20.18,30,672.67,0,2,198,9.81,1,2,99
2026-06-09 00:00:00,Chuk Disposable Bowl - 120 ml  25 pcs,Disposable Bowl - June 26,chuk,cleaning-household>party-festive-needs>disposable-cups-plates,40197850,980.66,1171,837.46,27,23,4130,4.21,12,23,3062
2026-06-22 00:00:00,Chuk Disposable Snack Plate - 18 cm  25 pcs,Plates - Campaign June 26,chuk,cleaning-household>party-festive-needs>disposable-cups-plates,40197854,853.33,1290,661.5,11,14,2653,3.11,10,14,2057
2026-06-22 00:00:00,Chuk Disposable Bowl  360 ml (Set of 25),Disposable Bowl - June 26,chuk,cleaning-household>party-festive-needs>disposable-cups-plates,40359935,0,0,0,0,0,0,0,0,0,0
2026-07-22 00:00:00,Chuk Serving Bowls/Dona  25 pcs,Disposable plates & bowl - July,chuk,cleaning-household>party-festive-needs>disposable-cups-plates,40197851,28.8,44,654.55,10,11,1357,47.12,6,11,763
2026-06-07 00:00:00,Chuk Disposable Meal Plate - 4 Compartment  25 pcs,Plates - Campaign June 26,chuk,cleaning-household>party-festive-needs>disposable-cups-plates,40197860,457.42,647,706.99,0,13,3169,6.93,9,13,1173
2026-06-07 00:00:00,Chuk Serving Bowls/Dona  25 pcs,Disposable Bowl - June 26,chuk,cleaning-household>party-festive-needs>disposable-cups-plates,40197851,485.8,791,614.16,0,10,1566,3.22,5,10,1071
2026-05-28 00:00:00,Chuk Disposable Bowl - 250 ml  25 pcs,Disposable Bowl - June 26,chuk,cleaning-household>party-festive-needs>disposable-cups-plates,40197852,8.8,5,1760,0,0,0,0,0,0,0
2026-05-28 00:00:00,Chuk Disposable Bowl  360 ml (Set of 25),Disposable Bowl - June 26,chuk,cleaning-household>party-festive-needs>disposable-cups-plates,40359935,984.12,865,1137.71,0,6,1344,1.37,1,6,499
2026-05-22 00:00:00,Chuk Disposable Bowl  360 ml (Set of 25),Disposable Bowl - June 26,chuk,cleaning-household>party-festive-needs>disposable-cups-plates,40359935,219.94,204,1078.14,0,1,199,0.9,1,1,199
2026-05-29 00:00:00,Chuk Disposable Bowl - 120 ml  25 pcs,Disposable Bowl - June 26,chuk,cleaning-household>party-festive-needs>disposable-cups-plates,40197850,1550.96,1781,870.84,0,31,3576,2.31,9,31,1351
2026-05-09 00:00:00,Chuk Disposable Snack Plate - 18 cm  25 pcs,Plates - Campaign June 26,chuk,cleaning-household>party-festive-needs>disposable-cups-plates,40197854,0,0,0,0,0,0,0,0,0,0
2026-06-10 00:00:00,Chuk Disposable Bowl - 120 ml  25 pcs,Disposable Bowl - June 26,chuk,cleaning-household>party-festive-needs>disposable-cups-plates,40197850,991.4,1188,834.51,25,23,2697,2.72,6,23,1184
2026-05-20 00:00:00,"Chuk Party/Travel Disposable Combo - Plates, Spoons, Tissues  30 pcs",Disposable Plate - Smart Bid,chuk,cleaning-household>party-festive-needs>disposable-cups-plates,40302639,545.88,669,815.96,0,9,1610,2.95,6,9,1174
2026-05-20 00:00:00,Chuk Disposable Snack Plate - 15 cm  25 pcs,Disposable Plate - Smart Bid,chuk,cleaning-household>party-festive-needs>disposable-cups-plates,40220812,204.43,286,714.77,0,4,506,2.48,1,4,149
2026-05-20 00:00:00,Chuk Sugarcane Bagasse Meal Plate  -8CP Meal Tray  10 pcs,Disposable Plate - Smart Bid,chuk,cleaning-household>party-festive-needs>disposable-cups-plates,40302635,0,0,0,0,0,0,0,0,0,0
2026-06-05 00:00:00,Chuk Disposable Meal Plate - 5 Compartment  25 pcs,Plates - Campaign June 26,chuk,cleaning-household>party-festive-needs>disposable-cups-plates,40197861,26.46,40,661.5,0,1,319,12.06,1,1,319
2026-05-24 00:00:00,Chuk Serving Bowls/Dona  25 pcs,Disposable Bowl - June 26,chuk,cleaning-household>party-festive-needs>disposable-cups-plates,40197851,625.8,1031,606.98,0,14,2734,4.37,8,14,1942
2026-05-24 00:00:00,Chuk Disposable Snack Plate - 26 cm  25 pcs,Disposable plates & bowl - July,chuk,cleaning-household>party-festive-needs>disposable-cups-plates,40220813,1016.74,1265,803.75,0,17,3283,3.23,13,17,2007
2026-06-12 00:00:00,Chuk Disposable Snack Plate - 18 cm  25 pcs,Discovery Partial June 26,chuk,cleaning-household>party-festive-needs>disposable-cups-plates,40197854,560.14,574,975.85,13,11,1979,3.53,7,11,1383
2026-06-12 00:00:00,Chuk Disposable Plate With Cutlery - 228.6 mm  10 pcs,Disposable plates & bowl - July,chuk,cleaning-household>party-festive-needs>disposable-cups-plates,40359936,0,0,0,0,0,0,0,0,0,0
2026-05-19 00:00:00,Chuk Disposable Snack Plate - 15 cm  25 pcs,Disposable Plate - Smart Bid,chuk,cleaning-household>party-festive-needs>disposable-cups-plates,40220812,251.36,343,732.82,0,3,327,1.3,1,3,89
2026-05-19 00:00:00,"Chuk Disposable Meal Plate, 23 cm  25 pcs",Disposable Plate - Smart Bid,chuk,cleaning-household>party-festive-needs>disposable-cups-plates,40197856,0,0,0,0,0,0,0,0,0,0
2026-06-01 00:00:00,Chuk Disposable Snack Plate - 15 cm  25 pcs,Disposable Plate - Smart Bid,chuk,cleaning-household>party-festive-needs>disposable-cups-plates,40220812,0,0,0,0,0,0,0,0,0,0
2026-05-23 00:00:00,Chuk 3 CP Meal Plates With Cutlery  10 pcs,Disposable plates & bowl - July,chuk,cleaning-household>party-festive-needs>disposable-cups-plates,40359934,836.76,1131,739.84,0,23,6235,7.45,18,23,5540
2026-05-23 00:00:00,Chuk Disposable Plate With Cutlery - 228.6 mm  10 pcs,Disposable plates & bowl - July,chuk,cleaning-household>party-festive-needs>disposable-cups-plates,40359936,649.1,772,840.81,0,12,2168,3.34,6,12,974
2026-05-23 00:00:00,"Chuk Party/Travel Disposable Combo - Plates, Spoons, Tissues  30 pcs",Disposable Plate - Smart Bid,chuk,cleaning-household>party-festive-needs>disposable-cups-plates,40302639,0,0,0,0,0,0,0,0,0,0
2026-05-23 00:00:00,Chuk Disposable Bowl - 250 ml  25 pcs,Disposable Bowl - June 26,chuk,cleaning-household>party-festive-needs>disposable-cups-plates,40197852,2.4,4,600,0,0,0,0,0,0,0
2026-06-14 00:00:00,Chuk Disposable Meal Plate - 4 Compartment  25 pcs,Plates - Campaign June 26,chuk,cleaning-household>party-festive-needs>disposable-cups-plates,40197860,308.17,417,739.02,0,0,0,0,0,0,0
2026-06-14 00:00:00,Chuk Disposable Snack Plate - 15 cm  25 pcs,Disposable Plate - Smart Bid,chuk,cleaning-household>party-festive-needs>disposable-cups-plates,40220812,0,0,0,0,0,0,0,0,0,0
2026-06-15 00:00:00,Chuk Disposable Meal Plate - 4 Compartment  25 pcs,Plates - Campaign June 26,chuk,cleaning-household>party-festive-needs>disposable-cups-plates,40197860,141.11,223,632.78,2,3,807,5.72,2,3,308
2026-06-15 00:00:00,Chuk Disposable Meal Plate - 4 Compartment  25 pcs,Discovery Partial June 26,chuk,cleaning-household>party-festive-needs>disposable-cups-plates,40197860,195.45,203,962.81,3,0,0,0,0,0,0
2026-06-29 00:00:00,Chuk Serving Bowls/Dona  25 pcs,Disposable Bowl - June 26,chuk,cleaning-household>party-festive-needs>disposable-cups-plates,40197851,0,0,0,0,0,0,0,0,0,0
2026-07-04 00:00:00,Chuk 3 CP Meal Plate  25 pcs,Discovery Partial June 26,chuk,cleaning-household>party-festive-needs>disposable-cups-plates,40197858,0,0,0,0,0,0,0,0,0,0
2026-07-09 00:00:00,Chuk 3 CP Meal Plates With Cutlery  10 pcs,Disposable plates & bowl - July,chuk,cleaning-household>party-festive-needs>disposable-cups-plates,40359934,597.24,683,874.44,13,10,1670,2.8,5,10,975
2026-06-25 00:00:00,Chuk Disposable Bowl - 120 ml  25 pcs,Disposable Bowl - June 26,chuk,cleaning-household>party-festive-needs>disposable-cups-plates,40197850,0,0,0,0,0,0,0,0,0,0
2026-06-13 00:00:00,Chuk Disposable Meal Plate - 4 Compartment  25 pcs,Discovery Partial June 26,chuk,cleaning-household>party-festive-needs>disposable-cups-plates,40197860,168.88,163,1036.07,6,2,998,5.91,0,2,0
2026-06-13 00:00:00,Chuk Disposable Snack Plate - 18 cm  25 pcs,Discovery Partial June 26,chuk,cleaning-household>party-festive-needs>disposable-cups-plates,40197854,621.13,630,985.92,7,3,745,1.2,0,3,0
2026-07-18 00:00:00,Chuk Serving Bowls/Dona  25 pcs,Disposable plates & bowl - July,chuk,cleaning-household>party-festive-needs>disposable-cups-plates,40197851,209.4,341,614.08,17,14,1576,7.53,4,14,586
2026-06-30 00:00:00,Chuk Disposable Meal Plate - 4 Compartment  25 pcs,Plates - Campaign June 26,chuk,cleaning-household>party-festive-needs>disposable-cups-plates,40197860,100.06,127,787.91,2,3,1087,10.86,1,3,89
2026-07-19 00:00:00,Chuk Disposable Bowl  360 ml (Set of 25),Disposable plates & bowl - July,chuk,cleaning-household>party-festive-needs>disposable-cups-plates,40359935,183.68,95,1933.47,13,8,952,5.18,5,8,445
2026-06-28 00:00:00,Chuk Disposable Snack Plate - 18 cm  25 pcs,Discovery Partial June 26,chuk,cleaning-household>party-festive-needs>disposable-cups-plates,40197854,0,0,0,0,0,0,0,0,0,0
2026-07-07 00:00:00,Chuk Disposable Snack Plate - 26 cm  25 pcs,Disposable plates & bowl - July,chuk,cleaning-household>party-festive-needs>disposable-cups-plates,40220813,1190.34,1399,850.85,47,29,7836,6.58,20,29,4965
2026-07-15 00:00:00,Chuk Disposable Plate With Cutlery - 228.6 mm  10 pcs,Disposable plates & bowl - July,chuk,cleaning-household>party-festive-needs>disposable-cups-plates,40359936,157.07,201,781.44,7,2,338,2.15,0,2,0
2026-06-21 00:00:00,Chuk Serving Bowls/Dona  25 pcs,Discovery Partial June 26,chuk,cleaning-household>party-festive-needs>disposable-cups-plates,40197851,162.9,176,925.57,7,1,198,1.22,0,1,0
2026-07-03 00:00:00,Chuk Disposable Snack Plate - 26 cm  25 pcs,Disposable plates & bowl - July,chuk,cleaning-household>party-festive-needs>disposable-cups-plates,40220813,753.15,834,903.06,24,23,7132,9.47,12,23,3304
2026-06-20 00:00:00,Chuk Disposable Bowl - 120 ml  25 pcs,Discovery Partial June 26,chuk,cleaning-household>party-festive-needs>disposable-cups-plates,40197850,614.3,558,1100.9,0,13,2563,4.17,4,13,1406
2026-05-03 00:00:00,Chuk Disposable Snack Plate - 18 cm  25 pcs,Plates - Campaign June 26,chuk,cleaning-household>party-festive-needs>disposable-cups-plates,40197854,1211.42,1280,946.42,21,22,4257,3.51,11,22,2469
2026-07-26 00:00:00,Chuk Disposable Snack Plate - 26 cm  25 pcs,Disposable plates & bowl - July,chuk,cleaning-household>party-festive-needs>disposable-cups-plates,40220813,743.71,864,860.78,0,12,5342,7.18,6,12,3109
2026-06-17 00:00:00,Chuk Disposable Snack Plate - 15 cm  25 pcs,Disposable Plate - Smart Bid,chuk,cleaning-household>party-festive-needs>disposable-cups-plates,40220812,0,0,0,0,0,0,0,0,0,0
2026-06-17 00:00:00,Chuk Disposable Snack Plate - 18 cm  25 pcs,Plates - Campaign June 26,chuk,cleaning-household>party-festive-needs>disposable-cups-plates,40197854,518.52,809,640.94,17,8,1881,3.63,7,8,1732
2026-05-05 00:00:00,Chuk Disposable Meal Plate - 5 Compartment  25 pcs,Plates - Campaign June 26,chuk,cleaning-household>party-festive-needs>disposable-cups-plates,40197861,641.55,865,741.68,13,10,1790,2.79,10,10,1790
2026-07-22 00:00:00,Chuk Disposable Snack Plate - 26 cm  25 pcs,Disposable plates & bowl - July,chuk,cleaning-household>party-festive-needs>disposable-cups-plates,40220813,1098.92,1287,853.86,66,37,8665,7.89,25,37,4518
2026-07-11 00:00:00,Chuk Disposable Plate With Cutlery - 228.6 mm  10 pcs,Disposable plates & bowl - July,chuk,cleaning-household>party-festive-needs>disposable-cups-plates,40359936,335.94,385,872.57,8,6,1244,3.7,4,6,846
2026-06-26 00:00:00,Chuk Disposable Bowl  360 ml (Set of 25),Disposable Bowl - June 26,chuk,cleaning-household>party-festive-needs>disposable-cups-plates,40359935,0,0,0,0,0,0,0,0,0,0
2026-05-31 00:00:00,Chuk Disposable 4 Compartment Meal Plate With Cutlery  10 pcs,Disposable plates & bowl - July,chuk,cleaning-household>party-festive-needs>disposable-cups-plates,40349409,2192.89,2734,802.08,0,30,7054,3.22,14,30,3472
2026-05-21 00:00:00,Chuk Disposable Snack Plate - 26 cm  25 pcs,Disposable Plate - Smart Bid,chuk,cleaning-household>party-festive-needs>disposable-cups-plates,40220813,27.83,29,959.66,0,0,0,0,0,0,0
2026-06-11 00:00:00,Chuk Disposable Snack Plate - 26 cm  25 pcs,Disposable plates & bowl - July,chuk,cleaning-household>party-festive-needs>disposable-cups-plates,40220813,0,0,0,0,0,0,0,0,0,0
2026-06-10 00:00:00,Chuk Disposable Bowl - 250 ml  25 pcs,Disposable Bowl - June 26,chuk,cleaning-household>party-festive-needs>disposable-cups-plates,40197852,0.6,1,600,0,0,0,0,0,0,0
2026-05-20 00:00:00,Chuk Disposable Snack Plate - 18 cm  25 pcs,Disposable Plate - Smart Bid,chuk,cleaning-household>party-festive-needs>disposable-cups-plates,40197854,100.92,125,807.38,0,4,496,4.91,4,4,496
2026-06-12 00:00:00,Chuk Disposable Bowl - 250 ml  25 pcs,Discovery Partial June 26,chuk,cleaning-household>party-festive-needs>disposable-cups-plates,40197852,0,0,0,0,0,0,0,0,0,0
2026-06-12 00:00:00,Chuk 3 CP Meal Plate  25 pcs,Discovery Partial June 26,chuk,cleaning-household>party-festive-needs>disposable-cups-plates,40197858,567.24,575,986.5,17,10,2719,4.79,3,10,486
2026-06-12 00:00:00,Chuk Serving Bowls/Dona  25 pcs,Discovery Partial June 26,chuk,cleaning-household>party-festive-needs>disposable-cups-plates,40197851,358.2,391,916.11,1,2,678,1.89,2,2,678
2026-06-12 00:00:00,Chuk Disposable Bowl - 120 ml  25 pcs,Disposable Bowl - June 26,chuk,cleaning-household>party-festive-needs>disposable-cups-plates,40197850,1063.54,1053,1010.01,35,25,3301,3.1,11,25,1877
2026-06-12 00:00:00,Chuk Disposable Meal Plate - 4 Compartment  25 pcs,Discovery Partial June 26,chuk,cleaning-household>party-festive-needs>disposable-cups-plates,40197860,183.33,195,940.15,4,5,1665,9.08,3,5,667
2026-05-27 00:00:00,Chuk Disposable 4 Compartment Meal Plate With Cutlery  10 pcs,Disposable plates & bowl - July,chuk,cleaning-household>party-festive-needs>disposable-cups-plates,40349409,1556.84,1995,780.37,0,10,2309,1.48,4,10,916
2026-05-23 00:00:00,Chuk Disposable Bowl - 120 ml  25 pcs,Disposable Bowl - June 26,chuk,cleaning-household>party-festive-needs>disposable-cups-plates,40197850,1214.38,1362,891.62,0,47,7216,5.94,20,47,4546
2026-06-14 00:00:00,Chuk 3 CP Meal Plate  25 pcs,Discovery Partial June 26,chuk,cleaning-household>party-festive-needs>disposable-cups-plates,40197858,775.53,784,989.2,10,14,4425,5.71,2,14,278
2026-06-27 00:00:00,Chuk Disposable Snack Plate - 18 cm  25 pcs,Discovery Partial June 26,chuk,cleaning-household>party-festive-needs>disposable-cups-plates,40197854,0,0,0,0,0,0,0,0,0,0
2026-07-08 00:00:00,Chuk Disposable Meal Plate - 4 Compartment  25 pcs,Plates - Campaign June 26,chuk,cleaning-household>party-festive-needs>disposable-cups-plates,40197860,0,0,0,0,0,0,0,0,0,0
2026-06-13 00:00:00,Chuk Disposable Snack Plate - 26 cm  25 pcs,Plates - Campaign June 26,chuk,cleaning-household>party-festive-needs>disposable-cups-plates,40220813,793.06,1019,778.27,16,6,1972,2.49,2,6,377
2026-06-13 00:00:00,Chuk Disposable Bowl  360 ml (Set of 25),Disposable Bowl - June 26,chuk,cleaning-household>party-festive-needs>disposable-cups-plates,40359935,921.64,975,945.27,16,10,1690,1.83,0,10,0
2026-06-30 00:00:00,Chuk 3 CP Meal Plate  25 pcs,Plates - Campaign June 26,chuk,cleaning-household>party-festive-needs>disposable-cups-plates,40197858,242.09,303,798.98,7,5,1725,7.13,4,5,1406
2026-06-30 00:00:00,Chuk 3 CP Meal Plate  25 pcs,Discovery Partial June 26,chuk,cleaning-household>party-festive-needs>disposable-cups-plates,40197858,0,0,0,0,0,0,0,0,0,0
2026-06-16 00:00:00,Chuk Disposable Meal Plate - 4 Compartment  25 pcs,Discovery Partial June 26,chuk,cleaning-household>party-festive-needs>disposable-cups-plates,40197860,110.12,118,933.22,1,2,698,6.34,1,2,199
2026-06-16 00:00:00,Chuk Disposable Snack Plate - 18 cm  25 pcs,Plates - Campaign June 26,chuk,cleaning-household>party-festive-needs>disposable-cups-plates,40197854,557.33,868,642.09,11,2,298,0.53,0,2,0
2026-07-23 00:00:00,Chuk Disposable Plate With Cutlery - 228.6 mm  10 pcs,Disposable plates & bowl - July,chuk,cleaning-household>party-festive-needs>disposable-cups-plates,40359936,601.27,669,898.76,14,12,2038,3.39,1,12,89
2026-07-19 00:00:00,Chuk Disposable Snack Plate - 26 cm  25 pcs,Disposable plates & bowl - July,chuk,cleaning-household>party-festive-needs>disposable-cups-plates,40220813,1294.95,1651,784.34,126,45,11372,8.78,29,45,5949
2026-05-12 00:00:00,Chuk Disposable Snack Plate - 15 cm  25 pcs,Plates - Campaign June 26,chuk,cleaning-household>party-festive-needs>disposable-cups-plates,40220812,0,0,0,0,0,0,0,0,0,0
2026-07-13 00:00:00,Chuk Disposable Plate With Cutlery - 228.6 mm  10 pcs,Disposable plates & bowl - July,chuk,cleaning-household>party-festive-needs>disposable-cups-plates,40359936,234.85,274,857.12,1,2,188,0.8,2,2,188
2026-06-21 00:00:00,Chuk Disposable Bowl - 120 ml  25 pcs,Disposable Bowl - June 26,chuk,cleaning-household>party-festive-needs>disposable-cups-plates,40197850,0,0,0,0,0,0,0,0,0,0
2026-07-03 00:00:00,Chuk Disposable Bowl - 120 ml  25 pcs,Disposable Bowl - June 26,chuk,cleaning-household>party-festive-needs>disposable-cups-plates,40197850,0,0,0,0,0,0,0,0,0,0
2026-07-03 00:00:00,Chuk Disposable Plate With Cutlery - 228.6 mm  10 pcs,Disposable plates & bowl - July,chuk,cleaning-household>party-festive-needs>disposable-cups-plates,40359936,364.98,414,881.59,7,15,2293,6.28,13,15,2015
2026-07-03 00:00:00,Chuk 3 CP Meal Plates With Cutlery  10 pcs,Disposable plates & bowl - July,chuk,cleaning-household>party-festive-needs>disposable-cups-plates,40359934,502.63,586,857.73,8,7,1502,2.99,2,7,807
2026-06-20 00:00:00,Chuk 3 CP Meal Plate  25 pcs,Discovery Partial June 26,chuk,cleaning-household>party-festive-needs>disposable-cups-plates,40197858,479.7,501,957.49,0,15,4015,8.37,4,15,506
2026-06-17 00:00:00,Chuk Disposable Bowl - 120 ml  25 pcs,Disposable Bowl - June 26,chuk,cleaning-household>party-festive-needs>disposable-cups-plates,40197850,0,0,0,0,0,0,0,0,0,0
2026-06-22 00:00:00,Chuk Disposable 4 Compartment Meal Plate With Cutlery  10 pcs,Disposable plates & bowl - July,chuk,cleaning-household>party-festive-needs>disposable-cups-plates,40349409,0,0,0,0,0,0,0,0,0,0
2026-05-05 00:00:00,Chuk Disposable Bowl - 120 ml  25 pcs,Disposable Bowl - June 26,chuk,cleaning-household>party-festive-needs>disposable-cups-plates,40197850,947.31,1062,892,33,31,4680,4.94,14,31,3078
2026-06-06 00:00:00,Chuk Disposable Bowl - 120 ml  25 pcs,Disposable Bowl - June 26,chuk,cleaning-household>party-festive-needs>disposable-cups-plates,40197850,1057.16,1175,899.71,0,30,3688,3.49,8,30,1552
2026-05-15 00:00:00,Chuk Disposable Bowl - 120 ml  25 pcs,Disposable Bowl - June 26,chuk,cleaning-household>party-festive-needs>disposable-cups-plates,40197850,0,0,0,0,0,0,0,0,0,0
2026-05-02 00:00:00,Chuk Disposable Meal Plate - 5 Compartment  25 pcs,Plates - Campaign June 26,chuk,cleaning-household>party-festive-needs>disposable-cups-plates,40197861,1022.92,1115,917.42,21,19,9104,8.9,12,19,3753
2026-05-28 00:00:00,Chuk Disposable Snack Plate - 26 cm  25 pcs,Disposable plates & bowl - July,chuk,cleaning-household>party-festive-needs>disposable-cups-plates,40220813,1519.68,1902,798.99,0,13,3217,2.12,10,13,2260
2026-05-31 00:00:00,Chuk Disposable Bowl - 120 ml  25 pcs,Disposable Bowl - June 26,chuk,cleaning-household>party-festive-needs>disposable-cups-plates,40197850,1639.78,1884,870.37,0,34,3905,2.38,9,34,1591
2026-05-31 00:00:00,Chuk Disposable Bowl  360 ml (Set of 25),Disposable Bowl - June 26,chuk,cleaning-household>party-festive-needs>disposable-cups-plates,40359935,1111.38,1157,960.57,0,21,3936,3.54,5,21,1232
2026-05-31 00:00:00,Chuk Disposable Snack Plate - 26 cm  25 pcs,Disposable plates & bowl - July,chuk,cleaning-household>party-festive-needs>disposable-cups-plates,40220813,1251.82,1462,856.24,0,18,3501,2.8,12,18,1587
2026-05-04 00:00:00,Chuk Disposable Meal Plate - 5 Compartment  25 pcs,Plates - Campaign June 26,chuk,cleaning-household>party-festive-needs>disposable-cups-plates,40197861,975.5,1214,803.54,18,16,4340,4.45,14,16,3182
2026-05-04 00:00:00,Chuk Disposable Snack Plate - 18 cm  25 pcs,Plates - Campaign June 26,chuk,cleaning-household>party-festive-needs>disposable-cups-plates,40197854,1082.81,1317,822.18,33,12,2018,1.86,9,12,1571
2026-05-22 00:00:00,Chuk Disposable Snack Plate - 13 cm  25 pcs,Disposable Plate - Smart Bid,chuk,cleaning-household>party-festive-needs>disposable-cups-plates,40197853,0,0,0,0,0,0,0,0,0,0
2026-05-22 00:00:00,Chuk Disposable Bowl - 250 ml  25 pcs,Disposable Bowl - June 26,chuk,cleaning-household>party-festive-needs>disposable-cups-plates,40197852,6.48,2,3240,0,0,0,0,0,0,0
2026-05-22 00:00:00,Chuk Disposable Snack Plate - 18 cm  25 pcs,Disposable Plate - Smart Bid,chuk,cleaning-household>party-festive-needs>disposable-cups-plates,40197854,160.31,206,778.2,0,4,596,3.72,0,4,0
2026-05-29 00:00:00,Chuk Disposable Bowl - 250 ml  25 pcs,Disposable Bowl - June 26,chuk,cleaning-household>party-festive-needs>disposable-cups-plates,40197852,2.4,4,600,0,0,0,0,0,0,0
2026-05-21 00:00:00,"Chuk Disposable Meal Plate - Square, 28 cm  25 pcs",Disposable Plate - Smart Bid,chuk,cleaning-household>party-festive-needs>disposable-cups-plates,40197857,0,0,0,0,0,0,0,0,0,0
2026-06-11 00:00:00,Chuk Disposable Bowl - 120 ml  25 pcs,Disposable Bowl - June 26,chuk,cleaning-household>party-festive-needs>disposable-cups-plates,40197850,994.92,1115,892.3,0,10,1430,1.44,4,10,896
2026-05-20 00:00:00,Chuk 3 CP Meal Plate  25 pcs,Disposable Plate - Smart Bid,chuk,cleaning-household>party-festive-needs>disposable-cups-plates,40197858,390.34,547,713.6,0,6,1744,4.47,1,6,149
2026-05-20 00:00:00,Chuk Disposable Snack Plate - 30 cm  25 pcs,Disposable Plate - Smart Bid,chuk,cleaning-household>party-festive-needs>disposable-cups-plates,40220814,0,0,0,0,0,0,0,0,0,0
2026-06-05 00:00:00,Chuk Disposable Snack Plate - 15 cm  25 pcs,Plates - Campaign June 26,chuk,cleaning-household>party-festive-needs>disposable-cups-plates,40220812,17.52,27,648.89,0,1,99,5.65,1,1,99
2026-05-25 00:00:00,Chuk 3 CP Meal Plates With Cutlery  10 pcs,Disposable plates & bowl - July,chuk,cleaning-household>party-festive-needs>disposable-cups-plates,40359934,145.43,181,803.5,0,1,599,4.12,1,1,599
2026-05-25 00:00:00,Chuk Disposable Snack Plate - 26 cm  25 pcs,Disposable plates & bowl - July,chuk,cleaning-household>party-festive-needs>disposable-cups-plates,40220813,179.68,236,761.38,0,1,89,0.5,1,1,89
2026-06-12 00:00:00,"Chuk Disposable Meal Plate, 23 cm  25 pcs",Discovery Partial June 26,chuk,cleaning-household>party-festive-needs>disposable-cups-plates,40197856,0,0,0,0,0,0,0,0,0,0
2026-05-07 00:00:00,Chuk Disposable Snack Plate - 18 cm  25 pcs,Plates - Campaign June 26,chuk,cleaning-household>party-festive-needs>disposable-cups-plates,40197854,2.01,3,670,0,0,0,0,0,0,0
2026-05-27 00:00:00,Chuk Serving Bowls/Dona  25 pcs,Disposable Bowl - June 26,chuk,cleaning-household>party-festive-needs>disposable-cups-plates,40197851,832.8,1380,603.48,0,7,928,1.11,4,7,532
2026-06-01 00:00:00,Chuk Disposable 4 Compartment Meal Plate With Cutlery  10 pcs,Disposable plates & bowl - July,chuk,cleaning-household>party-festive-needs>disposable-cups-plates,40349409,0,0,0,0,0,0,0,0,0,0
2026-06-01 00:00:00,Chuk Disposable Meal Plate - 5 Compartment  25 pcs,Plates - Campaign June 26,chuk,cleaning-household>party-festive-needs>disposable-cups-plates,40197861,0,0,0,0,0,0,0,0,0,0
2026-05-23 00:00:00,Chuk Disposable Bowl  360 ml (Set of 25),Disposable Bowl - June 26,chuk,cleaning-household>party-festive-needs>disposable-cups-plates,40359935,664.62,650,1022.49,0,5,1075,1.62,3,5,737
2026-06-14 00:00:00,Chuk Disposable Bowl - 120 ml  25 pcs,Disposable Bowl - June 26,chuk,cleaning-household>party-festive-needs>disposable-cups-plates,40197850,1012.48,1128,897.59,30,19,1988,1.96,1,19,119
2026-07-24 00:00:00,Chuk Disposable Snack Plate - 26 cm  25 pcs,Disposable plates & bowl - July,chuk,cleaning-household>party-festive-needs>disposable-cups-plates,40220813,998.03,1214,822.1,67,42,10897,10.92,23,42,4517
2026-06-27 00:00:00,Chuk Disposable Snack Plate - 18 cm  25 pcs,Plates - Campaign June 26,chuk,cleaning-household>party-festive-needs>disposable-cups-plates,40197854,691.31,933,740.95,29,24,4509,6.52,13,24,2423
2026-06-15 00:00:00,Chuk Disposable Bowl - 120 ml  25 pcs,Disposable Bowl - June 26,chuk,cleaning-household>party-festive-needs>disposable-cups-plates,40197850,491.72,589,834.84,28,13,1750,3.56,6,13,1038
2026-06-24 00:00:00,Chuk Serving Bowls/Dona  25 pcs,Disposable Bowl - June 26,chuk,cleaning-household>party-festive-needs>disposable-cups-plates,40197851,0,0,0,0,0,0,0,0,0,0
2026-06-13 00:00:00,Chuk Serving Bowls/Dona  25 pcs,Disposable Bowl - June 26,chuk,cleaning-household>party-festive-needs>disposable-cups-plates,40197851,455.7,730,624.25,5,4,521,1.14,1,4,125
2026-06-13 00:00:00,Chuk Disposable Bowl - 250 ml  25 pcs,Disposable Bowl - June 26,chuk,cleaning-household>party-festive-needs>disposable-cups-plates,40197852,1.2,2,600,0,0,0,0,0,0,0
2026-07-19 00:00:00,Chuk Disposable 4 Compartment Meal Plate With Cutlery  10 pcs,Disposable plates & bowl - July,chuk,cleaning-household>party-festive-needs>disposable-cups-plates,40349409,576.6,610,945.25,46,10,3437,5.96,8,10,2840
2026-07-17 00:00:00,Chuk Serving Bowls/Dona  25 pcs,Disposable plates & bowl - July,chuk,cleaning-household>party-festive-needs>disposable-cups-plates,40197851,444.6,721,616.64,26,31,6987,15.72,19,31,5700
2026-06-28 00:00:00,Chuk Disposable Snack Plate - 26 cm  25 pcs,Plates - Campaign June 26,chuk,cleaning-household>party-festive-needs>disposable-cups-plates,40220813,665.03,867,767.05,10,11,1657,2.49,11,11,1657
2026-05-12 00:00:00,Chuk Disposable Bowl - 120 ml  25 pcs,Disposable Bowl - June 26,chuk,cleaning-household>party-festive-needs>disposable-cups-plates,40197850,0,0,0,0,0,0,0,0,0,0
2026-05-12 00:00:00,Chuk Disposable Snack Plate - 18 cm  25 pcs,Plates - Campaign June 26,chuk,cleaning-household>party-festive-needs>disposable-cups-plates,40197854,0,0,0,0,0,0,0,0,0,0
2026-07-15 00:00:00,Chuk Disposable 4 Compartment Meal Plate With Cutlery  10 pcs,Disposable plates & bowl - July,chuk,cleaning-household>party-festive-needs>disposable-cups-plates,40349409,299.97,337,890.12,5,7,1493,4.98,5,7,1095
2026-07-20 00:00:00,Chuk Disposable Plate With Cutlery - 228.6 mm  10 pcs,Disposable plates & bowl - July,chuk,cleaning-household>party-festive-needs>disposable-cups-plates,40359936,495.26,528,937.99,43,10,1550,3.13,6,10,754
2026-07-21 00:00:00,Chuk Disposable Snack Plate - 26 cm  25 pcs,Disposable plates & bowl - July,chuk,cleaning-household>party-festive-needs>disposable-cups-plates,40220813,969.06,1281,756.49,73,45,10200,10.53,32,45,5734
2026-06-17 00:00:00,Chuk Disposable Snack Plate - 26 cm  25 pcs,Disposable plates & bowl - July,chuk,cleaning-household>party-festive-needs>disposable-cups-plates,40220813,0,0,0,0,0,0,0,0,0,0
2026-06-17 00:00:00,Chuk Disposable Meal Plate - 4 Compartment  25 pcs,Plates - Campaign June 26,chuk,cleaning-household>party-festive-needs>disposable-cups-plates,40197860,162.86,261,623.98,4,3,875,5.37,2,3,376
2026-07-16 00:00:00,Chuk Disposable Plate With Cutlery - 228.6 mm  10 pcs,Disposable plates & bowl - July,chuk,cleaning-household>party-festive-needs>disposable-cups-plates,40359936,317.31,349,909.2,19,5,815,2.57,0,5,0
2026-06-22 00:00:00,Chuk Disposable Snack Plate - 26 cm  25 pcs,Plates - Campaign June 26,chuk,cleaning-household>party-festive-needs>disposable-cups-plates,40220813,844.22,1217,693.69,15,11,2378,2.82,6,11,783
2026-07-22 00:00:00,Chuk Disposable Plate With Cutlery - 228.6 mm  10 pcs,Disposable plates & bowl - July,chuk,cleaning-household>party-festive-needs>disposable-cups-plates,40359936,715.03,770,928.61,22,9,1690,2.36,3,9,357
2026-06-07 00:00:00,Chuk 3 CP Meal Plate  25 pcs,Plates - Campaign June 26,chuk,cleaning-household>party-festive-needs>disposable-cups-plates,40197858,550.36,760,724.16,0,11,1969,3.58,7,11,693
2026-06-06 00:00:00,Chuk 3 CP Meal Plate  25 pcs,Plates - Campaign June 26,chuk,cleaning-household>party-festive-needs>disposable-cups-plates,40197858,665.48,911,730.49,0,25,5765,8.66,14,25,2256
2026-06-06 00:00:00,"Chuk Disposable Meal Plate, 23 cm  25 pcs",Plates - Campaign June 26,chuk,cleaning-household>party-festive-needs>disposable-cups-plates,40197856,0,0,0,0,0,0,0,0,0,0
2026-06-26 00:00:00,Chuk 3 CP Meal Plate  25 pcs,Plates - Campaign June 26,chuk,cleaning-household>party-festive-needs>disposable-cups-plates,40197858,411.88,565,728.98,0,7,2003,4.86,1,7,89
2026-06-26 00:00:00,Chuk Disposable Snack Plate - 26 cm  25 pcs,Plates - Campaign June 26,chuk,cleaning-household>party-festive-needs>disposable-cups-plates,40220813,686.49,877,782.77,2,14,3625,5.28,11,14,2668
2026-06-26 00:00:00,Chuk Disposable Plate With Cutlery - 228.6 mm  10 pcs,Disposable plates & bowl - July,chuk,cleaning-household>party-festive-needs>disposable-cups-plates,40359936,0,0,0,0,0,0,0,0,0,0
2026-05-31 00:00:00,Chuk Serving Bowls/Dona  25 pcs,Disposable Bowl - June 26,chuk,cleaning-household>party-festive-needs>disposable-cups-plates,40197851,557.3,921,605.1,0,15,2358,4.23,9,15,1483
2026-05-04 00:00:00,Chuk Disposable Bowl - 120 ml  25 pcs,Disposable Bowl - June 26,chuk,cleaning-household>party-festive-needs>disposable-cups-plates,40197850,1040.23,1248,833.52,52,37,6299,6.06,16,37,4341
2026-05-22 00:00:00,Chuk Disposable 4 Compartment Meal Plate With Cutlery  10 pcs,Disposable plates & bowl - July,chuk,cleaning-household>party-festive-needs>disposable-cups-plates,40349409,658.05,891,738.55,0,11,3607,5.48,7,11,2612
2026-05-22 00:00:00,Chuk Disposable Snack Plate - 26 cm  25 pcs,Disposable Plate - Smart Bid,chuk,cleaning-household>party-festive-needs>disposable-cups-plates,40220813,18.35,22,834.09,0,0,0,0,0,0,0
2026-05-22 00:00:00,Chuk Disposable Snack Plate - 15 cm  25 pcs,Disposable Plate - Smart Bid,chuk,cleaning-household>party-festive-needs>disposable-cups-plates,40220812,451.16,613,735.99,0,18,3090,6.85,7,18,1781
2026-05-21 00:00:00,Chuk Disposable Snack Plate - 18 cm  25 pcs,Disposable Plate - Smart Bid,chuk,cleaning-household>party-festive-needs>disposable-cups-plates,40197854,317.02,410,773.22,0,9,1061,3.35,6,9,614
2026-05-21 00:00:00,"Chuk Party/Travel Disposable Combo - Plates, Spoons, Tissues  30 pcs",Disposable Plate - Smart Bid,chuk,cleaning-household>party-festive-needs>disposable-cups-plates,40302639,559.76,586,955.22,0,8,1342,2.4,8,8,1342
2026-05-30 00:00:00,Chuk Disposable Bowl - 120 ml  25 pcs,Disposable Bowl - June 26,chuk,cleaning-household>party-festive-needs>disposable-cups-plates,40197850,1696.6,1928,879.98,2,73,13051,7.69,34,73,9224
2026-06-05 00:00:00,Chuk Serving Bowls/Dona  25 pcs,Disposable Bowl - June 26,chuk,cleaning-household>party-festive-needs>disposable-cups-plates,40197851,236.3,387,610.59,0,7,1462,6.19,5,7,1264
2026-05-25 00:00:00,Chuk Serving Bowls/Dona  25 pcs,Disposable Bowl - June 26,chuk,cleaning-household>party-festive-needs>disposable-cups-plates,40197851,557.4,918,607.19,0,10,1189,2.13,4,10,595
2026-06-12 00:00:00,Chuk Disposable Bowl  360 ml (Set of 25),Discovery Partial June 26,chuk,cleaning-household>party-festive-needs>disposable-cups-plates,40359935,344.02,289,1190.38,13,5,884,2.57,2,5,377
2026-06-08 00:00:00,Chuk Disposable Meal Plate - 4 Compartment  25 pcs,Plates - Campaign June 26,chuk,cleaning-household>party-festive-needs>disposable-cups-plates,40197860,162.79,243,669.92,3,2,998,6.13,0,2,0
2026-06-08 00:00:00,Chuk Disposable Bowl  360 ml (Set of 25),Disposable Bowl - June 26,chuk,cleaning-household>party-festive-needs>disposable-cups-plates,40359935,938.5,1078,870.59,13,10,2280,2.43,5,10,1435
2026-05-07 00:00:00,Chuk Disposable Snack Plate - 15 cm  25 pcs,Plates - Campaign June 26,chuk,cleaning-household>party-festive-needs>disposable-cups-plates,40220812,0,0,0,0,0,0,0,0,0,0
2026-05-01 00:00:00,Chuk Disposable Snack Plate - 18 cm  25 pcs,Plates - Campaign June 26,chuk,cleaning-household>party-festive-needs>disposable-cups-plates,40197854,1174.96,1291,910.12,21,24,5004,4.26,12,24,3067
2026-07-24 00:00:00,Chuk Disposable Bowl  360 ml (Set of 25),Disposable plates & bowl - July,chuk,cleaning-household>party-festive-needs>disposable-cups-plates,40359935,406.22,221,1838.1,24,26,5644,13.89,20,26,4630
2026-07-24 00:00:00,Chuk 3 CP Meal Plates With Cutlery  10 pcs,Disposable plates & bowl - July,chuk,cleaning-household>party-festive-needs>disposable-cups-plates,40359934,733.34,870,842.92,30,18,3569,4.87,7,18,1762
2026-06-27 00:00:00,Chuk Disposable Bowl  360 ml (Set of 25),Disposable Bowl - June 26,chuk,cleaning-household>party-festive-needs>disposable-cups-plates,40359935,0,0,0,0,0,0,0,0,0,0
2026-06-15 00:00:00,Chuk Disposable Snack Plate - 18 cm  25 pcs,Discovery Partial June 26,chuk,cleaning-household>party-festive-needs>disposable-cups-plates,40197854,792.84,821,965.7,9,3,437,0.55,1,3,139
2026-06-29 00:00:00,Chuk 3 CP Meal Plate  25 pcs,Plates - Campaign June 26,chuk,cleaning-household>party-festive-needs>disposable-cups-plates,40197858,406.38,581,699.45,11,11,2119,5.21,8,11,1162
2026-06-29 00:00:00,Chuk Disposable Snack Plate - 26 cm  25 pcs,Plates - Campaign June 26,chuk,cleaning-household>party-festive-needs>disposable-cups-plates,40220813,596.5,817,730.11,8,4,1056,1.77,1,4,99
2026-06-29 00:00:00,Chuk Disposable Bowl - 120 ml  25 pcs,Disposable Bowl - June 26,chuk,cleaning-household>party-festive-needs>disposable-cups-plates,40197850,0,0,0,0,0,0,0,0,0,0
2026-07-04 00:00:00,Chuk Disposable Bowl - 120 ml  25 pcs,Discovery Partial June 26,chuk,cleaning-household>party-festive-needs>disposable-cups-plates,40197850,0,0,0,0,0,0,0,0,0,0
2026-06-25 00:00:00,Chuk 3 CP Meal Plate  25 pcs,Discovery Partial June 26,chuk,cleaning-household>party-festive-needs>disposable-cups-plates,40197858,0,0,0,0,0,0,0,0,0,0
2026-06-13 00:00:00,Chuk Disposable Bowl  360 ml (Set of 25),Discovery Partial June 26,chuk,cleaning-household>party-festive-needs>disposable-cups-plates,40359935,312.94,225,1390.84,7,4,676,2.16,0,4,0
2026-07-23 00:00:00,Chuk 3 CP Meal Plates With Cutlery  10 pcs,Disposable plates & bowl - July,chuk,cleaning-household>party-festive-needs>disposable-cups-plates,40359934,525.89,582,903.59,17,12,2004,3.81,4,12,892
2026-06-19 00:00:00,Chuk Disposable Meal Plate - 4 Compartment  25 pcs,Plates - Campaign June 26,chuk,cleaning-household>party-festive-needs>disposable-cups-plates,40197860,235.05,366,642.21,9,6,1974,8.4,3,6,477
2026-06-28 00:00:00,Chuk Disposable Meal Plate - 4 Compartment  25 pcs,Plates - Campaign June 26,chuk,cleaning-household>party-festive-needs>disposable-cups-plates,40197860,216.48,291,743.92,2,0,0,0,0,0,0
2026-07-07 00:00:00,Chuk Disposable Plate With Cutlery - 228.6 mm  10 pcs,Disposable plates & bowl - July,chuk,cleaning-household>party-festive-needs>disposable-cups-plates,40359936,271.51,313,867.44,4,2,698,2.57,1,2,499
2026-07-05 00:00:00,Chuk Disposable Snack Plate - 26 cm  25 pcs,Disposable plates & bowl - July,chuk,cleaning-household>party-festive-needs>disposable-cups-plates,40220813,967.02,1063,909.71,14,35,9869,10.21,23,35,5403
2026-07-20 00:00:00,Chuk Disposable Snack Plate - 26 cm  25 pcs,Disposable plates & bowl - July,chuk,cleaning-household>party-festive-needs>disposable-cups-plates,40220813,1102.95,1386,795.78,94,38,11017,9.99,21,38,5594
2026-07-16 00:00:00,Chuk Disposable Snack Plate - 26 cm  25 pcs,Disposable plates & bowl - July,chuk,cleaning-household>party-festive-needs>disposable-cups-plates,40220813,1173.97,1537,763.81,79,48,13281,11.31,31,48,7539
2026-06-09 00:00:00,Chuk Serving Bowls/Dona  25 pcs,Disposable Bowl - June 26,chuk,cleaning-household>party-festive-needs>disposable-cups-plates,40197851,509.6,834,611.03,7,9,1311,2.57,5,9,915
2026-07-22 00:00:00,Chuk Disposable 4 Compartment Meal Plate With Cutlery  10 pcs,Disposable plates & bowl - July,chuk,cleaning-household>party-festive-needs>disposable-cups-plates,40349409,575.63,622,925.45,10,5,1295,2.25,1,5,499
2026-06-06 00:00:00,Chuk Disposable Meal Plate - 4 Compartment  25 pcs,Plates - Campaign June 26,chuk,cleaning-household>party-festive-needs>disposable-cups-plates,40197860,548.67,773,709.79,0,14,4176,7.61,8,14,1182
2026-06-06 00:00:00,Chuk Disposable Bowl  360 ml (Set of 25),Disposable Bowl - June 26,chuk,cleaning-household>party-festive-needs>disposable-cups-plates,40359935,947.04,1017,931.21,0,18,3450,3.64,5,18,915
2026-05-28 00:00:00,Chuk Disposable Plate With Cutlery - 228.6 mm  10 pcs,Disposable plates & bowl - July,chuk,cleaning-household>party-festive-needs>disposable-cups-plates,40359936,1558.64,1983,786,0,15,2875,1.84,8,15,1662
2026-05-22 00:00:00,Chuk Disposable Snack Plate - 26 cm  25 pcs,Disposable plates & bowl - July,chuk,cleaning-household>party-festive-needs>disposable-cups-plates,40220813,434.56,532,816.84,0,16,4124,9.49,11,16,2529
2026-05-22 00:00:00,Chuk 3 CP Meal Plate  25 pcs,Disposable Plate - Smart Bid,chuk,cleaning-household>party-festive-needs>disposable-cups-plates,40197858,298.39,409,729.56,0,12,3343,11.2,6,12,1110
2026-06-02 00:00:00,Chuk Disposable 4 Compartment Meal Plate With Cutlery  10 pcs,Disposable plates & bowl - July,chuk,cleaning-household>party-festive-needs>disposable-cups-plates,40349409,0,0,0,0,0,0,0,0,0,0
2026-05-29 00:00:00,Chuk Disposable Bowl  360 ml (Set of 25),Disposable Bowl - June 26,chuk,cleaning-household>party-festive-needs>disposable-cups-plates,40359935,1034.88,985,1050.64,0,19,3325,3.21,6,19,1128
2026-05-21 00:00:00,Chuk Sugarcane Bagasse Meal Plate  -8CP Meal Tray  10 pcs,Disposable Plate - Smart Bid,chuk,cleaning-household>party-festive-needs>disposable-cups-plates,40302635,0,0,0,0,0,0,0,0,0,0
2026-05-30 00:00:00,Chuk Disposable Snack Plate - 26 cm  25 pcs,Disposable plates & bowl - July,chuk,cleaning-household>party-festive-needs>disposable-cups-plates,40220813,137.57,157,876.24,0,3,1137,8.26,1,3,499
2026-05-20 00:00:00,Chuk Disposable Snack Plate - 26 cm  25 pcs,Disposable Plate - Smart Bid,chuk,cleaning-household>party-festive-needs>disposable-cups-plates,40220813,332,458,724.89,0,3,807,2.43,1,3,169
2026-05-24 00:00:00,Chuk Disposable Snack Plate - 15 cm  25 pcs,Disposable Plate - Smart Bid,chuk,cleaning-household>party-festive-needs>disposable-cups-plates,40220812,0,0,0,0,0,0,0,0,0,0
2026-05-10 00:00:00,Chuk Disposable Snack Plate - 15 cm  25 pcs,Plates - Campaign June 26,chuk,cleaning-household>party-festive-needs>disposable-cups-plates,40220812,0,0,0,0,0,0,0,0,0,0
2026-06-14 00:00:00,Chuk Disposable Meal Plate - 4 Compartment  25 pcs,Discovery Partial June 26,chuk,cleaning-household>party-festive-needs>disposable-cups-plates,40197860,197.79,208,950.91,2,4,1096,5.54,3,4,597
2026-06-14 00:00:00,Chuk 3 CP Meal Plate  25 pcs,Plates - Campaign June 26,chuk,cleaning-household>party-festive-needs>disposable-cups-plates,40197858,466.46,649,718.74,6,5,2194,4.7,1,5,599
2026-07-24 00:00:00,Chuk Serving Bowls/Dona  25 pcs,Disposable plates & bowl - July,chuk,cleaning-household>party-festive-needs>disposable-cups-plates,40197851,100.8,165,610.91,19,9,992,9.84,5,9,604
2026-06-15 00:00:00,Chuk Disposable Snack Plate - 18 cm  25 pcs,Plates - Campaign June 26,chuk,cleaning-household>party-festive-needs>disposable-cups-plates,40197854,433.92,674,643.8,7,8,1118,2.58,4,8,522
2026-06-29 00:00:00,Chuk Disposable Meal Plate - 4 Compartment  25 pcs,Plates - Campaign June 26,chuk,cleaning-household>party-festive-needs>disposable-cups-plates,40197860,204.78,298,687.18,10,5,1865,9.11,3,5,867
2026-07-08 00:00:00,Chuk Disposable Plate With Cutlery - 228.6 mm  10 pcs,Disposable plates & bowl - July,chuk,cleaning-household>party-festive-needs>disposable-cups-plates,40359936,329.05,360,914.03,6,7,783,2.38,7,7,783
2026-07-04 00:00:00,Chuk Disposable Snack Plate - 26 cm  25 pcs,Disposable plates & bowl - July,chuk,cleaning-household>party-festive-needs>disposable-cups-plates,40220813,758.34,861,880.77,1,25,6782,8.94,13,25,2954
2026-07-09 00:00:00,Chuk Disposable Snack Plate - 26 cm  25 pcs,Disposable plates & bowl - July,chuk,cleaning-household>party-festive-needs>disposable-cups-plates,40220813,929.03,1174,791.34,56,30,8855,9.53,19,30,5027
2026-06-24 00:00:00,Chuk 3 CP Meal Plate  25 pcs,Plates - Campaign June 26,chuk,cleaning-household>party-festive-needs>disposable-cups-plates,40197858,459.09,676,679.13,12,11,3777,8.23,6,11,1863
2026-06-24 00:00:00,Chuk 3 CP Meal Plate  25 pcs,Discovery Partial June 26,chuk,cleaning-household>party-festive-needs>disposable-cups-plates,40197858,0,0,0,0,0,0,0,0,0,0
2026-06-25 00:00:00,Chuk Disposable Snack Plate - 26 cm  25 pcs,Plates - Campaign June 26,chuk,cleaning-household>party-festive-needs>disposable-cups-plates,40220813,209.12,270,774.5,4,5,812,3.88,5,5,812
2026-06-13 00:00:00,Chuk Disposable Bowl - 250 ml  25 pcs,Discovery Partial June 26,chuk,cleaning-household>party-festive-needs>disposable-cups-plates,40197852,0,0,0,0,0,0,0,0,0,0
2026-06-16 00:00:00,Chuk Disposable Snack Plate - 26 cm  25 pcs,Plates - Campaign June 26,chuk,cleaning-household>party-festive-needs>disposable-cups-plates,40220813,488.5,728,671.02,9,15,2285,4.68,14,15,1966
2026-06-16 00:00:00,Chuk Disposable Bowl - 250 ml  25 pcs,Discovery Partial June 26,chuk,cleaning-household>party-festive-needs>disposable-cups-plates,40197852,1.8,2,900,0,0,0,0,0,0,0
2026-06-16 00:00:00,Chuk Serving Bowls/Dona  25 pcs,Discovery Partial June 26,chuk,cleaning-household>party-festive-needs>disposable-cups-plates,40197851,329.4,354,930.51,0,6,604,1.83,3,6,307
2026-06-28 00:00:00,Chuk Disposable Bowl - 120 ml  25 pcs,Disposable Bowl - June 26,chuk,cleaning-household>party-festive-needs>disposable-cups-plates,40197850,0,0,0,0,0,0,0,0,0,0
2026-05-26 00:00:00,Chuk Disposable Bowl  360 ml (Set of 25),Disposable Bowl - June 26,chuk,cleaning-household>party-festive-needs>disposable-cups-plates,40359935,754.22,719,1048.98,0,7,1119,1.48,2,7,274
2026-07-10 00:00:00,Chuk Disposable Plate With Cutlery - 228.6 mm  10 pcs,Disposable plates & bowl - July,chuk,cleaning-household>party-festive-needs>disposable-cups-plates,40359936,333.86,367,909.7,19,8,2211,6.62,8,8,2211
2026-07-25 00:00:00,Chuk Disposable Plate With Cutlery - 228.6 mm  10 pcs,Disposable plates & bowl - July,chuk,cleaning-household>party-festive-needs>disposable-cups-plates,40359936,703.33,769,914.6,22,19,3631,5.16,12,19,2358
2026-07-25 00:00:00,Chuk Disposable Snack Plate - 26 cm  25 pcs,Disposable plates & bowl - July,chuk,cleaning-household>party-festive-needs>disposable-cups-plates,40220813,730.85,846,863.89,25,14,4846,6.63,3,14,1337
2026-07-25 00:00:00,Chuk Disposable 4 Compartment Meal Plate With Cutlery  10 pcs,Disposable plates & bowl - July,chuk,cleaning-household>party-festive-needs>disposable-cups-plates,40349409,775.69,886,875.5,42,28,9926,12.8,14,28,6742
2026-06-20 00:00:00,Chuk Disposable Snack Plate - 18 cm  25 pcs,Discovery Partial June 26,chuk,cleaning-household>party-festive-needs>disposable-cups-plates,40197854,594.91,625,951.86,0,11,2478,4.17,8,11,2031
2026-06-20 00:00:00,Chuk Disposable Bowl  360 ml (Set of 25),Discovery Partial June 26,chuk,cleaning-household>party-festive-needs>disposable-cups-plates,40359935,486.14,417,1165.8,0,3,1006,2.07,2,3,837
2026-05-03 00:00:00,Chuk Disposable Bowl - 120 ml  25 pcs,Disposable Bowl - June 26,chuk,cleaning-household>party-festive-needs>disposable-cups-plates,40197850,1436.04,1615,889.19,57,45,7971,5.55,23,45,5746
2026-06-18 00:00:00,Chuk 3 CP Meal Plate  25 pcs,Plates - Campaign June 26,chuk,cleaning-household>party-festive-needs>disposable-cups-plates,40197858,278.56,446,624.57,0,4,846,3.04,2,4,208
2026-06-09 00:00:00,Chuk 3 CP Meal Plate  25 pcs,Plates - Campaign June 26,chuk,cleaning-household>party-festive-needs>disposable-cups-plates,40197858,227.94,358,636.7,8,5,1595,7,0,5,0
2026-07-11 00:00:00,Chuk Disposable 4 Compartment Meal Plate With Cutlery  10 pcs,Disposable plates & bowl - July,chuk,cleaning-household>party-festive-needs>disposable-cups-plates,40349409,479.35,547,876.33,10,5,721,1.5,3,5,323
2026-05-22 00:00:00,"Chuk Disposable Mini Meal Plate - Square,23 cm  25 pcs",Disposable Plate - Smart Bid,chuk,cleaning-household>party-festive-needs>disposable-cups-plates,40197855,0,0,0,0,0,0,0,0,0,0
2026-05-21 00:00:00,Chuk Disposable Snack Plate - 30 cm  25 pcs,Disposable Plate - Smart Bid,chuk,cleaning-household>party-festive-needs>disposable-cups-plates,40220814,0,0,0,0,0,0,0,0,0,0
2026-06-11 00:00:00,Chuk Disposable Meal Plate - 4 Compartment  25 pcs,Plates - Campaign June 26,chuk,cleaning-household>party-festive-needs>disposable-cups-plates,40197860,205.42,320,641.94,0,6,2335.92,11.37,3,6,887
2026-06-10 00:00:00,Chuk 3 CP Meal Plate  25 pcs,Plates - Campaign June 26,chuk,cleaning-household>party-festive-needs>disposable-cups-plates,40197858,281.28,450,625.07,8,12,2458,8.74,8,12,1182
2026-05-07 00:00:00,Chuk Disposable Meal Plate - 5 Compartment  25 pcs,Plates - Campaign June 26,chuk,cleaning-household>party-festive-needs>disposable-cups-plates,40197861,2.04,3,680,0,0,0,0,0,0,0
2026-05-27 00:00:00,Chuk Disposable Bowl - 120 ml  25 pcs,Disposable Bowl - June 26,chuk,cleaning-household>party-festive-needs>disposable-cups-plates,40197850,1405.54,1665,844.17,0,26,2980,2.12,10,26,1556
2026-05-27 00:00:00,Chuk Disposable Snack Plate - 26 cm  25 pcs,Disposable plates & bowl - July,chuk,cleaning-household>party-festive-needs>disposable-cups-plates,40220813,1234.32,1563,789.71,0,7,2152,1.74,3,7,557
2026-05-27 00:00:00,Chuk Disposable Plate With Cutlery - 228.6 mm  10 pcs,Disposable plates & bowl - July,chuk,cleaning-household>party-festive-needs>disposable-cups-plates,40359936,1213.3,1515,800.86,0,13,2649,2.18,9,13,1913
2026-05-01 00:00:00,Chuk Disposable Snack Plate - 15 cm  25 pcs,Plates - Campaign June 26,chuk,cleaning-household>party-festive-needs>disposable-cups-plates,40220812,1044.5,1153,905.9,25,29,4918,4.71,15,29,3133
2026-06-01 00:00:00,Chuk Disposable Bowl  360 ml (Set of 25),Disposable Bowl - June 26,chuk,cleaning-household>party-festive-needs>disposable-cups-plates,40359935,0,0,0,0,0,0,0,0,0,0
2026-05-23 00:00:00,Chuk Disposable 4 Compartment Meal Plate With Cutlery  10 pcs,Disposable plates & bowl - July,chuk,cleaning-household>party-festive-needs>disposable-cups-plates,40349409,1031.67,1328,776.86,0,26,5282,5.12,14,26,2496
2026-06-14 00:00:00,Chuk Disposable Bowl - 250 ml  25 pcs,Discovery Partial June 26,chuk,cleaning-household>party-festive-needs>disposable-cups-plates,40197852,0,0,0,0,0,0,0,0,0,0
2026-07-02 00:00:00,Chuk Disposable Snack Plate - 18 cm  25 pcs,Plates - Campaign June 26,chuk,cleaning-household>party-festive-needs>disposable-cups-plates,40197854,0,0,0,0,0,0,0,0,0,0
2026-06-27 00:00:00,Chuk 3 CP Meal Plate  25 pcs,Plates - Campaign June 26,chuk,cleaning-household>party-festive-needs>disposable-cups-plates,40197858,427.72,566,755.69,15,16,3744,8.75,7,16,873
2026-07-08 00:00:00,Chuk 3 CP Meal Plates With Cutlery  10 pcs,Disposable plates & bowl - July,chuk,cleaning-household>party-festive-needs>disposable-cups-plates,40359934,517.39,579,893.59,36,10,1570,3.03,6,10,736
2026-06-13 00:00:00,Chuk 3 CP Meal Plate  25 pcs,Discovery Partial June 26,chuk,cleaning-household>party-festive-needs>disposable-cups-plates,40197858,686.85,674,1019.07,12,11,3329,4.85,3,11,777
2026-06-13 00:00:00,Chuk Disposable Bowl - 120 ml  25 pcs,Discovery Partial June 26,chuk,cleaning-household>party-festive-needs>disposable-cups-plates,40197850,374.06,280,1335.93,2,5,675,1.8,1,5,319
2026-07-06 00:00:00,Chuk 3 CP Meal Plates With Cutlery  10 pcs,Disposable plates & bowl - July,chuk,cleaning-household>party-festive-needs>disposable-cups-plates,40359934,538.89,593,908.75,12,7,1932,3.59,3,7,1376
2026-07-18 00:00:00,Chuk 3 CP Meal Plates With Cutlery  10 pcs,Disposable plates & bowl - July,chuk,cleaning-household>party-festive-needs>disposable-cups-plates,40359934,713.78,776,919.82,20,15,2883,4.04,11,15,2327
2026-06-23 00:00:00,Chuk Disposable Bowl - 120 ml  25 pcs,Disposable Bowl - June 26,chuk,cleaning-household>party-festive-needs>disposable-cups-plates,40197850,0,0,0,0,0,0,0,0,0,0
2026-06-16 00:00:00,Chuk Disposable Bowl  360 ml (Set of 25),Discovery Partial June 26,chuk,cleaning-household>party-festive-needs>disposable-cups-plates,40359935,521.48,433,1204.34,2,3,457,0.88,1,3,119
2026-07-17 00:00:00,Chuk Disposable 4 Compartment Meal Plate With Cutlery  10 pcs,Disposable plates & bowl - July,chuk,cleaning-household>party-festive-needs>disposable-cups-plates,40349409,309.68,342,905.5,24,17,3571,11.53,7,17,1382
2026-06-19 00:00:00,Chuk Disposable Snack Plate - 18 cm  25 pcs,Discovery Partial June 26,chuk,cleaning-household>party-festive-needs>disposable-cups-plates,40197854,445.76,466,956.57,2,2,288,0.65,1,2,139
2026-06-19 00:00:00,Chuk 3 CP Meal Plate  25 pcs,Discovery Partial June 26,chuk,cleaning-household>party-festive-needs>disposable-cups-plates,40197858,530.64,544,975.44,15,11,2965,5.59,3,11,413
2026-06-19 00:00:00,Chuk Disposable Snack Plate - 18 cm  25 pcs,Plates - Campaign June 26,chuk,cleaning-household>party-festive-needs>disposable-cups-plates,40197854,827.07,1189,695.6,37,22,4545,5.5,13,22,3055
2026-07-12 00:00:00,Chuk Disposable Snack Plate - 26 cm  25 pcs,Disposable plates & bowl - July,chuk,cleaning-household>party-festive-needs>disposable-cups-plates,40220813,1071.8,1366,784.63,35,38,9831,9.17,23,38,5046
2026-07-13 00:00:00,Chuk Disposable Snack Plate - 26 cm  25 pcs,Disposable plates & bowl - July,chuk,cleaning-household>party-festive-needs>disposable-cups-plates,40220813,943.35,1241,760.15,49,43,9787,10.37,33,43,6597
2026-07-05 00:00:00,Chuk Disposable Plate With Cutlery - 228.6 mm  10 pcs,Disposable plates & bowl - July,chuk,cleaning-household>party-festive-needs>disposable-cups-plates,40359936,249.75,285,876.32,3,4,516,2.07,2,4,238
2026-06-21 00:00:00,Chuk Disposable Snack Plate - 18 cm  25 pcs,Plates - Campaign June 26,chuk,cleaning-household>party-festive-needs>disposable-cups-plates,40197854,827.7,1216,680.67,14,20,4288,5.18,14,20,3394
2026-06-21 00:00:00,Chuk Disposable Snack Plate - 18 cm  25 pcs,Discovery Partial June 26,chuk,cleaning-household>party-festive-needs>disposable-cups-plates,40197854,567.74,595,954.18,3,5,935,1.65,3,5,637
2026-07-20 00:00:00,Chuk Disposable Bowl  360 ml (Set of 25),Disposable plates & bowl - July,chuk,cleaning-household>party-festive-needs>disposable-cups-plates,40359935,213.28,97,2198.76,33,10,1329,6.23,7,10,822
2026-07-20 00:00:00,Chuk Serving Bowls/Dona  25 pcs,Disposable plates & bowl - July,chuk,cleaning-household>party-festive-needs>disposable-cups-plates,40197851,24,37,648.65,12,4,376,15.67,2,4,178
2026-07-21 00:00:00,Chuk 3 CP Meal Plates With Cutlery  10 pcs,Disposable plates & bowl - July,chuk,cleaning-household>party-festive-needs>disposable-cups-plates,40359934,232.9,300,776.33,9,2,288,1.24,1,2,149
2026-05-26 00:00:00,Chuk Disposable Bowl - 250 ml  25 pcs,Disposable Bowl - June 26,chuk,cleaning-household>party-festive-needs>disposable-cups-plates,40197852,2.4,4,600,0,0,0,0,0,0,0
2026-07-26 00:00:00,Chuk 3 CP Meal Plates With Cutlery  10 pcs,Disposable plates & bowl - July,chuk,cleaning-household>party-festive-needs>disposable-cups-plates,40359934,806.89,909,887.67,0,21,3539,4.39,9,21,1871
2026-06-03 00:00:00,Chuk 3 CP Meal Plates With Cutlery  10 pcs,Disposable plates & bowl - July,chuk,cleaning-household>party-festive-needs>disposable-cups-plates,40359934,0,0,0,0,0,0,0,0,0,0
2026-06-18 00:00:00,Chuk Disposable Bowl - 120 ml  25 pcs,Discovery Partial June 26,chuk,cleaning-household>party-festive-needs>disposable-cups-plates,40197850,651.18,535,1217.16,0,11,1148,1.76,4,11,436
2026-06-17 00:00:00,Chuk 3 CP Meal Plate  25 pcs,Plates - Campaign June 26,chuk,cleaning-household>party-festive-needs>disposable-cups-plates,40197858,284.01,450,631.13,7,5,1284,4.52,2,5,327
2026-06-07 00:00:00,"Chuk Disposable Meal Plate, 23 cm  25 pcs",Plates - Campaign June 26,chuk,cleaning-household>party-festive-needs>disposable-cups-plates,40197856,0,0,0,0,0,0,0,0,0,0
2026-05-06 00:00:00,Chuk Disposable Meal Plate - 5 Compartment  25 pcs,Plates - Campaign June 26,chuk,cleaning-household>party-festive-needs>disposable-cups-plates,40197861,112.31,157,715.35,0,2,258,2.3,2,2,258
2026-06-26 00:00:00,Chuk Disposable Meal Plate - 4 Compartment  25 pcs,Plates - Campaign June 26,chuk,cleaning-household>party-festive-needs>disposable-cups-plates,40197860,163.57,244,670.39,5,5,1775,10.85,2,5,278
2026-05-22 00:00:00,Chuk Serving Bowls/Dona  25 pcs,Disposable Bowl - June 26,chuk,cleaning-household>party-festive-needs>disposable-cups-plates,40197851,261.6,431,606.96,0,4,566,2.16,4,4,566
2026-05-22 00:00:00,Chuk Disposable Snack Plate - 30 cm  25 pcs,Disposable Plate - Smart Bid,chuk,cleaning-household>party-festive-needs>disposable-cups-plates,40220814,0.6,1,600,0,0,0,0,0,0,0
2026-05-22 00:00:00,Chuk Disposable Snack Plate - 15 cm  25 pcs,Plates - Campaign June 26,chuk,cleaning-household>party-festive-needs>disposable-cups-plates,40220812,0,0,0,0,0,0,0,0,0,0
2026-06-02 00:00:00,Chuk 3 CP Meal Plates With Cutlery  10 pcs,Disposable plates & bowl - July,chuk,cleaning-household>party-festive-needs>disposable-cups-plates,40359934,0,0,0,0,0,0,0,0,0,0
2026-05-29 00:00:00,Chuk 3 CP Meal Plates With Cutlery  10 pcs,Disposable plates & bowl - July,chuk,cleaning-household>party-festive-needs>disposable-cups-plates,40359934,1647.15,2116,778.43,0,33,5625,3.41,14,33,2845
2026-05-30 00:00:00,Chuk Disposable Bowl  360 ml (Set of 25),Disposable Bowl - June 26,chuk,cleaning-household>party-festive-needs>disposable-cups-plates,40359935,1391.28,1482,938.79,0,25,4383,3.15,16,25,2862
2026-06-11 00:00:00,Chuk Disposable Bowl  360 ml (Set of 25),Disposable Bowl - June 26,chuk,cleaning-household>party-festive-needs>disposable-cups-plates,40359935,881.88,971,908.22,0,16,3130,3.55,8,16,1778
2026-05-14 00:00:00,Chuk Disposable Snack Plate - 18 cm  25 pcs,Plates - Campaign June 26,chuk,cleaning-household>party-festive-needs>disposable-cups-plates,40197854,0,0,0,0,0,0,0,0,0,0
2026-06-10 00:00:00,Chuk Disposable Plate With Cutlery - 228.6 mm  10 pcs,Disposable plates & bowl - July,chuk,cleaning-household>party-festive-needs>disposable-cups-plates,40359936,0,0,0,0,0,0,0,0,0,0
2026-06-10 00:00:00,Chuk Disposable Bowl  360 ml (Set of 25),Disposable Bowl - June 26,chuk,cleaning-household>party-festive-needs>disposable-cups-plates,40359935,907.74,1092,831.26,11,12,1767,1.95,7,12,753
2026-06-10 00:00:00,Chuk Disposable Snack Plate - 18 cm  25 pcs,Plates - Campaign June 26,chuk,cleaning-household>party-festive-needs>disposable-cups-plates,40197854,559.94,869,644.35,14,8,1132,2.02,8,8,1132
2026-05-20 00:00:00,"Chuk Disposable Meal Plate, 23 cm  25 pcs",Disposable Plate - Smart Bid,chuk,cleaning-household>party-festive-needs>disposable-cups-plates,40197856,0,0,0,0,0,0,0,0,0,0
2026-05-20 00:00:00,Chuk Disposable Meal Plate - 4 Compartment  25 pcs,Disposable Plate - Smart Bid,chuk,cleaning-household>party-festive-needs>disposable-cups-plates,40197860,241.24,332,726.61,0,1,199,0.82,1,1,199
2026-06-08 00:00:00,"Chuk Disposable Meal Plate, 23 cm  25 pcs",Plates - Campaign June 26,chuk,cleaning-household>party-festive-needs>disposable-cups-plates,40197856,0,0,0,0,0,0,0,0,0,0
2026-06-04 00:00:00,Chuk Disposable Bowl  360 ml (Set of 25),Disposable Bowl - June 26,chuk,cleaning-household>party-festive-needs>disposable-cups-plates,40359935,0,0,0,0,0,0,0,0,0,0
2026-05-19 00:00:00,Chuk Disposable Bowl - 120 ml  25 pcs,Disposable Bowl - June 26,chuk,cleaning-household>party-festive-needs>disposable-cups-plates,40197850,477.33,515,926.86,0,19,3914,8.2,14,19,3380
2026-05-19 00:00:00,Chuk 3 CP Meal Plate  25 pcs,Disposable Plate - Smart Bid,chuk,cleaning-household>party-festive-needs>disposable-cups-plates,40197858,332.72,451,737.74,0,6,1914,5.75,0,6,0
2026-06-14 00:00:00,Chuk Disposable Bowl  360 ml (Set of 25),Disposable Bowl - June 26,chuk,cleaning-household>party-festive-needs>disposable-cups-plates,40359935,849.48,943,900.83,8,3,437,0.51,1,3,99
2026-06-14 00:00:00,Chuk Disposable Bowl - 250 ml  25 pcs,Disposable Bowl - June 26,chuk,cleaning-household>party-festive-needs>disposable-cups-plates,40197852,0,0,0,0,0,0,0,0,0,0
2026-07-14 00:00:00,Chuk 3 CP Meal Plates With Cutlery  10 pcs,Disposable plates & bowl - July,chuk,cleaning-household>party-festive-needs>disposable-cups-plates,40359934,217.76,263,827.98,7,7,1852,8.5,7,7,1852
2026-06-15 00:00:00,Chuk Serving Bowls/Dona  25 pcs,Disposable Bowl - June 26,chuk,cleaning-household>party-festive-needs>disposable-cups-plates,40197851,319.9,511,626.03,9,3,687,2.15,3,3,687
2026-06-29 00:00:00,Chuk Disposable Snack Plate - 18 cm  25 pcs,Plates - Campaign June 26,chuk,cleaning-household>party-festive-needs>disposable-cups-plates,40197854,712.15,1025,694.78,4,6,839,1.18,4,6,541
2026-06-24 00:00:00,Chuk Disposable Snack Plate - 26 cm  25 pcs,Plates - Campaign June 26,chuk,cleaning-household>party-festive-needs>disposable-cups-plates,40220813,826.33,1112,743.1,18,11,1694,2.05,10,11,1375
2026-07-01 00:00:00,Chuk Disposable Snack Plate - 18 cm  25 pcs,Plates - Campaign June 26,chuk,cleaning-household>party-festive-needs>disposable-cups-plates,40197854,472.19,581,812.72,6,3,576,1.22,2,3,278
2026-07-01 00:00:00,Chuk Disposable Snack Plate - 26 cm  25 pcs,Plates - Campaign June 26,chuk,cleaning-household>party-festive-needs>disposable-cups-plates,40220813,512.64,605,847.34,6,3,563,1.1,2,3,244
2026-06-13 00:00:00,Chuk Serving Bowls/Dona  25 pcs,Discovery Partial June 26,chuk,cleaning-household>party-festive-needs>disposable-cups-plates,40197851,283.5,305,929.51,6,3,396,1.4,0,3,0
2026-06-16 00:00:00,Chuk Serving Bowls/Dona  25 pcs,Disposable Bowl - June 26,chuk,cleaning-household>party-festive-needs>disposable-cups-plates,40197851,0,0,0,0,0,0,0,0,0,0
2026-06-19 00:00:00,Chuk Disposable Bowl  360 ml (Set of 25),Discovery Partial June 26,chuk,cleaning-household>party-festive-needs>disposable-cups-plates,40359935,515.64,400,1289.1,4,3,507,0.98,0,3,0
2026-07-07 00:00:00,Chuk 3 CP Meal Plates With Cutlery  10 pcs,Disposable plates & bowl - July,chuk,cleaning-household>party-festive-needs>disposable-cups-plates,40359934,460.12,534,861.65,13,9,2551,5.54,7,9,2273
2026-06-21 00:00:00,Chuk Disposable Bowl  360 ml (Set of 25),Discovery Partial June 26,chuk,cleaning-household>party-festive-needs>disposable-cups-plates,40359935,492.3,374,1316.31,7,9,2730,5.55,4,9,1716
2026-07-10 00:00:00,Chuk Disposable Snack Plate - 26 cm  25 pcs,Disposable plates & bowl - July,chuk,cleaning-household>party-festive-needs>disposable-cups-plates,40220813,959.92,1184,810.74,66,47,12774,13.31,31,47,7351
2026-06-20 00:00:00,Chuk Disposable Meal Plate - 4 Compartment  25 pcs,Plates - Campaign June 26,chuk,cleaning-household>party-festive-needs>disposable-cups-plates,40197860,237.46,374,634.92,0,3,1735,7.31,2,3,737
2026-07-26 00:00:00,Chuk Disposable Plate With Cutlery - 228.6 mm  10 pcs,Disposable plates & bowl - July,chuk,cleaning-household>party-festive-needs>disposable-cups-plates,40359936,685.62,765,896.24,0,11,1899,2.77,1,11,89
2026-06-17 00:00:00,Chuk Disposable Bowl - 120 ml  25 pcs,Discovery Partial June 26,chuk,cleaning-household>party-festive-needs>disposable-cups-plates,40197850,635.74,522,1217.89,15,8,861,1.35,1,8,238
2026-06-17 00:00:00,Chuk 3 CP Meal Plate  25 pcs,Discovery Partial June 26,chuk,cleaning-household>party-festive-needs>disposable-cups-plates,40197858,447.11,460,971.98,11,7,1473,3.29,4,7,516
2026-07-22 00:00:00,Chuk 3 CP Meal Plates With Cutlery  10 pcs,Disposable plates & bowl - July,chuk,cleaning-household>party-festive-needs>disposable-cups-plates,40359934,742.2,809,917.43,21,9,1151,1.55,4,9,456
2026-06-07 00:00:00,Chuk Disposable Bowl - 250 ml  25 pcs,Disposable Bowl - June 26,chuk,cleaning-household>party-festive-needs>disposable-cups-plates,40197852,2.4,4,600,0,0,0,0,0,0,0
2026-05-02 00:00:00,Chuk Disposable Snack Plate - 18 cm  25 pcs,Plates - Campaign June 26,chuk,cleaning-household>party-festive-needs>disposable-cups-plates,40197854,1197.2,1274,939.72,36,26,5213,4.35,11,26,2084
2026-05-28 00:00:00,Chuk Serving Bowls/Dona  25 pcs,Disposable Bowl - June 26,chuk,cleaning-household>party-festive-needs>disposable-cups-plates,40197851,975.6,1617,603.34,0,14,2920,2.99,8,14,2330
2026-05-31 00:00:00,Chuk Disposable Plate With Cutlery - 228.6 mm  10 pcs,Disposable plates & bowl - July,chuk,cleaning-household>party-festive-needs>disposable-cups-plates,40359936,1682.15,1992,844.45,0,23,4047,2.41,9,23,1621
2026-05-22 00:00:00,Chuk 3 CP Meal Plates With Cutlery  10 pcs,Disposable plates & bowl - July,chuk,cleaning-household>party-festive-needs>disposable-cups-plates,40359934,380.89,566,672.95,0,6,1004,2.64,3,6,587
2026-05-22 00:00:00,Chuk Disposable Plate With Cutlery - 228.6 mm  10 pcs,Disposable plates & bowl - July,chuk,cleaning-household>party-festive-needs>disposable-cups-plates,40359936,457.87,565,810.39,0,6,944,2.06,2,6,268
2026-05-29 00:00:00,Chuk Disposable Plate With Cutlery - 228.6 mm  10 pcs,Disposable plates & bowl - July,chuk,cleaning-household>party-festive-needs>disposable-cups-plates,40359936,1327.59,1667,796.39,1,23,4832,3.64,12,23,3063
2026-05-30 00:00:00,Chuk Serving Bowls/Dona  25 pcs,Disposable Bowl - June 26,chuk,cleaning-household>party-festive-needs>disposable-cups-plates,40197851,756.2,1250,604.96,0,28,5552,7.34,18,28,4562
2026-05-30 00:00:00,Chuk 3 CP Meal Plates With Cutlery  10 pcs,Disposable plates & bowl - July,chuk,cleaning-household>party-festive-needs>disposable-cups-plates,40359934,217.08,258,841.4,0,6,989,4.56,4,6,711
2026-06-11 00:00:00,Chuk Disposable Plate With Cutlery - 228.6 mm  10 pcs,Disposable plates & bowl - July,chuk,cleaning-household>party-festive-needs>disposable-cups-plates,40359936,0,0,0,0,0,0,0,0,0,0
2026-05-25 00:00:00,Chuk Disposable Plate With Cutlery - 228.6 mm  10 pcs,Disposable plates & bowl - July,chuk,cleaning-household>party-festive-needs>disposable-cups-plates,40359936,250.4,323,775.22,0,2,488,1.95,2,2,488
2026-05-25 00:00:00,Chuk Disposable Snack Plate - 15 cm  25 pcs,Disposable Plate - Smart Bid,chuk,cleaning-household>party-festive-needs>disposable-cups-plates,40220812,0,0,0,0,0,0,0,0,0,0
2026-05-25 00:00:00,Chuk Disposable Snack Plate - 18 cm  25 pcs,Plates - Campaign June 26,chuk,cleaning-household>party-festive-needs>disposable-cups-plates,40197854,0,0,0,0,0,0,0,0,0,0
2026-06-04 00:00:00,Chuk 3 CP Meal Plates With Cutlery  10 pcs,Disposable plates & bowl - July,chuk,cleaning-household>party-festive-needs>disposable-cups-plates,40359934,0,0,0,0,0,0,0,0,0,0
2026-05-27 00:00:00,Chuk Disposable Bowl  360 ml (Set of 25),Disposable Bowl - June 26,chuk,cleaning-household>party-festive-needs>disposable-cups-plates,40359935,705,574,1228.22,0,13,3967,5.63,3,13,2277
2026-06-01 00:00:00,Chuk Disposable Bowl - 120 ml  25 pcs,Disposable Bowl - June 26,chuk,cleaning-household>party-festive-needs>disposable-cups-plates,40197850,1.2,1,1200,0,0,0,0,0,0,0
2026-06-14 00:00:00,Chuk Serving Bowls/Dona  25 pcs,Disposable Bowl - June 26,chuk,cleaning-household>party-festive-needs>disposable-cups-plates,40197851,545.3,886,615.46,8,6,764,1.4,2,6,368
2026-07-02 00:00:00,Chuk 3 CP Meal Plate  25 pcs,Plates - Campaign June 26,chuk,cleaning-household>party-festive-needs>disposable-cups-plates,40197858,0,0,0,0,0,0,0,0,0,0
2026-07-04 00:00:00,Chuk Disposable Plate With Cutlery - 228.6 mm  10 pcs,Disposable plates & bowl - July,chuk,cleaning-household>party-festive-needs>disposable-cups-plates,40359936,293.84,337,871.93,0,5,844,2.87,4,5,645
2026-07-04 00:00:00,Chuk Disposable 4 Compartment Meal Plate With Cutlery  10 pcs,Disposable plates & bowl - July,chuk,cleaning-household>party-festive-needs>disposable-cups-plates,40349409,811.61,972,834.99,3,21,7526,9.27,18,21,6730
2026-06-25 00:00:00,Chuk Disposable Bowl  360 ml (Set of 25),Disposable Bowl - June 26,chuk,cleaning-household>party-festive-needs>disposable-cups-plates,40359935,0,0,0,0,0,0,0,0,0,0
2026-06-13 00:00:00,Chuk Disposable Bowl - 120 ml  25 pcs,Disposable Bowl - June 26,chuk,cleaning-household>party-festive-needs>disposable-cups-plates,40197850,1058.62,1153,918.14,26,24,3084,2.91,6,24,1304
2026-06-13 00:00:00,"Chuk Disposable Meal Plate, 23 cm  25 pcs",Discovery Partial June 26,chuk,cleaning-household>party-festive-needs>disposable-cups-plates,40197856,0,0,0,0,0,0,0,0,0,0
2026-07-18 00:00:00,Chuk Disposable Snack Plate - 26 cm  25 pcs,Disposable plates & bowl - July,chuk,cleaning-household>party-festive-needs>disposable-cups-plates,40220813,1104.15,1406,785.31,77,44,11155,10.1,29,44,6051
2026-07-19 00:00:00,Chuk 3 CP Meal Plates With Cutlery  10 pcs,Disposable plates & bowl - July,chuk,cleaning-household>party-festive-needs>disposable-cups-plates,40359934,817.84,892,916.86,40,8,1322,1.62,3,8,627
2026-07-17 00:00:00,Chuk 3 CP Meal Plates With Cutlery  10 pcs,Disposable plates & bowl - July,chuk,cleaning-household>party-festive-needs>disposable-cups-plates,40359934,639.93,720,888.79,37,15,3280,5.13,10,15,2585
2026-06-19 00:00:00,Chuk Disposable Bowl - 120 ml  25 pcs,Discovery Partial June 26,chuk,cleaning-household>party-festive-needs>disposable-cups-plates,40197850,686.9,553,1242.13,16,17,2433,3.54,6,17,1454
2026-05-12 00:00:00,Chuk Disposable Meal Plate - 5 Compartment  25 pcs,Plates - Campaign June 26,chuk,cleaning-household>party-festive-needs>disposable-cups-plates,40197861,0,0,0,0,0,0,0,0,0,0
2026-07-07 00:00:00,Chuk Disposable 4 Compartment Meal Plate With Cutlery  10 pcs,Disposable plates & bowl - July,chuk,cleaning-household>party-festive-needs>disposable-cups-plates,40349409,503.62,575,875.86,13,5,1165,2.31,3,5,767
2026-07-15 00:00:00,Chuk Disposable Snack Plate - 26 cm  25 pcs,Disposable plates & bowl - July,chuk,cleaning-household>party-festive-needs>disposable-cups-plates,40220813,1092.19,1432,762.7,67,40,10644,9.75,21,40,4264
2026-06-21 00:00:00,Chuk Disposable Meal Plate - 4 Compartment  25 pcs,Discovery Partial June 26,chuk,cleaning-household>party-festive-needs>disposable-cups-plates,40197860,98.01,102,960.88,0,0,0,0,0,0,0
2026-06-21 00:00:00,Chuk Disposable Bowl  360 ml (Set of 25),Disposable Bowl - June 26,chuk,cleaning-household>party-festive-needs>disposable-cups-plates,40359935,0,0,0,0,0,0,0,0,0,0
2026-07-03 00:00:00,Chuk Disposable Bowl - 120 ml  25 pcs,Discovery Partial June 26,chuk,cleaning-household>party-festive-needs>disposable-cups-plates,40197850,0,0,0,0,0,0,0,0,0,0
2026-05-26 00:00:00,Chuk Serving Bowls/Dona  25 pcs,Disposable Bowl - June 26,chuk,cleaning-household>party-festive-needs>disposable-cups-plates,40197851,783.6,1297,604.16,0,7,709,0.9,2,7,214
2026-07-25 00:00:00,Chuk 3 CP Meal Plates With Cutlery  10 pcs,Disposable plates & bowl - July,chuk,cleaning-household>party-festive-needs>disposable-cups-plates,40359934,974.55,1137,857.12,43,30,4738,4.86,10,30,1680
2026-06-18 00:00:00,Chuk Disposable Meal Plate - 4 Compartment  25 pcs,Discovery Partial June 26,chuk,cleaning-household>party-festive-needs>disposable-cups-plates,40197860,84.62,92,919.78,0,0,0,0,0,0,0
2026-06-18 00:00:00,Chuk Disposable Meal Plate - 4 Compartment  25 pcs,Plates - Campaign June 26,chuk,cleaning-household>party-festive-needs>disposable-cups-plates,40197860,147.71,234,631.24,0,5,1401,9.48,3,5,403
2026-06-18 00:00:00,Chuk Serving Bowls/Dona  25 pcs,Disposable Bowl - June 26,chuk,cleaning-household>party-festive-needs>disposable-cups-plates,40197851,0,0,0,0,0,0,0,0,0,0
2026-06-17 00:00:00,Chuk Disposable Snack Plate - 26 cm  25 pcs,Plates - Campaign June 26,chuk,cleaning-household>party-festive-needs>disposable-cups-plates,40220813,464.7,703,661.02,15,4,975,2.1,4,4,975
2026-06-17 00:00:00,Chuk Serving Bowls/Dona  25 pcs,Disposable Bowl - June 26,chuk,cleaning-household>party-festive-needs>disposable-cups-plates,40197851,0,0,0,0,0,0,0,0,0,0
2026-07-16 00:00:00,Chuk Disposable 4 Compartment Meal Plate With Cutlery  10 pcs,Disposable plates & bowl - July,chuk,cleaning-household>party-festive-needs>disposable-cups-plates,40349409,405.63,436,930.34,17,8,1740,4.29,6,8,1143
2026-06-09 00:00:00,Chuk Disposable Bowl - 250 ml  25 pcs,Disposable Bowl - June 26,chuk,cleaning-household>party-festive-needs>disposable-cups-plates,40197852,0,0,0,0,0,0,0,0,0,0
2026-06-07 00:00:00,Chuk 3 CP Meal Plates With Cutlery  10 pcs,Disposable plates & bowl - July,chuk,cleaning-household>party-festive-needs>disposable-cups-plates,40359934,0,0,0,0,0,0,0,0,0,0
2026-06-06 00:00:00,Chuk Disposable Bowl - 250 ml  25 pcs,Disposable Bowl - June 26,chuk,cleaning-household>party-festive-needs>disposable-cups-plates,40197852,7.68,4,1920,0,0,0,0,0,0,0
2026-05-06 00:00:00,Chuk Disposable Bowl - 120 ml  25 pcs,Disposable Bowl - June 26,chuk,cleaning-household>party-festive-needs>disposable-cups-plates,40197850,142.29,180,790.47,5,5,465,3.27,2,5,198
2026-05-22 00:00:00,Chuk Disposable Meal Plate - 5 Compartment  25 pcs,Disposable Plate - Smart Bid,chuk,cleaning-household>party-festive-needs>disposable-cups-plates,40197861,290.82,398,730.7,0,2,518,1.78,2,2,518
2026-05-30 00:00:00,Chuk Disposable Plate With Cutlery - 228.6 mm  10 pcs,Disposable plates & bowl - July,chuk,cleaning-household>party-festive-needs>disposable-cups-plates,40359936,184.18,211,872.89,2,6,1054,5.72,2,6,438
2026-06-11 00:00:00,Chuk Serving Bowls/Dona  25 pcs,Disposable Bowl - June 26,chuk,cleaning-household>party-festive-needs>disposable-cups-plates,40197851,539.6,879,613.88,0,8,1732,3.21,7,8,1633
2026-06-11 00:00:00,Chuk Disposable Snack Plate - 18 cm  25 pcs,Plates - Campaign June 26,chuk,cleaning-household>party-festive-needs>disposable-cups-plates,40197854,583.04,885,658.8,1,8,1511,2.59,1,8,319
2026-06-11 00:00:00,Chuk Disposable Bowl - 250 ml  25 pcs,Disposable Bowl - June 26,chuk,cleaning-household>party-festive-needs>disposable-cups-plates,40197852,0,0,0,0,0,0,0,0,0,0
2026-05-20 00:00:00,Chuk Disposable Bowl - 120 ml  25 pcs,Disposable Bowl - June 26,chuk,cleaning-household>party-festive-needs>disposable-cups-plates,40197850,858.09,907,946.07,0,25,5498,6.41,17,25,4608
2026-06-05 00:00:00,Chuk 3 CP Meal Plate  25 pcs,Plates - Campaign June 26,chuk,cleaning-household>party-festive-needs>disposable-cups-plates,40197858,57.2,91,628.57,2,2,517,9.04,1,2,198
2026-05-24 00:00:00,Chuk Disposable Snack Plate - 18 cm  25 pcs,Plates - Campaign June 26,chuk,cleaning-household>party-festive-needs>disposable-cups-plates,40197854,0,0,0,0,0,0,0,0,0,0
2026-05-10 00:00:00,Chuk Disposable Meal Plate - 5 Compartment  25 pcs,Plates - Campaign June 26,chuk,cleaning-household>party-festive-needs>disposable-cups-plates,40197861,0,0,0,0,0,0,0,0,0,0
2026-05-19 00:00:00,Chuk Disposable Meal Plate - 5 Compartment  25 pcs,Disposable Plate - Smart Bid,chuk,cleaning-household>party-festive-needs>disposable-cups-plates,40197861,121.18,162,748.04,0,0,0,0,0,0,0
2026-05-19 00:00:00,Chuk Sugarcane Bagasse Meal Plate  -8CP Meal Tray  10 pcs,Disposable Plate - Smart Bid,chuk,cleaning-household>party-festive-needs>disposable-cups-plates,40302635,0,0,0,0,0,0,0,0,0,0
2026-06-01 00:00:00,Chuk Disposable Snack Plate - 18 cm  25 pcs,Plates - Campaign June 26,chuk,cleaning-household>party-festive-needs>disposable-cups-plates,40197854,0,0,0,0,0,0,0,0,0,0
2026-06-14 00:00:00,Chuk Disposable Snack Plate - 18 cm  25 pcs,Discovery Partial June 26,chuk,cleaning-household>party-festive-needs>disposable-cups-plates,40197854,794.25,802,990.34,7,6,864,1.09,1,6,119
2026-06-27 00:00:00,Chuk Disposable Bowl - 120 ml  25 pcs,Disposable Bowl - June 26,chuk,cleaning-household>party-festive-needs>disposable-cups-plates,40197850,0,0,0,0,0,0,0,0,0,0
2026-06-15 00:00:00,Chuk Disposable Bowl  360 ml (Set of 25),Disposable Bowl - June 26,chuk,cleaning-household>party-festive-needs>disposable-cups-plates,40359935,498.48,515,967.92,9,8,1382,2.77,1,8,199
2026-07-08 00:00:00,Chuk Disposable Snack Plate - 26 cm  25 pcs,Disposable plates & bowl - July,chuk,cleaning-household>party-festive-needs>disposable-cups-plates,40220813,1017.55,1271,800.59,84,39,10475,10.29,23,39,5052
2026-06-13 00:00:00,Chuk Disposable Meal Plate - 4 Compartment  25 pcs,Plates - Campaign June 26,chuk,cleaning-household>party-festive-needs>disposable-cups-plates,40197860,313.78,413,759.76,0,0,0,0,0,0,0
2026-07-06 00:00:00,Chuk Disposable Plate With Cutlery - 228.6 mm  10 pcs,Disposable plates & bowl - July,chuk,cleaning-household>party-festive-needs>disposable-cups-plates,40359936,320.71,358,895.84,4,3,486,1.52,3,3,486
2026-07-06 00:00:00,Chuk Disposable Bowl - 120 ml  25 pcs,Discovery Partial June 26,chuk,cleaning-household>party-festive-needs>disposable-cups-plates,40197850,0,0,0,0,0,0,0,0,0,0
2026-06-23 00:00:00,Chuk Disposable Snack Plate - 26 cm  25 pcs,Plates - Campaign June 26,chuk,cleaning-household>party-festive-needs>disposable-cups-plates,40220813,834.32,1193,699.35,22,16,2973,3.56,14,16,2335
2026-06-16 00:00:00,Chuk Disposable Bowl  360 ml (Set of 25),Disposable Bowl - June 26,chuk,cleaning-household>party-festive-needs>disposable-cups-plates,40359935,0,0,0,0,0,0,0,0,0,0
2026-07-17 00:00:00,Chuk Disposable Bowl  360 ml (Set of 25),Disposable plates & bowl - July,chuk,cleaning-household>party-festive-needs>disposable-cups-plates,40359935,359.2,168,2138.1,31,22,4087,11.38,15,22,2904
2026-07-13 00:00:00,Chuk Disposable 4 Compartment Meal Plate With Cutlery  10 pcs,Disposable plates & bowl - July,chuk,cleaning-household>party-festive-needs>disposable-cups-plates,40349409,396.7,441,899.55,15,8,1782,4.49,4,8,986
2026-07-15 00:00:00,Chuk 3 CP Meal Plates With Cutlery  10 pcs,Disposable plates & bowl - July,chuk,cleaning-household>party-festive-needs>disposable-cups-plates,40359934,462.18,553,835.77,20,21,3708,8.02,15,21,2874
2026-07-05 00:00:00,Chuk 3 CP Meal Plates With Cutlery  10 pcs,Disposable plates & bowl - July,chuk,cleaning-household>party-festive-needs>disposable-cups-plates,40359934,549.83,590,931.92,12,12,2577,4.69,8,12,2021
2026-06-21 00:00:00,Chuk 3 CP Meal Plate  25 pcs,Plates - Campaign June 26,chuk,cleaning-household>party-festive-needs>disposable-cups-plates,40197858,447,675,662.22,15,8,1802,4.03,6,8,1164
2026-05-26 00:00:00,Chuk Disposable Bowl - 120 ml  25 pcs,Disposable Bowl - June 26,chuk,cleaning-household>party-festive-needs>disposable-cups-plates,40197850,1287.22,1544,833.69,0,24,3965,3.08,9,24,2541
2026-05-26 00:00:00,Chuk Disposable Snack Plate - 26 cm  25 pcs,Disposable plates & bowl - July,chuk,cleaning-household>party-festive-needs>disposable-cups-plates,40220813,774.93,973,796.43,0,9,2211,2.85,6,9,1254
2026-05-03 00:00:00,Chuk Disposable Snack Plate - 15 cm  25 pcs,Plates - Campaign June 26,chuk,cleaning-household>party-festive-needs>disposable-cups-plates,40220812,1094.24,1149,952.34,24,22,3118,2.85,10,22,1690
2026-06-18 00:00:00,Chuk Disposable Plate With Cutlery - 228.6 mm  10 pcs,Disposable plates & bowl - July,chuk,cleaning-household>party-festive-needs>disposable-cups-plates,40359936,0,0,0,0,0,0,0,0,0,0
2026-06-17 00:00:00,Chuk Disposable Bowl  360 ml (Set of 25),Discovery Partial June 26,chuk,cleaning-household>party-festive-needs>disposable-cups-plates,40359935,545.18,427,1276.77,6,2,278,0.51,1,2,109
2026-06-09 00:00:00,Chuk Disposable Bowl  360 ml (Set of 25),Disposable Bowl - June 26,chuk,cleaning-household>party-festive-needs>disposable-cups-plates,40359935,906.76,1071,846.65,11,13,2772,3.06,7,13,1758
2026-06-07 00:00:00,Chuk Disposable Snack Plate - 26 cm  25 pcs,Disposable plates & bowl - July,chuk,cleaning-household>party-festive-needs>disposable-cups-plates,40220813,0,0,0,0,0,0,0,0,0,0
2026-06-06 00:00:00,Chuk Disposable Snack Plate - 18 cm  25 pcs,Plates - Campaign June 26,chuk,cleaning-household>party-festive-needs>disposable-cups-plates,40197854,1142.21,1582,722,0,24,4799,4.2,16,24,3607
2026-05-28 00:00:00,Chuk Disposable 4 Compartment Meal Plate With Cutlery  10 pcs,Disposable plates & bowl - July,chuk,cleaning-household>party-festive-needs>disposable-cups-plates,40349409,2058.66,2628,783.36,0,21,4368,2.12,11,21,2378
2026-05-31 00:00:00,Chuk 3 CP Meal Plates With Cutlery  10 pcs,Disposable plates & bowl - July,chuk,cleaning-household>party-festive-needs>disposable-cups-plates,40359934,2603.51,3254,800.1,1,45,10169,3.91,26,45,7528
2026-05-22 00:00:00,Chuk Disposable Meal Plate - 4 Compartment  25 pcs,Disposable Plate - Smart Bid,chuk,cleaning-household>party-festive-needs>disposable-cups-plates,40197860,18.48,24,770,0,0,0,0,0,0,0
2026-05-22 00:00:00,Chuk Sugarcane Bagasse Meal Plate  -8CP Meal Tray  10 pcs,Disposable Plate - Smart Bid,chuk,cleaning-household>party-festive-needs>disposable-cups-plates,40302635,0,0,0,0,0,0,0,0,0,0
2026-05-11 00:00:00,Chuk Disposable Snack Plate - 18 cm  25 pcs,Plates - Campaign June 26,chuk,cleaning-household>party-festive-needs>disposable-cups-plates,40197854,0,0,0,0,0,0,0,0,0,0
2026-05-21 00:00:00,Chuk 3 CP Meal Plate  25 pcs,Disposable Plate - Smart Bid,chuk,cleaning-household>party-festive-needs>disposable-cups-plates,40197858,347.73,454,765.93,0,6,1464,4.21,2,6,188
2026-05-20 00:00:00,Chuk Disposable Snack Plate - 13 cm  25 pcs,Disposable Plate - Smart Bid,chuk,cleaning-household>party-festive-needs>disposable-cups-plates,40197853,0,0,0,0,0,0,0,0,0,0
2026-06-05 00:00:00,Chuk Disposable Bowl  360 ml (Set of 25),Disposable Bowl - June 26,chuk,cleaning-household>party-festive-needs>disposable-cups-plates,40359935,501.08,481,1041.75,1,6,1094,2.18,3,6,587
2026-06-05 00:00:00,Chuk Disposable Meal Plate - 4 Compartment  25 pcs,Plates - Campaign June 26,chuk,cleaning-household>party-festive-needs>disposable-cups-plates,40197860,47.23,72,655.97,0,1,499,10.57,0,1,0
2026-06-05 00:00:00,"Chuk Disposable Meal Plate, 23 cm  25 pcs",Plates - Campaign June 26,chuk,cleaning-household>party-festive-needs>disposable-cups-plates,40197856,0,0,0,0,0,0,0,0,0,0
2026-05-24 00:00:00,Chuk Disposable Bowl - 250 ml  25 pcs,Disposable Bowl - June 26,chuk,cleaning-household>party-festive-needs>disposable-cups-plates,40197852,3.44,4,860,0,1,119,34.59,0,1,0
2026-05-25 00:00:00,Chuk Disposable 4 Compartment Meal Plate With Cutlery  10 pcs,Disposable plates & bowl - July,chuk,cleaning-household>party-festive-needs>disposable-cups-plates,40349409,311.48,406,767.19,0,1,199,0.64,0,1,0
2026-06-12 00:00:00,Chuk Disposable Bowl - 250 ml  25 pcs,Disposable Bowl - June 26,chuk,cleaning-household>party-festive-needs>disposable-cups-plates,40197852,0,0,0,0,0,0,0,0,0,0
2026-06-08 00:00:00,Chuk Disposable Bowl - 250 ml  25 pcs,Disposable Bowl - June 26,chuk,cleaning-household>party-festive-needs>disposable-cups-plates,40197852,1.2,2,600,0,0,0,0,0,0,0
2026-06-04 00:00:00,Chuk Disposable Snack Plate - 26 cm  25 pcs,Disposable plates & bowl - July,chuk,cleaning-household>party-festive-needs>disposable-cups-plates,40220813,0,0,0,0,0,0,0,0,0,0
2026-05-19 00:00:00,Chuk Disposable Snack Plate - 18 cm  25 pcs,Disposable Plate - Smart Bid,chuk,cleaning-household>party-festive-needs>disposable-cups-plates,40197854,87.78,112,783.77,0,0,0,0,0,0,0
2026-06-27 00:00:00,Chuk Disposable Meal Plate - 4 Compartment  25 pcs,Plates - Campaign June 26,chuk,cleaning-household>party-festive-needs>disposable-cups-plates,40197860,160.84,220,731.09,2,1,119,0.74,1,1,119
2026-06-15 00:00:00,Chuk Disposable Bowl - 120 ml  25 pcs,Discovery Partial June 26,chuk,cleaning-household>party-festive-needs>disposable-cups-plates,40197850,379.7,312,1216.99,13,7,873,2.3,2,7,428
2026-06-29 00:00:00,Chuk Disposable Bowl - 120 ml  25 pcs,Discovery Partial June 26,chuk,cleaning-household>party-festive-needs>disposable-cups-plates,40197850,0,0,0,0,0,0,0,0,0,0
2026-06-24 00:00:00,Chuk Disposable Snack Plate - 18 cm  25 pcs,Plates - Campaign June 26,chuk,cleaning-household>party-festive-needs>disposable-cups-plates,40197854,875.41,1229,712.3,35,20,3445,3.94,12,20,2253
2026-06-25 00:00:00,Chuk 3 CP Meal Plate  25 pcs,Plates - Campaign June 26,chuk,cleaning-household>party-festive-needs>disposable-cups-plates,40197858,78.1,113,691.15,2,4,846,10.83,2,4,208
2026-07-18 00:00:00,Chuk Disposable 4 Compartment Meal Plate With Cutlery  10 pcs,Disposable plates & bowl - July,chuk,cleaning-household>party-festive-needs>disposable-cups-plates,40349409,522.7,552,946.92,28,15,2595,4.96,12,15,1998
2026-07-18 00:00:00,Chuk Disposable Bowl  360 ml (Set of 25),Disposable plates & bowl - July,chuk,cleaning-household>party-festive-needs>disposable-cups-plates,40359935,430.12,192,2240.21,18,22,3672,8.54,13,22,2151
2026-06-23 00:00:00,Chuk 3 CP Meal Plate  25 pcs,Plates - Campaign June 26,chuk,cleaning-household>party-festive-needs>disposable-cups-plates,40197858,453.61,703,645.25,21,15,4338,9.56,11,15,2424
2026-06-16 00:00:00,Chuk 3 CP Meal Plate  25 pcs,Plates - Campaign June 26,chuk,cleaning-household>party-festive-needs>disposable-cups-plates,40197858,331.77,517,641.72,8,6,1520,4.58,2,6,244
2026-06-16 00:00:00,Chuk Disposable Bowl - 120 ml  25 pcs,Discovery Partial June 26,chuk,cleaning-household>party-festive-needs>disposable-cups-plates,40197850,604.52,522,1158.08,10,13,1477,2.44,3,13,587
2026-06-19 00:00:00,Chuk Disposable Bowl - 120 ml  25 pcs,Disposable Bowl - June 26,chuk,cleaning-household>party-festive-needs>disposable-cups-plates,40197850,0,0,0,0,0,0,0,0,0,0
2026-06-19 00:00:00,Chuk Disposable Snack Plate - 26 cm  25 pcs,Plates - Campaign June 26,chuk,cleaning-household>party-festive-needs>disposable-cups-plates,40220813,883.27,1207,731.79,26,10,2270,2.57,7,10,1313
2026-06-28 00:00:00,Chuk Disposable Snack Plate - 18 cm  25 pcs,Plates - Campaign June 26,chuk,cleaning-household>party-festive-needs>disposable-cups-plates,40197854,662.39,904,732.73,18,19,3076,4.64,9,19,1586
2026-06-28 00:00:00,Chuk Serving Bowls/Dona  25 pcs,Disposable Bowl - June 26,chuk,cleaning-household>party-festive-needs>disposable-cups-plates,40197851,0,0,0,0,0,0,0,0,0,0
2026-07-05 00:00:00,Chuk Disposable Bowl  360 ml (Set of 25),Disposable Bowl - June 26,chuk,cleaning-household>party-festive-needs>disposable-cups-plates,40359935,0,0,0,0,0,0,0,0,0,0
2026-06-21 00:00:00,Chuk Disposable Snack Plate - 26 cm  25 pcs,Plates - Campaign June 26,chuk,cleaning-household>party-festive-needs>disposable-cups-plates,40220813,883.45,1237,714.19,13,19,3173,3.59,17,19,2535
2026-07-20 00:00:00,Chuk 3 CP Meal Plates With Cutlery  10 pcs,Disposable plates & bowl - July,chuk,cleaning-household>party-festive-needs>disposable-cups-plates,40359934,891.35,999,892.24,66,11,3643,4.09,5,11,2392
2026-05-26 00:00:00,Chuk 3 CP Meal Plates With Cutlery  10 pcs,Disposable plates & bowl - July,chuk,cleaning-household>party-festive-needs>disposable-cups-plates,40359934,680.85,814,836.43,0,27,6818,10.01,20,27,5845
2026-06-20 00:00:00,Chuk 3 CP Meal Plate  25 pcs,Plates - Campaign June 26,chuk,cleaning-household>party-festive-needs>disposable-cups-plates,40197858,448.53,675,664.49,0,7,1813,4.04,2,7,218
2026-05-03 00:00:00,Chuk Disposable Meal Plate - 5 Compartment  25 pcs,Plates - Campaign June 26,chuk,cleaning-household>party-festive-needs>disposable-cups-plates,40197861,1021.56,1128,905.64,13,11,3278,3.21,9,11,1481
2026-06-18 00:00:00,Chuk Disposable Snack Plate - 15 cm  25 pcs,Disposable Plate - Smart Bid,chuk,cleaning-household>party-festive-needs>disposable-cups-plates,40220812,0,0,0,0,0,0,0,0,0,0
2026-06-17 00:00:00,Chuk Disposable Meal Plate - 4 Compartment  25 pcs,Discovery Partial June 26,chuk,cleaning-household>party-festive-needs>disposable-cups-plates,40197860,107.42,113,950.62,0,0,0,0,0,0,0
2026-06-17 00:00:00,Chuk Disposable Plate With Cutlery - 228.6 mm  10 pcs,Disposable plates & bowl - July,chuk,cleaning-household>party-festive-needs>disposable-cups-plates,40359936,0,0,0,0,0,0,0,0,0,0
2026-06-22 00:00:00,Chuk Disposable Meal Plate - 4 Compartment  25 pcs,Plates - Campaign June 26,chuk,cleaning-household>party-festive-needs>disposable-cups-plates,40197860,242.47,385,629.79,3,5,1275,5.26,4,5,776
2026-05-28 00:00:00,Chuk 3 CP Meal Plates With Cutlery  10 pcs,Disposable plates & bowl - July,chuk,cleaning-household>party-festive-needs>disposable-cups-plates,40359934,1118.32,1350,828.39,0,23,4017,3.59,13,23,2627
2026-05-06 00:00:00,Chuk Disposable Snack Plate - 18 cm  25 pcs,Plates - Campaign June 26,chuk,cleaning-household>party-festive-needs>disposable-cups-plates,40197854,136.67,193,708.13,2,1,319,2.33,1,1,319
2026-07-11 00:00:00,Chuk Disposable Snack Plate - 26 cm  25 pcs,Disposable plates & bowl - July,chuk,cleaning-household>party-festive-needs>disposable-cups-plates,40220813,1070.54,1334,802.5,101,47,12621,11.79,32,47,7517
2026-06-26 00:00:00,Chuk Disposable Snack Plate - 18 cm  25 pcs,Plates - Campaign June 26,chuk,cleaning-household>party-festive-needs>disposable-cups-plates,40197854,676.29,910,743.18,0,18,3519,5.2,16,18,3072
2026-05-29 00:00:00,Chuk Disposable 4 Compartment Meal Plate With Cutlery  10 pcs,Disposable plates & bowl - July,chuk,cleaning-household>party-festive-needs>disposable-cups-plates,40349409,1782.72,2317,769.41,0,15,3404,1.91,8,15,1812
2026-05-21 00:00:00,Chuk Disposable Snack Plate - 18 cm  25 pcs,Plates - Campaign June 26,chuk,cleaning-household>party-festive-needs>disposable-cups-plates,40197854,0,0,0,0,0,0,0,0,0,0
2026-06-05 00:00:00,Chuk Disposable Plate With Cutlery - 228.6 mm  10 pcs,Disposable plates & bowl - July,chuk,cleaning-household>party-festive-needs>disposable-cups-plates,40359936,0,0,0,0,0,0,0,0,0,0
2026-05-24 00:00:00,Chuk Disposable Bowl - 120 ml  25 pcs,Disposable Bowl - June 26,chuk,cleaning-household>party-festive-needs>disposable-cups-plates,40197850,1299.32,1544,841.53,0,35,4795,3.69,12,35,2570
2026-06-12 00:00:00,Chuk Disposable Bowl - 120 ml  25 pcs,Discovery Partial June 26,chuk,cleaning-household>party-festive-needs>disposable-cups-plates,40197850,403.96,354,1141.13,13,5,887,2.2,3,5,531
2026-06-12 00:00:00,Chuk Disposable Bowl  360 ml (Set of 25),Disposable Bowl - June 26,chuk,cleaning-household>party-festive-needs>disposable-cups-plates,40359935,907.72,836,1085.79,10,17,3410,3.76,10,17,1889
2026-06-12 00:00:00,Chuk Disposable Snack Plate - 26 cm  25 pcs,Plates - Campaign June 26,chuk,cleaning-household>party-festive-needs>disposable-cups-plates,40220813,265.92,384,692.5,3,3,616,2.32,2,3,297
2026-05-10 00:00:00,Chuk Disposable Bowl - 120 ml  25 pcs,Disposable Bowl - June 26,chuk,cleaning-household>party-festive-needs>disposable-cups-plates,40197850,0,0,0,0,0,0,0,0,0,0
2026-06-08 00:00:00,Chuk Serving Bowls/Dona  25 pcs,Disposable Bowl - June 26,chuk,cleaning-household>party-festive-needs>disposable-cups-plates,40197851,518.9,854,607.61,18,14,2375,4.58,9,14,1880
2026-05-01 00:00:00,Chuk Disposable Meal Plate - 5 Compartment  25 pcs,Plates - Campaign June 26,chuk,cleaning-household>party-festive-needs>disposable-cups-plates,40197861,1014.34,1159,875.19,17,17,4963,4.89,15,17,3765
2026-06-14 00:00:00,Chuk Disposable Snack Plate - 18 cm  25 pcs,Plates - Campaign June 26,chuk,cleaning-household>party-festive-needs>disposable-cups-plates,40197854,865.81,1198,722.71,13,8,1520,1.76,4,8,775
2026-06-15 00:00:00,Chuk Serving Bowls/Dona  25 pcs,Discovery Partial June 26,chuk,cleaning-household>party-festive-needs>disposable-cups-plates,40197851,6.3,7,900,0,0,0,0,0,0,0
2026-06-29 00:00:00,Chuk Disposable Bowl  360 ml (Set of 25),Disposable Bowl - June 26,chuk,cleaning-household>party-festive-needs>disposable-cups-plates,40359935,0,0,0,0,0,0,0,0,0,0
2026-06-13 00:00:00,Chuk Disposable Snack Plate - 18 cm  25 pcs,Plates - Campaign June 26,chuk,cleaning-household>party-festive-needs>disposable-cups-plates,40197854,833.31,1094,761.71,7,5,705,0.85,1,5,109
2026-06-19 00:00:00,Chuk Disposable Meal Plate - 4 Compartment  25 pcs,Discovery Partial June 26,chuk,cleaning-household>party-festive-needs>disposable-cups-plates,40197860,86.05,93,925.27,0,1,199,2.31,1,1,199
2026-07-21 00:00:00,Chuk Serving Bowls/Dona  25 pcs,Disposable plates & bowl - July,chuk,cleaning-household>party-festive-needs>disposable-cups-plates,40197851,15,25,600,0,0,0,0,0,0,0
2026-07-10 00:00:00,Chuk 3 CP Meal Plates With Cutlery  10 pcs,Disposable plates & bowl - July,chuk,cleaning-household>party-festive-needs>disposable-cups-plates,40359934,606.67,683,888.24,31,11,2307,3.8,8,11,1890
2026-06-20 00:00:00,Chuk Disposable Snack Plate - 18 cm  25 pcs,Plates - Campaign June 26,chuk,cleaning-household>party-festive-needs>disposable-cups-plates,40197854,828.87,1189,697.12,0,21,5248,6.33,13,21,4056
2026-06-18 00:00:00,Chuk Disposable Snack Plate - 18 cm  25 pcs,Plates - Campaign June 26,chuk,cleaning-household>party-festive-needs>disposable-cups-plates,40197854,539.35,846,637.53,0,7,1441,2.67,6,7,1292
2026-05-05 00:00:00,Chuk Disposable Snack Plate - 15 cm  25 pcs,Plates - Campaign June 26,chuk,cleaning-household>party-festive-needs>disposable-cups-plates,40220812,633.19,855,740.57,18,17,2662,4.2,9,17,1591
2026-06-07 00:00:00,Chuk Disposable Bowl  360 ml (Set of 25),Disposable Bowl - June 26,chuk,cleaning-household>party-festive-needs>disposable-cups-plates,40359935,912.4,1025,890.15,0,17,3241,3.55,10,17,1889
2026-06-07 00:00:00,Chuk Disposable Snack Plate - 18 cm  25 pcs,Plates - Campaign June 26,chuk,cleaning-household>party-festive-needs>disposable-cups-plates,40197854,945.3,1300,727.15,0,23,4376,4.63,15,23,3184
2026-05-15 00:00:00,Chuk Disposable Snack Plate - 15 cm  25 pcs,Plates - Campaign June 26,chuk,cleaning-household>party-festive-needs>disposable-cups-plates,40220812,0,0,0,0,0,0,0,0,0,0
2026-05-31 00:00:00,Chuk Disposable Bowl - 250 ml  25 pcs,Disposable Bowl - June 26,chuk,cleaning-household>party-festive-needs>disposable-cups-plates,40197852,2.32,3,773.33,0,0,0,0,0,0,0
2026-05-22 00:00:00,"Chuk Disposable Meal Plate, 23 cm  25 pcs",Disposable Plate - Smart Bid,chuk,cleaning-household>party-festive-needs>disposable-cups-plates,40197856,0,0,0,0,0,0,0,0,0,0
2026-05-21 00:00:00,Chuk Disposable Meal Plate - 5 Compartment  25 pcs,Disposable Plate - Smart Bid,chuk,cleaning-household>party-festive-needs>disposable-cups-plates,40197861,296.88,397,747.81,0,5,2535,8.54,1,5,139
2026-06-10 00:00:00,"Chuk Disposable Meal Plate, 23 cm  25 pcs",Plates - Campaign June 26,chuk,cleaning-household>party-festive-needs>disposable-cups-plates,40197856,0,0,0,0,0,0,0,0,0,0
2026-05-08 00:00:00,Chuk Disposable Snack Plate - 18 cm  25 pcs,Plates - Campaign June 26,chuk,cleaning-household>party-festive-needs>disposable-cups-plates,40197854,1.51,1,1510,0,0,0,0,0,0,0
2026-06-05 00:00:00,Chuk 3 CP Meal Plates With Cutlery  10 pcs,Disposable plates & bowl - July,chuk,cleaning-household>party-festive-needs>disposable-cups-plates,40359934,0,0,0,0,0,0,0,0,0,0
2026-05-27 00:00:00,Chuk Disposable Bowl - 250 ml  25 pcs,Disposable Bowl - June 26,chuk,cleaning-household>party-festive-needs>disposable-cups-plates,40197852,14.76,7,2108.57,0,0,0,0,0,0,0
2026-05-01 00:00:00,Chuk Disposable Bowl - 120 ml  25 pcs,Disposable Bowl - June 26,chuk,cleaning-household>party-festive-needs>disposable-cups-plates,40197850,1457.1,1598,911.83,78,54,9752,6.69,28,54,7260
2026-06-01 00:00:00,Chuk Disposable Plate With Cutlery - 228.6 mm  10 pcs,Disposable plates & bowl - July,chuk,cleaning-household>party-festive-needs>disposable-cups-plates,40359936,0,0,0,0,0,0,0,0,0,0
2026-07-14 00:00:00,Chuk Disposable 4 Compartment Meal Plate With Cutlery  10 pcs,Disposable plates & bowl - July,chuk,cleaning-household>party-festive-needs>disposable-cups-plates,40349409,184.08,202,911.29,8,2,488,2.65,2,2,488
2026-07-14 00:00:00,Chuk Disposable Snack Plate - 26 cm  25 pcs,Disposable plates & bowl - July,chuk,cleaning-household>party-festive-needs>disposable-cups-plates,40220813,736.42,979,752.22,48,32,8363,11.36,19,32,4216
2026-07-14 00:00:00,Chuk Disposable Plate With Cutlery - 228.6 mm  10 pcs,Disposable plates & bowl - July,chuk,cleaning-household>party-festive-needs>disposable-cups-plates,40359936,53.49,66,810.45,4,3,767,14.34,3,3,767
2026-06-15 00:00:00,Chuk 3 CP Meal Plate  25 pcs,Discovery Partial June 26,chuk,cleaning-household>party-festive-needs>disposable-cups-plates,40197858,792.76,800,990.95,25,13,3636,4.59,6,13,1084
2026-06-15 00:00:00,Chuk Disposable Snack Plate - 26 cm  25 pcs,Plates - Campaign June 26,chuk,cleaning-household>party-festive-needs>disposable-cups-plates,40220813,407.09,594,685.34,5,2,178,0.44,2,2,178
2026-06-15 00:00:00,Chuk Disposable Bowl  360 ml (Set of 25),Discovery Partial June 26,chuk,cleaning-household>party-festive-needs>disposable-cups-plates,40359935,279.12,220,1268.73,2,1,169,0.61,0,1,0
2026-07-04 00:00:00,Chuk 3 CP Meal Plates With Cutlery  10 pcs,Disposable plates & bowl - July,chuk,cleaning-household>party-festive-needs>disposable-cups-plates,40359934,570.53,639,892.85,1,13,3482,6.1,10,13,3065
2026-06-24 00:00:00,Chuk Disposable Meal Plate - 4 Compartment  25 pcs,Plates - Campaign June 26,chuk,cleaning-household>party-festive-needs>disposable-cups-plates,40197860,247.62,363,682.15,7,11,2218,8.96,10,11,1719
2026-07-06 00:00:00,Chuk Disposable 4 Compartment Meal Plate With Cutlery  10 pcs,Disposable plates & bowl - July,chuk,cleaning-household>party-festive-needs>disposable-cups-plates,40349409,652.59,710,919.14,12,4,1596,2.45,2,4,1198
2026-06-23 00:00:00,Chuk Disposable Bowl  360 ml (Set of 25),Disposable Bowl - June 26,chuk,cleaning-household>party-festive-needs>disposable-cups-plates,40359935,0,0,0,0,0,0,0,0,0,0
2026-06-16 00:00:00,Chuk Disposable Snack Plate - 18 cm  25 pcs,Discovery Partial June 26,chuk,cleaning-household>party-festive-needs>disposable-cups-plates,40197854,362.86,380,954.89,2,3,417,1.15,1,3,119
2026-06-16 00:00:00,Chuk Disposable Meal Plate - 4 Compartment  25 pcs,Plates - Campaign June 26,chuk,cleaning-household>party-festive-needs>disposable-cups-plates,40197860,181.14,290,624.62,4,7,1453,8.02,7,7,1453
2026-07-23 00:00:00,Chuk Disposable Bowl  360 ml (Set of 25),Disposable plates & bowl - July,chuk,cleaning-household>party-festive-needs>disposable-cups-plates,40359935,320.78,168,1909.4,19,15,2301,7.17,10,15,1456
2026-07-23 00:00:00,Chuk Disposable 4 Compartment Meal Plate With Cutlery  10 pcs,Disposable plates & bowl - July,chuk,cleaning-household>party-festive-needs>disposable-cups-plates,40349409,460.06,500,920.12,18,12,3468,7.54,8,12,2672
2026-07-12 00:00:00,Chuk Disposable Plate With Cutlery - 228.6 mm  10 pcs,Disposable plates & bowl - July,chuk,cleaning-household>party-festive-needs>disposable-cups-plates,40359936,333.78,387,862.48,11,4,1215,3.64,4,4,1215
2026-07-13 00:00:00,Chuk 3 CP Meal Plates With Cutlery  10 pcs,Disposable plates & bowl - July,chuk,cleaning-household>party-festive-needs>disposable-cups-plates,40359934,417.79,495,844.02,7,6,1003,2.4,3,6,586
2026-07-05 00:00:00,Chuk Disposable 4 Compartment Meal Plate With Cutlery  10 pcs,Disposable plates & bowl - July,chuk,cleaning-household>party-festive-needs>disposable-cups-plates,40349409,666.87,702,949.96,8,9,2437,3.65,8,9,2238
2026-07-03 00:00:00,Chuk Disposable Snack Plate - 26 cm  25 pcs,Plates - Campaign June 26,chuk,cleaning-household>party-festive-needs>disposable-cups-plates,40220813,0,0,0,0,0,0,0,0,0,0
2026-05-26 00:00:00,Chuk Disposable Plate With Cutlery - 228.6 mm  10 pcs,Disposable plates & bowl - July,chuk,cleaning-household>party-festive-needs>disposable-cups-plates,40359936,993.18,1245,797.74,0,5,815,0.82,0,5,0
2026-06-09 00:00:00,"Chuk Disposable Meal Plate, 23 cm  25 pcs",Plates - Campaign June 26,chuk,cleaning-household>party-festive-needs>disposable-cups-plates,40197856,0,0,0,0,0,0,0,0,0,0
2026-06-22 00:00:00,Chuk Disposable Bowl - 120 ml  25 pcs,Disposable Bowl - June 26,chuk,cleaning-household>party-festive-needs>disposable-cups-plates,40197850,0,0,0,0,0,0,0,0,0,0
2026-05-05 00:00:00,Chuk Disposable Snack Plate - 18 cm  25 pcs,Plates - Campaign June 26,chuk,cleaning-household>party-festive-needs>disposable-cups-plates,40197854,745.34,988,754.39,11,10,1940,2.6,4,10,1046
2026-05-02 00:00:00,Chuk Disposable Bowl - 120 ml  25 pcs,Disposable Bowl - June 26,chuk,cleaning-household>party-festive-needs>disposable-cups-plates,40197850,1312.24,1478,887.85,48,44,8610,6.56,26,44,6830
2026-06-26 00:00:00,Chuk Disposable Bowl - 120 ml  25 pcs,Disposable Bowl - June 26,chuk,cleaning-household>party-festive-needs>disposable-cups-plates,40197850,0,0,0,0,0,0,0,0,0,0
2026-05-04 00:00:00,Chuk Disposable Snack Plate - 15 cm  25 pcs,Plates - Campaign June 26,chuk,cleaning-household>party-festive-needs>disposable-cups-plates,40220812,979.2,1185,826.33,22,11,3037,3.1,6,11,2323
2026-05-22 00:00:00,Chuk Disposable Bowl - 120 ml  25 pcs,Disposable Bowl - June 26,chuk,cleaning-household>party-festive-needs>disposable-cups-plates,40197850,1080.86,1287,839.83,0,30,4049,3.75,9,30,2091
2026-05-22 00:00:00,"Chuk Disposable Meal Plate - Square, 28 cm  25 pcs",Disposable Plate - Smart Bid,chuk,cleaning-household>party-festive-needs>disposable-cups-plates,40197857,0,0,0,0,0,0,0,0,0,0
2026-05-29 00:00:00,Chuk Serving Bowls/Dona  25 pcs,Disposable Bowl - June 26,chuk,cleaning-household>party-festive-needs>disposable-cups-plates,40197851,444.3,736,603.67,0,25,4728,10.64,11,25,3148
2026-05-21 00:00:00,Chuk Disposable Bowl - 120 ml  25 pcs,Disposable Bowl - June 26,chuk,cleaning-household>party-festive-needs>disposable-cups-plates,40197850,1166.24,1368,852.51,0,50,8613,7.39,27,50,6388
2026-05-21 00:00:00,Chuk Disposable Snack Plate - 15 cm  25 pcs,Disposable Plate - Smart Bid,chuk,cleaning-household>party-festive-needs>disposable-cups-plates,40220812,364.22,454,802.25,0,10,1360,3.73,4,10,646
2026-05-21 00:00:00,"Chuk Disposable Meal Plate, 23 cm  25 pcs",Disposable Plate - Smart Bid,chuk,cleaning-household>party-festive-needs>disposable-cups-plates,40197856,0,0,0,0,0,0,0,0,0,0
2026-06-11 00:00:00,Chuk 3 CP Meal Plate  25 pcs,Plates - Campaign June 26,chuk,cleaning-household>party-festive-needs>disposable-cups-plates,40197858,315.33,493,639.61,0,8,2787,8.84,5,8,1511
2026-06-11 00:00:00,"Chuk Disposable Meal Plate, 23 cm  25 pcs",Plates - Campaign June 26,chuk,cleaning-household>party-festive-needs>disposable-cups-plates,40197856,0,0,0,0,0,0,0,0,0,0
2026-05-20 00:00:00,Chuk Disposable Meal Plate - 5 Compartment  25 pcs,Disposable Plate - Smart Bid,chuk,cleaning-household>party-festive-needs>disposable-cups-plates,40197861,75.1,98,766.34,0,3,457,6.09,3,3,457
2026-05-08 00:00:00,Chuk Disposable Bowl - 120 ml  25 pcs,Disposable Bowl - June 26,chuk,cleaning-household>party-festive-needs>disposable-cups-plates,40197850,1.72,2,860.03,0,0,0,0,0,0,0
2026-06-05 00:00:00,Chuk Disposable Snack Plate - 18 cm  25 pcs,Plates - Campaign June 26,chuk,cleaning-household>party-festive-needs>disposable-cups-plates,40197854,261.63,401,652.44,0,6,1614,6.17,4,6,1316
2026-05-24 00:00:00,Chuk Disposable 4 Compartment Meal Plate With Cutlery  10 pcs,Disposable plates & bowl - July,chuk,cleaning-household>party-festive-needs>disposable-cups-plates,40349409,1411.67,1805,782.09,0,25,6173,4.37,11,25,3387
2026-06-12 00:00:00,Chuk Disposable Snack Plate - 18 cm  25 pcs,Plates - Campaign June 26,chuk,cleaning-household>party-festive-needs>disposable-cups-plates,40197854,444.84,649,685.42,12,9,1857,4.17,8,9,1708
2026-06-08 00:00:00,Chuk Disposable Bowl - 120 ml  25 pcs,Disposable Bowl - June 26,chuk,cleaning-household>party-festive-needs>disposable-cups-plates,40197850,949.36,1112,853.74,36,26,3533,3.72,8,26,1842
2026-06-08 00:00:00,Chuk Disposable Plate With Cutlery - 228.6 mm  10 pcs,Disposable plates & bowl - July,chuk,cleaning-household>party-festive-needs>disposable-cups-plates,40359936,0,0,0,0,0,0,0,0,0,0
2026-06-04 00:00:00,Chuk Disposable Bowl - 120 ml  25 pcs,Disposable Bowl - June 26,chuk,cleaning-household>party-festive-needs>disposable-cups-plates,40197850,0,0,0,0,0,0,0,0,0,0
2026-05-19 00:00:00,Chuk Disposable Snack Plate - 26 cm  25 pcs,Disposable Plate - Smart Bid,chuk,cleaning-household>party-festive-needs>disposable-cups-plates,40220813,365.46,488,748.89,0,0,0,0,0,0,0
2026-05-19 00:00:00,"Chuk Party/Travel Disposable Combo - Plates, Spoons, Tissues  30 pcs",Disposable Plate - Smart Bid,chuk,cleaning-household>party-festive-needs>disposable-cups-plates,40302639,541.86,708,765.34,0,6,624,1.15,4,6,406
2026-05-23 00:00:00,Chuk Serving Bowls/Dona  25 pcs,Disposable Bowl - June 26,chuk,cleaning-household>party-festive-needs>disposable-cups-plates,40197851,471.6,781,603.84,0,9,947,2.01,2,9,258
2026-06-14 00:00:00,Chuk Disposable Bowl - 120 ml  25 pcs,Discovery Partial June 26,chuk,cleaning-household>party-festive-needs>disposable-cups-plates,40197850,210.46,185,1137.62,3,4,366,1.74,1,4,99
2026-07-08 00:00:00,Chuk Disposable 4 Compartment Meal Plate With Cutlery  10 pcs,Disposable plates & bowl - July,chuk,cleaning-household>party-festive-needs>disposable-cups-plates,40349409,559.65,629,889.75,22,5,1405,2.51,3,5,1007
2026-07-09 00:00:00,Chuk Disposable 4 Compartment Meal Plate With Cutlery  10 pcs,Disposable plates & bowl - July,chuk,cleaning-household>party-festive-needs>disposable-cups-plates,40349409,550.62,631,872.61,17,7,1572,2.85,5,7,1174
2026-06-30 00:00:00,Chuk Disposable Snack Plate - 18 cm  25 pcs,Plates - Campaign June 26,chuk,cleaning-household>party-festive-needs>disposable-cups-plates,40197854,406.45,529,768.34,8,6,933,2.3,4,6,486
2026-06-19 00:00:00,Chuk 3 CP Meal Plate  25 pcs,Plates - Campaign June 26,chuk,cleaning-household>party-festive-needs>disposable-cups-plates,40197858,468.27,678,690.66,15,6,1492,3.19,3,6,535
2026-06-28 00:00:00,Chuk 3 CP Meal Plate  25 pcs,Plates - Campaign June 26,chuk,cleaning-household>party-festive-needs>disposable-cups-plates,40197858,393.59,515,764.25,13,12,2928,7.44,5,12,695
2026-07-07 00:00:00,Chuk Disposable Snack Plate - 18 cm  25 pcs,Plates - Campaign June 26,chuk,cleaning-household>party-festive-needs>disposable-cups-plates,40197854,0,0,0,0,0,0,0,0,0,0
2026-06-21 00:00:00,Chuk Disposable Meal Plate - 4 Compartment  25 pcs,Plates - Campaign June 26,chuk,cleaning-household>party-festive-needs>disposable-cups-plates,40197860,254.27,403,630.94,9,4,956,3.76,3,4,457
2026-07-03 00:00:00,Chuk Disposable 4 Compartment Meal Plate With Cutlery  10 pcs,Disposable plates & bowl - July,chuk,cleaning-household>party-festive-needs>disposable-cups-plates,40349409,816.79,971,841.18,16,19,4212,5.16,12,19,2819
2026-07-03 00:00:00,Chuk Disposable Meal Plate - 4 Compartment  25 pcs,Plates - Campaign June 26,chuk,cleaning-household>party-festive-needs>disposable-cups-plates,40197860,0,0,0,0,0,0,0,0,0,0
2026-07-10 00:00:00,Chuk Disposable 4 Compartment Meal Plate With Cutlery  10 pcs,Disposable plates & bowl - July,chuk,cleaning-household>party-festive-needs>disposable-cups-plates,40349409,514.87,564,912.89,12,4,645,1.25,3,4,446
2026-07-25 00:00:00,Chuk Disposable Bowl  360 ml (Set of 25),Disposable plates & bowl - July,chuk,cleaning-household>party-festive-needs>disposable-cups-plates,40359935,170.45,100,1704.5,7,8,2061,12.09,5,8,1554
2026-06-20 00:00:00,Chuk Serving Bowls/Dona  25 pcs,Discovery Partial June 26,chuk,cleaning-household>party-festive-needs>disposable-cups-plates,40197851,135.9,149,912.08,0,6,594,4.37,0,6,0
2026-07-26 00:00:00,Chuk Disposable 4 Compartment Meal Plate With Cutlery  10 pcs,Disposable plates & bowl - July,chuk,cleaning-household>party-festive-needs>disposable-cups-plates,40349409,810.24,917,883.58,0,20,4775,5.89,9,20,2387
2026-06-18 00:00:00,Chuk Disposable Snack Plate - 26 cm  25 pcs,Plates - Campaign June 26,chuk,cleaning-household>party-festive-needs>disposable-cups-plates,40220813,451.46,679,664.89,0,8,1242,2.75,8,8,1242
2026-06-18 00:00:00,Chuk Serving Bowls/Dona  25 pcs,Discovery Partial June 26,chuk,cleaning-household>party-festive-needs>disposable-cups-plates,40197851,312.3,339,921.24,1,7,984,3.15,4,7,592
2026-06-18 00:00:00,Chuk 3 CP Meal Plate  25 pcs,Discovery Partial June 26,chuk,cleaning-household>party-festive-needs>disposable-cups-plates,40197858,505.77,534,947.13,0,14,2736,5.41,9,14,1141
2026-06-17 00:00:00,Chuk Disposable Snack Plate - 18 cm  25 pcs,Discovery Partial June 26,chuk,cleaning-household>party-festive-needs>disposable-cups-plates,40197854,339.8,347,979.25,7,3,617,1.82,1,3,319
2026-07-16 00:00:00,Chuk 3 CP Meal Plates With Cutlery  10 pcs,Disposable plates & bowl - July,chuk,cleaning-household>party-festive-needs>disposable-cups-plates,40359934,518.77,623,832.7,24,10,1668,3.22,5,10,834
2026-06-09 00:00:00,Chuk Disposable Snack Plate - 18 cm  25 pcs,Plates - Campaign June 26,chuk,cleaning-household>party-festive-needs>disposable-cups-plates,40197854,474.77,727,653.05,8,15,2267,4.77,10,15,1522
2026-06-09 00:00:00,Chuk Disposable Plate With Cutlery - 228.6 mm  10 pcs,Disposable plates & bowl - July,chuk,cleaning-household>party-festive-needs>disposable-cups-plates,40359936,0,0,0,0,0,0,0,0,0,0
2026-06-09 00:00:00,Chuk Disposable Meal Plate - 4 Compartment  25 pcs,Plates - Campaign June 26,chuk,cleaning-household>party-festive-needs>disposable-cups-plates,40197860,157.57,240,656.54,4,9,2811,17.84,7,9,1813
2026-05-28 00:00:00,Chuk Disposable Bowl - 120 ml  25 pcs,Disposable Bowl - June 26,chuk,cleaning-household>party-festive-needs>disposable-cups-plates,40197850,1939.86,2202,880.95,0,37,5051,2.6,17,37,3093
2026-05-11 00:00:00,Chuk Disposable Meal Plate - 5 Compartment  25 pcs,Plates - Campaign June 26,chuk,cleaning-household>party-festive-needs>disposable-cups-plates,40197861,0,0,0,0,0,0,0,0,0,0
2026-05-29 00:00:00,Chuk Disposable Snack Plate - 26 cm  25 pcs,Disposable plates & bowl - July,chuk,cleaning-household>party-festive-needs>disposable-cups-plates,40220813,1031.25,1266,814.57,0,11,2697,2.62,8,11,1740
2026-06-10 00:00:00,Chuk Disposable Meal Plate - 4 Compartment  25 pcs,Plates - Campaign June 26,chuk,cleaning-household>party-festive-needs>disposable-cups-plates,40197860,200.25,312,641.83,4,5,3194,15.95,2,5,1198
2026-06-05 00:00:00,Chuk Disposable Bowl - 250 ml  25 pcs,Disposable Bowl - June 26,chuk,cleaning-household>party-festive-needs>disposable-cups-plates,40197852,0,0,0,0,0,0,0,0,0,0
2026-05-24 00:00:00,Chuk Disposable Meal Plate - 5 Compartment  25 pcs,Plates - Campaign June 26,chuk,cleaning-household>party-festive-needs>disposable-cups-plates,40197861,0,0,0,0,0,0,0,0,0,0
2026-05-24 00:00:00,Chuk 3 CP Meal Plates With Cutlery  10 pcs,Disposable plates & bowl - July,chuk,cleaning-household>party-festive-needs>disposable-cups-plates,40359934,912.16,1108,823.25,0,20,3175,3.48,13,20,2063
2026-05-25 00:00:00,Chuk Disposable Bowl - 120 ml  25 pcs,Disposable Bowl - June 26,chuk,cleaning-household>party-festive-needs>disposable-cups-plates,40197850,1077.7,1215,887,0,28,3725,3.46,11,28,2034
2026-06-12 00:00:00,"Chuk Disposable Meal Plate, 23 cm  25 pcs",Plates - Campaign June 26,chuk,cleaning-household>party-festive-needs>disposable-cups-plates,40197856,0,0,0,0,0,0,0,0,0,0
2026-06-12 00:00:00,Chuk 3 CP Meal Plate  25 pcs,Plates - Campaign June 26,chuk,cleaning-household>party-festive-needs>disposable-cups-plates,40197858,225.83,345,654.58,9,7,2102,9.31,2,7,188
2026-06-12 00:00:00,Chuk Disposable Meal Plate - 4 Compartment  25 pcs,Plates - Campaign June 26,chuk,cleaning-household>party-festive-needs>disposable-cups-plates,40197860,148.55,220,675.23,1,0,0,0,0,0,0
2026-05-19 00:00:00,Chuk Disposable Snack Plate - 30 cm  25 pcs,Disposable Plate - Smart Bid,chuk,cleaning-household>party-festive-needs>disposable-cups-plates,40220814,0,0,0,0,0,0,0,0,0,0
2026-06-01 00:00:00,Chuk Serving Bowls/Dona  25 pcs,Disposable Bowl - June 26,chuk,cleaning-household>party-festive-needs>disposable-cups-plates,40197851,1.2,1,1200,0,0,0,0,0,0,0
2026-06-14 00:00:00,Chuk Disposable Snack Plate - 26 cm  25 pcs,Plates - Campaign June 26,chuk,cleaning-household>party-festive-needs>disposable-cups-plates,40220813,780.57,1047,745.53,7,3,957,1.23,0,3,0
2026-07-24 00:00:00,Chuk Disposable Plate With Cutlery - 228.6 mm  10 pcs,Disposable plates & bowl - July,chuk,cleaning-household>party-festive-needs>disposable-cups-plates,40359936,566.94,668,848.71,22,18,4240,7.48,12,18,3046
2026-06-27 00:00:00,Chuk Disposable Snack Plate - 26 cm  25 pcs,Plates - Campaign June 26,chuk,cleaning-household>party-festive-needs>disposable-cups-plates,40220813,658.59,814,809.08,6,12,2801,4.25,12,12,2801
2026-07-04 00:00:00,Chuk Disposable Bowl  360 ml (Set of 25),Disposable Bowl - June 26,chuk,cleaning-household>party-festive-needs>disposable-cups-plates,40359935,0,0,0,0,0,0,0,0,0,0
2026-07-09 00:00:00,Chuk Disposable Plate With Cutlery - 228.6 mm  10 pcs,Disposable plates & bowl - July,chuk,cleaning-household>party-festive-needs>disposable-cups-plates,40359936,320.14,359,891.75,3,1,139,0.43,0,1,0
2026-06-13 00:00:00,"Chuk Disposable Meal Plate, 23 cm  25 pcs",Plates - Campaign June 26,chuk,cleaning-household>party-festive-needs>disposable-cups-plates,40197856,0,0,0,0,0,0,0,0,0,0
2026-06-16 00:00:00,Chuk Disposable Bowl - 120 ml  25 pcs,Disposable Bowl - June 26,chuk,cleaning-household>party-festive-needs>disposable-cups-plates,40197850,0,0,0,0,0,0,0,0,0,0
2026-07-12 00:00:00,Chuk Disposable 4 Compartment Meal Plate With Cutlery  10 pcs,Disposable plates & bowl - July,chuk,cleaning-household>party-festive-needs>disposable-cups-plates,40349409,511.78,559,915.53,10,4,1116,2.18,2,4,718
2026-07-12 00:00:00,Chuk 3 CP Meal Plates With Cutlery  10 pcs,Disposable plates & bowl - July,chuk,cleaning-household>party-festive-needs>disposable-cups-plates,40359934,510.8,594,859.93,13,12,2098,4.11,4,12,986
2026-07-21 00:00:00,Chuk Disposable Bowl  360 ml (Set of 25),Disposable plates & bowl - July,chuk,cleaning-household>party-festive-needs>disposable-cups-plates,40359935,74.96,44,1703.64,2,1,178,2.37,1,1,178
2026-07-21 00:00:00,Chuk Disposable Bowl - 250 ml  25 pcs,Disposable plates & bowl - July,chuk,cleaning-household>party-festive-needs>disposable-cups-plates,40197852,1.2,2,600,0,0,0,0,0,0,0
2026-07-03 00:00:00,Chuk 3 CP Meal Plate  25 pcs,Plates - Campaign June 26,chuk,cleaning-household>party-festive-needs>disposable-cups-plates,40197858,0,0,0,0,0,0,0,0,0,0
2026-07-26 00:00:00,Chuk Disposable Bowl  360 ml (Set of 25),Disposable plates & bowl - July,chuk,cleaning-household>party-festive-needs>disposable-cups-plates,40359935,348.91,169,2064.56,0,23,3355,9.62,12,23,1496
2026-06-18 00:00:00,Chuk Disposable Bowl  360 ml (Set of 25),Discovery Partial June 26,chuk,cleaning-household>party-festive-needs>disposable-cups-plates,40359935,549.72,449,1224.32,0,6,1872,3.41,2,6,1196
2026-06-17 00:00:00,Chuk Serving Bowls/Dona  25 pcs,Discovery Partial June 26,chuk,cleaning-household>party-festive-needs>disposable-cups-plates,40197851,346.5,379,914.25,3,4,1115,3.22,4,4,1115
2026-06-17 00:00:00,Chuk Disposable 4 Compartment Meal Plate With Cutlery  10 pcs,Disposable plates & bowl - July,chuk,cleaning-household>party-festive-needs>disposable-cups-plates,40349409,0,0,0,0,0,0,0,0,0,0
2026-07-22 00:00:00,Chuk Disposable Bowl  360 ml (Set of 25),Disposable plates & bowl - July,chuk,cleaning-household>party-festive-needs>disposable-cups-plates,40359935,236.52,133,1778.35,13,11,1789,7.56,8,11,1282
2026-06-06 00:00:00,Chuk 3 CP Meal Plates With Cutlery  10 pcs,Disposable plates & bowl - July,chuk,cleaning-household>party-festive-needs>disposable-cups-plates,40359934,0,0,0,0,0,0,0,0,0,0
2026-06-06 00:00:00,Chuk Serving Bowls/Dona  25 pcs,Disposable Bowl - June 26,chuk,cleaning-household>party-festive-needs>disposable-cups-plates,40197851,413.3,679,608.69,0,8,1591,3.85,7,8,1393
2026-05-02 00:00:00,Chuk Disposable Snack Plate - 15 cm  25 pcs,Plates - Campaign June 26,chuk,cleaning-household>party-festive-needs>disposable-cups-plates,40220812,1067.32,1167,914.58,34,31,4784,4.48,11,31,2285
2026-05-22 00:00:00,"Chuk Party/Travel Disposable Combo - Plates, Spoons, Tissues  30 pcs",Disposable Plate - Smart Bid,chuk,cleaning-household>party-festive-needs>disposable-cups-plates,40302639,592.7,672,881.99,0,12,2546,4.3,10,12,2328
2026-05-30 00:00:00,Chuk Disposable Bowl - 250 ml  25 pcs,Disposable Bowl - June 26,chuk,cleaning-household>party-festive-needs>disposable-cups-plates,40197852,6.48,2,3240,0,0,0,0,0,0,0
2026-05-14 00:00:00,Chuk Disposable Bowl - 120 ml  25 pcs,Disposable Bowl - June 26,chuk,cleaning-household>party-festive-needs>disposable-cups-plates,40197850,0,0,0,0,0,0,0,0,0,0
2026-06-10 00:00:00,Chuk Serving Bowls/Dona  25 pcs,Disposable Bowl - June 26,chuk,cleaning-household>party-festive-needs>disposable-cups-plates,40197851,504.6,835,604.31,18,13,1906,3.78,6,13,1114
2026-05-08 00:00:00,Chuk Disposable Snack Plate - 15 cm  25 pcs,Plates - Campaign June 26,chuk,cleaning-household>party-festive-needs>disposable-cups-plates,40220812,0,0,0,0,0,0,0,0,0,0
2026-06-05 00:00:00,Chuk Disposable Bowl - 120 ml  25 pcs,Disposable Bowl - June 26,chuk,cleaning-household>party-festive-needs>disposable-cups-plates,40197850,530.62,538,986.28,0,15,1590,3,6,15,700
2026-05-24 00:00:00,"Chuk Party/Travel Disposable Combo - Plates, Spoons, Tissues  30 pcs",Disposable Plate - Smart Bid,chuk,cleaning-household>party-festive-needs>disposable-cups-plates,40302639,0,0,0,0,0,0,0,0,0,0
2026-05-24 00:00:00,Chuk Disposable Bowl  360 ml (Set of 25),Disposable Bowl - June 26,chuk,cleaning-household>party-festive-needs>disposable-cups-plates,40359935,660.08,646,1021.8,0,14,2425,3.67,11,14,1918
2026-05-25 00:00:00,Chuk Disposable Meal Plate - 5 Compartment  25 pcs,Plates - Campaign June 26,chuk,cleaning-household>party-festive-needs>disposable-cups-plates,40197861,0,0,0,0,0,0,0,0,0,0
2026-06-12 00:00:00,Chuk Serving Bowls/Dona  25 pcs,Disposable Bowl - June 26,chuk,cleaning-household>party-festive-needs>disposable-cups-plates,40197851,467.9,758,617.28,11,13,2786,5.95,6,13,1994
2026-06-08 00:00:00,Chuk 3 CP Meal Plate  25 pcs,Plates - Campaign June 26,chuk,cleaning-household>party-festive-needs>disposable-cups-plates,40197858,216.41,335,646,3,5,795,3.67,4,5,476
2026-05-19 00:00:00,Chuk Disposable Meal Plate - 4 Compartment  25 pcs,Disposable Plate - Smart Bid,chuk,cleaning-household>party-festive-needs>disposable-cups-plates,40197860,219.94,300,733.12,0,1,139,0.63,1,1,139
