Date,Campaign ID,Campaign Name,Targeting Type,Targeting Value,Match Type,Most Viewed Position,Pacing Type,CPM,Impressions,Direct ATC,Indirect ATC,Direct Quantities Sold,Indirect Quantities Sold,Direct Sales,Indirect Sales,New Users Acquired,Estimated Budget Consumed,Direct RoAS,Total RoAS
06-05-2026,500611,Clone of Bowl - May'26,Keyword,dona,EXACT,1,DAILY,500,151,12,0,6,0,594,0,5,75.5,7.867549669,7.867549669
06-05-2026,500611,Clone of Bowl - May'26,Keyword,paper bowl,EXACT,1,DAILY,600,98,11,0,3,0,297,0,3,58.8,5.051020408,5.051020408
06-05-2026,500611,Clone of Bowl - May'26,Keyword,small bowl,EXACT,1,DAILY,800,92,3,0,2,0,198,0,2,73.6,2.690217391,2.690217391
06-05-2026,500611,Clone of Bowl - May'26,Keyword,bowls,EXACT,1,DAILY,488,256,15,0,7,0,783,0,6,125.6,6.234076433,6.234076433
06-05-2026,500611,Clone of Bowl - May'26,Keyword,disposable bowl,EXACT,1,DAILY,1521,1104,87,10,49,6,5391,514,48,1678.5,3.211796247,3.518022043
06-05-2026,500613,Paper Plates - May'26,Keyword,paper plate,EXACT,13,DAILY,400,1784,40,6,25,2,3325,198,19,713.6,4.659473094,4.936939462
06-05-2026,500613,Paper Plates - May'26,Keyword,paper plates,EXACT,5,DAILY,400,1198,31,5,12,3,1228,387,11,479.2,2.562604341,3.370200334
07-05-2026,500611,Clone of Bowl - May'26,Keyword,dona,EXACT,1,DAILY,500,245,17,2,9,2,981,188,11,122.5,8.008163265,9.542857143
07-05-2026,500611,Clone of Bowl - May'26,Keyword,paper bowl,EXACT,1,DAILY,600,227,15,2,10,1,1170,169,8,136.2,8.59030837,9.83113069
07-05-2026,500611,Clone of Bowl - May'26,Keyword,small bowl,EXACT,1,DAILY,800,153,7,1,3,0,297,0,2,122.4,2.426470588,2.426470588
07-05-2026,500611,Clone of Bowl - May'26,Keyword,bowls,EXACT,1,DAILY,488,397,9,4,6,4,684,476,6,194.6,3.514902364,5.960945529
07-05-2026,500611,Clone of Bowl - May'26,Keyword,disposable bowl,EXACT,1,DAILY,1521,2041,152,20,94,12,10296,1528,82,3104.1,3.31690345,3.809155633
07-05-2026,500613,Paper Plates - May'26,Keyword,paper plate,EXACT,13,DAILY,400,2478,58,9,29,3,3201,297,27,991.2,3.229418886,3.52905569
07-05-2026,500613,Paper Plates - May'26,Keyword,paper plates,EXACT,5,DAILY,400,1738,20,3,6,2,824,198,6,695.2,1.185270426,1.470080552
08-05-2026,500611,Clone of Bowl - May'26,Keyword,dona,EXACT,1,DAILY,500,276,19,3,9,2,981,238,9,138,7.108695652,8.833333333
08-05-2026,500611,Clone of Bowl - May'26,Keyword,paper bowl,EXACT,1,DAILY,600,254,21,0,11,0,1179,0,11,152.4,7.736220472,7.736220472
08-05-2026,500611,Clone of Bowl - May'26,Keyword,small bowl,EXACT,1,DAILY,800,173,3,0,1,0,99,0,1,138.4,0.715317919,0.715317919
08-05-2026,500611,Clone of Bowl - May'26,Keyword,bowls,EXACT,1,DAILY,488,336,10,5,6,3,594,257,7,164.9,3.602183141,5.160703457
08-05-2026,500611,Clone of Bowl - May'26,Keyword,disposable bowl,EXACT,1,DAILY,1521,2241,186,24,105,11,12195,1509,92,3408.1,3.578240075,4.021008773
08-05-2026,500613,Paper Plates - May'26,Keyword,paper plate,EXACT,13,DAILY,400,2919,71,6,37,2,3953,198,29,1167.6,3.385577252,3.555155875
08-05-2026,500613,Paper Plates - May'26,Keyword,paper plates,EXACT,5,DAILY,400,2088,38,4,23,4,3187,486,20,835.2,3.81585249,4.397749042
09-05-2026,500611,Clone of Bowl - May'26,Keyword,dona,EXACT,1,DAILY,500,280,32,2,22,2,2178,188,17,140,15.55714286,16.9
09-05-2026,500611,Clone of Bowl - May'26,Keyword,paper bowl,EXACT,1,DAILY,600,317,25,1,12,1,1368,119,10,190.2,7.192429022,7.818086225
09-05-2026,500611,Clone of Bowl - May'26,Keyword,small bowl,EXACT,1,DAILY,800,168,5,1,4,0,396,0,4,134.4,2.946428571,2.946428571
09-05-2026,500611,Clone of Bowl - May'26,Keyword,bowls,EXACT,1,DAILY,488,446,9,0,4,0,396,0,4,219.2,1.806569343,1.806569343
09-05-2026,500611,Clone of Bowl - May'26,Keyword,disposable bowl,EXACT,1,DAILY,1521,2495,237,27,154,21,16506,2449,142,3793.8,4.350782856,4.996309769
09-05-2026,500613,Paper Plates - May'26,Keyword,paper plate,EXACT,13,DAILY,400,3402,80,9,40,7,4410,783,41,1360.8,3.240740741,3.816137566
09-05-2026,500613,Paper Plates - May'26,Keyword,paper plates,EXACT,5,DAILY,400,2280,52,6,37,2,5503,198,25,912,6.033991228,6.251096491
10-05-2026,500611,Clone of Bowl - May'26,Keyword,dona,EXACT,1,DAILY,500,295,23,0,13,0,1287,0,11,147.5,8.725423729,8.725423729
10-05-2026,500611,Clone of Bowl - May'26,Keyword,paper bowl,EXACT,1,DAILY,600,298,26,1,17,0,1863,0,15,178.8,10.41946309,10.41946309
10-05-2026,500611,Clone of Bowl - May'26,Keyword,small bowl,EXACT,1,DAILY,800,184,4,0,3,0,297,0,3,147.2,2.017663043,2.017663043
10-05-2026,500611,Clone of Bowl - May'26,Keyword,bowls,EXACT,1,DAILY,488,472,9,0,7,0,783,0,6,231.9,3.376455369,3.376455369
10-05-2026,500611,Clone of Bowl - May'26,Keyword,disposable bowl,EXACT,1,DAILY,1521,2451,217,27,129,14,14391,1716,118,3727.2,3.861075338,4.321474565
10-05-2026,500613,Paper Plates - May'26,Keyword,paper plate,EXACT,13,DAILY,400,3155,48,3,30,1,3470,99,26,1262,2.749603803,2.828050713
10-05-2026,500613,Paper Plates - May'26,Keyword,paper plates,EXACT,5,DAILY,400,1926,48,6,27,5,3213,495,23,770.4,4.170560748,4.813084112
11-05-2026,500611,Clone of Bowl - May'26,Keyword,dona,EXACT,1,DAILY,500,253,13,2,10,2,1080,338,9,126.5,8.537549407,11.20948617
11-05-2026,500611,Clone of Bowl - May'26,Keyword,paper bowl,EXACT,1,DAILY,600,170,12,1,6,0,684,0,6,102,6.705882353,6.705882353
11-05-2026,500611,Clone of Bowl - May'26,Keyword,small bowl,EXACT,1,DAILY,800,144,4,0,2,0,198,0,1,115.2,1.71875,1.71875
11-05-2026,500611,Clone of Bowl - May'26,Keyword,bowls,EXACT,1,DAILY,488,368,5,0,3,0,297,0,2,180.3,1.647254576,1.647254576
11-05-2026,500611,Clone of Bowl - May'26,Keyword,disposable bowl,EXACT,1,DAILY,1521,1592,134,15,80,8,9270,702,72,2420.1,3.830420231,4.120490889
11-05-2026,500613,Paper Plates - May'26,Keyword,paper plate,EXACT,13,DAILY,400,500,6,1,2,1,138,99,3,200,0.69,1.185
11-05-2026,500613,Paper Plates - May'26,Keyword,paper plates,EXACT,9,DAILY,400,1163,24,1,6,0,764,0,6,465.2,1.642304385,1.642304385
11-05-2026,500613,Paper Plates - May'26,Keyword,paper plate,EXACT,5,DAILY,700,4194,63,10,37,9,4403,891,41,2935.8,1.499761564,1.803256353
12-05-2026,500611,Clone of Bowl - May'26,Keyword,dona,EXACT,1,DAILY,500,308,34,1,16,1,1764,119,14,154,11.45454545,12.22727273
12-05-2026,500611,Clone of Bowl - May'26,Keyword,paper bowl,EXACT,1,DAILY,600,180,10,0,9,0,1071,0,8,108,9.916666667,9.916666667
12-05-2026,500611,Clone of Bowl - May'26,Keyword,small bowl,EXACT,1,DAILY,800,172,7,0,5,0,495,0,3,137.6,3.597383721,3.597383721
12-05-2026,500611,Clone of Bowl - May'26,Keyword,bowls,EXACT,1,DAILY,488,348,13,4,11,3,1269,507,6,170.6,7.438452521,10.41031653
12-05-2026,500611,Clone of Bowl - May'26,Keyword,disposable bowl,EXACT,1,DAILY,1521,1737,159,21,89,14,9981,1616,80,2640.7,3.77967963,4.391638581
12-05-2026,500613,Paper Plates - May'26,Keyword,paper plates,EXACT,9,DAILY,400,1229,19,0,11,0,1659,0,8,491.6,3.374694874,3.374694874
12-05-2026,500613,Paper Plates - May'26,Keyword,paper plate,EXACT,5,DAILY,700,6359,103,13,55,7,6305,873,45,4451.3,1.416440141,1.612562622
13-05-2026,500611,Clone of Bowl - May'26,Keyword,dona,EXACT,1,DAILY,500,326,42,4,29,2,3321,238,26,163,20.37423313,21.83435583
13-05-2026,500611,Clone of Bowl - May'26,Keyword,paper bowl,EXACT,1,DAILY,600,189,21,0,15,0,1575,0,11,113.4,13.88888889,13.88888889
13-05-2026,500611,Clone of Bowl - May'26,Keyword,small bowl,EXACT,1,DAILY,800,117,2,0,1,0,99,0,1,93.6,1.057692308,1.057692308
13-05-2026,500611,Clone of Bowl - May'26,Keyword,bowls,EXACT,1,DAILY,488,385,13,2,9,2,891,188,9,188.7,4.721780604,5.718071012
13-05-2026,500611,Clone of Bowl - May'26,Keyword,disposable bowl,EXACT,1,DAILY,1521,1813,140,8,92,5,10368,445,85,2756.8,3.760882182,3.922301219
13-05-2026,500613,Paper Plates - May'26,Keyword,paper plates,EXACT,9,DAILY,400,1206,13,0,7,0,1033,0,4,482.4,2.141376451,2.141376451
13-05-2026,500613,Paper Plates - May'26,Keyword,paper plate,EXACT,5,DAILY,700,6489,105,8,52,5,6388,495,50,4542.3,1.406335997,1.515311626
14-05-2026,500611,Clone of Bowl - May'26,Keyword,dona,EXACT,1,DAILY,500,321,33,0,14,0,1656,0,11,160.5,10.31775701,10.31775701
14-05-2026,500611,Clone of Bowl - May'26,Keyword,paper bowl,EXACT,1,DAILY,600,232,13,1,10,1,990,119,11,139.2,7.112068966,7.966954023
14-05-2026,500611,Clone of Bowl - May'26,Keyword,small bowl,EXACT,1,DAILY,800,127,3,0,2,0,198,0,2,101.6,1.948818898,1.948818898
14-05-2026,500611,Clone of Bowl - May'26,Keyword,bowls,EXACT,1,DAILY,488,436,13,3,5,1,585,169,2,213.7,2.737482452,3.528310716
14-05-2026,500611,Clone of Bowl - May'26,Keyword,disposable bowl,EXACT,1,DAILY,1521,2060,164,24,99,18,10521,2192,97,3132.7,3.358444792,4.058160692
14-05-2026,500613,Paper Plates - May'26,Keyword,paper plates,EXACT,9,DAILY,400,1252,27,4,20,3,2230,387,12,500.8,4.452875399,5.225638978
14-05-2026,500613,Paper Plates - May'26,Keyword,paper plate,EXACT,5,DAILY,700,7057,138,5,89,3,10991,387,67,4939.9,2.224943825,2.303285492
15-05-2026,500611,Clone of Bowl - May'26,Keyword,dona,EXACT,1,DAILY,500,420,37,2,20,0,2340,0,17,210,11.14285714,11.14285714
15-05-2026,500611,Clone of Bowl - May'26,Keyword,paper bowl,EXACT,1,DAILY,600,283,26,0,18,0,2142,0,14,169.8,12.61484099,12.61484099
15-05-2026,500611,Clone of Bowl - May'26,Keyword,small bowl,EXACT,1,DAILY,800,164,7,0,3,0,297,0,3,131.2,2.263719512,2.263719512
15-05-2026,500611,Clone of Bowl - May'26,Keyword,bowls,EXACT,1,DAILY,488,424,16,1,10,0,1080,0,7,207.8,5.197305101,5.197305101
15-05-2026,500611,Clone of Bowl - May'26,Keyword,disposable bowl,EXACT,1,DAILY,1521,2159,164,14,93,6,10017,964,85,3283.1,3.051079772,3.3447047
15-05-2026,500613,Paper Plates - May'26,Keyword,paper plates,EXACT,9,DAILY,400,1615,21,5,13,4,1627,396,14,646,2.518575851,3.131578947
15-05-2026,500613,Paper Plates - May'26,Keyword,paper plate,EXACT,5,DAILY,700,7777,126,9,71,6,8489,774,61,5443.9,1.559360018,1.701537501
16-05-2026,500611,Clone of Bowl - May'26,Keyword,dona,EXACT,1,DAILY,500,435,41,0,20,0,2160,0,15,217.5,9.931034483,9.931034483
16-05-2026,500611,Clone of Bowl - May'26,Keyword,paper bowl,EXACT,1,DAILY,600,267,13,0,10,0,1080,0,8,160.2,6.741573034,6.741573034
16-05-2026,500611,Clone of Bowl - May'26,Keyword,small bowl,EXACT,1,DAILY,800,170,5,0,3,0,297,0,3,136,2.183823529,2.183823529
16-05-2026,500611,Clone of Bowl - May'26,Keyword,bowls,EXACT,1,DAILY,488,550,21,0,11,0,1089,0,8,269.1,4.046822742,4.046822742
16-05-2026,500611,Clone of Bowl - May'26,Keyword,disposable bowl,EXACT,1,DAILY,1521,2680,192,13,123,7,13257,833,109,4075.4,3.252932228,3.457329342
16-05-2026,500613,Paper Plates - May'26,Keyword,paper plates,EXACT,9,DAILY,400,1904,37,4,21,1,2999,99,17,761.6,3.937762605,4.067752101
16-05-2026,500613,Paper Plates - May'26,Keyword,paper plate,EXACT,5,DAILY,700,8388,125,13,77,8,9243,972,66,5871.6,1.574187615,1.739730227
17-05-2026,500611,Clone of Bowl - May'26,Keyword,dona,EXACT,1,DAILY,500,281,12,0,9,0,981,0,8,140.5,6.982206406,6.982206406
17-05-2026,500611,Clone of Bowl - May'26,Keyword,paper bowl,EXACT,1,DAILY,600,310,29,0,16,0,1764,0,14,186,9.483870968,9.483870968
17-05-2026,500611,Clone of Bowl - May'26,Keyword,small bowl,EXACT,1,DAILY,800,209,8,0,7,0,693,0,5,167.2,4.144736842,4.144736842
17-05-2026,500611,Clone of Bowl - May'26,Keyword,bowls,EXACT,1,DAILY,488,424,7,0,7,0,783,0,6,208.1,3.762614128,3.762614128
17-05-2026,500611,Clone of Bowl - May'26,Keyword,disposable bowl,EXACT,1,DAILY,1521,2378,180,18,104,11,11646,1459,92,3615.7,3.220953066,3.624471057
17-05-2026,500613,Paper Plates - May'26,Keyword,paper plates,EXACT,9,DAILY,400,1847,37,4,21,3,2849,297,18,738.8,3.856253384,4.258256632
17-05-2026,500613,Paper Plates - May'26,Keyword,paper plate,EXACT,5,DAILY,700,9011,143,17,82,12,10248,1278,69,6307.7,1.624680946,1.827290455
18-05-2026,500611,Clone of Bowl - May'26,Keyword,dona,EXACT,1,DAILY,500,306,28,0,18,0,2142,0,15,153,14,14
18-05-2026,500611,Clone of Bowl - May'26,Keyword,paper bowl,EXACT,1,DAILY,600,225,20,1,11,0,1269,0,10,135,9.4,9.4
18-05-2026,500611,Clone of Bowl - May'26,Keyword,small bowl,EXACT,1,DAILY,800,166,5,0,4,0,486,0,4,132.8,3.659638554,3.659638554
18-05-2026,500611,Clone of Bowl - May'26,Keyword,bowls,EXACT,1,DAILY,488,360,2,0,2,0,198,0,2,176.9,1.119276427,1.119276427
18-05-2026,500611,Clone of Bowl - May'26,Keyword,disposable bowl,EXACT,1,DAILY,1521,1725,117,5,70,1,7470,169,55,2622.4,2.848535692,2.912980476
18-05-2026,500613,Paper Plates - May'26,Keyword,paper plates,EXACT,5,DAILY,400,1299,24,3,12,2,1778,198,11,519.6,3.421862972,3.802925327
18-05-2026,500613,Paper Plates - May'26,Keyword,paper plate,EXACT,5,DAILY,700,5952,87,10,48,7,5912,693,43,4166.4,1.418970814,1.585301459
19-05-2026,500611,Clone of Bowl - May'26,Keyword,dona,EXACT,1,DAILY,500,224,10,8,5,5,495,695,7,112,4.419642857,10.625
19-05-2026,500611,Clone of Bowl - May'26,Keyword,paper bowl,EXACT,1,DAILY,600,216,17,2,10,2,1260,138,8,129.6,9.722222222,10.78703704
19-05-2026,500611,Clone of Bowl - May'26,Keyword,small bowl,EXACT,1,DAILY,800,190,3,0,2,0,198,0,2,152,1.302631579,1.302631579
19-05-2026,500611,Clone of Bowl - May'26,Keyword,bowls,EXACT,1,DAILY,488,307,9,1,6,0,594,0,5,151.1,3.93117141,3.93117141
19-05-2026,500611,Clone of Bowl - May'26,Keyword,disposable bowl,EXACT,1,DAILY,1521,1833,132,17,77,10,8523,1240,68,2787.1,3.058017294,3.502924186
19-05-2026,500613,Paper Plates - May'26,Keyword,paper plates,EXACT,9,DAILY,400,751,13,1,6,0,914,0,6,300.4,3.042609854,3.042609854
19-05-2026,500613,Paper Plates - May'26,Keyword,paper plate,EXACT,5,DAILY,700,6252,90,16,49,8,5801,882,43,4376.4,1.325518691,1.5270542
19-05-2026,500613,Paper Plates - May'26,Keyword,paper plates,EXACT,5,DAILY,500,547,7,0,3,0,507,0,3,273.5,1.853747715,1.853747715
20-05-2026,500611,Clone of Bowl - May'26,Keyword,dona,EXACT,1,DAILY,500,272,13,0,9,0,1071,0,9,136,7.875,7.875
20-05-2026,500611,Clone of Bowl - May'26,Keyword,paper bowl,EXACT,1,DAILY,600,245,16,0,9,0,891,0,9,147,6.06122449,6.06122449
20-05-2026,500611,Clone of Bowl - May'26,Keyword,small bowl,EXACT,1,DAILY,800,144,4,0,1,0,99,0,1,115.2,0.859375,0.859375
20-05-2026,500611,Clone of Bowl - May'26,Keyword,bowls,EXACT,1,DAILY,488,302,3,4,1,4,99,526,4,148.5,0.666666667,4.208754209
20-05-2026,500611,Clone of Bowl - May'26,Keyword,disposable bowl,EXACT,1,DAILY,1521,1921,178,11,105,7,12285,733,87,2920.7,4.206183449,4.457150683
20-05-2026,500613,Paper Plates - May'26,Keyword,paper plate,EXACT,5,DAILY,700,7154,102,9,58,8,7752,882,49,5007.8,1.547985143,1.724110388
20-05-2026,500613,Paper Plates - May'26,Keyword,paper plates,EXACT,5,DAILY,500,1433,14,1,12,1,1578,99,9,716.5,2.202372645,2.340544313
21-05-2026,500611,Clone of Bowl - May'26,Keyword,dona,EXACT,1,DAILY,500,300,29,1,14,1,1566,169,10,150,10.44,11.56666667
21-05-2026,500611,Clone of Bowl - May'26,Keyword,paper bowl,EXACT,1,DAILY,600,211,6,0,2,0,198,0,1,126.6,1.563981043,1.563981043
21-05-2026,500611,Clone of Bowl - May'26,Keyword,small bowl,EXACT,1,DAILY,800,163,4,2,1,0,99,0,1,130.4,0.759202454,0.759202454
21-05-2026,500611,Clone of Bowl - May'26,Keyword,bowls,EXACT,1,DAILY,488,310,10,1,3,1,297,169,3,152.4,1.948818898,3.057742782
21-05-2026,500611,Clone of Bowl - May'26,Keyword,disposable bowl,EXACT,1,DAILY,1521,1958,129,18,80,14,9360,1766,76,2976.8,3.144316044,3.737570546
21-05-2026,500613,Paper Plates - May'26,Keyword,paper plate,EXACT,5,DAILY,700,3440,58,6,35,4,4265,396,29,2408,1.771179402,1.935631229
21-05-2026,500613,Paper Plates - May'26,Keyword,paper plates,EXACT,5,DAILY,500,1381,27,2,18,1,2342,99,13,690.5,3.391745112,3.535119479
21-05-2026,500613,Paper Plates - May'26,Keyword,paper plate,EXACT,5,DAILY,650,2900,44,7,23,5,2787,495,19,1893.1,1.472188474,1.73366436
22-05-2026,500611,Clone of Bowl - May'26,Keyword,dona,EXACT,1,DAILY,500,267,17,0,7,0,693,0,5,133.5,5.191011236,5.191011236
22-05-2026,500611,Clone of Bowl - May'26,Keyword,paper bowl,EXACT,1,DAILY,600,247,17,1,13,1,1557,69,12,148.2,10.50607287,10.97165992
22-05-2026,500611,Clone of Bowl - May'26,Keyword,small bowl,EXACT,1,DAILY,800,158,4,2,3,2,387,238,3,126.4,3.061708861,4.944620253
22-05-2026,500611,Clone of Bowl - May'26,Keyword,bowls,EXACT,1,DAILY,488,328,7,1,5,1,495,119,5,161,3.074534161,3.813664596
22-05-2026,500611,Clone of Bowl - May'26,Keyword,disposable bowl,EXACT,1,DAILY,1521,2140,143,11,85,4,9135,676,78,3254.5,2.806882778,3.014595176
22-05-2026,500613,Paper Plates - May'26,Keyword,paper plate,EXACT,5,DAILY,700,1,0,0,0,0,0,0,0,0.7,0,0
22-05-2026,500613,Paper Plates - May'26,Keyword,paper plates,EXACT,5,DAILY,500,713,13,6,7,3,1133,297,9,356.5,3.178120617,4.011220196
22-05-2026,500613,Paper Plates - May'26,Keyword,paper plate,EXACT,5,DAILY,650,4208,75,7,48,5,5972,495,36,2743.8,2.17654348,2.356950215
23-05-2026,500611,Clone of Bowl - May'26,Keyword,dona,EXACT,1,DAILY,500,285,17,0,9,0,981,0,8,142.5,6.884210526,6.884210526
23-05-2026,500611,Clone of Bowl - May'26,Keyword,paper bowl,EXACT,1,DAILY,600,297,11,2,6,2,684,138,7,178.2,3.838383838,4.612794613
23-05-2026,500611,Clone of Bowl - May'26,Keyword,small bowl,EXACT,1,DAILY,800,176,8,0,4,0,486,0,4,140.8,3.451704545,3.451704545
23-05-2026,500611,Clone of Bowl - May'26,Keyword,bowls,EXACT,1,DAILY,488,361,6,1,4,0,486,0,3,177.3,2.741116751,2.741116751
23-05-2026,500611,Clone of Bowl - May'26,Keyword,disposable bowl,EXACT,1,DAILY,1521,2587,184,24,115,11,12825,1359,100,3933.7,3.260289295,3.605765564
24-05-2026,500611,Clone of Bowl - May'26,Keyword,dona,EXACT,1,DAILY,500,368,37,1,17,1,1953,119,13,184,10.61413043,11.26086957
24-05-2026,500611,Clone of Bowl - May'26,Keyword,paper bowl,EXACT,1,DAILY,600,254,23,0,17,0,1773,0,15,152.4,11.63385827,11.63385827
24-05-2026,500611,Clone of Bowl - May'26,Keyword,small bowl,EXACT,1,DAILY,800,192,5,0,3,0,297,0,2,153.6,1.93359375,1.93359375
24-05-2026,500611,Clone of Bowl - May'26,Keyword,bowls,EXACT,1,DAILY,488,408,12,0,5,0,495,0,4,200.2,2.472527473,2.472527473
24-05-2026,500611,Clone of Bowl - May'26,Keyword,disposable bowl,EXACT,1,DAILY,1521,2503,190,17,121,10,13726,1390,102,3806.5,3.605937213,3.971102062
25-05-2026,500611,Clone of Bowl - May'26,Keyword,dona,EXACT,1,DAILY,500,282,21,0,10,0,990,0,7,141,7.021276596,7.021276596
25-05-2026,500611,Clone of Bowl - May'26,Keyword,paper bowl,EXACT,1,DAILY,600,194,11,0,6,0,774,0,4,116.4,6.649484536,6.649484536
25-05-2026,500611,Clone of Bowl - May'26,Keyword,small bowl,EXACT,1,DAILY,800,150,2,0,2,0,198,0,2,120,1.65,1.65
25-05-2026,500611,Clone of Bowl - May'26,Keyword,bowls,EXACT,1,DAILY,488,275,4,0,3,0,297,0,3,135.2,2.196745562,2.196745562
25-05-2026,500611,Clone of Bowl - May'26,Keyword,disposable bowl,EXACT,1,DAILY,1521,1843,133,12,77,8,9063,1052,55,2802.4,3.234013703,3.609406223
26-05-2026,500611,Clone of Bowl - May'26,Keyword,dona,EXACT,1,DAILY,500,75,6,0,4,0,486,0,4,37.5,12.96,12.96
26-05-2026,500611,Clone of Bowl - May'26,Keyword,paper bowl,EXACT,1,DAILY,600,231,17,0,10,0,990,0,8,138.6,7.142857143,7.142857143
26-05-2026,500611,Clone of Bowl - May'26,Keyword,small bowl,EXACT,1,DAILY,800,30,1,0,1,0,99,0,1,24,4.125,4.125
26-05-2026,500611,Clone of Bowl - May'26,Keyword,bowls,EXACT,1,DAILY,488,43,1,0,1,0,99,0,1,21.4,4.626168224,4.626168224
26-05-2026,500611,Clone of Bowl - May'26,Keyword,disposable bowl,EXACT,1,DAILY,1521,2039,133,7,73,2,8577,238,62,3100.8,2.766060372,2.842814757
26-05-2026,500611,Clone of Bowl - May'26,Keyword,dona,EXACT,1,DAILY,450,245,19,2,7,1,783,69,6,112.8,6.941489362,7.553191489
27-05-2026,500611,Clone of Bowl - May'26,Keyword,paper bowl,EXACT,1,DAILY,600,75,4,0,3,0,387,0,3,45,8.6,8.6
27-05-2026,500611,Clone of Bowl - May'26,Keyword,disposable bowl,EXACT,1,DAILY,1521,1430,115,10,53,6,6777,564,44,2174.3,3.116865198,3.376259026
27-05-2026,500611,Clone of Bowl - May'26,Keyword,dona,EXACT,1,DAILY,450,108,13,4,11,4,1359,526,8,49.6,27.39919355,38.00403226
27-05-2026,500611,Clone of Bowl - May'26,Keyword,paper bowl,EXACT,1,DAILY,600,191,13,2,11,2,1359,288,7,114.6,11.85863874,14.37172775
27-05-2026,500611,Clone of Bowl - May'26,Keyword,dona,EXACT,1,DAILY,450,105,6,0,5,0,495,0,2,48.9,10.12269939,10.12269939
26-05-2026,500611,Clone of Bowl - May'26,Keyword,katori,EXACT,1,DAILY,550,2,0,0,0,0,0,0,0,1.1,0,0
27-05-2026,500611,Clone of Bowl - May'26,Keyword,katori,EXACT,1,DAILY,550,896,8,3,2,3,198,407,5,497,0.398390342,1.217303823
27-05-2026,500611,Clone of Bowl - May'26,Keyword,dona,EXACT,1,DAILY,550,119,10,0,6,0,684,0,5,66.8,10.23952096,10.23952096
26-05-2026,500611,Clone of Bowl - May'26,Keyword,disposable bowl,EXACT,1,DAILY,1600,4,0,0,0,0,0,0,0,6.4,0,0
27-05-2026,500611,Clone of Bowl - May'26,Keyword,disposable bowl,EXACT,1,DAILY,1600,1003,80,8,41,9,4869,821,38,1604.8,3.034022931,3.545613161
27-05-2026,500613,Paper Plates - May'26,Keyword,paper plates,EXACT,5,DAILY,500,655,12,0,8,0,1002,0,6,327.5,3.059541985,3.059541985
23-05-2026,500613,Paper Plates - May'26,Keyword,paper plate,EXACT,5,DAILY,650,1,0,0,0,0,0,0,0,0.7,0,0
27-05-2026,500613,Paper Plates - May'26,Keyword,paper plate,EXACT,5,DAILY,650,21,0,0,0,0,0,0,0,13.8,0,0
27-05-2026,500613,Paper Plates - May'26,Keyword,plate,EXACT,1,DAILY,501,10502,125,8,74,6,7756,594,62,5257.6,1.475197809,1.588177115
27-05-2026,500613,Paper Plates - May'26,Keyword,plates,EXACT,1,DAILY,601,2929,30,5,15,3,1985,297,16,1759,1.128482092,1.297328027
27-05-2026,500613,Paper Plates - May'26,Keyword,paper plates,EXACT,1,DAILY,914,485,4,3,3,3,407,297,4,441.9,0.921022856,1.593120616
27-05-2026,500613,Paper Plates - May'26,Keyword,plates,EXACT,1,DAILY,690,1271,15,6,6,2,814,198,7,880.4,0.924579736,1.14947751
28-05-2026,500611,Clone of Bowl - May'26,Keyword,paper bowl,EXACT,1,DAILY,600,305,28,0,17,0,1863,0,17,183,10.18032787,10.18032787
28-05-2026,500611,Clone of Bowl - May'26,Keyword,katori,EXACT,1,DAILY,550,1271,31,4,18,1,2142,119,15,704.2,3.041749503,3.210735586
28-05-2026,500611,Clone of Bowl - May'26,Keyword,dona,EXACT,1,DAILY,550,259,22,0,16,0,1674,0,14,144.5,11.58477509,11.58477509
28-05-2026,500611,Clone of Bowl - May'26,Keyword,disposable bowl,EXACT,1,DAILY,1600,3086,252,16,171,13,19089,1697,145,4937.6,3.866048283,4.209737524
28-05-2026,500613,Paper Plates - May'26,Keyword,plate,EXACT,1,DAILY,501,21963,271,30,187,20,21223,2340,146,10997.9,1.92973204,2.142499932
28-05-2026,500613,Paper Plates - May'26,Keyword,paper plates,EXACT,1,DAILY,914,3094,58,5,33,3,3977,297,29,2825.4,1.407588306,1.512706165
28-05-2026,500613,Paper Plates - May'26,Keyword,plates,EXACT,1,DAILY,690,1539,31,0,24,0,2906,0,14,1065.9,2.726334553,2.726334553
29-05-2026,500611,Clone of Bowl - May'26,Keyword,paper bowl,EXACT,1,DAILY,600,251,16,0,10,0,1080,0,9,150.6,7.171314741,7.171314741
29-05-2026,500611,Clone of Bowl - May'26,Keyword,katori,EXACT,1,DAILY,550,1025,10,0,8,0,972,0,5,568.2,1.710665259,1.710665259
29-05-2026,500611,Clone of Bowl - May'26,Keyword,dona,EXACT,1,DAILY,550,302,19,1,7,1,693,169,7,168.6,4.110320285,5.112692764
29-05-2026,500611,Clone of Bowl - May'26,Keyword,disposable bowl,EXACT,1,DAILY,1600,2512,188,18,108,11,12402,1559,96,4019.2,3.085688694,3.473576831
29-05-2026,500613,Paper Plates - May'26,Keyword,plate,EXACT,1,DAILY,501,20129,267,13,177,9,21183,1071,140,10078.5,2.101800863,2.208066677
29-05-2026,500613,Paper Plates - May'26,Keyword,paper plates,EXACT,1,DAILY,914,3590,48,6,26,7,3254,693,24,3279.6,0.99219417,1.203500427
30-05-2026,500611,Clone of Bowl - May'26,Keyword,paper bowl,EXACT,1,DAILY,600,375,35,2,21,0,2619,0,17,225,11.64,11.64
30-05-2026,500611,Clone of Bowl - May'26,Keyword,katori,EXACT,1,DAILY,550,1182,14,0,5,0,495,0,5,654.7,0.756071483,0.756071483
30-05-2026,500611,Clone of Bowl - May'26,Keyword,dona,EXACT,1,DAILY,550,410,44,1,32,1,3618,69,26,228,15.86842105,16.17105263
30-05-2026,500611,Clone of Bowl - May'26,Keyword,disposable bowl,EXACT,1,DAILY,1600,2805,214,24,124,11,14616,1359,109,4488,3.256684492,3.559491979
30-05-2026,500613,Paper Plates - May'26,Keyword,plate,EXACT,1,DAILY,501,23666,247,25,168,18,18702,1782,152,11851.8,1.577988154,1.728345062
30-05-2026,500613,Paper Plates - May'26,Keyword,paper plates,EXACT,1,DAILY,914,3987,96,16,64,11,7916,1179,52,3642.9,2.172994043,2.496637294
31-05-2026,500611,Clone of Bowl - May'26,Keyword,paper bowl,EXACT,1,DAILY,600,351,30,0,14,0,1476,0,12,210.6,7.008547009,7.008547009
31-05-2026,500611,Clone of Bowl - May'26,Keyword,katori,EXACT,1,DAILY,550,1308,19,1,14,1,1476,119,13,723.9,2.038955657,2.203343003
31-05-2026,500611,Clone of Bowl - May'26,Keyword,dona,EXACT,1,DAILY,550,494,55,4,27,2,3303,338,22,274.7,12.02402621,13.25445941
31-05-2026,500611,Clone of Bowl - May'26,Keyword,disposable bowl,EXACT,1,DAILY,1600,2901,224,16,131,13,15399,1897,115,4641.6,3.317605998,3.726301275
31-05-2026,500613,Paper Plates - May'26,Keyword,plate,EXACT,1,DAILY,501,26483,247,15,145,12,16405,1458,123,13261.8,1.237011567,1.346951394
31-05-2026,500613,Paper Plates - May'26,Keyword,paper plates,EXACT,1,DAILY,914,3670,67,3,48,1,5812,99,36,3352.8,1.733476497,1.763004056
05-06-2026,529350,Bowls - Generic June'26,Keyword,katori,EXACT,1,DAILY,500,601,5,0,4,0,396,0,3,300.5,1.317803661,1.317803661
05-06-2026,529350,Bowls - Generic June'26,Keyword,Others,SMART,1,DAILY,500,1,0,0,0,0,0,0,0,0.5,0,0
05-06-2026,529350,Bowls - Generic June'26,Keyword,Others,SMART,1,DAILY,500,3,0,0,0,0,0,0,0,1.5,0,0
05-06-2026,529350,Bowls - Generic June'26,Keyword,kataifi,SMART,5,DAILY,500,5,0,0,0,0,0,0,0,2.5,0,0
05-06-2026,529350,Bowls - Generic June'26,Keyword,Others,SMART,1,DAILY,500,2,0,0,0,0,0,0,0,1,0,0
05-06-2026,529350,Bowls - Generic June'26,Keyword,kathi,SMART,1,DAILY,500,5,0,0,0,0,0,0,0,2.5,0,0
05-06-2026,529350,Bowls - Generic June'26,Keyword,Others,SMART,1,DAILY,500,3,0,0,0,0,0,0,0,1.5,0,0
05-06-2026,529350,Bowls - Generic June'26,Keyword,kato,SMART,1,DAILY,500,43,0,0,0,0,0,0,0,21.5,0,0
05-06-2026,529350,Bowls - Generic June'26,Keyword,Others,SMART,1,DAILY,500,4,0,0,0,0,0,0,0,2,0,0
05-06-2026,529350,Bowls - Generic June'26,Keyword,Others,SMART,1,DAILY,500,3,0,0,0,0,0,0,0,1.5,0,0
05-06-2026,529350,Bowls - Generic June'26,Keyword,Others,SMART,1,DAILY,500,1,0,0,0,0,0,0,0,0.5,0,0
05-06-2026,529350,Bowls - Generic June'26,Keyword,Others,SMART,1,DAILY,500,1,0,0,0,0,0,0,0,0.5,0,0
05-06-2026,529350,Bowls - Generic June'26,Keyword,katti,SMART,1,DAILY,500,7,0,0,0,0,0,0,0,3.5,0,0
05-06-2026,529350,Bowls - Generic June'26,Keyword,kattu,SMART,1,DAILY,500,7,0,0,0,0,0,0,0,3.5,0,0
05-06-2026,529350,Bowls - Generic June'26,Keyword,Others,SMART,1,DAILY,500,1,0,0,0,0,0,0,0,0.5,0,0
05-06-2026,529350,Bowls - Generic June'26,Keyword,kito,SMART,1,DAILY,500,21,0,0,0,0,0,0,0,10.5,0,0
05-06-2026,529350,Bowls - Generic June'26,Keyword,Others,SMART,1,DAILY,500,4,0,0,0,0,0,0,0,2,0,0
05-06-2026,529350,Bowls - Generic June'26,Keyword,small bowl,EXACT,1,DAILY,500,86,1,0,1,0,99,0,1,43,2.302325581,2.302325581
05-06-2026,529350,Bowls - Generic June'26,Keyword,Others,SMART,1,DAILY,500,1,0,0,0,0,0,0,0,0.5,0,0
05-06-2026,529350,Bowls - Generic June'26,Keyword,bowl small,SMART,1,DAILY,500,6,0,0,0,0,0,0,0,3,0,0
05-06-2026,529350,Bowls - Generic June'26,Keyword,small,SMART,5,DAILY,500,6,0,0,0,0,0,0,0,3,0,0
05-06-2026,529350,Bowls - Generic June'26,Keyword,small bal,SMART,1,DAILY,500,13,0,0,0,0,0,0,0,6.5,0,0
05-06-2026,529350,Bowls - Generic June'26,Keyword,small ball,SMART,5,DAILY,500,8,0,0,0,0,0,0,0,4,0,0
05-06-2026,529350,Bowls - Generic June'26,Keyword,small balls,SMART,1,DAILY,500,5,0,0,0,0,0,0,0,2.5,0,0
05-06-2026,529350,Bowls - Generic June'26,Keyword,Others,SMART,1,DAILY,500,1,0,0,0,0,0,0,0,0.5,0,0
05-06-2026,529350,Bowls - Generic June'26,Keyword,small bow,SMART,1,DAILY,500,14,0,0,0,0,0,0,0,7,0,0
05-06-2026,529350,Bowls - Generic June'26,Keyword,small bowl for,SMART,1,DAILY,500,4,0,0,0,0,0,0,0,2,0,0
05-06-2026,529350,Bowls - Generic June'26,Keyword,Others,SMART,1,DAILY,500,1,0,0,0,0,0,0,0,0.5,0,0
05-06-2026,529350,Bowls - Generic June'26,Keyword,small vati,SMART,1,DAILY,500,3,0,0,0,0,0,0,0,1.5,0,0
05-06-2026,529350,Bowls - Generic June'26,Keyword,Others,SMART,1,DAILY,500,1,0,0,0,0,0,0,0,0.5,0,0
05-06-2026,529350,Bowls - Generic June'26,Keyword,smallbowl,SMART,1,DAILY,500,6,0,0,0,0,0,0,0,3,0,0
05-06-2026,529350,Bowls - Generic June'26,Keyword,paper bowl,EXACT,1,DAILY,500,141,4,0,2,0,288,0,2,70.5,4.085106383,4.085106383
05-06-2026,529350,Bowls - Generic June'26,Keyword,bowls,EXACT,1,DAILY,500,201,4,0,2,0,198,0,2,100.5,1.970149254,1.970149254
05-06-2026,529350,Bowls - Generic June'26,Keyword,bowl,EXACT,1,DAILY,500,2081,22,3,11,1,1269,69,10,1040.5,1.219605959,1.285920231
05-06-2026,529350,Bowls - Generic June'26,Keyword,Others,SMART,1,DAILY,500,8,0,0,0,0,0,0,0,4,0,0
05-06-2026,529350,Bowls - Generic June'26,Keyword,Others,SMART,1,DAILY,500,10,0,0,0,0,0,0,0,5,0,0
05-06-2026,529350,Bowls - Generic June'26,Keyword,Others,SMART,1,DAILY,500,2,0,0,0,0,0,0,0,1,0,0
05-06-2026,529350,Bowls - Generic June'26,Keyword,Others,SMART,1,DAILY,500,8,0,0,0,0,0,0,0,4,0,0
05-06-2026,529350,Bowls - Generic June'26,Keyword,Others,SMART,1,DAILY,500,15,0,0,0,0,0,0,0,7.5,0,0
05-06-2026,529350,Bowls - Generic June'26,Keyword,Others,SMART,1,DAILY,500,1,0,0,0,0,0,0,0,0.5,0,0
05-06-2026,529350,Bowls - Generic June'26,Keyword,Others,SMART,1,DAILY,500,2,0,0,0,0,0,0,0,1,0,0
05-06-2026,529350,Bowls - Generic June'26,Keyword,boul,SMART,5,DAILY,500,64,0,0,0,0,0,0,0,32,0,0
05-06-2026,529350,Bowls - Generic June'26,Keyword,Others,SMART,1,DAILY,500,1,0,0,0,0,0,0,0,0.5,0,0
05-06-2026,529350,Bowls - Generic June'26,Keyword,Others,SMART,1,DAILY,500,1,0,0,0,0,0,0,0,0.5,0,0
05-06-2026,529350,Bowls - Generic June'26,Keyword,Others,SMART,1,DAILY,500,1,0,0,0,0,0,0,0,0.5,0,0
05-06-2026,529350,Bowls - Generic June'26,Keyword,Others,SMART,1,DAILY,500,1,0,0,0,0,0,0,0,0.5,0,0
05-06-2026,529350,Bowls - Generic June'26,Keyword,bow,SMART,1,DAILY,500,324,0,0,0,0,0,0,0,162,0,0
05-06-2026,529350,Bowls - Generic June'26,Keyword,Others,SMART,1,DAILY,500,5,0,0,0,0,0,0,0,2.5,0,0
05-06-2026,529350,Bowls - Generic June'26,Keyword,Others,SMART,1,DAILY,500,3,0,0,0,0,0,0,0,1.5,0,0
05-06-2026,529350,Bowls - Generic June'26,Keyword,Others,SMART,1,DAILY,500,6,0,0,0,0,0,0,0,3,0,0
05-06-2026,529350,Bowls - Generic June'26,Keyword,Others,SMART,1,DAILY,500,1,0,0,0,0,0,0,0,0.5,0,0
05-06-2026,529350,Bowls - Generic June'26,Keyword,Others,SMART,1,DAILY,500,3,0,0,0,0,0,0,0,1.5,0,0
05-06-2026,529350,Bowls - Generic June'26,Keyword,Others,SMART,1,DAILY,500,6,0,0,0,0,0,0,0,3,0,0
05-06-2026,529350,Bowls - Generic June'26,Keyword,Others,SMART,1,DAILY,500,1,0,0,0,0,0,0,0,0.5,0,0
05-06-2026,529350,Bowls - Generic June'26,Keyword,Others,SMART,1,DAILY,500,3,0,0,0,0,0,0,0,1.5,0,0
05-06-2026,529350,Bowls - Generic June'26,Keyword,Others,SMART,1,DAILY,500,4,0,0,0,0,0,0,0,2,0,0
05-06-2026,529350,Bowls - Generic June'26,Keyword,Others,SMART,1,DAILY,500,6,0,0,0,0,0,0,0,3,0,0
05-06-2026,529350,Bowls - Generic June'26,Keyword,Others,SMART,1,DAILY,500,12,0,0,0,0,0,0,0,6,0,0
05-06-2026,529350,Bowls - Generic June'26,Keyword,Others,SMART,1,DAILY,500,13,0,0,0,0,0,0,0,6.5,0,0
05-06-2026,529350,Bowls - Generic June'26,Keyword,Others,SMART,1,DAILY,500,1,0,0,0,0,0,0,0,0.5,0,0
05-06-2026,529350,Bowls - Generic June'26,Keyword,Others,SMART,1,DAILY,500,1,0,0,0,0,0,0,0,0.5,0,0
05-06-2026,529350,Bowls - Generic June'26,Keyword,Others,SMART,1,DAILY,500,2,0,0,0,0,0,0,0,1,0,0
05-06-2026,529350,Bowls - Generic June'26,Keyword,Others,SMART,1,DAILY,500,13,0,0,0,0,0,0,0,6.5,0,0
05-06-2026,529350,Bowls - Generic June'26,Keyword,Others,SMART,1,DAILY,500,11,0,0,0,0,0,0,0,5.5,0,0
05-06-2026,529350,Bowls - Generic June'26,Keyword,Others,SMART,1,DAILY,500,1,0,0,0,0,0,0,0,0.5,0,0
05-06-2026,529350,Bowls - Generic June'26,Keyword,disposable bowl,EXACT,1,DAILY,500,1178,64,5,34,3,4806,307,29,589,8.15959253,8.680814941
05-06-2026,529350,Bowls - Generic June'26,Keyword,Others,SMART,1,DAILY,500,1,0,0,0,0,0,0,0,0.5,0,0
05-06-2026,529350,Bowls - Generic June'26,Keyword,Others,SMART,1,DAILY,500,2,0,0,0,0,0,0,0,1,0,0
05-06-2026,529350,Bowls - Generic June'26,Keyword,Others,SMART,1,DAILY,500,2,0,0,0,0,0,0,0,1,0,0
05-06-2026,529350,Bowls - Generic June'26,Keyword,Others,SMART,1,DAILY,500,4,0,0,0,0,0,0,0,2,0,0
05-06-2026,529350,Bowls - Generic June'26,Keyword,Others,SMART,1,DAILY,500,1,0,0,0,0,0,0,0,0.5,0,0
05-06-2026,529350,Bowls - Generic June'26,Keyword,Others,SMART,1,DAILY,500,152,0,0,0,0,0,0,0,76,0,0
05-06-2026,529350,Bowls - Generic June'26,Keyword,bow,SMART,1,DAILY,500,573,0,4,0,0,0,0,0,286.5,0,0
05-06-2026,529350,Bowls - Generic June'26,Keyword,Others,SMART,1,DAILY,500,1,0,0,0,0,0,0,0,0.5,0,0
05-06-2026,529350,Bowls - Generic June'26,Keyword,Others,SMART,1,DAILY,500,3,0,0,0,0,0,0,0,1.5,0,0
05-06-2026,529350,Bowls - Generic June'26,Keyword,Others,SMART,1,DAILY,500,1,0,0,0,0,0,0,0,0.5,0,0
05-06-2026,529350,Bowls - Generic June'26,Keyword,Others,SMART,1,DAILY,500,7,0,0,0,0,0,0,0,3.5,0,0
05-06-2026,529350,Bowls - Generic June'26,Keyword,bowl,SMART,1,DAILY,500,611,4,0,2,0,198,0,0,305.5,0.64811784,0.64811784
05-06-2026,529350,Bowls - Generic June'26,Keyword,Others,SMART,1,DAILY,500,2,0,0,0,0,0,0,0,1,0,0
05-06-2026,529350,Bowls - Generic June'26,Keyword,Others,SMART,1,DAILY,500,11,0,0,0,0,0,0,0,5.5,0,0
05-06-2026,529350,Bowls - Generic June'26,Keyword,Others,SMART,1,DAILY,500,1,0,0,0,0,0,0,0,0.5,0,0
05-06-2026,529350,Bowls - Generic June'26,Keyword,Others,SMART,1,DAILY,500,1,0,0,0,0,0,0,0,0.5,0,0
05-06-2026,529350,Bowls - Generic June'26,Keyword,Others,SMART,1,DAILY,500,3,0,0,0,0,0,0,0,1.5,0,0
05-06-2026,529350,Bowls - Generic June'26,Keyword,Others,SMART,1,DAILY,500,11,0,0,0,0,0,0,0,5.5,0,0
05-06-2026,529350,Bowls - Generic June'26,Keyword,Others,SMART,1,DAILY,500,1,0,0,0,0,0,0,0,0.5,0,0
05-06-2026,529350,Bowls - Generic June'26,Keyword,Others,SMART,1,DAILY,500,20,0,0,0,0,0,0,0,10,0,0
05-06-2026,529350,Bowls - Generic June'26,Keyword,Others,SMART,1,DAILY,500,1,0,0,0,0,0,0,0,0.5,0,0
05-06-2026,529350,Bowls - Generic June'26,Keyword,Others,SMART,1,DAILY,500,36,0,0,0,0,0,0,0,18,0,0
05-06-2026,529350,Bowls - Generic June'26,Keyword,Others,SMART,1,DAILY,500,1,0,0,0,0,0,0,0,0.5,0,0
05-06-2026,529350,Bowls - Generic June'26,Keyword,Others,SMART,1,DAILY,500,1,0,0,0,0,0,0,0,0.5,0,0
05-06-2026,529350,Bowls - Generic June'26,Keyword,Others,SMART,1,DAILY,500,1,0,0,0,0,0,0,0,0.5,0,0
05-06-2026,529350,Bowls - Generic June'26,Keyword,Others,SMART,1,DAILY,500,1,0,0,0,0,0,0,0,0.5,0,0
05-06-2026,529350,Bowls - Generic June'26,Keyword,Others,SMART,1,DAILY,500,1,0,0,0,0,0,0,0,0.5,0,0
05-06-2026,529350,Bowls - Generic June'26,Keyword,Others,SMART,1,DAILY,500,1,0,0,0,0,0,0,0,0.5,0,0
05-06-2026,529350,Bowls - Generic June'26,Keyword,Others,SMART,1,DAILY,500,2,0,0,0,0,0,0,0,1,0,0
05-06-2026,529350,Bowls - Generic June'26,Keyword,Others,SMART,1,DAILY,500,1,0,0,0,0,0,0,0,0.5,0,0
05-06-2026,529350,Bowls - Generic June'26,Keyword,Others,SMART,1,DAILY,500,80,0,0,0,0,0,0,0,40,0,0
05-06-2026,529350,Bowls - Generic June'26,Keyword,Others,SMART,1,DAILY,500,1,0,0,0,0,0,0,0,0.5,0,0
05-06-2026,529350,Bowls - Generic June'26,Keyword,Others,SMART,1,DAILY,500,3,0,0,0,0,0,0,0,1.5,0,0
05-06-2026,529350,Bowls - Generic June'26,Keyword,Others,SMART,1,DAILY,500,1,0,0,0,0,0,0,0,0.5,0,0
05-06-2026,529350,Bowls - Generic June'26,Keyword,Others,SMART,1,DAILY,500,1,0,0,0,0,0,0,0,0.5,0,0
05-06-2026,529350,Bowls - Generic June'26,Keyword,Others,SMART,1,DAILY,500,7,1,0,0,0,0,0,0,3.5,0,0
05-06-2026,529350,Bowls - Generic June'26,Keyword,Others,SMART,1,DAILY,500,1,0,0,0,0,0,0,0,0.5,0,0
05-06-2026,529350,Bowls - Generic June'26,Keyword,Others,SMART,1,DAILY,500,4,0,0,0,0,0,0,0,2,0,0
05-06-2026,529350,Bowls - Generic June'26,Keyword,Others,SMART,1,DAILY,500,40,0,0,0,0,0,0,0,20,0,0
05-06-2026,529350,Bowls - Generic June'26,Keyword,Others,SMART,1,DAILY,500,1,0,0,0,0,0,0,0,0.5,0,0
05-06-2026,529350,Bowls - Generic June'26,Keyword,Others,SMART,1,DAILY,500,2,0,0,0,0,0,0,0,1,0,0
05-06-2026,529350,Bowls - Generic June'26,Keyword,Others,SMART,1,DAILY,500,2,0,0,0,0,0,0,0,1,0,0
05-06-2026,529350,Bowls - Generic June'26,Keyword,Others,SMART,1,DAILY,500,32,1,3,1,3,99,357,0,16,6.1875,28.5
05-06-2026,529350,Bowls - Generic June'26,Keyword,Others,SMART,1,DAILY,500,1,0,0,0,0,0,0,0,0.5,0,0
05-06-2026,529350,Bowls - Generic June'26,Keyword,Others,SMART,1,DAILY,500,9,0,0,0,0,0,0,0,4.5,0,0
05-06-2026,529350,Bowls - Generic June'26,Keyword,Others,SMART,1,DAILY,500,1,0,0,0,0,0,0,0,0.5,0,0
05-06-2026,529350,Bowls - Generic June'26,Keyword,Others,SMART,1,DAILY,500,7,0,0,0,0,0,0,0,3.5,0,0
05-06-2026,529350,Bowls - Generic June'26,Keyword,Others,SMART,1,DAILY,500,9,0,0,0,0,0,0,0,4.5,0,0
05-06-2026,529350,Bowls - Generic June'26,Keyword,Others,SMART,1,DAILY,500,1,0,0,0,0,0,0,0,0.5,0,0
05-06-2026,529350,Bowls - Generic June'26,Keyword,Others,SMART,1,DAILY,500,1,0,0,0,0,0,0,0,0.5,0,0
05-06-2026,529350,Bowls - Generic June'26,Keyword,Others,SMART,1,DAILY,500,1,0,0,0,0,0,0,0,0.5,0,0
05-06-2026,529350,Bowls - Generic June'26,Keyword,Others,SMART,1,DAILY,500,125,0,1,0,1,0,169,1,62.5,0,2.704
05-06-2026,529350,Bowls - Generic June'26,Keyword,Others,SMART,1,DAILY,500,1,0,0,0,0,0,0,0,0.5,0,0
05-06-2026,529350,Bowls - Generic June'26,Keyword,Others,SMART,1,DAILY,500,2,0,0,0,0,0,0,0,1,0,0
05-06-2026,529350,Bowls - Generic June'26,Keyword,Others,SMART,1,DAILY,500,2,0,0,0,0,0,0,0,1,0,0
05-06-2026,529350,Bowls - Generic June'26,Keyword,Others,SMART,1,DAILY,500,5,0,0,0,0,0,0,0,2.5,0,0
05-06-2026,529350,Bowls - Generic June'26,Keyword,Others,SMART,1,DAILY,500,7,0,0,0,0,0,0,0,3.5,0,0
05-06-2026,529350,Bowls - Generic June'26,Keyword,Others,SMART,1,DAILY,500,10,0,0,0,0,0,0,0,5,0,0
05-06-2026,529350,Bowls - Generic June'26,Keyword,disp,SMART,1,DAILY,500,519,1,2,0,0,0,0,0,259.5,0,0
05-06-2026,529350,Bowls - Generic June'26,Keyword,Others,SMART,1,DAILY,500,1,0,0,0,0,0,0,0,0.5,0,0
05-06-2026,529350,Bowls - Generic June'26,Keyword,Others,SMART,1,DAILY,500,12,0,0,0,0,0,0,0,6,0,0
05-06-2026,529350,Bowls - Generic June'26,Keyword,Others,SMART,1,DAILY,500,11,0,0,0,0,0,0,0,5.5,0,0
05-06-2026,529350,Bowls - Generic June'26,Keyword,dispo,SMART,1,DAILY,500,2173,10,19,8,10,792,1190,10,1086.5,0.728946157,1.824206167
05-06-2026,529350,Bowls - Generic June'26,Keyword,Others,SMART,1,DAILY,500,2,0,0,0,0,0,0,0,1,0,0
05-06-2026,529350,Bowls - Generic June'26,Keyword,Others,SMART,1,DAILY,500,1,0,0,0,0,0,0,0,0.5,0,0
05-06-2026,529350,Bowls - Generic June'26,Keyword,dispos,SMART,1,DAILY,500,225,1,0,1,0,189,0,1,112.5,1.68,1.68
05-06-2026,529350,Bowls - Generic June'26,Keyword,disposa,SMART,1,DAILY,500,581,3,5,2,4,198,626,3,290.5,0.681583477,2.836488812
05-06-2026,529350,Bowls - Generic June'26,Keyword,Others,SMART,1,DAILY,500,1,0,0,0,0,0,0,0,0.5,0,0
05-06-2026,529350,Bowls - Generic June'26,Keyword,Others,SMART,1,DAILY,500,68,1,0,1,0,99,0,1,34,2.911764706,2.911764706
05-06-2026,529350,Bowls - Generic June'26,Keyword,Others,SMART,1,DAILY,500,71,0,0,0,0,0,0,0,35.5,0,0
05-06-2026,529350,Bowls - Generic June'26,Keyword,disposable,SMART,1,DAILY,500,1610,10,5,5,4,495,526,7,805,0.614906832,1.268322981
05-06-2026,529350,Bowls - Generic June'26,Keyword,Others,SMART,1,DAILY,500,56,0,0,0,0,0,0,0,28,0,0
05-06-2026,529350,Bowls - Generic June'26,Keyword,Others,SMART,1,DAILY,500,1,0,0,0,0,0,0,0,0.5,0,0
05-06-2026,529350,Bowls - Generic June'26,Keyword,Others,SMART,1,DAILY,500,11,0,0,0,0,0,0,0,5.5,0,0
05-06-2026,529350,Bowls - Generic June'26,Keyword,Others,SMART,1,DAILY,500,86,0,0,0,0,0,0,0,43,0,0
05-06-2026,529350,Bowls - Generic June'26,Keyword,Others,SMART,1,DAILY,500,29,1,0,0,0,0,0,0,14.5,0,0
05-06-2026,529350,Bowls - Generic June'26,Keyword,Others,SMART,1,DAILY,500,1,0,0,0,0,0,0,0,0.5,0,0
05-06-2026,529350,Bowls - Generic June'26,Keyword,Others,SMART,1,DAILY,500,2,0,0,0,0,0,0,0,1,0,0
05-06-2026,529350,Bowls - Generic June'26,Keyword,Others,SMART,1,DAILY,500,16,0,0,0,0,0,0,0,8,0,0
05-06-2026,529350,Bowls - Generic June'26,Keyword,Others,SMART,1,DAILY,500,63,3,0,2,0,198,0,2,31.5,6.285714286,6.285714286
05-06-2026,529350,Bowls - Generic June'26,Keyword,Others,SMART,1,DAILY,500,38,0,0,0,0,0,0,0,19,0,0
05-06-2026,529350,Bowls - Generic June'26,Keyword,Others,SMART,1,DAILY,500,4,0,0,0,0,0,0,0,2,0,0
05-06-2026,529350,Bowls - Generic June'26,Keyword,Others,SMART,1,DAILY,500,2,0,0,0,0,0,0,0,1,0,0
05-06-2026,529350,Bowls - Generic June'26,Keyword,Others,SMART,1,DAILY,500,81,2,0,1,0,189,0,1,40.5,4.666666667,4.666666667
05-06-2026,529350,Bowls - Generic June'26,Keyword,Others,SMART,1,DAILY,500,50,0,0,0,0,0,0,0,25,0,0
05-06-2026,529350,Bowls - Generic June'26,Keyword,Others,SMART,1,DAILY,500,2,0,0,0,0,0,0,0,1,0,0
05-06-2026,529350,Bowls - Generic June'26,Keyword,Others,SMART,1,DAILY,500,5,0,0,0,0,0,0,0,2.5,0,0
05-06-2026,529350,Bowls - Generic June'26,Keyword,Others,SMART,1,DAILY,500,4,0,0,0,0,0,0,0,2,0,0
05-06-2026,529350,Bowls - Generic June'26,Keyword,Others,SMART,1,DAILY,500,2,0,0,0,0,0,0,0,1,0,0
05-06-2026,529350,Bowls - Generic June'26,Keyword,Others,SMART,1,DAILY,500,16,0,0,0,0,0,0,0,8,0,0
05-06-2026,529350,Bowls - Generic June'26,Keyword,Others,SMART,1,DAILY,500,18,0,0,0,0,0,0,0,9,0,0
05-06-2026,529350,Bowls - Generic June'26,Keyword,Others,SMART,1,DAILY,500,5,0,0,0,0,0,0,0,2.5,0,0
05-06-2026,529350,Bowls - Generic June'26,Keyword,Others,SMART,1,DAILY,500,2,0,0,0,0,0,0,0,1,0,0
05-06-2026,529350,Bowls - Generic June'26,Keyword,Others,SMART,1,DAILY,500,2,0,0,0,0,0,0,0,1,0,0
05-06-2026,529350,Bowls - Generic June'26,Keyword,Others,SMART,1,DAILY,500,3,0,0,0,0,0,0,0,1.5,0,0
05-06-2026,529350,Bowls - Generic June'26,Keyword,Others,SMART,1,DAILY,500,7,1,0,1,0,189,0,1,3.5,54,54
05-06-2026,529350,Bowls - Generic June'26,Keyword,Others,SMART,1,DAILY,500,1,0,0,0,0,0,0,0,0.5,0,0
05-06-2026,529350,Bowls - Generic June'26,Keyword,Others,SMART,1,DAILY,500,3,0,0,0,0,0,0,0,1.5,0,0
05-06-2026,529350,Bowls - Generic June'26,Keyword,Others,SMART,1,DAILY,500,1,0,0,0,0,0,0,0,0.5,0,0
05-06-2026,529350,Bowls - Generic June'26,Keyword,Others,SMART,1,DAILY,500,27,0,0,0,0,0,0,0,13.5,0,0
05-06-2026,529350,Bowls - Generic June'26,Keyword,Others,SMART,1,DAILY,500,4,0,0,0,0,0,0,0,2,0,0
05-06-2026,529350,Bowls - Generic June'26,Keyword,Others,SMART,1,DAILY,500,62,0,0,0,0,0,0,0,31,0,0
05-06-2026,529350,Bowls - Generic June'26,Keyword,Others,SMART,1,DAILY,500,1,0,0,0,0,0,0,0,0.5,0,0
05-06-2026,529350,Bowls - Generic June'26,Keyword,Others,SMART,1,DAILY,500,2,0,0,0,0,0,0,0,1,0,0
05-06-2026,529350,Bowls - Generic June'26,Keyword,Others,SMART,1,DAILY,500,1,0,0,0,0,0,0,0,0.5,0,0
05-06-2026,529350,Bowls - Generic June'26,Keyword,Others,SMART,1,DAILY,500,1,0,0,0,0,0,0,0,0.5,0,0
05-06-2026,529350,Bowls - Generic June'26,Keyword,Others,SMART,1,DAILY,500,4,0,0,0,0,0,0,0,2,0,0
05-06-2026,529350,Bowls - Generic June'26,Keyword,Others,SMART,1,DAILY,500,2,0,0,0,0,0,0,0,1,0,0
05-06-2026,529350,Bowls - Generic June'26,Keyword,Others,SMART,1,DAILY,500,1,0,0,0,0,0,0,0,0.5,0,0
05-06-2026,529350,Bowls - Generic June'26,Keyword,Others,SMART,1,DAILY,500,3,0,0,0,0,0,0,0,1.5,0,0
05-06-2026,529350,Bowls - Generic June'26,Keyword,Others,SMART,1,DAILY,500,2,0,0,0,0,0,0,0,1,0,0
05-06-2026,529350,Bowls - Generic June'26,Keyword,Others,SMART,1,DAILY,500,1,0,0,0,0,0,0,0,0.5,0,0
05-06-2026,529350,Bowls - Generic June'26,Keyword,disposal,SMART,1,DAILY,500,332,4,0,4,0,486,0,4,166,2.927710843,2.927710843
05-06-2026,529350,Bowls - Generic June'26,Keyword,Others,SMART,1,DAILY,500,3,0,0,0,0,0,0,0,1.5,0,0
05-06-2026,529350,Bowls - Generic June'26,Keyword,Others,SMART,1,DAILY,500,4,0,0,0,0,0,0,0,2,0,0
05-06-2026,529350,Bowls - Generic June'26,Keyword,Others,SMART,1,DAILY,500,1,0,0,0,0,0,0,0,0.5,0,0
05-06-2026,529350,Bowls - Generic June'26,Keyword,Others,SMART,1,DAILY,500,4,0,0,0,0,0,0,0,2,0,0
05-06-2026,529350,Bowls - Generic June'26,Keyword,Others,SMART,1,DAILY,500,2,0,0,0,0,0,0,0,1,0,0
05-06-2026,529350,Bowls - Generic June'26,Keyword,Others,SMART,1,DAILY,500,3,0,0,0,0,0,0,0,1.5,0,0
05-06-2026,529350,Bowls - Generic June'26,Keyword,Others,SMART,1,DAILY,500,2,0,0,0,0,0,0,0,1,0,0
05-06-2026,529350,Bowls - Generic June'26,Keyword,Others,SMART,1,DAILY,500,1,0,0,0,0,0,0,0,0.5,0,0
05-06-2026,529350,Bowls - Generic June'26,Keyword,Others,SMART,1,DAILY,500,1,0,0,0,0,0,0,0,0.5,0,0
05-06-2026,529350,Bowls - Generic June'26,Keyword,Others,SMART,1,DAILY,500,1,0,0,0,0,0,0,0,0.5,0,0
05-06-2026,529350,Bowls - Generic June'26,Keyword,Others,SMART,1,DAILY,500,1,0,0,0,0,0,0,0,0.5,0,0
05-06-2026,529350,Bowls - Generic June'26,Keyword,Others,SMART,1,DAILY,500,1,0,0,0,0,0,0,0,0.5,0,0
05-06-2026,529350,Bowls - Generic June'26,Keyword,Others,SMART,1,DAILY,500,1,0,0,0,0,0,0,0,0.5,0,0
05-06-2026,529350,Bowls - Generic June'26,Keyword,Others,SMART,1,DAILY,500,1,0,0,0,0,0,0,0,0.5,0,0
05-06-2026,529350,Bowls - Generic June'26,Keyword,Others,SMART,1,DAILY,500,2,0,0,0,0,0,0,0,1,0,0
05-06-2026,529350,Bowls - Generic June'26,Keyword,Others,SMART,1,DAILY,500,13,0,0,0,0,0,0,0,6.5,0,0
05-06-2026,529350,Bowls - Generic June'26,Keyword,Others,SMART,1,DAILY,500,20,0,0,0,0,0,0,0,10,0,0
05-06-2026,529352,Plates - Generic June'26,Keyword,paper plate,EXACT,9,DAILY,475,1700,11,0,7,0,1083,0,4,812.5,1.332923077,1.332923077
05-06-2026,529352,Plates - Generic June'26,Keyword,plates,EXACT,1,DAILY,475,4207,62,5,38,5,4972,495,26,2005.8,2.478811447,2.725595772
05-06-2026,529352,Plates - Generic June'26,Keyword,paper plates,EXACT,5,DAILY,475,1140,24,4,24,4,3006,396,19,544.3,5.522689693,6.250229653
05-06-2026,529352,Plates - Generic June'26,Keyword,disposable plates,EXACT,5,DAILY,475,1471,50,3,35,3,5065,387,27,705.8,7.176253896,7.724567866
05-06-2026,529352,Plates - Generic June'26,Keyword,use and throw plate,EXACT,5,DAILY,475,980,17,2,8,1,902,99,9,468.1,1.926938688,2.138431959
05-06-2026,529356,Eco and vernacular June'26,Keyword,dona,EXACT,1,DAILY,350,360,11,0,6,0,684,0,4,132.9,5.146726862,5.146726862
05-06-2026,529356,Eco and vernacular June'26,Keyword,pattal,EXACT,1,DAILY,350,655,4,1,4,0,426,0,4,235.2,1.81122449,1.81122449
05-06-2026,529356,Eco and vernacular June'26,Keyword,Others,SMART,1,DAILY,350,17,0,0,0,0,0,0,0,6.1,0,0
05-06-2026,529356,Eco and vernacular June'26,Keyword,Others,SMART,1,DAILY,350,2,0,0,0,0,0,0,0,0.8,0,0
05-06-2026,529356,Eco and vernacular June'26,Keyword,patal,SMART,1,DAILY,350,172,0,0,0,0,0,0,0,61,0,0
05-06-2026,529356,Eco and vernacular June'26,Keyword,patt,SMART,5,DAILY,350,30,0,0,0,0,0,0,0,10.8,0,0
05-06-2026,529356,Eco and vernacular June'26,Keyword,patta,SMART,5,DAILY,350,40,0,0,0,0,0,0,0,14.3,0,0
05-06-2026,529356,Eco and vernacular June'26,Keyword,Others,SMART,1,DAILY,350,2,0,0,0,0,0,0,0,0.8,0,0
05-06-2026,529356,Eco and vernacular June'26,Keyword,patravali,EXACT,1,DAILY,350,316,4,0,5,0,595,0,3,112.6,5.284191829,5.284191829
05-06-2026,529356,Eco and vernacular June'26,Keyword,patr,SMART,1,DAILY,350,73,0,0,0,0,0,0,0,26.8,0,0
05-06-2026,529356,Eco and vernacular June'26,Keyword,patra,SMART,1,DAILY,350,126,0,0,0,0,0,0,0,46,0,0
05-06-2026,529356,Eco and vernacular June'26,Keyword,Others,SMART,1,DAILY,350,2,0,0,0,0,0,0,0,0.8,0,0
05-06-2026,529356,Eco and vernacular June'26,Keyword,Others,SMART,1,DAILY,350,1,0,0,0,0,0,0,0,0.4,0,0
05-06-2026,529356,Eco and vernacular June'26,Keyword,Others,SMART,1,DAILY,350,1,0,0,0,0,0,0,0,0.4,0,0
05-06-2026,529356,Eco and vernacular June'26,Keyword,Others,SMART,1,DAILY,350,2,0,0,0,0,0,0,0,0.8,0,0
05-06-2026,529356,Eco and vernacular June'26,Keyword,Others,SMART,1,DAILY,350,2,0,0,0,0,0,0,0,0.8,0,0
05-06-2026,529356,Eco and vernacular June'26,Keyword,Others,SMART,1,DAILY,350,2,0,0,0,0,0,0,0,0.8,0,0
05-06-2026,529356,Eco and vernacular June'26,Keyword,Others,SMART,1,DAILY,350,11,0,0,0,0,0,0,0,4.4,0,0
05-06-2026,529356,Eco and vernacular June'26,Keyword,compostable plates,EXACT,1,DAILY,350,11,0,0,0,0,0,0,0,3.9,0,0
05-06-2026,529356,Eco and vernacular June'26,Keyword,sugarcane plates,EXACT,1,DAILY,300,13,0,0,0,0,0,0,0,3.9,0,0
05-06-2026,529356,Eco and vernacular June'26,Keyword,areca plate,EXACT,1,DAILY,300,93,0,0,0,0,0,0,0,27.9,0,0
05-06-2026,529356,Eco and vernacular June'26,Keyword,Others,SMART,1,DAILY,300,2,0,0,0,0,0,0,0,0.6,0,0
05-06-2026,529356,Eco and vernacular June'26,Keyword,Others,SMART,1,DAILY,300,4,0,0,0,0,0,0,0,1.2,0,0
05-06-2026,529356,Eco and vernacular June'26,Keyword,are,SMART,1,DAILY,300,618,0,0,0,0,0,0,0,185.4,0,0
05-06-2026,529356,Eco and vernacular June'26,Keyword,Others,SMART,1,DAILY,300,25,0,0,0,0,0,0,0,7.5,0,0
05-06-2026,529356,Eco and vernacular June'26,Keyword,areca,SMART,1,DAILY,300,172,0,0,0,0,0,0,0,51.6,0,0
05-06-2026,529356,Eco and vernacular June'26,Keyword,Others,SMART,1,DAILY,300,26,0,0,0,0,0,0,0,7.8,0,0
05-06-2026,529356,Eco and vernacular June'26,Keyword,Others,SMART,1,DAILY,300,5,0,0,0,0,0,0,0,1.5,0,0
05-06-2026,529356,Eco and vernacular June'26,Keyword,Others,SMART,1,DAILY,300,12,0,0,0,0,0,0,0,3.6,0,0
05-06-2026,529356,Eco and vernacular June'26,Keyword,Others,SMART,1,DAILY,300,4,0,0,0,0,0,0,0,1.2,0,0
05-06-2026,529356,Eco and vernacular June'26,Keyword,Others,SMART,1,DAILY,300,31,0,0,0,0,0,0,0,9.3,0,0
05-06-2026,529356,Eco and vernacular June'26,Keyword,Others,SMART,1,DAILY,300,2,0,0,0,0,0,0,0,0.6,0,0
05-06-2026,529356,Eco and vernacular June'26,Keyword,Others,SMART,1,DAILY,300,19,0,0,0,0,0,0,0,5.7,0,0
05-06-2026,529356,Eco and vernacular June'26,Keyword,bamboo plate,EXACT,5,DAILY,350,44,0,0,0,0,0,0,0,15.7,0,0
05-06-2026,529356,Eco and vernacular June'26,Keyword,banana leaf plate,EXACT,1,DAILY,350,163,0,0,0,0,0,0,0,58.7,0,0
05-06-2026,529356,Eco and vernacular June'26,Keyword,Others,SMART,5,DAILY,350,6,0,0,0,0,0,0,0,2.3,0,0
05-06-2026,529356,Eco and vernacular June'26,Keyword,Others,SMART,5,DAILY,350,2,0,0,0,0,0,0,0,0.8,0,0
05-06-2026,529356,Eco and vernacular June'26,Keyword,bana,SMART,1,DAILY,350,701,1,0,1,0,119,0,0,245.7,0.484330484,0.484330484
05-06-2026,529356,Eco and vernacular June'26,Keyword,Others,SMART,5,DAILY,350,1,0,0,0,0,0,0,0,0.4,0,0
05-06-2026,529356,Eco and vernacular June'26,Keyword,banana le,SMART,1,DAILY,350,73,0,0,0,0,0,0,0,26.7,0,0
05-06-2026,529356,Eco and vernacular June'26,Keyword,banana lea,SMART,1,DAILY,350,141,1,0,1,0,119,0,1,51.5,2.310679612,2.310679612
05-06-2026,529356,Eco and vernacular June'26,Keyword,banana leaf,SMART,1,DAILY,350,393,1,0,1,0,119,0,1,140.3,0.848182466,0.848182466
05-06-2026,529356,Eco and vernacular June'26,Keyword,Others,SMART,5,DAILY,350,2,0,0,0,0,0,0,0,0.8,0,0
05-06-2026,529356,Eco and vernacular June'26,Keyword,Others,SMART,5,DAILY,350,6,0,0,0,0,0,0,0,2.3,0,0
05-06-2026,529356,Eco and vernacular June'26,Keyword,Others,SMART,5,DAILY,350,2,0,0,0,0,0,0,0,0.8,0,0
05-06-2026,529356,Eco and vernacular June'26,Keyword,Others,SMART,5,DAILY,350,1,0,0,0,0,0,0,0,0.4,0,0
05-06-2026,529356,Eco and vernacular June'26,Keyword,Others,SMART,5,DAILY,350,2,0,0,0,0,0,0,0,0.8,0,0
05-06-2026,529356,Eco and vernacular June'26,Keyword,Others,SMART,5,DAILY,350,4,0,0,0,0,0,0,0,1.4,0,0
05-06-2026,529356,Eco and vernacular June'26,Keyword,Others,SMART,5,DAILY,350,4,0,0,0,0,0,0,0,1.6,0,0
05-06-2026,529356,Eco and vernacular June'26,Keyword,Others,SMART,5,DAILY,350,1,0,0,0,0,0,0,0,0.4,0,0
05-06-2026,529356,Eco and vernacular June'26,Keyword,Others,SMART,5,DAILY,350,1,0,0,0,0,0,0,0,0.4,0,0
05-06-2026,529356,Eco and vernacular June'26,Keyword,Others,SMART,5,DAILY,350,11,0,0,0,0,0,0,0,4.4,0,0
05-06-2026,529356,Eco and vernacular June'26,Keyword,Others,SMART,5,DAILY,350,5,0,0,0,0,0,0,0,2,0,0
05-06-2026,529356,Eco and vernacular June'26,Keyword,Others,SMART,5,DAILY,350,12,0,0,0,0,0,0,0,4.4,0,0
05-06-2026,529356,Eco and vernacular June'26,Keyword,Others,SMART,5,DAILY,350,8,0,0,0,0,0,0,0,3,0,0
05-06-2026,529356,Eco and vernacular June'26,Keyword,Others,SMART,5,DAILY,350,4,0,0,0,0,0,0,0,1.4,0,0
05-06-2026,529356,Eco and vernacular June'26,Keyword,Others,SMART,5,DAILY,350,2,0,0,0,0,0,0,0,0.8,0,0
05-06-2026,529356,Eco and vernacular June'26,Keyword,Others,SMART,5,DAILY,350,8,0,0,0,0,0,0,0,3.2,0,0
05-06-2026,529356,Eco and vernacular June'26,Keyword,Others,SMART,5,DAILY,350,12,0,0,0,0,0,0,0,4.7,0,0
05-06-2026,529356,Eco and vernacular June'26,Keyword,Others,SMART,5,DAILY,350,13,0,0,0,0,0,0,0,5.2,0,0
05-06-2026,529356,Eco and vernacular June'26,Keyword,Others,SMART,5,DAILY,350,2,0,0,0,0,0,0,0,0.8,0,0
05-06-2026,529356,Eco and vernacular June'26,Keyword,Others,SMART,5,DAILY,350,16,0,0,0,0,0,0,0,5.7,0,0
05-06-2026,529356,Eco and vernacular June'26,Keyword,Others,SMART,5,DAILY,350,30,0,0,0,0,0,0,0,11.1,0,0
05-06-2026,529356,Eco and vernacular June'26,Keyword,Others,SMART,5,DAILY,350,2,0,0,0,0,0,0,0,0.8,0,0
05-06-2026,529356,Eco and vernacular June'26,Keyword,Others,SMART,5,DAILY,350,2,0,0,0,0,0,0,0,0.8,0,0
05-06-2026,529356,Eco and vernacular June'26,Keyword,bagasse plates,EXACT,9,DAILY,300,7,0,0,0,0,0,0,0,2.1,0,0
05-06-2026,529359,Discovery – Typed/Partial June'26,Keyword,disp,EXACT,1,DAILY,300,1720,19,0,10,0,1290,0,5,516,2.5,2.5
05-06-2026,529359,Discovery – Typed/Partial June'26,Keyword,disposa,EXACT,5,DAILY,300,984,12,1,7,1,983,99,6,295.2,3.329945799,3.665311653
05-06-2026,529359,Discovery – Typed/Partial June'26,Keyword,dispos,EXACT,5,DAILY,300,884,11,1,8,1,982,99,1,265.2,3.702865762,4.076168929
05-06-2026,529359,Discovery – Typed/Partial June'26,Keyword,disposabl,EXACT,5,DAILY,300,241,0,1,0,1,0,99,0,72.3,0,1.369294606
05-06-2026,529359,Discovery – Typed/Partial June'26,Keyword,dispo,EXACT,5,DAILY,300,3676,51,10,38,5,4922,675,29,1102.8,4.463184621,5.075262967
05-06-2026,529359,Discovery – Typed/Partial June'26,Keyword,disposal,EXACT,5,DAILY,300,2122,20,0,13,0,1647,0,9,636.6,2.587181904,2.587181904
05-06-2026,529361,Material Conquest June'26,Keyword,thermocol plate,EXACT,1,DAILY,300,28,0,0,0,0,0,0,0,8.4,0,0
05-06-2026,529361,Material Conquest June'26,Keyword,steel plate,EXACT,1,DAILY,450,414,1,0,1,0,99,0,0,190.5,0.519685039,0.519685039
05-06-2026,529361,Material Conquest June'26,Keyword,Others,SMART,1,DAILY,450,2,0,0,0,0,0,0,0,1,0,0
05-06-2026,529361,Material Conquest June'26,Keyword,Others,SMART,1,DAILY,450,2,0,0,0,0,0,0,0,1,0,0
05-06-2026,529361,Material Conquest June'26,Keyword,Others,SMART,1,DAILY,450,2,0,0,0,0,0,0,0,1,0,0
05-06-2026,529361,Material Conquest June'26,Keyword,Others,SMART,1,DAILY,450,2,0,0,0,0,0,0,0,1,0,0
05-06-2026,529361,Material Conquest June'26,Keyword,Others,SMART,1,DAILY,450,7,1,0,1,0,99,0,1,3.3,30,30
05-06-2026,529361,Material Conquest June'26,Keyword,Others,SMART,1,DAILY,450,74,0,0,0,0,0,0,0,34.9,0,0
05-06-2026,529361,Material Conquest June'26,Keyword,plate,SMART,1,DAILY,450,828,8,0,4,0,426,0,4,380.3,1.120168288,1.120168288
05-06-2026,529361,Material Conquest June'26,Keyword,Others,SMART,1,DAILY,450,4,0,0,0,0,0,0,0,2,0,0
05-06-2026,529361,Material Conquest June'26,Keyword,Others,SMART,1,DAILY,450,2,0,0,0,0,0,0,0,1,0,0
05-06-2026,529361,Material Conquest June'26,Keyword,Others,SMART,1,DAILY,450,1,0,0,0,0,0,0,0,0.5,0,0
05-06-2026,529361,Material Conquest June'26,Keyword,Others,SMART,1,DAILY,450,2,0,0,0,0,0,0,0,1,0,0
05-06-2026,529361,Material Conquest June'26,Keyword,Others,SMART,1,DAILY,450,15,0,0,0,0,0,0,0,7.3,0,0
05-06-2026,529361,Material Conquest June'26,Keyword,Others,SMART,1,DAILY,450,1,0,0,0,0,0,0,0,0.5,0,0
05-06-2026,529361,Material Conquest June'26,Keyword,Others,SMART,1,DAILY,450,20,0,0,0,0,0,0,0,9.4,0,0
05-06-2026,529361,Material Conquest June'26,Keyword,Others,SMART,1,DAILY,450,4,0,0,0,0,0,0,0,2,0,0
05-06-2026,529361,Material Conquest June'26,Keyword,Others,SMART,1,DAILY,450,3,0,0,0,0,0,0,0,1.5,0,0
05-06-2026,529361,Material Conquest June'26,Keyword,Others,SMART,1,DAILY,450,3,0,0,0,0,0,0,0,1.5,0,0
05-06-2026,529361,Material Conquest June'26,Keyword,Others,SMART,1,DAILY,450,2,0,0,0,0,0,0,0,1,0,0
05-06-2026,529361,Material Conquest June'26,Keyword,Others,SMART,1,DAILY,450,13,0,0,0,0,0,0,0,6.3,0,0
05-06-2026,529361,Material Conquest June'26,Keyword,Others,SMART,1,DAILY,450,6,0,0,0,0,0,0,0,2.8,0,0
05-06-2026,529361,Material Conquest June'26,Keyword,Others,SMART,1,DAILY,450,2,0,0,0,0,0,0,0,1,0,0
05-06-2026,529361,Material Conquest June'26,Keyword,Others,SMART,1,DAILY,450,5,0,0,0,0,0,0,0,2.3,0,0
05-06-2026,529361,Material Conquest June'26,Keyword,Others,SMART,1,DAILY,450,5,1,0,1,0,189,0,1,2.4,78.75,78.75
05-06-2026,529361,Material Conquest June'26,Keyword,Others,SMART,1,DAILY,450,2,0,0,0,0,0,0,0,1,0,0
05-06-2026,529361,Material Conquest June'26,Keyword,Others,SMART,1,DAILY,450,2,0,0,0,0,0,0,0,1,0,0
05-06-2026,529361,Material Conquest June'26,Keyword,Others,SMART,1,DAILY,450,41,0,0,0,0,0,0,0,19.4,0,0
05-06-2026,529361,Material Conquest June'26,Keyword,Others,SMART,1,DAILY,450,44,0,0,0,0,0,0,0,20.7,0,0
05-06-2026,529361,Material Conquest June'26,Keyword,stee,SMART,1,DAILY,450,263,0,1,0,0,0,0,0,121.5,0,0
05-06-2026,529361,Material Conquest June'26,Keyword,steel,SMART,1,DAILY,450,878,0,0,0,0,0,0,0,401.1,0,0
05-06-2026,529361,Material Conquest June'26,Keyword,Others,SMART,1,DAILY,450,34,0,0,0,0,0,0,0,15.7,0,0
05-06-2026,529361,Material Conquest June'26,Keyword,Others,SMART,1,DAILY,450,7,0,0,0,0,0,0,0,3.4,0,0
05-06-2026,529361,Material Conquest June'26,Keyword,Others,SMART,1,DAILY,450,18,0,0,0,0,0,0,0,8.8,0,0
05-06-2026,529361,Material Conquest June'26,Keyword,Others,SMART,1,DAILY,450,14,0,0,0,0,0,0,0,6.8,0,0
05-06-2026,529361,Material Conquest June'26,Keyword,Others,SMART,1,DAILY,450,3,0,0,0,0,0,0,0,1.5,0,0
05-06-2026,529361,Material Conquest June'26,Keyword,Others,SMART,1,DAILY,450,36,0,0,0,0,0,0,0,16.6,0,0
05-06-2026,529361,Material Conquest June'26,Keyword,Others,SMART,1,DAILY,450,2,0,0,0,0,0,0,0,1,0,0
05-06-2026,529361,Material Conquest June'26,Keyword,Others,SMART,1,DAILY,450,1,0,0,0,0,0,0,0,0.5,0,0
05-06-2026,529361,Material Conquest June'26,Keyword,Others,SMART,1,DAILY,450,1,0,0,0,0,0,0,0,0.5,0,0
05-06-2026,529361,Material Conquest June'26,Keyword,Others,SMART,1,DAILY,450,4,0,0,0,0,0,0,0,2,0,0
05-06-2026,529361,Material Conquest June'26,Keyword,Others,SMART,1,DAILY,450,2,0,0,0,0,0,0,0,1,0,0
05-06-2026,529361,Material Conquest June'26,Keyword,Others,SMART,1,DAILY,450,8,0,0,0,0,0,0,0,3.8,0,0
05-06-2026,529361,Material Conquest June'26,Keyword,Others,SMART,1,DAILY,450,2,0,0,0,0,0,0,0,1,0,0
05-06-2026,529361,Material Conquest June'26,Keyword,plastic plate,EXACT,1,DAILY,300,170,1,0,1,0,69,0,1,51,1.352941176,1.352941176
05-06-2026,529361,Material Conquest June'26,Keyword,Others,SMART,1,DAILY,300,3,0,0,0,0,0,0,0,0.9,0,0
05-06-2026,529361,Material Conquest June'26,Keyword,Others,SMART,1,DAILY,300,1,0,0,0,0,0,0,0,0.3,0,0
05-06-2026,529361,Material Conquest June'26,Keyword,plastic pl,SMART,1,DAILY,300,28,0,0,0,0,0,0,0,8.4,0,0
05-06-2026,529361,Material Conquest June'26,Keyword,plastic pla,SMART,1,DAILY,300,7,0,0,0,0,0,0,0,2.1,0,0
05-06-2026,529361,Material Conquest June'26,Keyword,plastic plant,SMART,1,DAILY,300,29,0,0,0,0,0,0,0,8.7,0,0
05-06-2026,529361,Material Conquest June'26,Keyword,plastic plants,SMART,1,DAILY,300,5,0,0,0,0,0,0,0,1.5,0,0
05-06-2026,529361,Material Conquest June'26,Keyword,plastic plat,SMART,1,DAILY,300,7,0,0,0,0,0,0,0,2.1,0,0
05-06-2026,529361,Material Conquest June'26,Keyword,Others,SMART,1,DAILY,300,2,0,0,0,0,0,0,0,0.6,0,0
05-06-2026,529361,Material Conquest June'26,Keyword,plastic plates,SMART,1,DAILY,300,31,0,0,0,0,0,0,0,9.3,0,0
05-06-2026,529361,Material Conquest June'26,Keyword,plasticplate,SMART,1,DAILY,300,4,0,0,0,0,0,0,0,1.2,0,0
05-06-2026,529361,Material Conquest June'26,Keyword,Others,SMART,1,DAILY,300,2,0,0,0,0,0,0,0,0.6,0,0
05-06-2026,529361,Material Conquest June'26,Keyword,Others,SMART,1,DAILY,300,2,0,0,0,0,0,0,0,0.6,0,0
05-06-2026,529361,Material Conquest June'26,Keyword,plate plastic,SMART,1,DAILY,300,9,0,0,0,0,0,0,0,2.7,0,0
05-06-2026,529361,Material Conquest June'26,Keyword,plates plastic,SMART,1,DAILY,300,4,0,0,0,0,0,0,0,1.2,0,0
05-06-2026,529361,Material Conquest June'26,Keyword,plastic bowl,EXACT,1,DAILY,400,199,2,0,1,0,99,0,1,79.6,1.243718593,1.243718593
05-06-2026,529361,Material Conquest June'26,Keyword,Others,SMART,5,DAILY,400,10,0,0,0,0,0,0,0,4,0,0
05-06-2026,529361,Material Conquest June'26,Keyword,Others,SMART,5,DAILY,400,10,0,0,0,0,0,0,0,4,0,0
05-06-2026,529361,Material Conquest June'26,Keyword,bowl,SMART,3,DAILY,400,241,1,0,0,0,0,0,0,96.4,0,0
05-06-2026,529361,Material Conquest June'26,Keyword,Others,SMART,5,DAILY,400,2,0,0,0,0,0,0,0,0.8,0,0
05-06-2026,529361,Material Conquest June'26,Keyword,Others,SMART,5,DAILY,400,1,0,0,0,0,0,0,0,0.4,0,0
05-06-2026,529361,Material Conquest June'26,Keyword,Others,SMART,5,DAILY,400,6,0,0,0,0,0,0,0,2.4,0,0
05-06-2026,529361,Material Conquest June'26,Keyword,Others,SMART,5,DAILY,400,2,0,0,0,0,0,0,0,0.8,0,0
05-06-2026,529361,Material Conquest June'26,Keyword,Others,SMART,5,DAILY,400,2,0,0,0,0,0,0,0,0.8,0,0
05-06-2026,529361,Material Conquest June'26,Keyword,Others,SMART,5,DAILY,400,4,0,0,0,0,0,0,0,1.6,0,0
05-06-2026,529361,Material Conquest June'26,Keyword,Others,SMART,5,DAILY,400,2,0,0,0,0,0,0,0,0.8,0,0
05-06-2026,529361,Material Conquest June'26,Keyword,Others,SMART,5,DAILY,400,1,0,0,0,0,0,0,0,0.4,0,0
05-06-2026,529361,Material Conquest June'26,Keyword,Others,SMART,5,DAILY,400,2,0,0,0,0,0,0,0,0.8,0,0
05-06-2026,529361,Material Conquest June'26,Keyword,Others,SMART,5,DAILY,400,1,0,0,0,0,0,0,0,0.4,0,0
05-06-2026,529361,Material Conquest June'26,Keyword,plas,SMART,1,DAILY,400,34,0,0,0,0,0,0,0,13.6,0,0
05-06-2026,529361,Material Conquest June'26,Keyword,plast,SMART,1,DAILY,400,26,0,0,0,0,0,0,0,10.4,0,0
05-06-2026,529361,Material Conquest June'26,Keyword,Others,SMART,5,DAILY,400,6,0,0,0,0,0,0,0,2.4,0,0
05-06-2026,529361,Material Conquest June'26,Keyword,plastic,SMART,1,DAILY,400,65,0,0,0,0,0,0,0,26,0,0
05-06-2026,529361,Material Conquest June'26,Keyword,Others,SMART,5,DAILY,400,19,0,0,0,0,0,0,0,7.6,0,0
05-06-2026,529361,Material Conquest June'26,Keyword,Others,SMART,5,DAILY,400,4,0,0,0,0,0,0,0,1.6,0,0
05-06-2026,529361,Material Conquest June'26,Keyword,Others,SMART,5,DAILY,400,4,0,0,0,0,0,0,0,1.6,0,0
05-06-2026,529361,Material Conquest June'26,Keyword,plastic bo,SMART,5,DAILY,400,70,0,0,0,0,0,0,0,28,0,0
05-06-2026,529361,Material Conquest June'26,Keyword,Others,SMART,5,DAILY,400,7,0,0,0,0,0,0,0,2.8,0,0
05-06-2026,529361,Material Conquest June'26,Keyword,Others,SMART,5,DAILY,400,2,0,0,0,0,0,0,0,0.8,0,0
05-06-2026,529361,Material Conquest June'26,Keyword,Others,SMART,5,DAILY,400,2,0,0,0,0,0,0,0,0.8,0,0
05-06-2026,529361,Material Conquest June'26,Keyword,Others,SMART,5,DAILY,400,20,0,0,0,0,0,0,0,8,0,0
05-06-2026,529361,Material Conquest June'26,Keyword,Others,SMART,5,DAILY,400,9,0,0,0,0,0,0,0,3.6,0,0
05-06-2026,529361,Material Conquest June'26,Keyword,Others,SMART,5,DAILY,400,2,0,0,0,0,0,0,0,0.8,0,0
05-06-2026,529361,Material Conquest June'26,Keyword,Others,SMART,5,DAILY,400,8,0,0,0,0,0,0,0,3.2,0,0
05-06-2026,529361,Material Conquest June'26,Keyword,Others,SMART,5,DAILY,400,1,0,0,0,0,0,0,0,0.4,0,0
05-06-2026,529361,Material Conquest June'26,Keyword,Others,SMART,5,DAILY,400,16,1,0,0,0,0,0,0,6.4,0,0
05-06-2026,529361,Material Conquest June'26,Keyword,Others,SMART,5,DAILY,400,14,0,0,0,0,0,0,0,5.6,0,0
05-06-2026,529361,Material Conquest June'26,Keyword,Others,SMART,5,DAILY,400,4,0,0,0,0,0,0,0,1.6,0,0
05-06-2026,529361,Material Conquest June'26,Keyword,Others,SMART,5,DAILY,400,2,0,0,0,0,0,0,0,0.8,0,0
05-06-2026,529361,Material Conquest June'26,Keyword,Others,SMART,5,DAILY,400,2,0,0,0,0,0,0,0,0.8,0,0
05-06-2026,529363,Adjacent SKU – Cups/Spoons June'26,Keyword,disposable spoon,EXACT,5,DAILY,350,1804,13,0,7,0,753,0,5,640.3,1.176011245,1.176011245
05-06-2026,529363,Adjacent SKU – Cups/Spoons June'26,Keyword,disposable cup,EXACT,3,DAILY,350,1116,5,0,2,0,238,0,1,397.4,0.598892803,0.598892803
05-06-2026,529363,Adjacent SKU – Cups/Spoons June'26,Keyword,food container,EXACT,5,DAILY,350,524,0,0,0,0,0,0,0,188.2,0,0
06-06-2026,529350,Bowls - Generic June'26,Keyword,katori,EXACT,1,DAILY,500,314,1,1,1,0,189,0,1,157,1.203821656,1.203821656
06-06-2026,529350,Bowls - Generic June'26,Keyword,jaat,SMART,1,DAILY,500,5,0,0,0,0,0,0,0,2.5,0,0
06-06-2026,529350,Bowls - Generic June'26,Keyword,kat,SMART,1,DAILY,500,3,0,0,0,0,0,0,0,1.5,0,0
06-06-2026,529350,Bowls - Generic June'26,Keyword,kataifi,SMART,5,DAILY,500,2,0,0,0,0,0,0,0,1,0,0
06-06-2026,529350,Bowls - Generic June'26,Keyword,Others,SMART,1,DAILY,500,1,0,0,0,0,0,0,0,0.5,0,0
06-06-2026,529350,Bowls - Generic June'26,Keyword,kathari,SMART,1,DAILY,500,5,0,0,0,0,0,0,0,2.5,0,0
06-06-2026,529350,Bowls - Generic June'26,Keyword,kathi,SMART,1,DAILY,500,11,0,0,0,0,0,0,0,5.5,0,0
06-06-2026,529350,Bowls - Generic June'26,Keyword,kathr,SMART,1,DAILY,500,2,0,0,0,0,0,0,0,1,0,0
06-06-2026,529350,Bowls - Generic June'26,Keyword,kato,SMART,1,DAILY,500,7,1,0,1,0,99,0,1,3.5,28.28571429,28.28571429
06-06-2026,529350,Bowls - Generic June'26,Keyword,Others,SMART,1,DAILY,500,1,0,0,0,0,0,0,0,0.5,0,0
06-06-2026,529350,Bowls - Generic June'26,Keyword,Others,SMART,1,DAILY,500,1,0,0,0,0,0,0,0,0.5,0,0
06-06-2026,529350,Bowls - Generic June'26,Keyword,Others,SMART,1,DAILY,500,1,0,0,0,0,0,0,0,0.5,0,0
06-06-2026,529350,Bowls - Generic June'26,Keyword,Others,SMART,1,DAILY,500,1,0,0,0,0,0,0,0,0.5,0,0
06-06-2026,529350,Bowls - Generic June'26,Keyword,kattu,SMART,1,DAILY,500,4,0,0,0,0,0,0,0,2,0,0
06-06-2026,529350,Bowls - Generic June'26,Keyword,Others,SMART,1,DAILY,500,1,0,0,0,0,0,0,0,0.5,0,0
06-06-2026,529350,Bowls - Generic June'26,Keyword,kito,SMART,1,DAILY,500,10,0,0,0,0,0,0,0,5,0,0
06-06-2026,529350,Bowls - Generic June'26,Keyword,Others,SMART,1,DAILY,500,1,0,0,0,0,0,0,0,0.5,0,0
06-06-2026,529350,Bowls - Generic June'26,Keyword,kto,SMART,1,DAILY,500,3,0,0,0,0,0,0,0,1.5,0,0
06-06-2026,529350,Bowls - Generic June'26,Keyword,small bowl,EXACT,1,DAILY,500,56,0,0,0,0,0,0,0,28,0,0
06-06-2026,529350,Bowls - Generic June'26,Keyword,bowl small,SMART,1,DAILY,500,7,0,0,0,0,0,0,0,3.5,0,0
06-06-2026,529350,Bowls - Generic June'26,Keyword,bowls small,SMART,1,DAILY,500,1,0,0,0,0,0,0,0,0.5,0,0
06-06-2026,529350,Bowls - Generic June'26,Keyword,small bal,SMART,1,DAILY,500,6,0,0,0,0,0,0,0,3,0,0
06-06-2026,529350,Bowls - Generic June'26,Keyword,small ball,SMART,5,DAILY,500,1,0,0,0,0,0,0,0,0.5,0,0
06-06-2026,529350,Bowls - Generic June'26,Keyword,small balls,SMART,1,DAILY,500,3,0,0,0,0,0,0,0,1.5,0,0
06-06-2026,529350,Bowls - Generic June'26,Keyword,small bow,SMART,1,DAILY,500,9,0,0,0,0,0,0,0,4.5,0,0
06-06-2026,529350,Bowls - Generic June'26,Keyword,small bowl with,SMART,1,DAILY,500,2,0,0,0,0,0,0,0,1,0,0
06-06-2026,529350,Bowls - Generic June'26,Keyword,small bowls s,SMART,1,DAILY,500,1,0,0,0,0,0,0,0,0.5,0,0
06-06-2026,529350,Bowls - Generic June'26,Keyword,small bows,SMART,1,DAILY,500,2,0,0,0,0,0,0,0,1,0,0
06-06-2026,529350,Bowls - Generic June'26,Keyword,small pot,SMART,5,DAILY,500,5,0,0,0,0,0,0,0,2.5,0,0
06-06-2026,529350,Bowls - Generic June'26,Keyword,small vati,SMART,1,DAILY,500,3,0,0,0,0,0,0,0,1.5,0,0
06-06-2026,529350,Bowls - Generic June'26,Keyword,snack bowl,SMART,1,DAILY,500,2,0,0,0,0,0,0,0,1,0,0
06-06-2026,529350,Bowls - Generic June'26,Keyword,paper bowl,EXACT,1,DAILY,500,73,2,0,1,0,189,0,1,36.5,5.178082192,5.178082192
06-06-2026,529350,Bowls - Generic June'26,Keyword,bowls,EXACT,1,DAILY,500,110,0,0,0,0,0,0,0,55,0,0
06-06-2026,529350,Bowls - Generic June'26,Keyword,bowl,EXACT,1,DAILY,500,1922,13,3,7,1,873,119,6,961,0.90842872,1.032258065
06-06-2026,529350,Bowls - Generic June'26,Keyword,Others,SMART,1,DAILY,500,1,0,0,0,0,0,0,0,0.5,0,0
06-06-2026,529350,Bowls - Generic June'26,Keyword,Others,SMART,1,DAILY,500,2,0,0,0,0,0,0,0,1,0,0
06-06-2026,529350,Bowls - Generic June'26,Keyword,Others,SMART,1,DAILY,500,3,0,0,0,0,0,0,0,1.5,0,0
06-06-2026,529350,Bowls - Generic June'26,Keyword,Others,SMART,1,DAILY,500,6,0,0,0,0,0,0,0,3,0,0
06-06-2026,529350,Bowls - Generic June'26,Keyword,Others,SMART,1,DAILY,500,6,0,0,0,0,0,0,0,3,0,0
06-06-2026,529350,Bowls - Generic June'26,Keyword,Others,SMART,1,DAILY,500,5,0,0,0,0,0,0,0,2.5,0,0
06-06-2026,529350,Bowls - Generic June'26,Keyword,Others,SMART,1,DAILY,500,5,0,0,0,0,0,0,0,2.5,0,0
06-06-2026,529350,Bowls - Generic June'26,Keyword,Others,SMART,1,DAILY,500,1,0,0,0,0,0,0,0,0.5,0,0
06-06-2026,529350,Bowls - Generic June'26,Keyword,boul,SMART,5,DAILY,500,52,0,0,0,0,0,0,0,26,0,0
06-06-2026,529350,Bowls - Generic June'26,Keyword,Others,SMART,1,DAILY,500,1,0,0,0,0,0,0,0,0.5,0,0
06-06-2026,529350,Bowls - Generic June'26,Keyword,Others,SMART,1,DAILY,500,1,0,0,0,0,0,0,0,0.5,0,0
06-06-2026,529350,Bowls - Generic June'26,Keyword,bow,SMART,1,DAILY,500,325,0,0,0,0,0,0,0,162.5,0,0
06-06-2026,529350,Bowls - Generic June'26,Keyword,Others,SMART,1,DAILY,500,4,0,0,0,0,0,0,0,2,0,0
06-06-2026,529350,Bowls - Generic June'26,Keyword,Others,SMART,1,DAILY,500,6,0,0,0,0,0,0,0,3,0,0
06-06-2026,529350,Bowls - Generic June'26,Keyword,Others,SMART,1,DAILY,500,4,0,0,0,0,0,0,0,2,0,0
06-06-2026,529350,Bowls - Generic June'26,Keyword,Others,SMART,1,DAILY,500,1,0,0,0,0,0,0,0,0.5,0,0
06-06-2026,529350,Bowls - Generic June'26,Keyword,Others,SMART,1,DAILY,500,1,0,0,0,0,0,0,0,0.5,0,0
06-06-2026,529350,Bowls - Generic June'26,Keyword,Others,SMART,1,DAILY,500,1,0,0,0,0,0,0,0,0.5,0,0
06-06-2026,529350,Bowls - Generic June'26,Keyword,Others,SMART,1,DAILY,500,2,0,0,0,0,0,0,0,1,0,0
06-06-2026,529350,Bowls - Generic June'26,Keyword,Others,SMART,1,DAILY,500,11,0,0,0,0,0,0,0,5.5,0,0
06-06-2026,529350,Bowls - Generic June'26,Keyword,Others,SMART,1,DAILY,500,1,0,0,0,0,0,0,0,0.5,0,0
06-06-2026,529350,Bowls - Generic June'26,Keyword,Others,SMART,1,DAILY,500,2,0,0,0,0,0,0,0,1,0,0
06-06-2026,529350,Bowls - Generic June'26,Keyword,Others,SMART,1,DAILY,500,1,0,0,0,0,0,0,0,0.5,0,0
06-06-2026,529350,Bowls - Generic June'26,Keyword,Others,SMART,1,DAILY,500,8,0,0,0,0,0,0,0,4,0,0
06-06-2026,529350,Bowls - Generic June'26,Keyword,Others,SMART,1,DAILY,500,1,0,0,0,0,0,0,0,0.5,0,0
06-06-2026,529350,Bowls - Generic June'26,Keyword,Others,SMART,1,DAILY,500,18,0,0,0,0,0,0,0,9,0,0
06-06-2026,529350,Bowls - Generic June'26,Keyword,Others,SMART,1,DAILY,500,2,0,0,0,0,0,0,0,1,0,0
06-06-2026,529350,Bowls - Generic June'26,Keyword,Others,SMART,1,DAILY,500,7,0,0,0,0,0,0,0,3.5,0,0
06-06-2026,529350,Bowls - Generic June'26,Keyword,Others,SMART,1,DAILY,500,12,0,0,0,0,0,0,0,6,0,0
06-06-2026,529350,Bowls - Generic June'26,Keyword,Others,SMART,1,DAILY,500,6,0,0,0,0,0,0,0,3,0,0
06-06-2026,529350,Bowls - Generic June'26,Keyword,Others,SMART,1,DAILY,500,1,0,0,0,0,0,0,0,0.5,0,0
06-06-2026,529350,Bowls - Generic June'26,Keyword,Others,SMART,1,DAILY,500,1,0,0,0,0,0,0,0,0.5,0,0
06-06-2026,529350,Bowls - Generic June'26,Keyword,Others,SMART,1,DAILY,500,1,0,0,0,0,0,0,0,0.5,0,0
06-06-2026,529350,Bowls - Generic June'26,Keyword,Others,SMART,1,DAILY,500,2,0,0,0,0,0,0,0,1,0,0
06-06-2026,529350,Bowls - Generic June'26,Keyword,Others,SMART,1,DAILY,500,10,0,0,0,0,0,0,0,5,0,0
06-06-2026,529350,Bowls - Generic June'26,Keyword,Others,SMART,1,DAILY,500,2,0,0,0,0,0,0,0,1,0,0
06-06-2026,529350,Bowls - Generic June'26,Keyword,Others,SMART,1,DAILY,500,1,0,0,0,0,0,0,0,0.5,0,0
06-06-2026,529350,Bowls - Generic June'26,Keyword,disposable bowl,EXACT,1,DAILY,500,400,29,0,22,0,3078,0,17,200,15.39,15.39
06-06-2026,529350,Bowls - Generic June'26,Keyword,Others,SMART,1,DAILY,500,1,0,0,0,0,0,0,0,0.5,0,0
06-06-2026,529350,Bowls - Generic June'26,Keyword,Others,SMART,1,DAILY,500,1,0,0,0,0,0,0,0,0.5,0,0
06-06-2026,529350,Bowls - Generic June'26,Keyword,Others,SMART,1,DAILY,500,1,0,0,0,0,0,0,0,0.5,0,0
06-06-2026,529350,Bowls - Generic June'26,Keyword,Others,SMART,1,DAILY,500,67,0,0,0,0,0,0,0,33.5,0,0
06-06-2026,529350,Bowls - Generic June'26,Keyword,bow,SMART,1,DAILY,500,225,0,0,0,0,0,0,0,112.5,0,0
06-06-2026,529350,Bowls - Generic June'26,Keyword,Others,SMART,1,DAILY,500,3,0,0,0,0,0,0,0,1.5,0,0
06-06-2026,529350,Bowls - Generic June'26,Keyword,Others,SMART,1,DAILY,500,5,0,0,0,0,0,0,0,2.5,0,0
06-06-2026,529350,Bowls - Generic June'26,Keyword,Others,SMART,1,DAILY,500,5,1,0,1,0,189,0,1,2.5,75.6,75.6
06-06-2026,529350,Bowls - Generic June'26,Keyword,Others,SMART,1,DAILY,500,4,0,0,0,0,0,0,0,2,0,0
06-06-2026,529350,Bowls - Generic June'26,Keyword,Others,SMART,1,DAILY,500,2,0,0,0,0,0,0,0,1,0,0
06-06-2026,529350,Bowls - Generic June'26,Keyword,Others,SMART,1,DAILY,500,1,0,0,0,0,0,0,0,0.5,0,0
06-06-2026,529350,Bowls - Generic June'26,Keyword,Others,SMART,1,DAILY,500,4,0,0,0,0,0,0,0,2,0,0
06-06-2026,529350,Bowls - Generic June'26,Keyword,Others,SMART,1,DAILY,500,4,1,0,1,0,99,0,1,2,49.5,49.5
06-06-2026,529350,Bowls - Generic June'26,Keyword,Others,SMART,1,DAILY,500,4,0,0,0,0,0,0,0,2,0,0
06-06-2026,529350,Bowls - Generic June'26,Keyword,Others,SMART,1,DAILY,500,2,0,0,0,0,0,0,0,1,0,0
06-06-2026,529350,Bowls - Generic June'26,Keyword,Others,SMART,1,DAILY,500,2,0,0,0,0,0,0,0,1,0,0
06-06-2026,529350,Bowls - Generic June'26,Keyword,Others,SMART,1,DAILY,500,1,0,0,0,0,0,0,0,0.5,0,0
06-06-2026,529350,Bowls - Generic June'26,Keyword,Others,SMART,1,DAILY,500,23,0,0,0,0,0,0,0,11.5,0,0
06-06-2026,529350,Bowls - Generic June'26,Keyword,Others,SMART,1,DAILY,500,1,0,0,0,0,0,0,0,0.5,0,0
06-06-2026,529350,Bowls - Generic June'26,Keyword,Others,SMART,1,DAILY,500,1,0,0,0,0,0,0,0,0.5,0,0
06-06-2026,529350,Bowls - Generic June'26,Keyword,Others,SMART,1,DAILY,500,1,0,0,0,0,0,0,0,0.5,0,0
06-06-2026,529350,Bowls - Generic June'26,Keyword,Others,SMART,1,DAILY,500,22,0,0,0,0,0,0,0,11,0,0
06-06-2026,529350,Bowls - Generic June'26,Keyword,Others,SMART,1,DAILY,500,1,0,0,0,0,0,0,0,0.5,0,0
06-06-2026,529350,Bowls - Generic June'26,Keyword,Others,SMART,1,DAILY,500,3,0,0,0,0,0,0,0,1.5,0,0
06-06-2026,529350,Bowls - Generic June'26,Keyword,Others,SMART,1,DAILY,500,5,0,0,0,0,0,0,0,2.5,0,0
06-06-2026,529350,Bowls - Generic June'26,Keyword,Others,SMART,1,DAILY,500,1,0,0,0,0,0,0,0,0.5,0,0
06-06-2026,529350,Bowls - Generic June'26,Keyword,Others,SMART,1,DAILY,500,21,0,0,0,0,0,0,0,10.5,0,0
06-06-2026,529350,Bowls - Generic June'26,Keyword,Others,SMART,1,DAILY,500,1,0,0,0,0,0,0,0,0.5,0,0
06-06-2026,529350,Bowls - Generic June'26,Keyword,Others,SMART,1,DAILY,500,5,0,0,0,0,0,0,0,2.5,0,0
06-06-2026,529350,Bowls - Generic June'26,Keyword,Others,SMART,1,DAILY,500,14,0,0,0,0,0,0,0,7,0,0
06-06-2026,529350,Bowls - Generic June'26,Keyword,Others,SMART,1,DAILY,500,1,0,0,0,0,0,0,0,0.5,0,0
06-06-2026,529350,Bowls - Generic June'26,Keyword,Others,SMART,1,DAILY,500,2,0,0,0,0,0,0,0,1,0,0
06-06-2026,529350,Bowls - Generic June'26,Keyword,Others,SMART,1,DAILY,500,1,0,0,0,0,0,0,0,0.5,0,0
06-06-2026,529350,Bowls - Generic June'26,Keyword,Others,SMART,1,DAILY,500,4,0,0,0,0,0,0,0,2,0,0
06-06-2026,529350,Bowls - Generic June'26,Keyword,Others,SMART,1,DAILY,500,1,0,0,0,0,0,0,0,0.5,0,0
06-06-2026,529350,Bowls - Generic June'26,Keyword,Others,SMART,1,DAILY,500,64,1,0,1,0,99,0,1,32,3.09375,3.09375
06-06-2026,529350,Bowls - Generic June'26,Keyword,Others,SMART,1,DAILY,500,1,0,0,0,0,0,0,0,0.5,0,0
06-06-2026,529350,Bowls - Generic June'26,Keyword,Others,SMART,1,DAILY,500,1,0,0,0,0,0,0,0,0.5,0,0
06-06-2026,529350,Bowls - Generic June'26,Keyword,Others,SMART,1,DAILY,500,1,0,0,0,0,0,0,0,0.5,0,0
06-06-2026,529350,Bowls - Generic June'26,Keyword,Others,SMART,1,DAILY,500,1,0,0,0,0,0,0,0,0.5,0,0
06-06-2026,529350,Bowls - Generic June'26,Keyword,Others,SMART,1,DAILY,500,2,0,0,0,0,0,0,0,1,0,0
06-06-2026,529350,Bowls - Generic June'26,Keyword,Others,SMART,1,DAILY,500,7,0,0,0,0,0,0,0,3.5,0,0
06-06-2026,529350,Bowls - Generic June'26,Keyword,Others,SMART,1,DAILY,500,1,0,0,0,0,0,0,0,0.5,0,0
06-06-2026,529350,Bowls - Generic June'26,Keyword,disp,SMART,1,DAILY,500,220,0,1,0,1,0,169,1,110,0,1.536363636
06-06-2026,529350,Bowls - Generic June'26,Keyword,Others,SMART,1,DAILY,500,1,0,0,0,0,0,0,0,0.5,0,0
06-06-2026,529350,Bowls - Generic June'26,Keyword,Others,SMART,1,DAILY,500,4,0,0,0,0,0,0,0,2,0,0
06-06-2026,529350,Bowls - Generic June'26,Keyword,Others,SMART,1,DAILY,500,1,0,0,0,0,0,0,0,0.5,0,0
06-06-2026,529350,Bowls - Generic June'26,Keyword,dispo,SMART,1,DAILY,500,952,10,7,6,6,684,864,9,476,1.43697479,3.25210084
06-06-2026,529350,Bowls - Generic June'26,Keyword,Others,SMART,1,DAILY,500,1,1,0,1,0,99,0,1,0.5,198,198
06-06-2026,529350,Bowls - Generic June'26,Keyword,Others,SMART,1,DAILY,500,1,0,0,0,0,0,0,0,0.5,0,0
06-06-2026,529350,Bowls - Generic June'26,Keyword,dispos,SMART,1,DAILY,500,127,1,0,2,0,198,0,0,63.5,3.118110236,3.118110236
06-06-2026,529350,Bowls - Generic June'26,Keyword,disposa,SMART,1,DAILY,500,309,6,4,4,1,396,119,3,154.5,2.563106796,3.333333333
06-06-2026,529350,Bowls - Generic June'26,Keyword,Others,SMART,1,DAILY,500,37,0,0,0,0,0,0,0,18.5,0,0
06-06-2026,529350,Bowls - Generic June'26,Keyword,Others,SMART,1,DAILY,500,30,0,0,0,0,0,0,0,15,0,0
06-06-2026,529350,Bowls - Generic June'26,Keyword,disposable,SMART,1,DAILY,500,754,9,4,6,2,594,338,6,377,1.575596817,2.472148541
06-06-2026,529350,Bowls - Generic June'26,Keyword,Others,SMART,1,DAILY,500,33,0,0,0,0,0,0,0,16.5,0,0
06-06-2026,529350,Bowls - Generic June'26,Keyword,Others,SMART,1,DAILY,500,2,0,0,0,0,0,0,0,1,0,0
06-06-2026,529350,Bowls - Generic June'26,Keyword,Others,SMART,1,DAILY,500,8,0,0,0,0,0,0,0,4,0,0
06-06-2026,529350,Bowls - Generic June'26,Keyword,Others,SMART,1,DAILY,500,40,1,0,0,0,0,0,0,20,0,0
06-06-2026,529350,Bowls - Generic June'26,Keyword,Others,SMART,1,DAILY,500,12,0,0,0,0,0,0,0,6,0,0
06-06-2026,529350,Bowls - Generic June'26,Keyword,Others,SMART,1,DAILY,500,1,0,0,0,0,0,0,0,0.5,0,0
06-06-2026,529350,Bowls - Generic June'26,Keyword,Others,SMART,1,DAILY,500,2,0,0,0,0,0,0,0,1,0,0
06-06-2026,529350,Bowls - Generic June'26,Keyword,Others,SMART,1,DAILY,500,13,0,0,0,0,0,0,0,6.5,0,0
06-06-2026,529350,Bowls - Generic June'26,Keyword,Others,SMART,1,DAILY,500,40,0,0,0,0,0,0,0,20,0,0
06-06-2026,529350,Bowls - Generic June'26,Keyword,Others,SMART,1,DAILY,500,1,0,0,0,0,0,0,0,0.5,0,0
06-06-2026,529350,Bowls - Generic June'26,Keyword,Others,SMART,1,DAILY,500,63,1,0,1,0,99,0,0,31.5,3.142857143,3.142857143
06-06-2026,529350,Bowls - Generic June'26,Keyword,Others,SMART,1,DAILY,500,1,0,0,0,0,0,0,0,0.5,0,0
06-06-2026,529350,Bowls - Generic June'26,Keyword,Others,SMART,1,DAILY,500,29,3,0,2,0,378,0,2,14.5,26.06896552,26.06896552
06-06-2026,529350,Bowls - Generic June'26,Keyword,Others,SMART,1,DAILY,500,3,0,0,0,0,0,0,0,1.5,0,0
06-06-2026,529350,Bowls - Generic June'26,Keyword,Others,SMART,1,DAILY,500,7,0,0,0,0,0,0,0,3.5,0,0
06-06-2026,529350,Bowls - Generic June'26,Keyword,Others,SMART,1,DAILY,500,1,0,0,0,0,0,0,0,0.5,0,0
06-06-2026,529350,Bowls - Generic June'26,Keyword,Others,SMART,1,DAILY,500,1,0,0,0,0,0,0,0,0.5,0,0
06-06-2026,529350,Bowls - Generic June'26,Keyword,Others,SMART,1,DAILY,500,13,0,0,0,0,0,0,0,6.5,0,0
06-06-2026,529350,Bowls - Generic June'26,Keyword,Others,SMART,1,DAILY,500,1,0,0,0,0,0,0,0,0.5,0,0
06-06-2026,529350,Bowls - Generic June'26,Keyword,Others,SMART,1,DAILY,500,1,0,0,0,0,0,0,0,0.5,0,0
06-06-2026,529350,Bowls - Generic June'26,Keyword,Others,SMART,1,DAILY,500,3,0,0,0,0,0,0,0,1.5,0,0
06-06-2026,529350,Bowls - Generic June'26,Keyword,Others,SMART,1,DAILY,500,10,0,0,0,0,0,0,0,5,0,0
06-06-2026,529350,Bowls - Generic June'26,Keyword,Others,SMART,1,DAILY,500,1,0,0,0,0,0,0,0,0.5,0,0
06-06-2026,529350,Bowls - Generic June'26,Keyword,Others,SMART,1,DAILY,500,23,0,0,0,0,0,0,0,11.5,0,0
06-06-2026,529350,Bowls - Generic June'26,Keyword,Others,SMART,1,DAILY,500,8,0,0,0,0,0,0,0,4,0,0
06-06-2026,529350,Bowls - Generic June'26,Keyword,Others,SMART,1,DAILY,500,1,0,0,0,0,0,0,0,0.5,0,0
06-06-2026,529350,Bowls - Generic June'26,Keyword,Others,SMART,1,DAILY,500,3,0,0,0,0,0,0,0,1.5,0,0
06-06-2026,529350,Bowls - Generic June'26,Keyword,Others,SMART,1,DAILY,500,1,1,0,2,0,378,0,0,0.5,756,756
06-06-2026,529350,Bowls - Generic June'26,Keyword,Others,SMART,1,DAILY,500,3,0,0,0,0,0,0,0,1.5,0,0
06-06-2026,529350,Bowls - Generic June'26,Keyword,disposal,SMART,1,DAILY,500,131,3,0,2,0,198,0,2,65.5,3.022900763,3.022900763
06-06-2026,529350,Bowls - Generic June'26,Keyword,Others,SMART,1,DAILY,500,1,0,0,0,0,0,0,0,0.5,0,0
06-06-2026,529350,Bowls - Generic June'26,Keyword,Others,SMART,1,DAILY,500,2,0,0,0,0,0,0,0,1,0,0
06-06-2026,529350,Bowls - Generic June'26,Keyword,Others,SMART,1,DAILY,500,3,0,0,0,0,0,0,0,1.5,0,0
06-06-2026,529350,Bowls - Generic June'26,Keyword,Others,SMART,1,DAILY,500,3,0,0,0,0,0,0,0,1.5,0,0
06-06-2026,529350,Bowls - Generic June'26,Keyword,Others,SMART,1,DAILY,500,1,0,0,0,0,0,0,0,0.5,0,0
06-06-2026,529350,Bowls - Generic June'26,Keyword,Others,SMART,1,DAILY,500,1,0,0,0,0,0,0,0,0.5,0,0
06-06-2026,529350,Bowls - Generic June'26,Keyword,Others,SMART,1,DAILY,500,1,0,0,0,0,0,0,0,0.5,0,0
06-06-2026,529350,Bowls - Generic June'26,Keyword,Others,SMART,1,DAILY,500,1,0,0,0,0,0,0,0,0.5,0,0
06-06-2026,529350,Bowls - Generic June'26,Keyword,Others,SMART,1,DAILY,500,1,0,0,0,0,0,0,0,0.5,0,0
06-06-2026,529350,Bowls - Generic June'26,Keyword,Others,SMART,1,DAILY,500,1,0,0,0,0,0,0,0,0.5,0,0
06-06-2026,529350,Bowls - Generic June'26,Keyword,Others,SMART,1,DAILY,500,1,0,0,0,0,0,0,0,0.5,0,0
06-06-2026,529350,Bowls - Generic June'26,Keyword,Others,SMART,1,DAILY,500,8,0,0,0,0,0,0,0,4,0,0
06-06-2026,529350,Bowls - Generic June'26,Keyword,Others,SMART,1,DAILY,500,1,0,0,0,0,0,0,0,0.5,0,0
06-06-2026,529350,Bowls - Generic June'26,Keyword,Others,SMART,1,DAILY,500,3,0,0,0,0,0,0,0,1.5,0,0
06-06-2026,529350,Bowls - Generic June'26,Keyword,Others,SMART,1,DAILY,500,1,0,0,0,0,0,0,0,0.5,0,0
06-06-2026,529352,Plates - Generic June'26,Keyword,paper plate,EXACT,9,DAILY,475,1630,37,1,20,0,2280,0,16,778.2,2.929838088,2.929838088
06-06-2026,529352,Plates - Generic June'26,Keyword,plates,EXACT,1,DAILY,475,1498,29,2,17,2,1973,198,11,716.3,2.7544325,3.030852995
06-06-2026,529352,Plates - Generic June'26,Keyword,paper plates,EXACT,5,DAILY,475,475,8,2,3,1,357,99,4,227.8,1.567164179,2.001755926
06-06-2026,529352,Plates - Generic June'26,Keyword,disposable plates,EXACT,5,DAILY,475,425,10,1,10,1,1340,99,7,204.9,6.5397755,7.022938019
06-06-2026,529352,Plates - Generic June'26,Keyword,use and throw plate,EXACT,5,DAILY,475,421,11,2,5,2,745,198,5,202.2,3.684470821,4.663699308
06-06-2026,529356,Eco and vernacular June'26,Keyword,dona,EXACT,1,DAILY,350,803,26,0,16,0,2004,0,12,291.4,6.877144818,6.877144818
06-06-2026,529356,Eco and vernacular June'26,Keyword,pattal,EXACT,1,DAILY,350,1275,12,0,7,0,833,0,4,455.8,1.827555946,1.827555946
06-06-2026,529356,Eco and vernacular June'26,Keyword,Others,SMART,1,DAILY,350,30,0,0,0,0,0,0,0,10.8,0,0
06-06-2026,529356,Eco and vernacular June'26,Keyword,patal,SMART,1,DAILY,350,418,4,1,1,0,119,0,1,147.3,0.807875085,0.807875085
06-06-2026,529356,Eco and vernacular June'26,Keyword,Others,SMART,1,DAILY,350,2,0,0,0,0,0,0,0,0.8,0,0
06-06-2026,529356,Eco and vernacular June'26,Keyword,patt,SMART,5,DAILY,350,59,0,0,0,0,0,0,0,20.7,0,0
06-06-2026,529356,Eco and vernacular June'26,Keyword,patta,SMART,5,DAILY,350,119,0,0,0,0,0,0,0,42,0,0
06-06-2026,529356,Eco and vernacular June'26,Keyword,Others,SMART,1,DAILY,350,6,0,0,0,0,0,0,0,2.2,0,0
06-06-2026,529356,Eco and vernacular June'26,Keyword,Others,SMART,1,DAILY,350,3,0,0,0,0,0,0,0,1.2,0,0
06-06-2026,529356,Eco and vernacular June'26,Keyword,Others,SMART,1,DAILY,350,2,0,0,0,0,0,0,0,0.8,0,0
06-06-2026,529356,Eco and vernacular June'26,Keyword,Others,SMART,1,DAILY,350,2,0,0,0,0,0,0,0,0.8,0,0
06-06-2026,529356,Eco and vernacular June'26,Keyword,patravali,EXACT,1,DAILY,350,498,5,0,0,0,0,0,0,176.8,0,0
06-06-2026,529356,Eco and vernacular June'26,Keyword,Others,SMART,5,DAILY,350,2,0,0,0,0,0,0,0,0.8,0,0
06-06-2026,529356,Eco and vernacular June'26,Keyword,patr,SMART,1,DAILY,350,153,0,0,0,0,0,0,0,56.2,0,0
06-06-2026,529356,Eco and vernacular June'26,Keyword,patra,SMART,1,DAILY,350,456,0,0,0,0,0,0,0,162.3,0,0
06-06-2026,529356,Eco and vernacular June'26,Keyword,Others,SMART,5,DAILY,350,2,0,0,0,0,0,0,0,0.8,0,0
06-06-2026,529356,Eco and vernacular June'26,Keyword,Others,SMART,5,DAILY,350,9,0,0,0,0,0,0,0,3.4,0,0
06-06-2026,529356,Eco and vernacular June'26,Keyword,Others,SMART,5,DAILY,350,15,0,0,0,0,0,0,0,5.4,0,0
06-06-2026,529356,Eco and vernacular June'26,Keyword,Others,SMART,5,DAILY,350,33,0,0,0,0,0,0,0,12,0,0
06-06-2026,529356,Eco and vernacular June'26,Keyword,compostable plates,EXACT,1,DAILY,350,22,0,0,0,0,0,0,0,7.9,0,0
06-06-2026,529356,Eco and vernacular June'26,Keyword,sugarcane plates,EXACT,13,DAILY,300,76,1,0,0,0,0,0,0,22.8,0,0
06-06-2026,529356,Eco and vernacular June'26,Keyword,areca plate,EXACT,5,DAILY,300,136,2,0,0,0,0,0,0,40.8,0,0
06-06-2026,529356,Eco and vernacular June'26,Keyword,Others,SMART,1,DAILY,300,4,0,0,0,0,0,0,0,1.2,0,0
06-06-2026,529356,Eco and vernacular June'26,Keyword,Others,SMART,1,DAILY,300,3,0,0,0,0,0,0,0,0.9,0,0
06-06-2026,529356,Eco and vernacular June'26,Keyword,Others,SMART,1,DAILY,300,2,0,0,0,0,0,0,0,0.6,0,0
06-06-2026,529356,Eco and vernacular June'26,Keyword,Others,SMART,1,DAILY,300,11,0,0,0,0,0,0,0,3.3,0,0
06-06-2026,529356,Eco and vernacular June'26,Keyword,Others,SMART,1,DAILY,300,5,0,0,0,0,0,0,0,1.5,0,0
06-06-2026,529356,Eco and vernacular June'26,Keyword,are,SMART,1,DAILY,300,1166,0,1,0,0,0,0,0,349.8,0,0
06-06-2026,529356,Eco and vernacular June'26,Keyword,Others,SMART,1,DAILY,300,2,0,0,0,0,0,0,0,0.6,0,0
06-06-2026,529356,Eco and vernacular June'26,Keyword,Others,SMART,1,DAILY,300,2,0,0,0,0,0,0,0,0.6,0,0
06-06-2026,529356,Eco and vernacular June'26,Keyword,Others,SMART,1,DAILY,300,29,0,0,0,0,0,0,0,8.7,0,0
06-06-2026,529356,Eco and vernacular June'26,Keyword,areca,SMART,1,DAILY,300,322,0,0,0,0,0,0,0,96.6,0,0
06-06-2026,529356,Eco and vernacular June'26,Keyword,Others,SMART,1,DAILY,300,23,0,0,0,0,0,0,0,6.9,0,0
06-06-2026,529356,Eco and vernacular June'26,Keyword,Others,SMART,1,DAILY,300,11,0,0,0,0,0,0,0,3.3,0,0
06-06-2026,529356,Eco and vernacular June'26,Keyword,Others,SMART,1,DAILY,300,19,0,0,0,0,0,0,0,5.7,0,0
06-06-2026,529356,Eco and vernacular June'26,Keyword,Others,SMART,1,DAILY,300,10,1,0,1,0,169,0,1,3,56.33333333,56.33333333
06-06-2026,529356,Eco and vernacular June'26,Keyword,Others,SMART,1,DAILY,300,68,0,0,0,0,0,0,0,20.4,0,0
06-06-2026,529356,Eco and vernacular June'26,Keyword,Others,SMART,1,DAILY,300,4,0,0,0,0,0,0,0,1.2,0,0
06-06-2026,529356,Eco and vernacular June'26,Keyword,Others,SMART,1,DAILY,300,44,0,0,0,0,0,0,0,13.2,0,0
06-06-2026,529356,Eco and vernacular June'26,Keyword,Others,SMART,1,DAILY,300,2,0,0,0,0,0,0,0,0.6,0,0
06-06-2026,529356,Eco and vernacular June'26,Keyword,Others,SMART,1,DAILY,300,2,0,0,0,0,0,0,0,0.6,0,0
06-06-2026,529356,Eco and vernacular June'26,Keyword,bamboo plate,EXACT,5,DAILY,350,150,2,0,0,0,0,0,0,53.9,0,0
06-06-2026,529356,Eco and vernacular June'26,Keyword,banana leaf plate,EXACT,1,DAILY,350,293,1,0,1,0,99,0,1,105.6,0.9375,0.9375
06-06-2026,529356,Eco and vernacular June'26,Keyword,Others,SMART,1,DAILY,350,2,0,0,0,0,0,0,0,0.8,0,0
06-06-2026,529356,Eco and vernacular June'26,Keyword,Others,SMART,1,DAILY,350,5,0,0,0,0,0,0,0,1.8,0,0
06-06-2026,529356,Eco and vernacular June'26,Keyword,Others,SMART,1,DAILY,350,72,0,0,0,0,0,0,0,25.5,0,0
06-06-2026,529356,Eco and vernacular June'26,Keyword,Others,SMART,1,DAILY,350,2,0,0,0,0,0,0,0,0.8,0,0
06-06-2026,529356,Eco and vernacular June'26,Keyword,Others,SMART,1,DAILY,350,3,0,0,0,0,0,0,0,1.2,0,0
06-06-2026,529356,Eco and vernacular June'26,Keyword,banana le,SMART,1,DAILY,350,252,0,0,0,0,0,0,0,91.1,0,0
06-06-2026,529356,Eco and vernacular June'26,Keyword,banana lea,SMART,1,DAILY,350,393,0,0,0,0,0,0,0,141.5,0,0
06-06-2026,529356,Eco and vernacular June'26,Keyword,banana leaf,SMART,1,DAILY,350,1153,2,0,2,0,288,0,2,409.6,0.703125,0.703125
06-06-2026,529356,Eco and vernacular June'26,Keyword,Others,SMART,1,DAILY,350,5,0,0,0,0,0,0,0,2,0,0
06-06-2026,529356,Eco and vernacular June'26,Keyword,Others,SMART,1,DAILY,350,4,0,0,0,0,0,0,0,1.4,0,0
06-06-2026,529356,Eco and vernacular June'26,Keyword,Others,SMART,1,DAILY,350,2,0,0,0,0,0,0,0,0.8,0,0
06-06-2026,529356,Eco and vernacular June'26,Keyword,Others,SMART,1,DAILY,350,6,0,0,0,0,0,0,0,2.2,0,0
06-06-2026,529356,Eco and vernacular June'26,Keyword,Others,SMART,1,DAILY,350,8,0,0,0,0,0,0,0,3,0,0
06-06-2026,529356,Eco and vernacular June'26,Keyword,Others,SMART,1,DAILY,350,2,0,0,0,0,0,0,0,0.8,0,0
06-06-2026,529356,Eco and vernacular June'26,Keyword,Others,SMART,1,DAILY,350,7,0,0,0,0,0,0,0,2.7,0,0
06-06-2026,529356,Eco and vernacular June'26,Keyword,Others,SMART,1,DAILY,350,2,0,0,0,0,0,0,0,0.8,0,0
06-06-2026,529356,Eco and vernacular June'26,Keyword,Others,SMART,1,DAILY,350,7,0,0,0,0,0,0,0,2.6,0,0
06-06-2026,529356,Eco and vernacular June'26,Keyword,Others,SMART,1,DAILY,350,2,0,0,0,0,0,0,0,0.8,0,0
06-06-2026,529356,Eco and vernacular June'26,Keyword,Others,SMART,1,DAILY,350,3,0,0,0,0,0,0,0,1.2,0,0
06-06-2026,529356,Eco and vernacular June'26,Keyword,Others,SMART,1,DAILY,350,6,0,0,0,0,0,0,0,2.4,0,0
06-06-2026,529356,Eco and vernacular June'26,Keyword,Others,SMART,1,DAILY,350,32,0,0,0,0,0,0,0,12.4,0,0
06-06-2026,529356,Eco and vernacular June'26,Keyword,Others,SMART,1,DAILY,350,15,0,0,0,0,0,0,0,5.8,0,0
06-06-2026,529356,Eco and vernacular June'26,Keyword,Others,SMART,1,DAILY,350,2,0,0,0,0,0,0,0,0.8,0,0
06-06-2026,529356,Eco and vernacular June'26,Keyword,Others,SMART,1,DAILY,350,25,0,0,0,0,0,0,0,9.3,0,0
06-06-2026,529356,Eco and vernacular June'26,Keyword,Others,SMART,1,DAILY,350,12,0,0,0,0,0,0,0,4.4,0,0
06-06-2026,529356,Eco and vernacular June'26,Keyword,Others,SMART,1,DAILY,350,1,0,0,0,0,0,0,0,0.4,0,0
06-06-2026,529356,Eco and vernacular June'26,Keyword,Others,SMART,1,DAILY,350,6,0,0,0,0,0,0,0,2.3,0,0
06-06-2026,529356,Eco and vernacular June'26,Keyword,Others,SMART,1,DAILY,350,15,0,0,0,0,0,0,0,5.7,0,0
06-06-2026,529356,Eco and vernacular June'26,Keyword,Others,SMART,1,DAILY,350,2,0,0,0,0,0,0,0,0.8,0,0
06-06-2026,529356,Eco and vernacular June'26,Keyword,Others,SMART,1,DAILY,350,9,0,0,0,0,0,0,0,3.2,0,0
06-06-2026,529356,Eco and vernacular June'26,Keyword,Others,SMART,1,DAILY,350,3,0,0,0,0,0,0,0,1.2,0,0
06-06-2026,529356,Eco and vernacular June'26,Keyword,Others,SMART,1,DAILY,350,6,0,0,0,0,0,0,0,2.4,0,0
06-06-2026,529356,Eco and vernacular June'26,Keyword,Others,SMART,1,DAILY,350,36,0,0,0,0,0,0,0,13.6,0,0
06-06-2026,529356,Eco and vernacular June'26,Keyword,Others,SMART,1,DAILY,350,39,0,0,0,0,0,0,0,14.3,0,0
06-06-2026,529356,Eco and vernacular June'26,Keyword,Others,SMART,1,DAILY,350,2,0,0,0,0,0,0,0,0.8,0,0
06-06-2026,529356,Eco and vernacular June'26,Keyword,Others,SMART,1,DAILY,350,2,0,0,0,0,0,0,0,0.8,0,0
06-06-2026,529356,Eco and vernacular June'26,Keyword,Others,SMART,1,DAILY,350,53,0,0,0,0,0,0,0,19.2,0,0
06-06-2026,529356,Eco and vernacular June'26,Keyword,Others,SMART,1,DAILY,350,2,0,0,0,0,0,0,0,0.8,0,0
06-06-2026,529356,Eco and vernacular June'26,Keyword,Others,SMART,1,DAILY,350,2,0,0,0,0,0,0,0,0.8,0,0
06-06-2026,529356,Eco and vernacular June'26,Keyword,bagasse plates,EXACT,1,DAILY,300,2,0,0,0,0,0,0,0,0.6,0,0
06-06-2026,529359,Discovery – Typed/Partial June'26,Keyword,disp,EXACT,1,DAILY,300,676,13,2,7,2,983,198,3,202.8,4.847140039,5.8234714
06-06-2026,529359,Discovery – Typed/Partial June'26,Keyword,disposa,EXACT,5,DAILY,300,500,12,2,9,1,1071,99,3,150,7.14,7.8
06-06-2026,529359,Discovery – Typed/Partial June'26,Keyword,dispos,EXACT,5,DAILY,300,463,3,1,3,1,437,99,2,138.9,3.146148308,3.858891289
06-06-2026,529359,Discovery – Typed/Partial June'26,Keyword,disposabl,EXACT,5,DAILY,300,126,0,0,0,0,0,0,0,37.8,0,0
06-06-2026,529359,Discovery – Typed/Partial June'26,Keyword,dispo,EXACT,5,DAILY,300,1582,18,4,13,2,1477,198,12,474.6,3.112094395,3.529287821
06-06-2026,529359,Discovery – Typed/Partial June'26,Keyword,disposal,EXACT,5,DAILY,300,939,13,1,5,0,555,0,5,281.7,1.970181044,1.970181044
06-06-2026,529361,Material Conquest June'26,Keyword,steel plate,EXACT,1,DAILY,450,153,2,0,2,0,238,0,1,71,3.352112676,3.352112676
06-06-2026,529361,Material Conquest June'26,Keyword,Others,SMART,1,DAILY,450,6,0,0,0,0,0,0,0,2.8,0,0
06-06-2026,529361,Material Conquest June'26,Keyword,plat,SMART,1,DAILY,450,38,0,0,0,0,0,0,0,17.8,0,0
06-06-2026,529361,Material Conquest June'26,Keyword,plate,SMART,1,DAILY,450,317,3,0,1,0,69,0,1,145.9,0.472926662,0.472926662
06-06-2026,529361,Material Conquest June'26,Keyword,Others,SMART,1,DAILY,450,2,0,0,0,0,0,0,0,1,0,0
06-06-2026,529361,Material Conquest June'26,Keyword,Others,SMART,1,DAILY,450,3,0,0,0,0,0,0,0,1.5,0,0
06-06-2026,529361,Material Conquest June'26,Keyword,Others,SMART,1,DAILY,450,5,0,0,0,0,0,0,0,2.5,0,0
06-06-2026,529361,Material Conquest June'26,Keyword,Others,SMART,1,DAILY,450,2,0,0,0,0,0,0,0,1,0,0
06-06-2026,529361,Material Conquest June'26,Keyword,Others,SMART,1,DAILY,450,7,0,0,0,0,0,0,0,3.4,0,0
06-06-2026,529361,Material Conquest June'26,Keyword,Others,SMART,1,DAILY,450,10,0,0,0,0,0,0,0,4.6,0,0
06-06-2026,529361,Material Conquest June'26,Keyword,Others,SMART,1,DAILY,450,1,0,0,0,0,0,0,0,0.5,0,0
06-06-2026,529361,Material Conquest June'26,Keyword,Others,SMART,1,DAILY,450,4,0,0,0,0,0,0,0,2,0,0
06-06-2026,529361,Material Conquest June'26,Keyword,Others,SMART,1,DAILY,450,6,0,0,0,0,0,0,0,2.8,0,0
06-06-2026,529361,Material Conquest June'26,Keyword,Others,SMART,1,DAILY,450,6,0,0,0,0,0,0,0,2.8,0,0
06-06-2026,529361,Material Conquest June'26,Keyword,Others,SMART,1,DAILY,450,5,0,0,0,0,0,0,0,2.4,0,0
06-06-2026,529361,Material Conquest June'26,Keyword,Others,SMART,1,DAILY,450,8,0,0,0,0,0,0,0,3.8,0,0
06-06-2026,529361,Material Conquest June'26,Keyword,Others,SMART,1,DAILY,450,19,0,0,0,0,0,0,0,9.3,0,0
06-06-2026,529361,Material Conquest June'26,Keyword,stee,SMART,1,DAILY,450,79,0,0,0,0,0,0,0,36.7,0,0
06-06-2026,529361,Material Conquest June'26,Keyword,steel,SMART,5,DAILY,450,227,1,0,0,0,0,0,0,105,0,0
06-06-2026,529361,Material Conquest June'26,Keyword,Others,SMART,1,DAILY,450,3,0,0,0,0,0,0,0,1.4,0,0
06-06-2026,529361,Material Conquest June'26,Keyword,Others,SMART,1,DAILY,450,6,0,0,0,0,0,0,0,3,0,0
06-06-2026,529361,Material Conquest June'26,Keyword,Others,SMART,1,DAILY,450,2,0,0,0,0,0,0,0,1,0,0
06-06-2026,529361,Material Conquest June'26,Keyword,Others,SMART,1,DAILY,450,5,0,0,0,0,0,0,0,2.5,0,0
06-06-2026,529361,Material Conquest June'26,Keyword,Others,SMART,1,DAILY,450,2,0,0,0,0,0,0,0,1,0,0
06-06-2026,529361,Material Conquest June'26,Keyword,Others,SMART,1,DAILY,450,4,0,0,0,0,0,0,0,2,0,0
06-06-2026,529361,Material Conquest June'26,Keyword,Others,SMART,1,DAILY,450,3,0,0,0,0,0,0,0,1.5,0,0
06-06-2026,529361,Material Conquest June'26,Keyword,Others,SMART,1,DAILY,450,2,0,0,0,0,0,0,0,1,0,0
06-06-2026,529361,Material Conquest June'26,Keyword,plastic plate,EXACT,1,DAILY,300,81,3,0,2,0,188,0,2,24.3,7.736625514,7.736625514
06-06-2026,529361,Material Conquest June'26,Keyword,plastic glass,SMART,1,DAILY,300,6,0,0,0,0,0,0,0,1.8,0,0
06-06-2026,529361,Material Conquest June'26,Keyword,plastic pe,SMART,1,DAILY,300,4,0,0,0,0,0,0,0,1.2,0,0
06-06-2026,529361,Material Conquest June'26,Keyword,plastic pl,SMART,1,DAILY,300,29,0,0,0,0,0,0,0,8.7,0,0
06-06-2026,529361,Material Conquest June'26,Keyword,plastic pla,SMART,1,DAILY,300,10,0,0,0,0,0,0,0,3,0,0
06-06-2026,529361,Material Conquest June'26,Keyword,plastic plant,SMART,5,DAILY,300,18,0,0,0,0,0,0,0,5.4,0,0
06-06-2026,529361,Material Conquest June'26,Keyword,plastic plat,SMART,1,DAILY,300,6,0,0,0,0,0,0,0,1.8,0,0
06-06-2026,529361,Material Conquest June'26,Keyword,plastic plates,SMART,3,DAILY,300,15,0,0,0,0,0,0,0,4.5,0,0
06-06-2026,529361,Material Conquest June'26,Keyword,Others,SMART,1,DAILY,300,2,0,0,0,0,0,0,0,0.6,0,0
06-06-2026,529361,Material Conquest June'26,Keyword,plate plastic,SMART,1,DAILY,300,3,0,0,0,0,0,0,0,0.9,0,0
06-06-2026,529361,Material Conquest June'26,Keyword,plastic bowl,EXACT,1,DAILY,400,214,5,0,3,0,237,0,3,85.6,2.768691589,2.768691589
06-06-2026,529361,Material Conquest June'26,Keyword,Others,SMART,5,DAILY,400,23,0,0,0,0,0,0,0,9.2,0,0
06-06-2026,529361,Material Conquest June'26,Keyword,Others,SMART,5,DAILY,400,17,0,0,0,0,0,0,0,6.8,0,0
06-06-2026,529361,Material Conquest June'26,Keyword,bowl,SMART,3,DAILY,400,289,2,0,0,0,0,0,0,115.6,0,0
06-06-2026,529361,Material Conquest June'26,Keyword,Others,SMART,5,DAILY,400,2,0,0,0,0,0,0,0,0.8,0,0
06-06-2026,529361,Material Conquest June'26,Keyword,Others,SMART,5,DAILY,400,2,0,0,0,0,0,0,0,0.8,0,0
06-06-2026,529361,Material Conquest June'26,Keyword,Others,SMART,5,DAILY,400,8,0,0,0,0,0,0,0,3.2,0,0
06-06-2026,529361,Material Conquest June'26,Keyword,Others,SMART,5,DAILY,400,2,0,0,0,0,0,0,0,0.8,0,0
06-06-2026,529361,Material Conquest June'26,Keyword,Others,SMART,5,DAILY,400,4,0,0,0,0,0,0,0,1.6,0,0
06-06-2026,529361,Material Conquest June'26,Keyword,Others,SMART,5,DAILY,400,1,0,0,0,0,0,0,0,0.4,0,0
06-06-2026,529361,Material Conquest June'26,Keyword,Others,SMART,5,DAILY,400,2,0,0,0,0,0,0,0,0.8,0,0
06-06-2026,529361,Material Conquest June'26,Keyword,Others,SMART,5,DAILY,400,28,0,0,0,0,0,0,0,11.2,0,0
06-06-2026,529361,Material Conquest June'26,Keyword,Others,SMART,5,DAILY,400,19,0,0,0,0,0,0,0,7.6,0,0
06-06-2026,529361,Material Conquest June'26,Keyword,Others,SMART,5,DAILY,400,6,0,0,0,0,0,0,0,2.4,0,0
06-06-2026,529361,Material Conquest June'26,Keyword,plastic,SMART,1,DAILY,400,68,1,0,1,0,169,0,1,27.2,6.213235294,6.213235294
06-06-2026,529361,Material Conquest June'26,Keyword,Others,SMART,5,DAILY,400,19,0,0,0,0,0,0,0,7.6,0,0
06-06-2026,529361,Material Conquest June'26,Keyword,Others,SMART,5,DAILY,400,1,0,0,0,0,0,0,0,0.4,0,0
06-06-2026,529361,Material Conquest June'26,Keyword,plastic bo,SMART,1,DAILY,400,80,0,0,0,0,0,0,0,32,0,0
06-06-2026,529361,Material Conquest June'26,Keyword,Others,SMART,5,DAILY,400,11,0,0,0,0,0,0,0,4.4,0,0
06-06-2026,529361,Material Conquest June'26,Keyword,Others,SMART,5,DAILY,400,4,0,0,0,0,0,0,0,1.6,0,0
06-06-2026,529361,Material Conquest June'26,Keyword,Others,SMART,5,DAILY,400,24,0,0,0,0,0,0,0,9.6,0,0
06-06-2026,529361,Material Conquest June'26,Keyword,Others,SMART,5,DAILY,400,4,0,0,0,0,0,0,0,1.6,0,0
06-06-2026,529361,Material Conquest June'26,Keyword,Others,SMART,5,DAILY,400,3,0,0,0,0,0,0,0,1.2,0,0
06-06-2026,529361,Material Conquest June'26,Keyword,Others,SMART,5,DAILY,400,5,0,0,0,0,0,0,0,2,0,0
06-06-2026,529361,Material Conquest June'26,Keyword,Others,SMART,5,DAILY,400,2,0,0,0,0,0,0,0,0.8,0,0
06-06-2026,529361,Material Conquest June'26,Keyword,Others,SMART,5,DAILY,400,2,0,0,0,0,0,0,0,0.8,0,0
06-06-2026,529361,Material Conquest June'26,Keyword,Others,SMART,5,DAILY,400,5,0,0,0,0,0,0,0,2,0,0
06-06-2026,529361,Material Conquest June'26,Keyword,plastic spoon,SMART,1,DAILY,400,48,0,0,0,0,0,0,0,19.2,0,0
06-06-2026,529361,Material Conquest June'26,Keyword,Others,SMART,5,DAILY,400,12,0,0,0,0,0,0,0,4.8,0,0
06-06-2026,529361,Material Conquest June'26,Keyword,Others,SMART,5,DAILY,400,2,0,0,0,0,0,0,0,0.8,0,0
06-06-2026,529361,Material Conquest June'26,Keyword,Others,SMART,5,DAILY,400,5,0,0,0,0,0,0,0,2,0,0
06-06-2026,529361,Material Conquest June'26,Keyword,Others,SMART,5,DAILY,400,2,0,0,0,0,0,0,0,0.8,0,0
06-06-2026,529363,Adjacent SKU – Cups/Spoons June'26,Keyword,disposable spoon,EXACT,5,DAILY,350,1082,3,0,1,0,169,0,1,385.4,0.438505449,0.438505449
06-06-2026,529363,Adjacent SKU – Cups/Spoons June'26,Keyword,disposable cup,EXACT,3,DAILY,350,873,10,0,8,0,902,0,0,311.4,2.896596018,2.896596018
06-06-2026,529363,Adjacent SKU – Cups/Spoons June'26,Keyword,food container,EXACT,5,DAILY,350,481,0,0,0,0,0,0,0,173.4,0,0
07-06-2026,529350,Bowls - Generic June'26,Keyword,katori,EXACT,1,DAILY,500,234,2,1,0,1,0,119,1,117,0,1.017094017
07-06-2026,529350,Bowls - Generic June'26,Keyword,jaat,SMART,1,DAILY,500,7,0,0,0,0,0,0,0,3.5,0,0
07-06-2026,529350,Bowls - Generic June'26,Keyword,Others,SMART,1,DAILY,500,2,0,0,0,0,0,0,0,1,0,0
07-06-2026,529350,Bowls - Generic June'26,Keyword,kata,SMART,1,DAILY,500,4,0,0,0,0,0,0,0,2,0,0
07-06-2026,529350,Bowls - Generic June'26,Keyword,katha,SMART,1,DAILY,500,4,0,0,0,0,0,0,0,2,0,0
07-06-2026,529350,Bowls - Generic June'26,Keyword,Others,SMART,1,DAILY,500,2,0,0,0,0,0,0,0,1,0,0
07-06-2026,529350,Bowls - Generic June'26,Keyword,kathi,SMART,1,DAILY,500,7,0,0,0,0,0,0,0,3.5,0,0
07-06-2026,529350,Bowls - Generic June'26,Keyword,kato,SMART,1,DAILY,500,19,0,0,0,0,0,0,0,9.5,0,0
07-06-2026,529350,Bowls - Generic June'26,Keyword,Others,SMART,1,DAILY,500,1,0,0,0,0,0,0,0,0.5,0,0
07-06-2026,529350,Bowls - Generic June'26,Keyword,Others,SMART,1,DAILY,500,1,0,0,0,0,0,0,0,0.5,0,0
07-06-2026,529350,Bowls - Generic June'26,Keyword,katri kai,SMART,1,DAILY,500,3,0,0,0,0,0,0,0,1.5,0,0
07-06-2026,529350,Bowls - Generic June'26,Keyword,Others,SMART,1,DAILY,500,2,0,0,0,0,0,0,0,1,0,0
07-06-2026,529350,Bowls - Generic June'26,Keyword,kattu,SMART,1,DAILY,500,6,0,0,0,0,0,0,0,3,0,0
07-06-2026,529350,Bowls - Generic June'26,Keyword,Others,SMART,1,DAILY,500,1,0,0,0,0,0,0,0,0.5,0,0
07-06-2026,529350,Bowls - Generic June'26,Keyword,kito,SMART,1,DAILY,500,24,0,0,0,0,0,0,0,12,0,0
07-06-2026,529350,Bowls - Generic June'26,Keyword,kot,SMART,1,DAILY,500,13,0,0,0,0,0,0,0,6.5,0,0
07-06-2026,529350,Bowls - Generic June'26,Keyword,koth,SMART,1,DAILY,500,3,0,0,0,0,0,0,0,1.5,0,0
07-06-2026,529350,Bowls - Generic June'26,Keyword,kotha,SMART,1,DAILY,500,7,0,0,0,0,0,0,0,3.5,0,0
07-06-2026,529350,Bowls - Generic June'26,Keyword,Others,SMART,1,DAILY,500,2,0,0,0,0,0,0,0,1,0,0
07-06-2026,529350,Bowls - Generic June'26,Keyword,kto,SMART,1,DAILY,500,4,0,0,0,0,0,0,0,2,0,0
07-06-2026,529350,Bowls - Generic June'26,Keyword,small bowl,EXACT,1,DAILY,500,59,2,0,0,0,0,0,0,29.5,0,0
07-06-2026,529350,Bowls - Generic June'26,Keyword,bowl small,SMART,1,DAILY,500,2,0,0,0,0,0,0,0,1,0,0
07-06-2026,529350,Bowls - Generic June'26,Keyword,small bal,SMART,1,DAILY,500,3,0,0,0,0,0,0,0,1.5,0,0
07-06-2026,529350,Bowls - Generic June'26,Keyword,Others,SMART,1,DAILY,500,1,0,0,0,0,0,0,0,0.5,0,0
07-06-2026,529350,Bowls - Generic June'26,Keyword,Others,SMART,1,DAILY,500,1,0,0,0,0,0,0,0,0.5,0,0
07-06-2026,529350,Bowls - Generic June'26,Keyword,small bow,SMART,1,DAILY,500,12,0,0,0,0,0,0,0,6,0,0
07-06-2026,529350,Bowls - Generic June'26,Keyword,small bowl for,SMART,1,DAILY,500,2,0,0,0,0,0,0,0,1,0,0
07-06-2026,529350,Bowls - Generic June'26,Keyword,small bowls,SMART,1,DAILY,500,2,0,0,0,0,0,0,0,1,0,0
07-06-2026,529350,Bowls - Generic June'26,Keyword,Others,SMART,1,DAILY,500,1,0,0,0,0,0,0,0,0.5,0,0
07-06-2026,529350,Bowls - Generic June'26,Keyword,small pot,SMART,5,DAILY,500,2,0,0,0,0,0,0,0,1,0,0
07-06-2026,529350,Bowls - Generic June'26,Keyword,smallbowl,SMART,1,DAILY,500,2,0,0,0,0,0,0,0,1,0,0
07-06-2026,529350,Bowls - Generic June'26,Keyword,snack bowl,SMART,1,DAILY,500,3,0,0,0,0,0,0,0,1.5,0,0
07-06-2026,529350,Bowls - Generic June'26,Keyword,paper bowl,EXACT,1,DAILY,500,64,4,2,4,2,486,238,4,32,15.1875,22.625
07-06-2026,529350,Bowls - Generic June'26,Keyword,bowls,EXACT,1,DAILY,500,115,1,0,1,0,99,0,1,57.5,1.72173913,1.72173913
07-06-2026,529350,Bowls - Generic June'26,Keyword,bowl,EXACT,1,DAILY,500,1933,26,3,13,4,1557,376,11,966.5,1.610967408,2
07-06-2026,529350,Bowls - Generic June'26,Keyword,Others,SMART,1,DAILY,500,2,0,0,0,0,0,0,0,1,0,0
07-06-2026,529350,Bowls - Generic June'26,Keyword,Others,SMART,1,DAILY,500,14,0,0,0,0,0,0,0,7,0,0
07-06-2026,529350,Bowls - Generic June'26,Keyword,Others,SMART,1,DAILY,500,1,0,0,0,0,0,0,0,0.5,0,0
07-06-2026,529350,Bowls - Generic June'26,Keyword,Others,SMART,1,DAILY,500,4,0,0,0,0,0,0,0,2,0,0
07-06-2026,529350,Bowls - Generic June'26,Keyword,Others,SMART,1,DAILY,500,5,0,0,0,0,0,0,0,2.5,0,0
07-06-2026,529350,Bowls - Generic June'26,Keyword,Others,SMART,1,DAILY,500,1,0,0,0,0,0,0,0,0.5,0,0
07-06-2026,529350,Bowls - Generic June'26,Keyword,Others,SMART,1,DAILY,500,3,0,0,0,0,0,0,0,1.5,0,0
07-06-2026,529350,Bowls - Generic June'26,Keyword,Others,SMART,1,DAILY,500,2,0,0,0,0,0,0,0,1,0,0
07-06-2026,529350,Bowls - Generic June'26,Keyword,Others,SMART,1,DAILY,500,3,0,0,0,0,0,0,0,1.5,0,0
07-06-2026,529350,Bowls - Generic June'26,Keyword,boul,SMART,5,DAILY,500,60,0,0,0,0,0,0,0,30,0,0
07-06-2026,529350,Bowls - Generic June'26,Keyword,Others,SMART,1,DAILY,500,2,0,0,0,0,0,0,0,1,0,0
07-06-2026,529350,Bowls - Generic June'26,Keyword,bow,SMART,1,DAILY,500,302,1,0,0,0,0,0,0,151,0,0
07-06-2026,529350,Bowls - Generic June'26,Keyword,Others,SMART,1,DAILY,500,6,0,0,0,0,0,0,0,3,0,0
07-06-2026,529350,Bowls - Generic June'26,Keyword,Others,SMART,1,DAILY,500,1,0,0,0,0,0,0,0,0.5,0,0
07-06-2026,529350,Bowls - Generic June'26,Keyword,Others,SMART,1,DAILY,500,2,0,0,0,0,0,0,0,1,0,0
07-06-2026,529350,Bowls - Generic June'26,Keyword,Others,SMART,1,DAILY,500,1,0,0,0,0,0,0,0,0.5,0,0
07-06-2026,529350,Bowls - Generic June'26,Keyword,Others,SMART,1,DAILY,500,12,0,0,0,0,0,0,0,6,0,0
07-06-2026,529350,Bowls - Generic June'26,Keyword,Others,SMART,1,DAILY,500,7,0,0,0,0,0,0,0,3.5,0,0
07-06-2026,529350,Bowls - Generic June'26,Keyword,Others,SMART,1,DAILY,500,1,0,0,0,0,0,0,0,0.5,0,0
07-06-2026,529350,Bowls - Generic June'26,Keyword,Others,SMART,1,DAILY,500,1,0,0,0,0,0,0,0,0.5,0,0
07-06-2026,529350,Bowls - Generic June'26,Keyword,Others,SMART,1,DAILY,500,2,0,0,0,0,0,0,0,1,0,0
07-06-2026,529350,Bowls - Generic June'26,Keyword,Others,SMART,1,DAILY,500,1,0,0,0,0,0,0,0,0.5,0,0
07-06-2026,529350,Bowls - Generic June'26,Keyword,Others,SMART,1,DAILY,500,3,0,0,0,0,0,0,0,1.5,0,0
07-06-2026,529350,Bowls - Generic June'26,Keyword,Others,SMART,1,DAILY,500,14,0,0,0,0,0,0,0,7,0,0
07-06-2026,529350,Bowls - Generic June'26,Keyword,Others,SMART,1,DAILY,500,12,0,0,0,0,0,0,0,6,0,0
07-06-2026,529350,Bowls - Generic June'26,Keyword,Others,SMART,1,DAILY,500,7,0,0,0,0,0,0,0,3.5,0,0
07-06-2026,529350,Bowls - Generic June'26,Keyword,Others,SMART,1,DAILY,500,2,0,0,0,0,0,0,0,1,0,0
07-06-2026,529350,Bowls - Generic June'26,Keyword,Others,SMART,1,DAILY,500,9,0,0,0,0,0,0,0,4.5,0,0
07-06-2026,529350,Bowls - Generic June'26,Keyword,Others,SMART,1,DAILY,500,3,0,0,0,0,0,0,0,1.5,0,0
07-06-2026,529350,Bowls - Generic June'26,Keyword,Others,SMART,1,DAILY,500,3,0,0,0,0,0,0,0,1.5,0,0
07-06-2026,529350,Bowls - Generic June'26,Keyword,disposable bowl,EXACT,1,DAILY,500,374,20,0,12,0,1908,0,10,187,10.20320856,10.20320856
07-06-2026,529350,Bowls - Generic June'26,Keyword,Others,SMART,1,DAILY,500,1,0,0,0,0,0,0,0,0.5,0,0
07-06-2026,529350,Bowls - Generic June'26,Keyword,Others,SMART,1,DAILY,500,4,0,0,0,0,0,0,0,2,0,0
07-06-2026,529350,Bowls - Generic June'26,Keyword,Others,SMART,1,DAILY,500,1,0,0,0,0,0,0,0,0.5,0,0
07-06-2026,529350,Bowls - Generic June'26,Keyword,Others,SMART,1,DAILY,500,72,0,0,0,0,0,0,0,36,0,0
07-06-2026,529350,Bowls - Generic June'26,Keyword,bow,SMART,1,DAILY,500,248,0,0,0,0,0,0,0,124,0,0
07-06-2026,529350,Bowls - Generic June'26,Keyword,Others,SMART,1,DAILY,500,2,0,0,0,0,0,0,0,1,0,0
07-06-2026,529350,Bowls - Generic June'26,Keyword,Others,SMART,1,DAILY,500,1,0,0,0,0,0,0,0,0.5,0,0
07-06-2026,529350,Bowls - Generic June'26,Keyword,Others,SMART,1,DAILY,500,1,0,0,0,0,0,0,0,0.5,0,0
07-06-2026,529350,Bowls - Generic June'26,Keyword,Others,SMART,1,DAILY,500,5,1,0,1,0,99,0,0,2.5,39.6,39.6
07-06-2026,529350,Bowls - Generic June'26,Keyword,Others,SMART,1,DAILY,500,3,0,0,0,0,0,0,0,1.5,0,0
07-06-2026,529350,Bowls - Generic June'26,Keyword,Others,SMART,1,DAILY,500,3,0,0,0,0,0,0,0,1.5,0,0
07-06-2026,529350,Bowls - Generic June'26,Keyword,Others,SMART,1,DAILY,500,4,0,0,0,0,0,0,0,2,0,0
07-06-2026,529350,Bowls - Generic June'26,Keyword,Others,SMART,1,DAILY,500,1,0,0,0,0,0,0,0,0.5,0,0
07-06-2026,529350,Bowls - Generic June'26,Keyword,Others,SMART,1,DAILY,500,5,1,0,1,0,99,0,1,2.5,39.6,39.6
07-06-2026,529350,Bowls - Generic June'26,Keyword,Others,SMART,1,DAILY,500,2,0,0,0,0,0,0,0,1,0,0
07-06-2026,529350,Bowls - Generic June'26,Keyword,Others,SMART,1,DAILY,500,5,0,0,0,0,0,0,0,2.5,0,0
07-06-2026,529350,Bowls - Generic June'26,Keyword,Others,SMART,1,DAILY,500,15,0,0,0,0,0,0,0,7.5,0,0
07-06-2026,529350,Bowls - Generic June'26,Keyword,Others,SMART,1,DAILY,500,1,0,0,0,0,0,0,0,0.5,0,0
07-06-2026,529350,Bowls - Generic June'26,Keyword,Others,SMART,1,DAILY,500,1,0,0,0,0,0,0,0,0.5,0,0
07-06-2026,529350,Bowls - Generic June'26,Keyword,Others,SMART,1,DAILY,500,1,0,0,0,0,0,0,0,0.5,0,0
07-06-2026,529350,Bowls - Generic June'26,Keyword,Others,SMART,1,DAILY,500,1,0,0,0,0,0,0,0,0.5,0,0
07-06-2026,529350,Bowls - Generic June'26,Keyword,Others,SMART,1,DAILY,500,1,0,0,0,0,0,0,0,0.5,0,0
07-06-2026,529350,Bowls - Generic June'26,Keyword,Others,SMART,1,DAILY,500,23,0,0,0,0,0,0,0,11.5,0,0
07-06-2026,529350,Bowls - Generic June'26,Keyword,Others,SMART,1,DAILY,500,1,0,0,0,0,0,0,0,0.5,0,0
07-06-2026,529350,Bowls - Generic June'26,Keyword,Others,SMART,1,DAILY,500,21,0,0,0,0,0,0,0,10.5,0,0
07-06-2026,529350,Bowls - Generic June'26,Keyword,Others,SMART,1,DAILY,500,2,0,0,0,0,0,0,0,1,0,0
07-06-2026,529350,Bowls - Generic June'26,Keyword,Others,SMART,1,DAILY,500,5,0,0,0,0,0,0,0,2.5,0,0
07-06-2026,529350,Bowls - Generic June'26,Keyword,Others,SMART,1,DAILY,500,13,0,0,0,0,0,0,0,6.5,0,0
07-06-2026,529350,Bowls - Generic June'26,Keyword,Others,SMART,1,DAILY,500,3,0,0,0,0,0,0,0,1.5,0,0
07-06-2026,529350,Bowls - Generic June'26,Keyword,Others,SMART,1,DAILY,500,1,0,0,0,0,0,0,0,0.5,0,0
07-06-2026,529350,Bowls - Generic June'26,Keyword,Others,SMART,1,DAILY,500,1,0,0,0,0,0,0,0,0.5,0,0
07-06-2026,529350,Bowls - Generic June'26,Keyword,Others,SMART,1,DAILY,500,2,0,0,0,0,0,0,0,1,0,0
07-06-2026,529350,Bowls - Generic June'26,Keyword,Others,SMART,1,DAILY,500,2,0,0,0,0,0,0,0,1,0,0
07-06-2026,529350,Bowls - Generic June'26,Keyword,Others,SMART,1,DAILY,500,1,0,0,0,0,0,0,0,0.5,0,0
07-06-2026,529350,Bowls - Generic June'26,Keyword,Others,SMART,1,DAILY,500,1,0,0,0,0,0,0,0,0.5,0,0
07-06-2026,529350,Bowls - Generic June'26,Keyword,Others,SMART,1,DAILY,500,52,0,0,0,0,0,0,0,26,0,0
07-06-2026,529350,Bowls - Generic June'26,Keyword,Others,SMART,1,DAILY,500,2,0,0,0,0,0,0,0,1,0,0
07-06-2026,529350,Bowls - Generic June'26,Keyword,Others,SMART,1,DAILY,500,3,0,0,0,0,0,0,0,1.5,0,0
07-06-2026,529350,Bowls - Generic June'26,Keyword,Others,SMART,1,DAILY,500,3,0,0,0,0,0,0,0,1.5,0,0
07-06-2026,529350,Bowls - Generic June'26,Keyword,Others,SMART,1,DAILY,500,2,0,0,0,0,0,0,0,1,0,0
07-06-2026,529350,Bowls - Generic June'26,Keyword,Others,SMART,1,DAILY,500,2,0,0,0,0,0,0,0,1,0,0
07-06-2026,529350,Bowls - Generic June'26,Keyword,disp,SMART,1,DAILY,500,263,1,0,0,0,0,0,0,131.5,0,0
07-06-2026,529350,Bowls - Generic June'26,Keyword,Others,SMART,1,DAILY,500,1,0,0,0,0,0,0,0,0.5,0,0
07-06-2026,529350,Bowls - Generic June'26,Keyword,Others,SMART,1,DAILY,500,5,0,0,0,0,0,0,0,2.5,0,0
07-06-2026,529350,Bowls - Generic June'26,Keyword,Others,SMART,1,DAILY,500,7,0,0,0,0,0,0,0,3.5,0,0
07-06-2026,529350,Bowls - Generic June'26,Keyword,dispo,SMART,1,DAILY,500,1099,8,6,4,3,396,407,7,549.5,0.720655141,1.46132848
07-06-2026,529350,Bowls - Generic June'26,Keyword,dispos,SMART,1,DAILY,500,115,1,2,0,0,0,0,0,57.5,0,0
07-06-2026,529350,Bowls - Generic June'26,Keyword,disposa,SMART,1,DAILY,500,307,1,7,0,5,0,595,1,153.5,0,3.876221498
07-06-2026,529350,Bowls - Generic June'26,Keyword,Others,SMART,1,DAILY,500,34,0,2,0,0,0,0,0,17,0,0
07-06-2026,529350,Bowls - Generic June'26,Keyword,Others,SMART,1,DAILY,500,35,0,0,0,0,0,0,0,17.5,0,0
07-06-2026,529350,Bowls - Generic June'26,Keyword,disposable,SMART,1,DAILY,500,699,12,7,6,3,594,357,8,349.5,1.699570815,2.721030043
07-06-2026,529350,Bowls - Generic June'26,Keyword,Others,SMART,1,DAILY,500,31,1,0,0,0,0,0,0,15.5,0,0
07-06-2026,529350,Bowls - Generic June'26,Keyword,Others,SMART,1,DAILY,500,1,0,0,0,0,0,0,0,0.5,0,0
07-06-2026,529350,Bowls - Generic June'26,Keyword,Others,SMART,1,DAILY,500,6,0,0,0,0,0,0,0,3,0,0
07-06-2026,529350,Bowls - Generic June'26,Keyword,Others,SMART,1,DAILY,500,1,0,0,0,0,0,0,0,0.5,0,0
07-06-2026,529350,Bowls - Generic June'26,Keyword,Others,SMART,1,DAILY,500,47,0,0,0,0,0,0,0,23.5,0,0
07-06-2026,529350,Bowls - Generic June'26,Keyword,Others,SMART,1,DAILY,500,11,0,0,0,0,0,0,0,5.5,0,0
07-06-2026,529350,Bowls - Generic June'26,Keyword,Others,SMART,1,DAILY,500,1,0,0,0,0,0,0,0,0.5,0,0
07-06-2026,529350,Bowls - Generic June'26,Keyword,Others,SMART,1,DAILY,500,1,0,0,0,0,0,0,0,0.5,0,0
07-06-2026,529350,Bowls - Generic June'26,Keyword,Others,SMART,1,DAILY,500,3,0,0,0,0,0,0,0,1.5,0,0
07-06-2026,529350,Bowls - Generic June'26,Keyword,Others,SMART,1,DAILY,500,29,2,0,1,0,99,0,1,14.5,6.827586207,6.827586207
07-06-2026,529350,Bowls - Generic June'26,Keyword,Others,SMART,1,DAILY,500,2,0,0,0,0,0,0,0,1,0,0
07-06-2026,529350,Bowls - Generic June'26,Keyword,Others,SMART,1,DAILY,500,24,0,0,0,0,0,0,0,12,0,0
07-06-2026,529350,Bowls - Generic June'26,Keyword,Others,SMART,1,DAILY,500,7,0,0,0,0,0,0,0,3.5,0,0
07-06-2026,529350,Bowls - Generic June'26,Keyword,Others,SMART,1,DAILY,500,5,0,0,0,0,0,0,0,2.5,0,0
07-06-2026,529350,Bowls - Generic June'26,Keyword,Others,SMART,1,DAILY,500,43,1,0,1,0,99,0,1,21.5,4.604651163,4.604651163
07-06-2026,529350,Bowls - Generic June'26,Keyword,Others,SMART,1,DAILY,500,19,0,0,0,0,0,0,0,9.5,0,0
07-06-2026,529350,Bowls - Generic June'26,Keyword,Others,SMART,1,DAILY,500,3,3,0,0,0,0,0,0,1.5,0,0
07-06-2026,529350,Bowls - Generic June'26,Keyword,Others,SMART,1,DAILY,500,2,0,0,0,0,0,0,0,1,0,0
07-06-2026,529350,Bowls - Generic June'26,Keyword,Others,SMART,1,DAILY,500,4,0,0,0,0,0,0,0,2,0,0
07-06-2026,529350,Bowls - Generic June'26,Keyword,Others,SMART,1,DAILY,500,5,0,0,0,0,0,0,0,2.5,0,0
07-06-2026,529350,Bowls - Generic June'26,Keyword,Others,SMART,1,DAILY,500,1,0,1,0,1,0,169,0,0.5,0,338
07-06-2026,529350,Bowls - Generic June'26,Keyword,Others,SMART,1,DAILY,500,3,0,0,0,0,0,0,0,1.5,0,0
07-06-2026,529350,Bowls - Generic June'26,Keyword,Others,SMART,1,DAILY,500,1,0,0,0,0,0,0,0,0.5,0,0
07-06-2026,529350,Bowls - Generic June'26,Keyword,Others,SMART,1,DAILY,500,2,0,0,0,0,0,0,0,1,0,0
07-06-2026,529350,Bowls - Generic June'26,Keyword,Others,SMART,1,DAILY,500,8,0,0,0,0,0,0,0,4,0,0
07-06-2026,529350,Bowls - Generic June'26,Keyword,Others,SMART,1,DAILY,500,1,0,0,0,0,0,0,0,0.5,0,0
07-06-2026,529350,Bowls - Generic June'26,Keyword,Others,SMART,1,DAILY,500,9,0,0,0,0,0,0,0,4.5,0,0
07-06-2026,529350,Bowls - Generic June'26,Keyword,Others,SMART,1,DAILY,500,9,0,0,0,0,0,0,0,4.5,0,0
07-06-2026,529350,Bowls - Generic June'26,Keyword,Others,SMART,1,DAILY,500,6,0,0,0,0,0,0,0,3,0,0
07-06-2026,529350,Bowls - Generic June'26,Keyword,Others,SMART,1,DAILY,500,2,0,0,0,0,0,0,0,1,0,0
07-06-2026,529350,Bowls - Generic June'26,Keyword,Others,SMART,1,DAILY,500,3,0,0,0,0,0,0,0,1.5,0,0
07-06-2026,529350,Bowls - Generic June'26,Keyword,Others,SMART,1,DAILY,500,2,0,0,0,0,0,0,0,1,0,0
07-06-2026,529350,Bowls - Generic June'26,Keyword,Others,SMART,1,DAILY,500,1,0,0,0,0,0,0,0,0.5,0,0
07-06-2026,529350,Bowls - Generic June'26,Keyword,disposal,SMART,1,DAILY,500,134,0,0,0,0,0,0,0,67,0,0
07-06-2026,529350,Bowls - Generic June'26,Keyword,Others,SMART,1,DAILY,500,2,0,0,0,0,0,0,0,1,0,0
07-06-2026,529350,Bowls - Generic June'26,Keyword,Others,SMART,1,DAILY,500,12,0,0,0,0,0,0,0,6,0,0
07-06-2026,529350,Bowls - Generic June'26,Keyword,Others,SMART,1,DAILY,500,1,0,0,0,0,0,0,0,0.5,0,0
07-06-2026,529350,Bowls - Generic June'26,Keyword,Others,SMART,1,DAILY,500,7,0,0,0,0,0,0,0,3.5,0,0
07-06-2026,529350,Bowls - Generic June'26,Keyword,Others,SMART,1,DAILY,500,1,0,0,0,0,0,0,0,0.5,0,0
07-06-2026,529350,Bowls - Generic June'26,Keyword,Others,SMART,1,DAILY,500,13,0,0,0,0,0,0,0,6.5,0,0
07-06-2026,529350,Bowls - Generic June'26,Keyword,Others,SMART,1,DAILY,500,1,0,0,0,0,0,0,0,0.5,0,0
07-06-2026,529350,Bowls - Generic June'26,Keyword,Others,SMART,1,DAILY,500,1,0,0,0,0,0,0,0,0.5,0,0
07-06-2026,529350,Bowls - Generic June'26,Keyword,Others,SMART,1,DAILY,500,5,0,0,0,0,0,0,0,2.5,0,0
07-06-2026,529350,Bowls - Generic June'26,Keyword,Others,SMART,1,DAILY,500,1,0,0,0,0,0,0,0,0.5,0,0
07-06-2026,529352,Plates - Generic June'26,Keyword,paper plate,EXACT,9,DAILY,475,1472,19,4,10,4,1090,396,12,703.8,1.548735436,2.111395283
07-06-2026,529352,Plates - Generic June'26,Keyword,plates,EXACT,1,DAILY,475,1829,35,7,29,4,4151,396,17,875.1,4.743457891,5.195977603
07-06-2026,529352,Plates - Generic June'26,Keyword,paper plates,EXACT,5,DAILY,475,432,4,0,1,0,169,0,0,207.5,0.814457831,0.814457831
07-06-2026,529352,Plates - Generic June'26,Keyword,disposable plates,EXACT,5,DAILY,475,405,15,2,3,2,407,198,4,195.1,2.086109687,3.10097386
07-06-2026,529352,Plates - Generic June'26,Keyword,use and throw plate,EXACT,5,DAILY,475,450,10,1,8,1,772,189,8,216.7,3.562528842,4.434702353
07-06-2026,529356,Eco and vernacular June'26,Keyword,dona,EXACT,1,DAILY,350,337,12,1,7,1,693,99,5,123.7,5.602263541,6.402586904
07-06-2026,529356,Eco and vernacular June'26,Keyword,pattal,EXACT,1,DAILY,350,636,4,0,4,0,456,0,4,229,1.991266376,1.991266376
07-06-2026,529356,Eco and vernacular June'26,Keyword,Others,SMART,5,DAILY,350,11,0,0,0,0,0,0,0,4.1,0,0
07-06-2026,529356,Eco and vernacular June'26,Keyword,patal,SMART,1,DAILY,350,300,1,0,0,0,0,0,0,106,0,0
07-06-2026,529356,Eco and vernacular June'26,Keyword,Others,SMART,5,DAILY,350,2,0,0,0,0,0,0,0,0.8,0,0
07-06-2026,529356,Eco and vernacular June'26,Keyword,Others,SMART,5,DAILY,350,24,0,0,0,0,0,0,0,8.5,0,0
07-06-2026,529356,Eco and vernacular June'26,Keyword,Others,SMART,5,DAILY,350,8,0,0,0,0,0,0,0,2.9,0,0
07-06-2026,529356,Eco and vernacular June'26,Keyword,Others,SMART,5,DAILY,350,2,0,0,0,0,0,0,0,0.8,0,0
07-06-2026,529356,Eco and vernacular June'26,Keyword,patravali,EXACT,1,DAILY,350,367,8,0,6,0,874,0,4,131.6,6.641337386,6.641337386
07-06-2026,529356,Eco and vernacular June'26,Keyword,Others,SMART,1,DAILY,350,2,0,0,0,0,0,0,0,0.8,0,0
07-06-2026,529356,Eco and vernacular June'26,Keyword,patr,SMART,1,DAILY,350,104,0,0,0,0,0,0,0,38.7,0,0
07-06-2026,529356,Eco and vernacular June'26,Keyword,patra,SMART,1,DAILY,350,242,0,0,0,0,0,0,0,87.1,0,0
07-06-2026,529356,Eco and vernacular June'26,Keyword,Others,SMART,1,DAILY,350,2,0,0,0,0,0,0,0,0.8,0,0
07-06-2026,529356,Eco and vernacular June'26,Keyword,Others,SMART,1,DAILY,350,1,0,0,0,0,0,0,0,0.4,0,0
07-06-2026,529356,Eco and vernacular June'26,Keyword,Others,SMART,1,DAILY,350,5,0,0,0,0,0,0,0,2,0,0
07-06-2026,529356,Eco and vernacular June'26,Keyword,Others,SMART,1,DAILY,350,2,0,0,0,0,0,0,0,0.8,0,0
07-06-2026,529356,Eco and vernacular June'26,Keyword,patre,SMART,1,DAILY,350,28,0,0,0,0,0,0,0,10.8,0,0
07-06-2026,529356,Eco and vernacular June'26,Keyword,sugarcane plates,EXACT,1,DAILY,300,11,0,0,0,0,0,0,0,3.3,0,0
07-06-2026,529356,Eco and vernacular June'26,Keyword,areca plate,EXACT,1,DAILY,300,100,1,0,1,0,119,0,0,30,3.966666667,3.966666667
07-06-2026,529356,Eco and vernacular June'26,Keyword,Others,SMART,1,DAILY,300,10,0,0,0,0,0,0,0,3,0,0
07-06-2026,529356,Eco and vernacular June'26,Keyword,are,SMART,1,DAILY,300,762,0,0,0,0,0,0,0,228.6,0,0
07-06-2026,529356,Eco and vernacular June'26,Keyword,Others,SMART,1,DAILY,300,33,0,0,0,0,0,0,0,9.9,0,0
07-06-2026,529356,Eco and vernacular June'26,Keyword,areca,SMART,1,DAILY,300,179,0,0,0,0,0,0,0,53.7,0,0
07-06-2026,529356,Eco and vernacular June'26,Keyword,Others,SMART,1,DAILY,300,22,0,0,0,0,0,0,0,6.6,0,0
07-06-2026,529356,Eco and vernacular June'26,Keyword,Others,SMART,1,DAILY,300,14,0,0,0,0,0,0,0,4.2,0,0
07-06-2026,529356,Eco and vernacular June'26,Keyword,Others,SMART,1,DAILY,300,11,0,0,0,0,0,0,0,3.3,0,0
07-06-2026,529356,Eco and vernacular June'26,Keyword,Others,SMART,1,DAILY,300,8,0,0,0,0,0,0,0,2.4,0,0
07-06-2026,529356,Eco and vernacular June'26,Keyword,Others,SMART,1,DAILY,300,76,0,0,0,0,0,0,0,22.8,0,0
07-06-2026,529356,Eco and vernacular June'26,Keyword,Others,SMART,1,DAILY,300,4,0,0,0,0,0,0,0,1.2,0,0
07-06-2026,529356,Eco and vernacular June'26,Keyword,Others,SMART,1,DAILY,300,12,0,0,0,0,0,0,0,3.6,0,0
07-06-2026,529356,Eco and vernacular June'26,Keyword,Others,SMART,1,DAILY,300,2,0,0,0,0,0,0,0,0.6,0,0
07-06-2026,529356,Eco and vernacular June'26,Keyword,Others,SMART,1,DAILY,300,1,0,0,0,0,0,0,0,0.3,0,0
07-06-2026,529356,Eco and vernacular June'26,Keyword,bamboo plate,EXACT,5,DAILY,350,122,2,0,2,0,238,0,2,44,5.409090909,5.409090909
07-06-2026,529356,Eco and vernacular June'26,Keyword,banana leaf plate,EXACT,1,DAILY,350,378,0,0,0,0,0,0,0,135.3,0,0
07-06-2026,529356,Eco and vernacular June'26,Keyword,Others,SMART,1,DAILY,350,1,0,0,0,0,0,0,0,0.4,0,0
07-06-2026,529356,Eco and vernacular June'26,Keyword,Others,SMART,1,DAILY,350,2,0,0,0,0,0,0,0,0.8,0,0
07-06-2026,529356,Eco and vernacular June'26,Keyword,Others,SMART,1,DAILY,350,1,0,0,0,0,0,0,0,0.4,0,0
07-06-2026,529356,Eco and vernacular June'26,Keyword,Others,SMART,1,DAILY,350,2,0,0,0,0,0,0,0,0.7,0,0
07-06-2026,529356,Eco and vernacular June'26,Keyword,Others,SMART,1,DAILY,350,1,0,0,0,0,0,0,0,0.4,0,0
07-06-2026,529356,Eco and vernacular June'26,Keyword,bana,SMART,1,DAILY,350,1071,0,0,0,0,0,0,0,375.3,0,0
07-06-2026,529356,Eco and vernacular June'26,Keyword,Others,SMART,1,DAILY,350,6,0,0,0,0,0,0,0,2.2,0,0
07-06-2026,529356,Eco and vernacular June'26,Keyword,Others,SMART,1,DAILY,350,1,0,0,0,0,0,0,0,0.4,0,0
07-06-2026,529356,Eco and vernacular June'26,Keyword,Others,SMART,1,DAILY,350,2,0,0,0,0,0,0,0,0.8,0,0
07-06-2026,529356,Eco and vernacular June'26,Keyword,banana le,SMART,1,DAILY,350,256,1,0,1,0,69,0,1,92.1,0.749185668,0.749185668
07-06-2026,529356,Eco and vernacular June'26,Keyword,banana lea,SMART,1,DAILY,350,416,0,0,0,0,0,0,0,148.5,0,0
07-06-2026,529356,Eco and vernacular June'26,Keyword,Others,SMART,1,DAILY,350,2,0,0,0,0,0,0,0,0.8,0,0
07-06-2026,529356,Eco and vernacular June'26,Keyword,banana leaf,SMART,1,DAILY,350,1114,0,1,0,1,0,99,1,394.9,0,0.250696379
07-06-2026,529356,Eco and vernacular June'26,Keyword,Others,SMART,1,DAILY,350,2,0,0,0,0,0,0,0,0.8,0,0
07-06-2026,529356,Eco and vernacular June'26,Keyword,Others,SMART,1,DAILY,350,2,0,0,0,0,0,0,0,0.8,0,0
07-06-2026,529356,Eco and vernacular June'26,Keyword,Others,SMART,1,DAILY,350,1,0,0,0,0,0,0,0,0.4,0,0
07-06-2026,529356,Eco and vernacular June'26,Keyword,Others,SMART,1,DAILY,350,4,0,0,0,0,0,0,0,1.4,0,0
07-06-2026,529356,Eco and vernacular June'26,Keyword,Others,SMART,1,DAILY,350,5,0,0,0,0,0,0,0,1.9,0,0
07-06-2026,529356,Eco and vernacular June'26,Keyword,Others,SMART,1,DAILY,350,6,0,0,0,0,0,0,0,2.4,0,0
07-06-2026,529356,Eco and vernacular June'26,Keyword,Others,SMART,1,DAILY,350,7,0,0,0,0,0,0,0,2.6,0,0
07-06-2026,529356,Eco and vernacular June'26,Keyword,Others,SMART,1,DAILY,350,4,0,0,0,0,0,0,0,1.6,0,0
07-06-2026,529356,Eco and vernacular June'26,Keyword,Others,SMART,1,DAILY,350,14,0,0,0,0,0,0,0,5,0,0
07-06-2026,529356,Eco and vernacular June'26,Keyword,Others,SMART,1,DAILY,350,4,0,0,0,0,0,0,0,1.4,0,0
07-06-2026,529356,Eco and vernacular June'26,Keyword,Others,SMART,1,DAILY,350,4,0,0,0,0,0,0,0,1.5,0,0
07-06-2026,529356,Eco and vernacular June'26,Keyword,Others,SMART,1,DAILY,350,1,0,0,0,0,0,0,0,0.4,0,0
07-06-2026,529356,Eco and vernacular June'26,Keyword,Others,SMART,1,DAILY,350,22,0,0,0,0,0,0,0,8.2,0,0
07-06-2026,529356,Eco and vernacular June'26,Keyword,Others,SMART,1,DAILY,350,16,0,0,0,0,0,0,0,6,0,0
07-06-2026,529356,Eco and vernacular June'26,Keyword,Others,SMART,1,DAILY,350,8,0,0,0,0,0,0,0,3.1,0,0
07-06-2026,529356,Eco and vernacular June'26,Keyword,Others,SMART,1,DAILY,350,18,0,0,0,0,0,0,0,6.6,0,0
07-06-2026,529356,Eco and vernacular June'26,Keyword,Others,SMART,1,DAILY,350,3,0,0,0,0,0,0,0,1.2,0,0
07-06-2026,529356,Eco and vernacular June'26,Keyword,Others,SMART,1,DAILY,350,8,0,0,0,0,0,0,0,3.2,0,0
07-06-2026,529356,Eco and vernacular June'26,Keyword,Others,SMART,1,DAILY,350,2,0,0,0,0,0,0,0,0.8,0,0
07-06-2026,529356,Eco and vernacular June'26,Keyword,Others,SMART,1,DAILY,350,1,0,0,0,0,0,0,0,0.4,0,0
07-06-2026,529356,Eco and vernacular June'26,Keyword,Others,SMART,1,DAILY,350,8,0,0,0,0,0,0,0,2.8,0,0
07-06-2026,529356,Eco and vernacular June'26,Keyword,Others,SMART,1,DAILY,350,3,0,0,0,0,0,0,0,1.2,0,0
07-06-2026,529356,Eco and vernacular June'26,Keyword,Others,SMART,1,DAILY,350,1,0,0,0,0,0,0,0,0.4,0,0
07-06-2026,529356,Eco and vernacular June'26,Keyword,Others,SMART,1,DAILY,350,3,0,0,0,0,0,0,0,1.1,0,0
07-06-2026,529356,Eco and vernacular June'26,Keyword,Others,SMART,1,DAILY,350,3,0,0,0,0,0,0,0,1.2,0,0
07-06-2026,529356,Eco and vernacular June'26,Keyword,Others,SMART,1,DAILY,350,2,0,0,0,0,0,0,0,0.8,0,0
07-06-2026,529356,Eco and vernacular June'26,Keyword,Others,SMART,1,DAILY,350,8,0,0,0,0,0,0,0,3,0,0
07-06-2026,529356,Eco and vernacular June'26,Keyword,Others,SMART,1,DAILY,350,31,0,0,0,0,0,0,0,11.7,0,0
07-06-2026,529356,Eco and vernacular June'26,Keyword,Others,SMART,1,DAILY,350,24,0,0,0,0,0,0,0,9.1,0,0
07-06-2026,529356,Eco and vernacular June'26,Keyword,Others,SMART,1,DAILY,350,19,0,0,0,0,0,0,0,6.8,0,0
07-06-2026,529356,Eco and vernacular June'26,Keyword,Others,SMART,1,DAILY,350,42,1,0,1,0,169,0,1,15.1,11.19205298,11.19205298
07-06-2026,529356,Eco and vernacular June'26,Keyword,Others,SMART,1,DAILY,350,2,0,0,0,0,0,0,0,0.8,0,0
07-06-2026,529356,Eco and vernacular June'26,Keyword,Others,SMART,1,DAILY,350,2,0,0,0,0,0,0,0,0.8,0,0
07-06-2026,529356,Eco and vernacular June'26,Keyword,Others,SMART,1,DAILY,350,12,0,0,0,0,0,0,0,4.3,0,0
07-06-2026,529356,Eco and vernacular June'26,Keyword,bagasse plates,EXACT,9,DAILY,300,4,0,0,0,0,0,0,0,1.2,0,0
07-06-2026,529359,Discovery – Typed/Partial June'26,Keyword,disp,EXACT,1,DAILY,300,715,7,1,4,0,576,0,3,214.5,2.685314685,2.685314685
07-06-2026,529359,Discovery – Typed/Partial June'26,Keyword,disposa,EXACT,5,DAILY,300,464,8,0,5,0,645,0,2,139.2,4.63362069,4.63362069
07-06-2026,529359,Discovery – Typed/Partial June'26,Keyword,dispos,EXACT,5,DAILY,300,344,7,0,4,0,526,0,2,103.2,5.096899225,5.096899225
07-06-2026,529359,Discovery – Typed/Partial June'26,Keyword,disposabl,EXACT,5,DAILY,300,154,1,0,1,0,169,0,1,46.2,3.658008658,3.658008658
07-06-2026,529359,Discovery – Typed/Partial June'26,Keyword,dispo,EXACT,5,DAILY,300,1673,10,5,4,5,676,765,5,501.9,1.346881849,2.871089859
07-06-2026,529359,Discovery – Typed/Partial June'26,Keyword,disposal,EXACT,5,DAILY,300,848,5,0,5,0,695,0,5,254.4,2.731918239,2.731918239
07-06-2026,529361,Material Conquest June'26,Keyword,thermocol plate,EXACT,1,DAILY,300,4,0,0,0,0,0,0,0,1.2,0,0
07-06-2026,529361,Material Conquest June'26,Keyword,steel plate,EXACT,1,DAILY,450,198,0,0,0,0,0,0,0,91.2,0,0
07-06-2026,529361,Material Conquest June'26,Keyword,Others,SMART,1,DAILY,450,10,0,0,0,0,0,0,0,4.6,0,0
07-06-2026,529361,Material Conquest June'26,Keyword,Others,SMART,1,DAILY,450,42,1,0,0,0,0,0,0,20.1,0,0
07-06-2026,529361,Material Conquest June'26,Keyword,plate,SMART,1,DAILY,450,528,14,0,9,0,1251,0,6,241.6,5.177980132,5.177980132
07-06-2026,529361,Material Conquest June'26,Keyword,Others,SMART,1,DAILY,450,1,0,0,0,0,0,0,0,0.5,0,0
07-06-2026,529361,Material Conquest June'26,Keyword,Others,SMART,1,DAILY,450,2,0,0,0,0,0,0,0,1,0,0
07-06-2026,529361,Material Conquest June'26,Keyword,Others,SMART,1,DAILY,450,2,0,0,0,0,0,0,0,1,0,0
07-06-2026,529361,Material Conquest June'26,Keyword,Others,SMART,1,DAILY,450,10,0,0,0,0,0,0,0,4.6,0,0
07-06-2026,529361,Material Conquest June'26,Keyword,Others,SMART,1,DAILY,450,2,0,0,0,0,0,0,0,1,0,0
07-06-2026,529361,Material Conquest June'26,Keyword,Others,SMART,1,DAILY,450,2,0,0,0,0,0,0,0,1,0,0
07-06-2026,529361,Material Conquest June'26,Keyword,Others,SMART,1,DAILY,450,8,0,0,0,0,0,0,0,3.8,0,0
07-06-2026,529361,Material Conquest June'26,Keyword,Others,SMART,1,DAILY,450,2,0,0,0,0,0,0,0,0.9,0,0
07-06-2026,529361,Material Conquest June'26,Keyword,Others,SMART,1,DAILY,450,10,0,0,0,0,0,0,0,4.6,0,0
07-06-2026,529361,Material Conquest June'26,Keyword,Others,SMART,1,DAILY,450,4,0,0,0,0,0,0,0,2,0,0
07-06-2026,529361,Material Conquest June'26,Keyword,Others,SMART,1,DAILY,450,23,0,0,0,0,0,0,0,10.8,0,0
07-06-2026,529361,Material Conquest June'26,Keyword,Others,SMART,1,DAILY,450,16,0,0,0,0,0,0,0,7.7,0,0
07-06-2026,529361,Material Conquest June'26,Keyword,stee,SMART,1,DAILY,450,100,0,0,0,0,0,0,0,46.5,0,0
07-06-2026,529361,Material Conquest June'26,Keyword,steel,SMART,5,DAILY,450,196,0,0,0,0,0,0,0,91,0,0
07-06-2026,529361,Material Conquest June'26,Keyword,Others,SMART,1,DAILY,450,2,0,0,0,0,0,0,0,1,0,0
07-06-2026,529361,Material Conquest June'26,Keyword,Others,SMART,1,DAILY,450,8,0,0,0,0,0,0,0,3.9,0,0
07-06-2026,529361,Material Conquest June'26,Keyword,Others,SMART,1,DAILY,450,14,0,0,0,0,0,0,0,7,0,0
07-06-2026,529361,Material Conquest June'26,Keyword,Others,SMART,1,DAILY,450,1,0,0,0,0,0,0,0,0.5,0,0
07-06-2026,529361,Material Conquest June'26,Keyword,Others,SMART,1,DAILY,450,2,0,0,0,0,0,0,0,1,0,0
07-06-2026,529361,Material Conquest June'26,Keyword,Others,SMART,1,DAILY,450,24,0,0,0,0,0,0,0,11.3,0,0
07-06-2026,529361,Material Conquest June'26,Keyword,Others,SMART,1,DAILY,450,3,0,0,0,0,0,0,0,1.5,0,0
07-06-2026,529361,Material Conquest June'26,Keyword,Others,SMART,1,DAILY,450,2,0,0,0,0,0,0,0,1,0,0
07-06-2026,529361,Material Conquest June'26,Keyword,Others,SMART,1,DAILY,450,4,0,0,0,0,0,0,0,2,0,0
07-06-2026,529361,Material Conquest June'26,Keyword,Others,SMART,1,DAILY,450,2,0,0,0,0,0,0,0,1,0,0
07-06-2026,529361,Material Conquest June'26,Keyword,Others,SMART,1,DAILY,450,4,0,0,0,0,0,0,0,1.8,0,0
07-06-2026,529361,Material Conquest June'26,Keyword,plastic plate,EXACT,1,DAILY,300,53,1,0,0,0,0,0,0,15.9,0,0
07-06-2026,529361,Material Conquest June'26,Keyword,plastic lan,SMART,1,DAILY,300,3,0,0,0,0,0,0,0,0.9,0,0
07-06-2026,529361,Material Conquest June'26,Keyword,plastic pl,SMART,5,DAILY,300,7,0,0,0,0,0,0,0,2.1,0,0
07-06-2026,529361,Material Conquest June'26,Keyword,plastic pla,SMART,1,DAILY,300,5,0,0,0,0,0,0,0,1.5,0,0
07-06-2026,529361,Material Conquest June'26,Keyword,plastic plates,SMART,3,DAILY,300,12,0,0,0,0,0,0,0,3.6,0,0
07-06-2026,529361,Material Conquest June'26,Keyword,plate i,SMART,1,DAILY,300,2,0,0,0,0,0,0,0,0.6,0,0
07-06-2026,529361,Material Conquest June'26,Keyword,plastic bowl,EXACT,1,DAILY,400,107,0,0,0,0,0,0,0,42.8,0,0
07-06-2026,529361,Material Conquest June'26,Keyword,Others,SMART,5,DAILY,400,8,0,0,0,0,0,0,0,3.2,0,0
07-06-2026,529361,Material Conquest June'26,Keyword,Others,SMART,5,DAILY,400,9,0,0,0,0,0,0,0,3.6,0,0
07-06-2026,529361,Material Conquest June'26,Keyword,bowl,SMART,3,DAILY,400,251,0,0,0,0,0,0,0,100.4,0,0
07-06-2026,529361,Material Conquest June'26,Keyword,Others,SMART,5,DAILY,400,1,0,0,0,0,0,0,0,0.4,0,0
07-06-2026,529361,Material Conquest June'26,Keyword,Others,SMART,5,DAILY,400,1,0,0,0,0,0,0,0,0.4,0,0
07-06-2026,529361,Material Conquest June'26,Keyword,Others,SMART,5,DAILY,400,1,0,0,0,0,0,0,0,0.4,0,0
07-06-2026,529361,Material Conquest June'26,Keyword,Others,SMART,5,DAILY,400,1,0,0,0,0,0,0,0,0.4,0,0
07-06-2026,529361,Material Conquest June'26,Keyword,Others,SMART,5,DAILY,400,2,0,0,0,0,0,0,0,0.8,0,0
07-06-2026,529361,Material Conquest June'26,Keyword,Others,SMART,5,DAILY,400,7,0,0,0,0,0,0,0,2.8,0,0
07-06-2026,529361,Material Conquest June'26,Keyword,Others,SMART,5,DAILY,400,14,0,0,0,0,0,0,0,5.6,0,0
07-06-2026,529361,Material Conquest June'26,Keyword,Others,SMART,5,DAILY,400,2,0,0,0,0,0,0,0,0.8,0,0
07-06-2026,529361,Material Conquest June'26,Keyword,plastic,SMART,1,DAILY,400,30,0,0,0,0,0,0,0,12,0,0
07-06-2026,529361,Material Conquest June'26,Keyword,Others,SMART,5,DAILY,400,10,0,0,0,0,0,0,0,4,0,0
07-06-2026,529361,Material Conquest June'26,Keyword,plastic bo,SMART,1,DAILY,400,38,0,0,0,0,0,0,0,15.2,0,0
07-06-2026,529361,Material Conquest June'26,Keyword,Others,SMART,5,DAILY,400,5,0,0,0,0,0,0,0,2,0,0
07-06-2026,529361,Material Conquest June'26,Keyword,Others,SMART,5,DAILY,400,4,0,0,0,0,0,0,0,1.6,0,0
07-06-2026,529361,Material Conquest June'26,Keyword,Others,SMART,5,DAILY,400,2,0,0,0,0,0,0,0,0.8,0,0
07-06-2026,529361,Material Conquest June'26,Keyword,Others,SMART,5,DAILY,400,4,0,0,0,0,0,0,0,1.6,0,0
07-06-2026,529361,Material Conquest June'26,Keyword,Others,SMART,5,DAILY,400,11,0,0,0,0,0,0,0,4.4,0,0
07-06-2026,529361,Material Conquest June'26,Keyword,Others,SMART,5,DAILY,400,2,0,0,0,0,0,0,0,0.8,0,0
07-06-2026,529361,Material Conquest June'26,Keyword,Others,SMART,5,DAILY,400,3,0,0,0,0,0,0,0,1.2,0,0
07-06-2026,529361,Material Conquest June'26,Keyword,Others,SMART,5,DAILY,400,10,0,0,0,0,0,0,0,4,0,0
07-06-2026,529361,Material Conquest June'26,Keyword,Others,SMART,5,DAILY,400,3,0,0,0,0,0,0,0,1.2,0,0
07-06-2026,529363,Adjacent SKU – Cups/Spoons June'26,Keyword,disposable spoon,EXACT,5,DAILY,350,1230,9,0,4,0,406,0,3,438.3,0.926306183,0.926306183
07-06-2026,529363,Adjacent SKU – Cups/Spoons June'26,Keyword,disposable cup,EXACT,3,DAILY,350,1035,8,0,7,0,873,0,7,368.1,2.371638142,2.371638142
07-06-2026,529363,Adjacent SKU – Cups/Spoons June'26,Keyword,food container,EXACT,5,DAILY,350,654,0,0,0,0,0,0,0,234.8,0,0
08-06-2026,529350,Bowls - Generic June'26,Keyword,disposable bowl,EXACT,1,DAILY,500,571,22,0,13,0,1737,0,11,285.5,6.084063047,6.084063047
08-06-2026,529350,Bowls - Generic June'26,Keyword,Others,SMART,1,DAILY,500,1,0,0,0,0,0,0,0,0.5,0,0
08-06-2026,529350,Bowls - Generic June'26,Keyword,Others,SMART,1,DAILY,500,2,0,0,0,0,0,0,0,1,0,0
08-06-2026,529350,Bowls - Generic June'26,Keyword,Others,SMART,1,DAILY,500,113,0,0,0,0,0,0,0,56.5,0,0
08-06-2026,529350,Bowls - Generic June'26,Keyword,bow,SMART,1,DAILY,500,355,0,0,0,0,0,0,0,177.5,0,0
08-06-2026,529350,Bowls - Generic June'26,Keyword,Others,SMART,1,DAILY,500,1,0,0,0,0,0,0,0,0.5,0,0
08-06-2026,529350,Bowls - Generic June'26,Keyword,Others,SMART,1,DAILY,500,1,0,0,0,0,0,0,0,0.5,0,0
08-06-2026,529350,Bowls - Generic June'26,Keyword,Others,SMART,1,DAILY,500,1,0,0,0,0,0,0,0,0.5,0,0
08-06-2026,529350,Bowls - Generic June'26,Keyword,Others,SMART,1,DAILY,500,9,0,0,0,0,0,0,0,4.5,0,0
08-06-2026,529350,Bowls - Generic June'26,Keyword,bowl,SMART,1,DAILY,500,740,2,1,0,1,0,169,1,370,0,0.456756757
08-06-2026,529350,Bowls - Generic June'26,Keyword,Others,SMART,1,DAILY,500,1,0,0,0,0,0,0,0,0.5,0,0
08-06-2026,529350,Bowls - Generic June'26,Keyword,Others,SMART,1,DAILY,500,2,0,0,0,0,0,0,0,1,0,0
08-06-2026,529350,Bowls - Generic June'26,Keyword,Others,SMART,1,DAILY,500,1,0,0,0,0,0,0,0,0.5,0,0
08-06-2026,529350,Bowls - Generic June'26,Keyword,Others,SMART,1,DAILY,500,8,0,0,0,0,0,0,0,4,0,0
08-06-2026,529350,Bowls - Generic June'26,Keyword,Others,SMART,1,DAILY,500,1,0,0,0,0,0,0,0,0.5,0,0
08-06-2026,529350,Bowls - Generic June'26,Keyword,Others,SMART,1,DAILY,500,1,0,0,0,0,0,0,0,0.5,0,0
08-06-2026,529350,Bowls - Generic June'26,Keyword,Others,SMART,1,DAILY,500,3,0,0,0,0,0,0,0,1.5,0,0
08-06-2026,529350,Bowls - Generic June'26,Keyword,Others,SMART,1,DAILY,500,5,0,0,0,0,0,0,0,2.5,0,0
08-06-2026,529350,Bowls - Generic June'26,Keyword,Others,SMART,1,DAILY,500,3,0,0,0,0,0,0,0,1.5,0,0
08-06-2026,529350,Bowls - Generic June'26,Keyword,Others,SMART,1,DAILY,500,30,0,0,0,0,0,0,0,15,0,0
08-06-2026,529350,Bowls - Generic June'26,Keyword,Others,SMART,1,DAILY,500,1,0,0,0,0,0,0,0,0.5,0,0
08-06-2026,529350,Bowls - Generic June'26,Keyword,Others,SMART,1,DAILY,500,1,0,0,0,0,0,0,0,0.5,0,0
08-06-2026,529350,Bowls - Generic June'26,Keyword,Others,SMART,1,DAILY,500,1,0,0,0,0,0,0,0,0.5,0,0
08-06-2026,529350,Bowls - Generic June'26,Keyword,Others,SMART,1,DAILY,500,1,0,0,0,0,0,0,0,0.5,0,0
08-06-2026,529350,Bowls - Generic June'26,Keyword,Others,SMART,1,DAILY,500,1,0,0,0,0,0,0,0,0.5,0,0
08-06-2026,529350,Bowls - Generic June'26,Keyword,Others,SMART,1,DAILY,500,4,0,0,0,0,0,0,0,2,0,0
08-06-2026,529350,Bowls - Generic June'26,Keyword,Others,SMART,1,DAILY,500,2,0,0,0,0,0,0,0,1,0,0
08-06-2026,529350,Bowls - Generic June'26,Keyword,Others,SMART,1,DAILY,500,1,0,0,0,0,0,0,0,0.5,0,0
08-06-2026,529350,Bowls - Generic June'26,Keyword,Others,SMART,1,DAILY,500,1,0,0,0,0,0,0,0,0.5,0,0
08-06-2026,529350,Bowls - Generic June'26,Keyword,Others,SMART,1,DAILY,500,33,0,1,0,0,0,0,0,16.5,0,0
08-06-2026,529350,Bowls - Generic June'26,Keyword,Others,SMART,1,DAILY,500,44,0,0,0,0,0,0,0,22,0,0
08-06-2026,529350,Bowls - Generic June'26,Keyword,Others,SMART,1,DAILY,500,1,0,0,0,0,0,0,0,0.5,0,0
08-06-2026,529350,Bowls - Generic June'26,Keyword,Others,SMART,1,DAILY,500,1,1,0,0,0,0,0,0,0.5,0,0
08-06-2026,529350,Bowls - Generic June'26,Keyword,Others,SMART,1,DAILY,500,7,0,0,0,0,0,0,0,3.5,0,0
08-06-2026,529350,Bowls - Generic June'26,Keyword,Others,SMART,1,DAILY,500,2,0,0,0,0,0,0,0,1,0,0
08-06-2026,529350,Bowls - Generic June'26,Keyword,Others,SMART,1,DAILY,500,2,0,0,0,0,0,0,0,1,0,0
08-06-2026,529350,Bowls - Generic June'26,Keyword,Others,SMART,1,DAILY,500,12,0,0,0,0,0,0,0,6,0,0
08-06-2026,529350,Bowls - Generic June'26,Keyword,Others,SMART,1,DAILY,500,1,0,0,0,0,0,0,0,0.5,0,0
08-06-2026,529350,Bowls - Generic June'26,Keyword,Others,SMART,1,DAILY,500,5,0,0,0,0,0,0,0,2.5,0,0
08-06-2026,529350,Bowls - Generic June'26,Keyword,Others,SMART,1,DAILY,500,18,0,0,0,0,0,0,0,9,0,0
08-06-2026,529350,Bowls - Generic June'26,Keyword,Others,SMART,1,DAILY,500,3,0,0,0,0,0,0,0,1.5,0,0
08-06-2026,529350,Bowls - Generic June'26,Keyword,Others,SMART,1,DAILY,500,3,0,0,0,0,0,0,0,1.5,0,0
08-06-2026,529350,Bowls - Generic June'26,Keyword,Others,SMART,1,DAILY,500,1,0,0,0,0,0,0,0,0.5,0,0
08-06-2026,529350,Bowls - Generic June'26,Keyword,Others,SMART,1,DAILY,500,1,0,0,0,0,0,0,0,0.5,0,0
08-06-2026,529350,Bowls - Generic June'26,Keyword,Others,SMART,1,DAILY,500,1,0,0,0,0,0,0,0,0.5,0,0
08-06-2026,529350,Bowls - Generic June'26,Keyword,Others,SMART,1,DAILY,500,4,0,0,0,0,0,0,0,2,0,0
08-06-2026,529350,Bowls - Generic June'26,Keyword,Others,SMART,1,DAILY,500,1,0,0,0,0,0,0,0,0.5,0,0
08-06-2026,529350,Bowls - Generic June'26,Keyword,Others,SMART,1,DAILY,500,85,5,0,3,0,387,0,0,42.5,9.105882353,9.105882353
08-06-2026,529350,Bowls - Generic June'26,Keyword,Others,SMART,1,DAILY,500,2,0,0,0,0,0,0,0,1,0,0
08-06-2026,529350,Bowls - Generic June'26,Keyword,Others,SMART,1,DAILY,500,7,0,0,0,0,0,0,0,3.5,0,0
08-06-2026,529350,Bowls - Generic June'26,Keyword,Others,SMART,1,DAILY,500,1,0,0,0,0,0,0,0,0.5,0,0
08-06-2026,529350,Bowls - Generic June'26,Keyword,Others,SMART,1,DAILY,500,6,0,0,0,0,0,0,0,3,0,0
08-06-2026,529350,Bowls - Generic June'26,Keyword,Others,SMART,1,DAILY,500,2,0,0,0,0,0,0,0,1,0,0
08-06-2026,529350,Bowls - Generic June'26,Keyword,disp,SMART,1,DAILY,500,345,0,2,0,1,0,69,1,172.5,0,0.4
08-06-2026,529350,Bowls - Generic June'26,Keyword,Others,SMART,1,DAILY,500,5,0,0,0,0,0,0,0,2.5,0,0
08-06-2026,529350,Bowls - Generic June'26,Keyword,Others,SMART,1,DAILY,500,6,0,0,0,0,0,0,0,3,0,0
08-06-2026,529350,Bowls - Generic June'26,Keyword,Others,SMART,1,DAILY,500,1,0,0,0,0,0,0,0,0.5,0,0
08-06-2026,529350,Bowls - Generic June'26,Keyword,dispo,SMART,1,DAILY,500,1571,4,3,1,2,99,238,2,785.5,0.126034373,0.429026098
08-06-2026,529350,Bowls - Generic June'26,Keyword,Others,SMART,1,DAILY,500,135,1,0,0,0,0,0,0,67.5,0,0
08-06-2026,529350,Bowls - Generic June'26,Keyword,disposa,SMART,1,DAILY,500,373,6,3,2,2,198,338,2,186.5,1.061662198,2.873994638
08-06-2026,529350,Bowls - Generic June'26,Keyword,Others,SMART,1,DAILY,500,31,0,0,0,0,0,0,0,15.5,0,0
08-06-2026,529350,Bowls - Generic June'26,Keyword,Others,SMART,1,DAILY,500,38,0,0,0,0,0,0,0,19,0,0
08-06-2026,529350,Bowls - Generic June'26,Keyword,disposable,SMART,1,DAILY,500,1043,24,16,13,10,1377,1440,15,521.5,2.640460211,5.401725791
08-06-2026,529350,Bowls - Generic June'26,Keyword,Others,SMART,1,DAILY,500,1,0,0,0,0,0,0,0,0.5,0,0
08-06-2026,529350,Bowls - Generic June'26,Keyword,Others,SMART,1,DAILY,500,46,0,0,0,0,0,0,0,23,0,0
08-06-2026,529350,Bowls - Generic June'26,Keyword,Others,SMART,1,DAILY,500,1,0,0,0,0,0,0,0,0.5,0,0
08-06-2026,529350,Bowls - Generic June'26,Keyword,Others,SMART,1,DAILY,500,17,0,0,0,0,0,0,0,8.5,0,0
08-06-2026,529350,Bowls - Generic June'26,Keyword,Others,SMART,1,DAILY,500,53,0,0,0,0,0,0,0,26.5,0,0
08-06-2026,529350,Bowls - Generic June'26,Keyword,Others,SMART,1,DAILY,500,19,0,0,0,0,0,0,0,9.5,0,0
08-06-2026,529350,Bowls - Generic June'26,Keyword,Others,SMART,1,DAILY,500,1,0,0,0,0,0,0,0,0.5,0,0
08-06-2026,529350,Bowls - Generic June'26,Keyword,Others,SMART,1,DAILY,500,5,0,0,0,0,0,0,0,2.5,0,0
08-06-2026,529350,Bowls - Generic June'26,Keyword,Others,SMART,1,DAILY,500,31,1,0,1,0,189,0,1,15.5,12.19354839,12.19354839
08-06-2026,529350,Bowls - Generic June'26,Keyword,Others,SMART,1,DAILY,500,4,0,0,0,0,0,0,0,2,0,0
08-06-2026,529350,Bowls - Generic June'26,Keyword,Others,SMART,1,DAILY,500,36,0,1,0,1,0,69,1,18,0,3.833333333
08-06-2026,529350,Bowls - Generic June'26,Keyword,Others,SMART,1,DAILY,500,33,1,0,1,0,189,0,0,16.5,11.45454545,11.45454545
08-06-2026,529350,Bowls - Generic June'26,Keyword,Others,SMART,1,DAILY,500,3,0,0,0,0,0,0,0,1.5,0,0
08-06-2026,529350,Bowls - Generic June'26,Keyword,Others,SMART,1,DAILY,500,11,0,0,0,0,0,0,0,5.5,0,0
08-06-2026,529350,Bowls - Generic June'26,Keyword,Others,SMART,1,DAILY,500,4,0,0,0,0,0,0,0,2,0,0
08-06-2026,529350,Bowls - Generic June'26,Keyword,Others,SMART,1,DAILY,500,8,0,0,0,0,0,0,0,4,0,0
08-06-2026,529350,Bowls - Generic June'26,Keyword,Others,SMART,1,DAILY,500,2,0,0,0,0,0,0,0,1,0,0
08-06-2026,529350,Bowls - Generic June'26,Keyword,Others,SMART,1,DAILY,500,1,0,0,0,0,0,0,0,0.5,0,0
08-06-2026,529350,Bowls - Generic June'26,Keyword,Others,SMART,1,DAILY,500,1,0,0,0,0,0,0,0,0.5,0,0
08-06-2026,529350,Bowls - Generic June'26,Keyword,Others,SMART,1,DAILY,500,1,0,0,0,0,0,0,0,0.5,0,0
08-06-2026,529350,Bowls - Generic June'26,Keyword,Others,SMART,1,DAILY,500,5,0,0,0,0,0,0,0,2.5,0,0
08-06-2026,529350,Bowls - Generic June'26,Keyword,Others,SMART,1,DAILY,500,2,0,0,0,0,0,0,0,1,0,0
08-06-2026,529350,Bowls - Generic June'26,Keyword,Others,SMART,1,DAILY,500,7,0,0,0,0,0,0,0,3.5,0,0
08-06-2026,529350,Bowls - Generic June'26,Keyword,Others,SMART,1,DAILY,500,17,0,0,0,0,0,0,0,8.5,0,0
08-06-2026,529350,Bowls - Generic June'26,Keyword,Others,SMART,1,DAILY,500,3,0,0,0,0,0,0,0,1.5,0,0
08-06-2026,529350,Bowls - Generic June'26,Keyword,Others,SMART,1,DAILY,500,1,0,0,0,0,0,0,0,0.5,0,0
08-06-2026,529350,Bowls - Generic June'26,Keyword,Others,SMART,1,DAILY,500,2,0,0,0,0,0,0,0,1,0,0
08-06-2026,529350,Bowls - Generic June'26,Keyword,Others,SMART,1,DAILY,500,1,0,0,0,0,0,0,0,0.5,0,0
08-06-2026,529350,Bowls - Generic June'26,Keyword,Others,SMART,1,DAILY,500,1,0,0,0,0,0,0,0,0.5,0,0
08-06-2026,529350,Bowls - Generic June'26,Keyword,Others,SMART,1,DAILY,500,1,0,0,0,0,0,0,0,0.5,0,0
08-06-2026,529350,Bowls - Generic June'26,Keyword,Others,SMART,1,DAILY,500,1,0,0,0,0,0,0,0,0.5,0,0
08-06-2026,529350,Bowls - Generic June'26,Keyword,Others,SMART,1,DAILY,500,4,0,0,0,0,0,0,0,2,0,0
08-06-2026,529350,Bowls - Generic June'26,Keyword,disposal,SMART,1,DAILY,500,163,1,0,1,0,99,0,1,81.5,1.214723926,1.214723926
08-06-2026,529350,Bowls - Generic June'26,Keyword,Others,SMART,1,DAILY,500,1,0,0,0,0,0,0,0,0.5,0,0
08-06-2026,529350,Bowls - Generic June'26,Keyword,Others,SMART,1,DAILY,500,2,0,0,0,0,0,0,0,1,0,0
08-06-2026,529350,Bowls - Generic June'26,Keyword,Others,SMART,1,DAILY,500,4,0,0,0,0,0,0,0,2,0,0
08-06-2026,529350,Bowls - Generic June'26,Keyword,Others,SMART,1,DAILY,500,7,0,0,0,0,0,0,0,3.5,0,0
08-06-2026,529350,Bowls - Generic June'26,Keyword,Others,SMART,1,DAILY,500,1,0,0,0,0,0,0,0,0.5,0,0
08-06-2026,529350,Bowls - Generic June'26,Keyword,Others,SMART,1,DAILY,500,3,0,0,0,0,0,0,0,1.5,0,0
08-06-2026,529350,Bowls - Generic June'26,Keyword,Others,SMART,1,DAILY,500,1,0,0,0,0,0,0,0,0.5,0,0
08-06-2026,529350,Bowls - Generic June'26,Keyword,Others,SMART,1,DAILY,500,4,0,0,0,0,0,0,0,2,0,0
08-06-2026,529350,Bowls - Generic June'26,Keyword,Others,SMART,1,DAILY,500,1,0,0,0,0,0,0,0,0.5,0,0
08-06-2026,529350,Bowls - Generic June'26,Keyword,Others,SMART,1,DAILY,500,1,0,0,0,0,0,0,0,0.5,0,0
08-06-2026,529350,Bowls - Generic June'26,Keyword,Others,SMART,1,DAILY,500,2,0,0,0,0,0,0,0,1,0,0
08-06-2026,529350,Bowls - Generic June'26,Keyword,Others,SMART,1,DAILY,500,1,0,0,0,0,0,0,0,0.5,0,0
08-06-2026,529350,Bowls - Generic June'26,Keyword,Others,SMART,1,DAILY,500,1,0,0,0,0,0,0,0,0.5,0,0
08-06-2026,529350,Bowls - Generic June'26,Keyword,Others,SMART,1,DAILY,500,12,0,0,0,0,0,0,0,6,0,0
08-06-2026,529350,Bowls - Generic June'26,Keyword,Others,SMART,1,DAILY,500,1,0,0,0,0,0,0,0,0.5,0,0
08-06-2026,529350,Bowls - Generic June'26,Keyword,Others,SMART,1,DAILY,500,1,0,0,0,0,0,0,0,0.5,0,0
08-06-2026,529350,Bowls - Generic June'26,Keyword,Others,SMART,1,DAILY,500,1,0,0,0,0,0,0,0,0.5,0,0
08-06-2026,529350,Bowls - Generic June'26,Keyword,Others,SMART,1,DAILY,500,83,6,0,4,0,666,0,2,41.5,16.04819277,16.04819277
08-06-2026,529350,Bowls - Generic June'26,Keyword,Others,SMART,1,DAILY,500,8,1,0,0,0,0,0,0,4,0,0
08-06-2026,529350,Bowls - Generic June'26,Keyword,Others,SMART,1,DAILY,500,1,0,0,0,0,0,0,0,0.5,0,0
08-06-2026,529350,Bowls - Generic June'26,Keyword,Others,SMART,1,DAILY,500,3,0,0,0,0,0,0,0,1.5,0,0
08-06-2026,529350,Bowls - Generic June'26,Keyword,disposable bowl,EXACT,1,DAILY,501,10,1,0,1,0,99,0,1,5,19.8,19.8
08-06-2026,529352,Plates - Generic June'26,Keyword,paper plates,EXACT,5,DAILY,475,892,13,1,6,1,614,99,6,427.3,1.436929558,1.668616897
08-06-2026,529352,Plates - Generic June'26,Keyword,disposable plates,EXACT,5,DAILY,475,918,24,3,15,3,1985,297,11,442.3,4.487904137,5.159394076
08-06-2026,529352,Plates - Generic June'26,Keyword,use and throw plate,EXACT,5,DAILY,475,897,38,0,19,0,2511,0,11,428.8,5.855876866,5.855876866
08-06-2026,529356,Eco and vernacular June'26,Keyword,dona,EXACT,1,DAILY,350,346,13,1,5,1,495,99,5,126.9,3.90070922,4.680851064
08-06-2026,529356,Eco and vernacular June'26,Keyword,pattal,EXACT,3,DAILY,350,589,14,0,5,0,605,0,4,212,2.853773585,2.853773585
08-06-2026,529356,Eco and vernacular June'26,Keyword,parwal,SMART,1,DAILY,350,28,0,0,0,0,0,0,0,9.9,0,0
08-06-2026,529356,Eco and vernacular June'26,Keyword,patal,SMART,1,DAILY,350,258,0,0,0,0,0,0,0,91.6,0,0
08-06-2026,529356,Eco and vernacular June'26,Keyword,Others,SMART,5,DAILY,350,22,0,0,0,0,0,0,0,7.9,0,0
08-06-2026,529356,Eco and vernacular June'26,Keyword,Others,SMART,5,DAILY,350,24,0,0,0,0,0,0,0,8.6,0,0
08-06-2026,529356,Eco and vernacular June'26,Keyword,Others,SMART,5,DAILY,350,2,0,0,0,0,0,0,0,0.8,0,0
08-06-2026,529356,Eco and vernacular June'26,Keyword,Others,SMART,5,DAILY,350,6,0,0,0,0,0,0,0,2.4,0,0
08-06-2026,529356,Eco and vernacular June'26,Keyword,Others,SMART,5,DAILY,350,2,0,0,0,0,0,0,0,0.8,0,0
08-06-2026,529356,Eco and vernacular June'26,Keyword,patravali,EXACT,1,DAILY,350,154,0,0,0,0,0,0,0,55.6,0,0
08-06-2026,529356,Eco and vernacular June'26,Keyword,patr,SMART,1,DAILY,350,83,0,0,0,0,0,0,0,30.9,0,0
08-06-2026,529356,Eco and vernacular June'26,Keyword,patra,SMART,1,DAILY,350,112,0,0,0,0,0,0,0,40.8,0,0
08-06-2026,529356,Eco and vernacular June'26,Keyword,Others,SMART,1,DAILY,350,3,0,0,0,0,0,0,0,1.1,0,0
08-06-2026,529356,Eco and vernacular June'26,Keyword,Others,SMART,1,DAILY,350,2,0,0,0,0,0,0,0,0.8,0,0
08-06-2026,529356,Eco and vernacular June'26,Keyword,Others,SMART,1,DAILY,350,9,0,0,0,0,0,0,0,3.6,0,0
08-06-2026,529356,Eco and vernacular June'26,Keyword,compostable plates,EXACT,5,DAILY,350,23,2,0,1,0,69,0,1,8.1,8.518518519,8.518518519
08-06-2026,529356,Eco and vernacular June'26,Keyword,sugarcane plates,EXACT,1,DAILY,300,29,7,0,8,0,1352,0,0,8.7,155.4022989,155.4022989
08-06-2026,529356,Eco and vernacular June'26,Keyword,areca plate,EXACT,1,DAILY,300,34,0,0,0,0,0,0,0,10.2,0,0
08-06-2026,529356,Eco and vernacular June'26,Keyword,Others,SMART,1,DAILY,300,6,0,0,0,0,0,0,0,1.8,0,0
08-06-2026,529356,Eco and vernacular June'26,Keyword,Others,SMART,1,DAILY,300,2,0,0,0,0,0,0,0,0.6,0,0
08-06-2026,529356,Eco and vernacular June'26,Keyword,Others,SMART,1,DAILY,300,2,0,0,0,0,0,0,0,0.6,0,0
08-06-2026,529356,Eco and vernacular June'26,Keyword,are,SMART,1,DAILY,300,553,0,0,0,0,0,0,0,165.9,0,0
08-06-2026,529356,Eco and vernacular June'26,Keyword,Others,SMART,1,DAILY,300,9,0,0,0,0,0,0,0,2.7,0,0
08-06-2026,529356,Eco and vernacular June'26,Keyword,areca,SMART,1,DAILY,300,133,0,0,0,0,0,0,0,39.9,0,0
08-06-2026,529356,Eco and vernacular June'26,Keyword,Others,SMART,1,DAILY,300,16,0,0,0,0,0,0,0,4.8,0,0
08-06-2026,529356,Eco and vernacular June'26,Keyword,Others,SMART,1,DAILY,300,6,0,0,0,0,0,0,0,1.8,0,0
08-06-2026,529356,Eco and vernacular June'26,Keyword,Others,SMART,1,DAILY,300,16,0,0,0,0,0,0,0,4.8,0,0
08-06-2026,529356,Eco and vernacular June'26,Keyword,Others,SMART,1,DAILY,300,14,0,0,0,0,0,0,0,4.2,0,0
08-06-2026,529356,Eco and vernacular June'26,Keyword,Others,SMART,1,DAILY,300,49,0,0,0,0,0,0,0,14.7,0,0
08-06-2026,529356,Eco and vernacular June'26,Keyword,Others,SMART,1,DAILY,300,3,0,0,0,0,0,0,0,0.9,0,0
08-06-2026,529356,Eco and vernacular June'26,Keyword,Others,SMART,1,DAILY,300,2,0,0,0,0,0,0,0,0.6,0,0
08-06-2026,529356,Eco and vernacular June'26,Keyword,bamboo plate,EXACT,9,DAILY,350,24,0,0,0,0,0,0,0,8.6,0,0
08-06-2026,529356,Eco and vernacular June'26,Keyword,banana leaf plate,EXACT,1,DAILY,350,91,0,0,0,0,0,0,0,33.9,0,0
08-06-2026,529356,Eco and vernacular June'26,Keyword,Others,SMART,1,DAILY,350,2,0,0,0,0,0,0,0,0.8,0,0
08-06-2026,529356,Eco and vernacular June'26,Keyword,bana,SMART,5,DAILY,350,55,0,0,0,0,0,0,0,19.3,0,0
08-06-2026,529356,Eco and vernacular June'26,Keyword,Others,SMART,1,DAILY,350,1,0,0,0,0,0,0,0,0.4,0,0
08-06-2026,529356,Eco and vernacular June'26,Keyword,Others,SMART,1,DAILY,350,3,0,0,0,0,0,0,0,1.2,0,0
08-06-2026,529356,Eco and vernacular June'26,Keyword,banana le,SMART,1,DAILY,350,108,0,0,0,0,0,0,0,39.6,0,0
08-06-2026,529356,Eco and vernacular June'26,Keyword,banana lea,SMART,1,DAILY,350,205,0,0,0,0,0,0,0,74.5,0,0
08-06-2026,529356,Eco and vernacular June'26,Keyword,Others,SMART,1,DAILY,350,3,0,0,0,0,0,0,0,1.2,0,0
08-06-2026,529356,Eco and vernacular June'26,Keyword,banana leaf,SMART,1,DAILY,350,417,2,0,0,0,0,0,0,149.1,0,0
08-06-2026,529356,Eco and vernacular June'26,Keyword,Others,SMART,1,DAILY,350,4,0,0,0,0,0,0,0,1.6,0,0
08-06-2026,529356,Eco and vernacular June'26,Keyword,Others,SMART,1,DAILY,350,2,0,0,0,0,0,0,0,0.8,0,0
08-06-2026,529356,Eco and vernacular June'26,Keyword,Others,SMART,1,DAILY,350,2,0,0,0,0,0,0,0,0.8,0,0
08-06-2026,529356,Eco and vernacular June'26,Keyword,Others,SMART,1,DAILY,350,5,0,0,0,0,0,0,0,2,0,0
08-06-2026,529356,Eco and vernacular June'26,Keyword,Others,SMART,1,DAILY,350,2,0,0,0,0,0,0,0,0.8,0,0
08-06-2026,529356,Eco and vernacular June'26,Keyword,Others,SMART,1,DAILY,350,9,0,0,0,0,0,0,0,3.2,0,0
08-06-2026,529356,Eco and vernacular June'26,Keyword,Others,SMART,1,DAILY,350,7,0,0,0,0,0,0,0,2.7,0,0
08-06-2026,529356,Eco and vernacular June'26,Keyword,Others,SMART,1,DAILY,350,2,0,0,0,0,0,0,0,0.8,0,0
08-06-2026,529356,Eco and vernacular June'26,Keyword,Others,SMART,1,DAILY,350,7,0,0,0,0,0,0,0,2.7,0,0
08-06-2026,529356,Eco and vernacular June'26,Keyword,Others,SMART,1,DAILY,350,11,0,0,0,0,0,0,0,4.3,0,0
08-06-2026,529356,Eco and vernacular June'26,Keyword,Others,SMART,1,DAILY,350,2,0,0,0,0,0,0,0,0.8,0,0
08-06-2026,529356,Eco and vernacular June'26,Keyword,Others,SMART,1,DAILY,350,11,0,0,0,0,0,0,0,4.1,0,0
08-06-2026,529356,Eco and vernacular June'26,Keyword,Others,SMART,1,DAILY,350,2,0,0,0,0,0,0,0,0.8,0,0
08-06-2026,529356,Eco and vernacular June'26,Keyword,Others,SMART,1,DAILY,350,5,0,0,0,0,0,0,0,1.9,0,0
08-06-2026,529356,Eco and vernacular June'26,Keyword,Others,SMART,1,DAILY,350,20,0,0,0,0,0,0,0,7.5,0,0
08-06-2026,529356,Eco and vernacular June'26,Keyword,Others,SMART,1,DAILY,350,13,0,0,0,0,0,0,0,5.1,0,0
08-06-2026,529356,Eco and vernacular June'26,Keyword,Others,SMART,1,DAILY,350,4,0,0,0,0,0,0,0,1.6,0,0
08-06-2026,529356,Eco and vernacular June'26,Keyword,Others,SMART,1,DAILY,350,22,0,0,0,0,0,0,0,8.1,0,0
08-06-2026,529356,Eco and vernacular June'26,Keyword,bagasse plates,EXACT,1,DAILY,300,6,0,0,0,0,0,0,0,1.8,0,0
08-06-2026,529359,Discovery – Typed/Partial June'26,Keyword,disposa,EXACT,5,DAILY,300,551,8,2,2,2,238,198,1,165.3,1.439806413,2.637628554
08-06-2026,529359,Discovery – Typed/Partial June'26,Keyword,dispos,EXACT,5,DAILY,300,441,3,0,3,0,357,0,2,132.3,2.698412698,2.698412698
08-06-2026,529359,Discovery – Typed/Partial June'26,Keyword,dispo,EXACT,5,DAILY,300,1940,26,1,18,1,2442,99,11,582,4.195876289,4.365979381
08-06-2026,529359,Discovery – Typed/Partial June'26,Keyword,disposal,EXACT,5,DAILY,300,1221,23,1,15,1,1655,69,10,366.3,4.518154518,4.706524707
09-06-2026,529350,Bowls - Generic June'26,Keyword,disposable bowl,EXACT,1,DAILY,501,1483,76,4,54,2,7146,288,43,742.1,9.629429996,10.01751785
09-06-2026,529352,Plates - Generic June'26,Keyword,paper plates,EXACT,5,DAILY,475,1678,28,5,18,4,1892,666,12,802.7,2.357044973,3.186744737
09-06-2026,529352,Plates - Generic June'26,Keyword,disposable plates,EXACT,3,DAILY,475,1637,47,7,21,4,2399,396,20,785,3.056050955,3.560509554
09-06-2026,529352,Plates - Generic June'26,Keyword,use and throw plate,EXACT,3,DAILY,475,1005,26,3,20,2,2350,198,18,481,4.885654886,5.297297297
09-06-2026,529359,Discovery – Typed/Partial June'26,Keyword,disposa,EXACT,1,DAILY,300,759,5,1,2,1,238,189,3,227.7,1.045234958,1.875274484
09-06-2026,529359,Discovery – Typed/Partial June'26,Keyword,dispos,EXACT,1,DAILY,300,418,8,0,6,0,914,0,2,125.4,7.288676236,7.288676236
09-06-2026,529359,Discovery – Typed/Partial June'26,Keyword,dispo,EXACT,1,DAILY,300,2403,14,9,6,6,614,704,9,720.9,0.851713136,1.828270218
09-06-2026,529359,Discovery – Typed/Partial June'26,Keyword,disposal,EXACT,1,DAILY,300,1050,7,0,6,0,714,0,5,315,2.266666667,2.266666667
07-06-2026,529350,Bowls - Generic June'26,Keyword,Others,SMART,1,DAILY,500,1,0,0,0,0,0,0,0,0.5,0,0
10-06-2026,529350,Bowls - Generic June'26,Keyword,disposable bowl,EXACT,1,DAILY,501,695,43,2,25,1,2835,169,19,347.6,8.155926352,8.642117376
10-06-2026,529352,Plates - Generic June'26,Keyword,paper plates,EXACT,5,DAILY,475,902,14,4,8,3,1152,297,11,431.3,2.670994667,3.35961048
10-06-2026,529352,Plates - Generic June'26,Keyword,disposable plates,EXACT,5,DAILY,475,863,35,2,20,2,2430,198,15,414.7,5.859657584,6.337111165
10-06-2026,529352,Plates - Generic June'26,Keyword,use and throw plate,EXACT,3,DAILY,475,591,26,4,12,1,1428,99,11,283.3,5.040593011,5.390045888
10-06-2026,529359,Discovery – Typed/Partial June'26,Keyword,disposa,EXACT,1,DAILY,300,739,3,5,3,5,387,675,4,221.7,1.745602165,4.790257104
10-06-2026,529359,Discovery – Typed/Partial June'26,Keyword,dispos,EXACT,1,DAILY,300,449,6,1,1,0,119,0,0,134.7,0.883444692,0.883444692
10-06-2026,529359,Discovery – Typed/Partial June'26,Keyword,dispo,EXACT,1,DAILY,300,2555,15,15,11,10,1389,1140,15,766.5,1.812133072,3.299412916
10-06-2026,529359,Discovery – Typed/Partial June'26,Keyword,disposal,EXACT,1,DAILY,300,1043,7,0,6,0,854,0,5,312.9,2.729306488,2.729306488
